사고번호,사고일시,요일,시군구,사고내용,사망자수,중상자수,경상자수,부상신고자수,사고유형,법규위반,노면상태,기상상태,도로형태,가해운전자 차종,가해운전자 성별,가해운전자 연령,가해운전자 상해정도,피해운전자 차종,피해운전자 성별,피해운전자 연령,피해운전자 상해정도
2023011000100310,2023년 1월 10일 16시,화요일,경상북도 경주시 서면,경상사고,0,0,1,0,차대차 - 추돌,안전운전불이행,건조,맑음,단일로 - 기타,승용,여,62세,상해없음,승용,여,70세,경상
2023011000100311,2023년 1월 10일 16시,화요일,경상북도 문경시 점촌동,경상사고,0,0,1,0,차대차 - 측면충돌,안전운전불이행,건조,맑음,단일로 - 기타,승용,여,38세,상해없음,원동기,남,82세,경상
2023011000100346,2023년 1월 10일 17시,화요일,경상북도 영천시 고경면,경상사고,0,0,1,0,차대차 - 추돌,안전운전불이행,건조,맑음,주차장 - 주차장,승용,여,73세,상해없음,승용,여,46세,경상
2023011000100347,2023년 1월 10일 17시,화요일,경상북도 포항시 남구 상도동,경상사고,0,0,4,0,차대차 - 측면충돌,신호위반,건조,맑음,교차로 - 교차로안,승용,여,70세,경상,승용,여,34세,경상
2023011000100391,2023년 1월 10일 18시,화요일,경상북도 의성군 의성읍,중상사고,0,1,3,0,차대사람 - 길가장자리구역통행중,안전운전불이행,건조,맑음,단일로 - 기타,승용,여,40세,상해없음,보행자,여,57세,중상
2023011000100392,2023년 1월 10일 18시,화요일,경상북도 구미시 송정동,중상사고,0,1,0,0,차대사람 - 횡단중,안전운전불이행,건조,맑음,단일로 - 기타,승용,남,57세,상해없음,보행자,남,48세,중상
2023011000100443,2023년 1월 10일 19시,화요일,경상북도 구미시 옥계동,경상사고,0,0,1,0,차대차 - 기타,안전운전불이행,건조,맑음,교차로 - 교차로안,이륜,남,33세,상해없음,승용,남,63세,경상
2023011000100485,2023년 1월 10일 21시,화요일,경상북도 포항시 북구 죽도동,경상사고,0,0,1,1,차대차 - 기타,안전거리미확보,건조,맑음,단일로 - 기타,승용,여,28세,상해없음,승합,남,37세,부상신고
2023011000100486,2023년 1월 10일 21시,화요일,경상북도 구미시 원평동,중상사고,0,1,0,0,차대차 - 기타,안전운전불이행,건조,맑음,교차로 - 교차로안,승용,남,66세,상해없음,승용,남,57세,중상
2023011100100016,2023년 1월 11일 01시,수요일,경상북도 경산시 백천동,경상사고,0,0,2,0,차대차 - 추돌,안전거리미확보,건조,맑음,단일로 - 기타,승용,남,59세,상해없음,승용,여,52세,경상
2023011100100047,2023년 1월 11일 05시,수요일,경상북도 경주시 탑동,경상사고,0,0,2,0,차대차 - 측면충돌,신호위반,건조,맑음,교차로 - 교차로안,화물,남,77세,경상,승용,남,25세,경상
2023011100100067,2023년 1월 11일 06시,수요일,경상북도 구미시 진평동,경상사고,0,0,2,0,차대차 - 추돌,안전운전불이행,건조,맑음,단일로 - 기타,승용,남,52세,상해없음,승용,여,57세,경상
2023011100100083,2023년 1월 11일 07시,수요일,경상북도 경주시 내남면,경상사고,0,0,2,0,차대차 - 추돌,안전운전불이행,건조,맑음,단일로 - 기타,승합,남,60세,상해없음,승합,남,32세,경상
2023011100100084,2023년 1월 11일 07시,수요일,경상북도 구미시 황상동,경상사고,0,0,1,0,차대차 - 추돌,안전운전불이행,건조,맑음,교차로 - 교차로부근,승용,남,43세,상해없음,이륜,남,35세,경상
2023011100100113,2023년 1월 11일 08시,수요일,경상북도 칠곡군 북삼읍,경상사고,0,0,1,0,차대차 - 측면충돌,신호위반,건조,맑음,교차로 - 교차로안,승용,남,47세,상해없음,승용,남,54세,경상
2023011100100114,2023년 1월 11일 08시,수요일,경상북도 구미시 황상동,경상사고,0,0,1,0,차대차 - 측면충돌,안전운전불이행,건조,맑음,교차로 - 교차로안,승용,남,29세,상해없음,화물,남,52세,경상
2023011100100144,2023년 1월 11일 09시,수요일,경상북도 포항시 북구 죽도동,부상신고사고,0,0,0,1,차대차 - 측면충돌,중앙선침범,건조,맑음,단일로 - 기타,자전거,남,59세,부상신고,승용,남,63세,상해없음
2023011100100145,2023년 1월 11일 09시,수요일,경상북도 상주시 이안면,중상사고,0,1,0,0,차대차 - 기타,교차로운행방법위반,건조,맑음,교차로 - 교차로안,승용,남,70세,상해없음,이륜,남,81세,중상
2023011100100146,2023년 1월 11일 09시,수요일,경상북도 청도군 청도읍,중상사고,0,1,0,0,차대차 - 측면충돌,안전운전불이행,건조,맑음,단일로 - 기타,화물,남,58세,상해없음,원동기,여,64세,중상
2023011100100176,2023년 1월 11일 10시,수요일,경상북도 상주시 화서면,경상사고,0,0,2,0,차대차 - 기타,안전운전불이행,건조,맑음,단일로 - 기타,승용,여,63세,상해없음,승용,남,62세,경상
2023011100100177,2023년 1월 11일 10시,수요일,경상북도 구미시 봉곡동,중상사고,0,1,0,0,차대차 - 측면충돌,안전운전불이행,건조,맑음,단일로 - 기타,승용,남,67세,상해없음,자전거,남,72세,중상
2023011100100212,2023년 1월 11일 11시,수요일,경상북도 안동시 당북동,중상사고,0,1,0,0,차대차 - 기타,안전운전불이행,건조,맑음,단일로 - 기타,승용,남,69세,상해없음,승합,남,61세,상해없음
2023011100100213,2023년 1월 11일 11시,수요일,경상북도 의성군 안계면,중상사고,0,1,0,0,차대차 - 측면충돌,안전운전불이행,건조,맑음,교차로 - 교차로안,이륜,남,80세,중상,화물,남,72세,상해없음
2023011100100214,2023년 1월 11일 11시,수요일,경상북도 경산시 사동,경상사고,0,0,1,0,차대차 - 기타,안전거리미확보,건조,맑음,단일로 - 기타,화물,남,22세,상해없음,승용,여,44세,경상
2023011100100215,2023년 1월 11일 11시,수요일,경상북도 청송군 파천면,사망사고,1,1,0,0,차대차 - 측면충돌,안전운전불이행,건조,맑음,단일로 - 지하차도(도로)내,화물,남,64세,중상,화물,남,55세,상해없음
2023011100100238,2023년 1월 11일 12시,수요일,경상북도 문경시 점촌동,중상사고,0,1,0,0,차대사람 - 보도통행중,안전운전불이행,건조,맑음,교차로 - 교차로안,화물,남,79세,상해없음,보행자,여,85세,중상
2023011100100239,2023년 1월 11일 12시,수요일,경상북도 영덕군 영덕읍,중상사고,0,1,0,0,차대차 - 측면충돌,교차로운행방법위반,건조,맑음,교차로 - 교차로안,화물,남,52세,상해없음,이륜,남,80세,중상
2023011100100265,2023년 1월 11일 13시,수요일,경상북도 칠곡군 약목면,경상사고,0,0,1,0,차대차 - 측면충돌,안전운전불이행,건조,맑음,교차로 - 교차로안,화물,남,73세,상해없음,이륜,남,74세,경상
2023011100100358,2023년 1월 11일 16시,수요일,경상북도 경주시 안강읍,경상사고,0,0,1,0,차대차 - 측면충돌,안전운전불이행,건조,맑음,단일로 - 기타,화물,남,68세,상해없음,승용,여,64세,경상
2023011100100359,2023년 1월 11일 16시,수요일,경상북도 청송군 현서면,경상사고,0,0,1,0,차대차 - 추돌,안전운전불이행,건조,맑음,교차로 - 교차로안,이륜,남,82세,상해없음,승용,남,65세,경상
2023011100100360,2023년 1월 11일 16시,수요일,경상북도 구미시 원평동,중상사고,0,1,0,0,차대차 - 기타,안전운전불이행,건조,맑음,단일로 - 기타,승용,여,39세,상해없음,이륜,남,38세,중상
2023011100100387,2023년 1월 11일 17시,수요일,경상북도 경주시 성동동,경상사고,0,0,1,0,차대사람 - 횡단중,보행자보호의무위반,건조,맑음,교차로 - 교차로횡단보도내,승용,남,42세,기타불명,보행자,여,46세,경상
2023011100100388,2023년 1월 11일 17시,수요일,경상북도 영덕군 강구면,경상사고,0,0,2,0,차대차 - 정면충돌,교차로운행방법위반,건조,맑음,교차로 - 교차로안,승용,여,39세,경상,승용,여,59세,경상
2023011100100389,2023년 1월 11일 17시,수요일,경상북도 포항시 남구 대송면,경상사고,0,0,1,0,차대차 - 측면충돌,안전거리미확보,건조,맑음,단일로 - 지하차도(도로)내,승용,남,63세,상해없음,승용,남,57세,경상
2023011100100390,2023년 1월 11일 17시,수요일,경상북도 포항시 남구 대도동,경상사고,0,0,1,0,차대차 - 기타,안전운전불이행,건조,맑음,단일로 - 지하차도(도로)내,승용,남,48세,상해없음,승용,남,37세,경상
2023011100100431,2023년 1월 11일 18시,수요일,경상북도 포항시 북구 학산동,경상사고,0,0,1,0,차대차 - 측면충돌,안전거리미확보,건조,맑음,교차로 - 교차로부근,승용,남,74세,상해없음,승용,여,52세,경상
2023011100100432,2023년 1월 11일 18시,수요일,경상북도 문경시 모전동,경상사고,0,0,1,0,차대차 - 추돌,안전거리미확보,건조,맑음,단일로 - 기타,승합,남,57세,상해없음,승용,여,48세,경상
2023011100100433,2023년 1월 11일 18시,수요일,경상북도 포항시 남구 오천읍,경상사고,0,0,1,0,차대차 - 측면충돌,직진우회전진행방해,건조,맑음,교차로 - 교차로부근,승용,남,64세,상해없음,승용,남,35세,경상
2023011100100502,2023년 1월 11일 20시,수요일,경상북도 경주시 충효동,경상사고,0,0,2,0,차대차 - 기타,안전운전불이행,건조,맑음,단일로 - 기타,승용,여,67세,상해없음,승용,남,21세,경상
2023011100100503,2023년 1월 11일 20시,수요일,경상북도 구미시 사곡동,경상사고,0,0,1,0,차대차 - 측면충돌,교차로운행방법위반,건조,맑음,교차로 - 교차로안,승합,남,49세,기타불명,승용,여,51세,경상
2023011100100528,2023년 1월 11일 21시,수요일,경상북도 안동시 태화동,중상사고,0,1,0,0,차대차 - 기타,안전운전불이행,건조,맑음,단일로 - 기타,승용,여,65세,상해없음,이륜,남,58세,중상
2023011100100529,2023년 1월 11일 21시,수요일,경상북도 경산시 옥산동,중상사고,0,1,0,0,차대차 - 측면충돌,안전운전불이행,건조,맑음,교차로 - 교차로안,이륜,남,28세,중상,승합,남,52세,상해없음
2023011200100097,2023년 1월 12일 07시,목요일,경상북도 구미시 산동읍,중상사고,0,1,0,0,차대차 - 추돌,기타,건조,맑음,교차로 - 교차로부근,화물,남,62세,상해없음,승용,남,50세,중상
2023011200100098,2023년 1월 12일 07시,목요일,경상북도 포항시 남구 일월동,경상사고,0,0,1,0,차대차 - 측면충돌,차로위반,건조,맑음,단일로 - 지하차도(도로)내,승용,남,52세,상해없음,승용,남,78세,경상
2023011200100099,2023년 1월 12일 07시,목요일,경상북도 포항시 남구 동촌동,경상사고,0,0,1,0,차대차 - 측면충돌,안전운전불이행,건조,맑음,단일로 - 기타,승용,남,35세,상해없음,개인형이동수단(PM),남,54세,경상
2023011200100121,2023년 1월 12일 08시,목요일,경상북도 포항시 북구 용흥동,경상사고,0,0,1,0,차대차 - 측면충돌,안전운전불이행,건조,맑음,교차로 - 교차로부근,자전거,남,15세,경상,승합,남,65세,상해없음
2023011200100212,2023년 1월 12일 11시,목요일,경상북도 경주시 성동동,경상사고,0,0,1,0,차대차 - 측면충돌,안전운전불이행,건조,맑음,교차로 - 교차로안,승용,남,61세,상해없음,자전거,여,77세,경상
2023011200100213,2023년 1월 12일 11시,목요일,경상북도 상주시 서성동,경상사고,0,0,3,0,차대차 - 추돌,안전운전불이행,건조,맑음,단일로 - 기타,승용,여,61세,상해없음,승용,남,60세,경상
2023011200100214,2023년 1월 12일 11시,목요일,경상북도 의성군 안계면,중상사고,0,1,0,0,차대차 - 정면충돌,안전운전불이행,건조,맑음,교차로 - 교차로안,화물,남,57세,상해없음,이륜,남,63세,중상
2023011200100215,2023년 1월 12일 11시,목요일,경상북도 의성군 의성읍,부상신고사고,0,0,0,1,차량단독 - 공작물충돌,안전운전불이행,건조,맑음,단일로 - 기타,승용,남,68세,부상신고,,,,
2023011200100216,2023년 1월 12일 11시,목요일,경상북도 구미시 진평동,경상사고,0,0,1,0,차대차 - 측면충돌,안전거리미확보,건조,맑음,단일로 - 기타,화물,남,52세,상해없음,화물,남,60세,경상
2023011200100245,2023년 1월 12일 12시,목요일,경상북도 경산시 압량읍,중상사고,0,1,0,0,차대사람 - 횡단중,안전운전불이행,건조,맑음,교차로 - 교차로부근,승용,남,50세,상해없음,보행자,여,73세,중상
2023011200100246,2023년 1월 12일 12시,목요일,경상북도 예천군 호명면,경상사고,0,0,1,0,차대차 - 측면충돌,신호위반,건조,맑음,교차로 - 교차로안,승용,남,68세,상해없음,승용,여,49세,경상
2023011200100247,2023년 1월 12일 12시,목요일,경상북도 군위군 군위읍,경상사고,0,0,1,0,차대사람 - 차도통행중,교차로운행방법위반,건조,맑음,교차로 - 교차로안,화물,남,49세,상해없음,보행자,여,23세,경상
2023011200100273,2023년 1월 12일 13시,목요일,경상북도 구미시 공단동,중상사고,0,1,1,0,차대차 - 기타,중앙선침범,건조,맑음,교차로 - 교차로부근,승용,여,33세,상해없음,승용,남,51세,중상
2023011200100308,2023년 1월 12일 14시,목요일,경상북도 포항시 남구 송도동,경상사고,0,0,1,0,차대차 - 측면충돌,신호위반,건조,맑음,교차로 - 교차로안,승용,여,36세,상해없음,승용,남,33세,경상
2023011200100334,2023년 1월 12일 15시,목요일,경상북도 경주시 내남면,중상사고,0,1,0,0,차대사람 - 보도통행중,기타,건조,맑음,단일로 - 기타,승용,남,56세,상해없음,보행자,여,49세,중상
2023011200100335,2023년 1월 12일 15시,목요일,경상북도 포항시 북구 장성동,중상사고,0,1,0,0,차대사람 - 기타,기타,건조,맑음,단일로 - 기타,승용,여,26세,상해없음,보행자,여,26세,중상
2023011200100336,2023년 1월 12일 15시,목요일,경상북도 성주군 선남면,부상신고사고,0,0,0,1,차대차 - 기타,안전운전불이행,건조,맑음,단일로 - 기타,승용,남,76세,상해없음,화물,남,51세,부상신고
2023011200100361,2023년 1월 12일 16시,목요일,경상북도 울진군 후포면,경상사고,0,0,1,0,차대사람 - 횡단중,보행자보호의무위반,건조,맑음,교차로 - 교차로횡단보도내,승용,여,50세,상해없음,보행자,여,68세,경상
2023011200100394,2023년 1월 12일 17시,목요일,경상북도 포항시 북구 대흥동,경상사고,0,0,1,0,차대차 - 측면충돌,신호위반,건조,맑음,교차로 - 교차로안,승용,남,76세,상해없음,승용,여,62세,경상
2023011200100395,2023년 1월 12일 17시,목요일,경상북도 의성군 사곡면,중상사고,0,1,0,0,차량단독 - 공작물충돌,안전운전불이행,건조,맑음,단일로 - 기타,화물,남,52세,중상,,,,
2023011200100439,2023년 1월 12일 18시,목요일,경상북도 포항시 북구 두호동,경상사고,0,0,1,0,차대차 - 후진중충돌,안전운전불이행,건조,맑음,단일로 - 기타,승용,남,25세,상해없음,승용,남,22세,경상
2023011200100440,2023년 1월 12일 18시,목요일,경상북도 칠곡군 기산면,중상사고,0,1,0,0,차대사람 - 길가장자리구역통행중,안전운전불이행,건조,흐림,단일로 - 기타,기타불명,기타불명,미분류,기타불명,보행자,여,84세,중상
2023011200100441,2023년 1월 12일 18시,목요일,경상북도 영덕군 남정면,중상사고,0,1,1,0,차대차 - 측면충돌,안전운전불이행,건조,맑음,교차로 - 교차로안,승용,남,19세,상해없음,승용,여,50세,중상
2023011200100442,2023년 1월 12일 18시,목요일,경상북도 포항시 남구 이동,경상사고,0,0,2,0,차대차 - 측면충돌,직진우회전진행방해,건조,맑음,교차로 - 교차로안,승용,여,23세,상해없음,승용,남,39세,경상
2023011200100485,2023년 1월 12일 19시,목요일,경상북도 안동시 용상동,사망사고,1,0,0,0,차대차 - 정면충돌,중앙선침범,건조,맑음,교차로 - 교차로부근,화물,남,68세,상해없음,이륜,남,47세,사망
2023011200100486,2023년 1월 12일 19시,목요일,경상북도 칠곡군 석적읍,경상사고,0,0,1,0,차대차 - 측면충돌,신호위반,건조,맑음,교차로 - 교차로안,승용,남,61세,상해없음,승용,남,62세,경상
2023011200100487,2023년 1월 12일 19시,목요일,경상북도 영천시 완산동,경상사고,0,0,1,0,차대차 - 추돌,안전운전불이행,건조,맑음,단일로 - 기타,승용,남,72세,상해없음,승용,여,49세,경상
2023011200100488,2023년 1월 12일 19시,목요일,경상북도 구미시 공단동,경상사고,0,0,1,0,차대차 - 측면충돌,불법유턴,건조,맑음,교차로 - 교차로부근,승용,남,48세,상해없음,승용,여,42세,경상
2023011200100567,2023년 1월 12일 22시,목요일,경상북도 구미시 구평동,경상사고,0,0,1,0,차대차 - 측면충돌,불법유턴,건조,맑음,단일로 - 기타,이륜,남,56세,상해없음,이륜,남,44세,경상
2023011200100587,2023년 1월 12일 23시,목요일,경상북도 경주시 황성동,부상신고사고,0,0,0,1,차대차 - 정면충돌,안전운전불이행,건조,맑음,교차로 - 교차로안,자전거,남,17세,부상신고,승용,남,54세,상해없음
2023011300100022,2023년 1월 13일 01시,금요일,경상북도 안동시 옥동,중상사고,0,1,0,0,차량단독 - 기타,안전운전불이행,젖음/습기,비,단일로 - 기타,승용,남,30세,중상,,,,
2023011300100044,2023년 1월 13일 04시,금요일,경상북도 경산시 대평동,경상사고,0,0,1,0,차대차 - 추돌,안전운전불이행,젖음/습기,비,단일로 - 기타,승용,남,46세,상해없음,승합,남,55세,경상
2023011300100076,2023년 1월 13일 06시,금요일,경상북도 칠곡군 석적읍,경상사고,0,0,1,0,차대차 - 추돌,안전운전불이행,젖음/습기,비,교차로 - 교차로부근,승용,남,19세,상해없음,승용,남,31세,경상
2023011300100140,2023년 1월 13일 08시,금요일,경상북도 칠곡군 왜관읍,중상사고,0,3,0,0,차대차 - 추돌,기타,건조,맑음,교차로 - 교차로부근,화물,남,64세,상해없음,승용,여,46세,중상
2023011300100141,2023년 1월 13일 08시,금요일,경상북도 구미시 도량동,경상사고,0,0,1,0,차대차 - 추돌,안전운전불이행,건조,맑음,단일로 - 기타,승합,남,49세,상해없음,승용,여,64세,경상
2023011300100142,2023년 1월 13일 08시,금요일,경상북도 구미시 봉곡동,경상사고,0,0,1,0,차대차 - 기타,교차로운행방법위반,건조,맑음,교차로 - 교차로안,승용,여,37세,상해없음,화물,여,75세,경상
2023011300100169,2023년 1월 13일 09시,금요일,경상북도 포항시 남구 대송면,경상사고,0,0,2,0,차량단독 - 기타,안전운전불이행,젖음/습기,비,단일로 - 기타,승용,남,39세,경상,,,,
2023011300100192,2023년 1월 13일 10시,금요일,경상북도 구미시 공단동,중상사고,0,2,2,0,차대차 - 정면충돌,중앙선침범,젖음/습기,흐림,교차로 - 교차로안,승용,여,52세,상해없음,승용,여,57세,중상
2023011300100215,2023년 1월 13일 11시,금요일,경상북도 경주시 양남면,중상사고,0,1,0,0,차대사람 - 횡단중,안전운전불이행,젖음/습기,비,단일로 - 지하차도(도로)내,승용,여,57세,상해없음,보행자,여,75세,중상
2023011300100216,2023년 1월 13일 11시,금요일,경상북도 경주시 성동동,경상사고,0,0,1,0,차대차 - 추돌,안전운전불이행,젖음/습기,비,단일로 - 기타,승용,남,69세,상해없음,승용,여,56세,경상
2023011300100217,2023년 1월 13일 11시,금요일,경상북도 영천시 북안면,경상사고,0,0,1,0,차대차 - 측면충돌,신호위반,건조,맑음,단일로 - 기타,승용,남,40세,상해없음,화물,남,44세,경상
2023011300100240,2023년 1월 13일 12시,금요일,경상북도 안동시 옥동,경상사고,0,0,1,0,차대사람 - 차도통행중,안전운전불이행,건조,맑음,단일로 - 기타,승용,여,39세,상해없음,보행자,남,47세,경상
2023011300100241,2023년 1월 13일 12시,금요일,경상북도 영덕군 강구면,경상사고,0,0,2,0,차대차 - 추돌,안전운전불이행,젖음/습기,흐림,단일로 - 기타,특수,남,43세,상해없음,승용,남,48세,경상
2023011300100242,2023년 1월 13일 12시,금요일,경상북도 포항시 남구 연일읍,중상사고,0,1,0,0,차대사람 - 횡단중,보행자보호의무위반,젖음/습기,흐림,교차로 - 교차로횡단보도내,승용,남,65세,상해없음,보행자,여,13세,중상
2023011300100317,2023년 1월 13일 15시,금요일,경상북도 경주시 현곡면,경상사고,0,0,3,0,차대차 - 측면충돌,안전운전불이행,젖음/습기,흐림,교차로 - 교차로안,승용,여,49세,상해없음,승용,여,63세,경상
2023011300100318,2023년 1월 13일 15시,금요일,경상북도 영천시 야사동,사망사고,1,0,0,0,차대차 - 기타,안전운전불이행,건조,맑음,교차로 - 교차로안,자전거,남,70세,사망,승용,남,57세,상해없음
2023011300100380,2023년 1월 13일 17시,금요일,경상북도 구미시 임수동,경상사고,0,0,1,0,차대사람 - 차도통행중,안전운전불이행,건조,흐림,단일로 - 기타,승용,남,38세,상해없음,보행자,여,56세,경상
2023011300100434,2023년 1월 13일 18시,금요일,경상북도 경주시 북부동,중상사고,0,1,0,0,차대사람 - 횡단중,안전운전불이행,건조,맑음,교차로 - 교차로부근,승용,여,55세,상해없음,보행자,여,67세,중상
2023011300100435,2023년 1월 13일 18시,금요일,경상북도 포항시 북구 용흥동,경상사고,0,0,1,0,차대차 - 측면충돌,안전운전불이행,젖음/습기,흐림,기타 - 기타,승용,남,30세,상해없음,승용,여,49세,경상
2023011300100436,2023년 1월 13일 18시,금요일,경상북도 경산시 하양읍,중상사고,0,1,0,0,차대사람 - 횡단중,보행자보호의무위반,건조,맑음,교차로 - 교차로횡단보도내,승용,남,45세,상해없음,보행자,여,72세,중상
2023011300100513,2023년 1월 13일 20시,금요일,경상북도 구미시 봉곡동,경상사고,0,0,2,0,차대차 - 기타,직진우회전진행방해,건조,맑음,주차장 - 주차장,승용,남,63세,상해없음,승용,남,20세,경상
2023011300100541,2023년 1월 13일 21시,금요일,경상북도 포항시 북구 죽도동,경상사고,0,0,1,0,차대차 - 측면충돌,신호위반,건조,맑음,교차로 - 교차로횡단보도내,이륜,남,28세,상해없음,자전거,여,62세,경상
2023011300100542,2023년 1월 13일 21시,금요일,경상북도 포항시 북구 양덕동,경상사고,0,0,2,0,차대차 - 추돌,안전운전불이행,건조,맑음,교차로 - 교차로부근,승용,여,37세,기타불명,승용,여,39세,경상
2023011300100543,2023년 1월 13일 21시,금요일,경상북도 경산시 상방동,중상사고,0,1,0,0,차대차 - 기타,교차로운행방법위반,건조,맑음,교차로 - 교차로안,승용,남,46세,상해없음,개인형이동수단(PM),남,42세,중상
2023011300100544,2023년 1월 13일 21시,금요일,경상북도 구미시 진평동,경상사고,0,0,1,0,차대차 - 기타,직진우회전진행방해,젖음/습기,비,교차로 - 교차로안,이륜,남,56세,경상,승용,남,41세,상해없음
2023011300100582,2023년 1월 13일 23시,금요일,경상북도 칠곡군 기산면,사망사고,1,0,0,0,차대차 - 기타,안전운전불이행,젖음/습기,맑음,교차로 - 교차로부근,승합,남,39세,사망,승용,남,33세,상해없음
2023011400100059,2023년 1월 14일 06시,토요일,경상북도 군위군 소보면,경상사고,0,0,1,0,차대차 - 기타,안전운전불이행,젖음/습기,안개,단일로 - 기타,승용,여,21세,상해없음,승용,남,37세,상해없음
2023011400100118,2023년 1월 14일 10시,토요일,경상북도 칠곡군 왜관읍,경상사고,0,0,1,0,차대차 - 측면충돌,신호위반,건조,맑음,교차로 - 교차로안,승용,남,63세,상해없음,승용,남,50세,상해없음
2023011400100119,2023년 1월 14일 10시,토요일,경상북도 영천시 금호읍,중상사고,0,1,0,0,차대차 - 측면충돌,안전운전불이행,건조,맑음,단일로 - 기타,자전거,여,74세,상해없음,이륜,여,44세,중상
2023011400100169,2023년 1월 14일 12시,토요일,경상북도 문경시 점촌동,경상사고,0,0,1,0,차대차 - 측면충돌,안전운전불이행,건조,맑음,교차로 - 교차로안,승용,남,63세,상해없음,승용,남,70세,경상
2023011400100171,2023년 1월 14일 12시,토요일,경상북도 고령군 다산면,경상사고,0,0,1,0,차대차 - 측면충돌,안전운전불이행,건조,맑음,교차로 - 교차로부근,화물,남,35세,기타불명,승용,남,29세,경상
2023011400100224,2023년 1월 14일 14시,토요일,경상북도 경주시 북군동,경상사고,0,0,1,0,차대차 - 추돌,안전운전불이행,젖음/습기,흐림,단일로 - 기타,승용,여,70세,상해없음,승용,남,28세,경상
2023011400100225,2023년 1월 14일 14시,토요일,경상북도 안동시 법흥동,경상사고,0,0,1,0,차대차 - 기타,안전운전불이행,건조,맑음,교차로 - 교차로부근,승용,남,62세,상해없음,승합,남,37세,경상
2023011400100254,2023년 1월 14일 15시,토요일,경상북도 경주시 천군동,경상사고,0,0,1,0,차대차 - 측면충돌,중앙선침범,젖음/습기,비,단일로 - 기타,승용,남,68세,상해없음,승용,남,61세,경상
2023011400100255,2023년 1월 14일 15시,토요일,경상북도 예천군 예천읍,중상사고,0,1,1,0,차대차 - 측면충돌,중앙선침범,건조,맑음,교차로 - 교차로부근,이륜,남,72세,중상,승용,여,34세,경상
2023011400100256,2023년 1월 14일 15시,토요일,경상북도 포항시 남구 효자동,경상사고,0,0,1,1,차대차 - 측면충돌,직진우회전진행방해,젖음/습기,비,교차로 - 교차로안,승용,남,46세,부상신고,승용,남,60세,경상
2023011400100279,2023년 1월 14일 16시,토요일,경상북도 포항시 북구 송라면,중상사고,0,2,3,0,차대차 - 기타,안전운전불이행,젖음/습기,비,단일로 - 기타,승용,여,32세,상해없음,승용,남,49세,경상
2023011400100280,2023년 1월 14일 16시,토요일,경상북도 포항시 남구 해도동,경상사고,0,0,1,0,차대차 - 측면충돌,안전운전불이행,건조,맑음,교차로 - 교차로안,이륜,남,20세,경상,승합,남,39세,상해없음
2023011400100310,2023년 1월 14일 17시,토요일,경상북도 포항시 남구 오천읍,경상사고,0,0,1,0,차대차 - 측면충돌,차로위반,젖음/습기,비,교차로 - 교차로부근,화물,남,68세,상해없음,승용,남,31세,경상
2023011400100363,2023년 1월 14일 18시,토요일,경상북도 포항시 북구 대신동,경상사고,0,0,2,0,차대사람 - 횡단중,보행자보호의무위반,건조,맑음,교차로 - 교차로횡단보도내,승용,여,49세,상해없음,보행자,남,63세,경상
2023011400100364,2023년 1월 14일 18시,토요일,경상북도 구미시 봉곡동,경상사고,0,0,1,0,차대차 - 추돌,안전운전불이행,건조,맑음,단일로 - 기타,승용,남,52세,상해없음,승용,남,66세,경상
2023011400100403,2023년 1월 14일 19시,토요일,경상북도 포항시 북구 장성동,경상사고,0,0,1,0,차량단독 - 기타,기타,젖음/습기,맑음,기타 - 기타,승용,남,46세,상해없음,,,,
2023011400100404,2023년 1월 14일 19시,토요일,경상북도 영주시 가흥동,경상사고,0,0,1,0,차대사람 - 기타,안전운전불이행,젖음/습기,맑음,단일로 - 기타,승용,여,42세,상해없음,보행자,여,50세,경상
2023011400100405,2023년 1월 14일 19시,토요일,경상북도 영천시 야사동,부상신고사고,0,0,0,1,차대사람 - 차도통행중,안전운전불이행,건조,맑음,단일로 - 기타,승용,남,64세,상해없음,보행자,남,59세,부상신고
2023011400100406,2023년 1월 14일 19시,토요일,경상북도 영천시 금노동,중상사고,0,1,0,0,차대차 - 정면충돌,신호위반,건조,맑음,교차로 - 교차로안,승용,여,40세,상해없음,이륜,남,37세,중상
2023011400100438,2023년 1월 14일 20시,토요일,경상북도 구미시 송정동,중상사고,0,1,0,0,차대차 - 측면충돌,교차로운행방법위반,젖음/습기,흐림,교차로 - 교차로안,승용,남,60세,상해없음,원동기,남,35세,중상
2023011400100457,2023년 1월 14일 21시,토요일,경상북도 경주시 동천동,중상사고,0,1,0,0,차대차 - 측면충돌,안전운전불이행,젖음/습기,흐림,교차로 - 교차로안,승용,남,27세,상해없음,이륜,남,39세,중상
2023011400100458,2023년 1월 14일 21시,토요일,경상북도 영천시 임고면,경상사고,0,0,1,0,차량단독 - 전도전복 - 전복,안전운전불이행,건조,맑음,기타 - 기타,승용,남,47세,경상,,,,
2023011400100485,2023년 1월 14일 22시,토요일,경상북도 포항시 남구 대도동,경상사고,0,0,1,0,차대차 - 측면충돌,교차로운행방법위반,건조,맑음,교차로 - 교차로안,승용,남,83세,상해없음,승용,여,61세,경상
2023011500100028,2023년 1월 15일 01시,일요일,경상북도 구미시 지산동,경상사고,0,0,1,0,차대차 - 추돌,안전운전불이행,건조,흐림,교차로 - 교차로부근,승용,남,46세,상해없음,승용,여,53세,경상