사고번호,사고일시,요일,시군구,사고내용,사망자수,중상자수,경상자수,부상신고자수,사고유형,법규위반,노면상태,기상상태,도로형태,가해운전자 차종,가해운전자 성별,가해운전자 연령,가해운전자 상해정도,피해운전자 차종,피해운전자 성별,피해운전자 연령,피해운전자 상해정도
2023011500100036,2023년 1월 15일 02시,일요일,경상북도 경주시 강동면,경상사고,0,0,1,0,차량단독 - 공작물충돌,안전운전불이행,건조,맑음,단일로 - 지하차도(도로)내,승용,남,27세,경상,,,,
2023011500100037,2023년 1월 15일 02시,일요일,경상북도 경산시 옥곡동,사망사고,1,2,0,0,차대차 - 정면충돌,중앙선침범,젖음/습기,흐림,단일로 - 기타,승용,여,49세,중상,승용,남,37세,중상
2023011500100046,2023년 1월 15일 04시,일요일,경상북도 경산시 하양읍,경상사고,0,0,2,0,차대차 - 기타,안전운전불이행,젖음/습기,흐림,교차로 - 교차로안,승용,남,21세,상해없음,승합,남,54세,경상
2023011500100052,2023년 1월 15일 05시,일요일,경상북도 칠곡군 석적읍,경상사고,0,0,1,0,차대차 - 측면충돌,안전운전불이행,건조,흐림,교차로 - 교차로부근,승합,남,54세,상해없음,승용,남,50세,경상
2023011500100141,2023년 1월 15일 12시,일요일,경상북도 경주시 구황동,중상사고,0,1,7,0,차대차 - 추돌,안전운전불이행,젖음/습기,흐림,교차로 - 교차로안,승용,남,64세,상해없음,승용,남,42세,경상
2023011500100163,2023년 1월 15일 13시,일요일,경상북도 성주군 월항면,중상사고,0,1,0,0,차량단독 - 도로외이탈 - 추락,안전운전불이행,젖음/습기,흐림,단일로 - 기타,승용,여,49세,기타불명,,,,
2023011500100178,2023년 1월 15일 14시,일요일,경상북도 경주시 외동읍,경상사고,0,0,1,0,차대차 - 측면충돌,안전운전불이행,건조,맑음,교차로 - 교차로부근,승용,남,64세,상해없음,원동기,남,41세,경상
2023011500100179,2023년 1월 15일 14시,일요일,경상북도 봉화군 상운면,사망사고,1,0,0,0,차량단독 - 기타,안전운전불이행,서리/결빙,눈,단일로 - 기타,농기계,남,83세,사망,,,,
2023011500100193,2023년 1월 15일 15시,일요일,경상북도 경주시 구황동,경상사고,0,0,2,0,차대차 - 측면충돌,안전운전불이행,젖음/습기,비,단일로 - 기타,승용,여,63세,상해없음,화물,남,30세,경상
2023011500100194,2023년 1월 15일 15시,일요일,경상북도 포항시 북구 흥해읍,중상사고,0,1,0,0,차대사람 - 횡단중,보행자보호의무위반,건조,맑음,교차로 - 교차로부근,승용,남,61세,상해없음,보행자,여,50세,중상
2023011500100195,2023년 1월 15일 15시,일요일,경상북도 구미시 옥계동,경상사고,0,0,1,0,차대사람 - 차도통행중,중앙선침범,젖음/습기,비,교차로 - 교차로부근,이륜,남,44세,상해없음,보행자,남,9세,경상
2023011500100232,2023년 1월 15일 17시,일요일,경상북도 경산시 중방동,중상사고,0,1,0,0,차대차 - 측면충돌,신호위반,건조,맑음,교차로 - 교차로안,이륜,남,48세,중상,승용,남,67세,상해없음
2023011500100288,2023년 1월 15일 19시,일요일,경상북도 안동시 안흥동,경상사고,0,0,1,0,차량단독 - 기타,안전운전불이행,건조,맑음,교차로 - 교차로부근,승용,남,70세,상해없음,,,,
2023011500100289,2023년 1월 15일 19시,일요일,경상북도 영천시 매산동,경상사고,0,0,3,0,차대차 - 추돌,안전운전불이행,건조,맑음,단일로 - 기타,승용,남,21세,상해없음,승용,남,40세,경상
2023011500100320,2023년 1월 15일 20시,일요일,경상북도 포항시 북구 항구동,중상사고,0,1,0,0,차대차 - 측면충돌,신호위반,건조,맑음,교차로 - 교차로안,승용,여,55세,상해없음,이륜,남,38세,중상
2023011500100321,2023년 1월 15일 20시,일요일,경상북도 구미시 신평동,중상사고,0,1,0,0,차대사람 - 횡단중,보행자보호의무위반,젖음/습기,흐림,교차로 - 교차로안,승용,남,63세,상해없음,보행자,남,74세,중상
2023011500100342,2023년 1월 15일 21시,일요일,경상북도 영천시 성내동,경상사고,0,0,3,0,차대차 - 측면충돌,안전운전불이행,건조,맑음,단일로 - 기타,승용,남,56세,상해없음,승용,남,54세,경상
2023011500100373,2023년 1월 15일 22시,일요일,경상북도 포항시 남구 오천읍,경상사고,0,0,1,0,차대사람 - 차도통행중,안전운전불이행,건조,맑음,단일로 - 기타,승용,여,29세,상해없음,보행자,남,45세,경상
2023011500100384,2023년 1월 15일 23시,일요일,경상북도 상주시 내서면,사망사고,1,0,1,0,차대차 - 추돌,안전운전불이행,건조,맑음,단일로 - 기타,화물,남,58세,상해없음,화물,남,58세,사망
2023011600100013,2023년 1월 16일 01시,월요일,경상북도 구미시 선산읍,중상사고,0,1,0,0,차대사람 - 기타,안전운전불이행,건조,맑음,단일로 - 기타,승용,남,20세,상해없음,보행자,남,24세,중상
2023011600100017,2023년 1월 16일 02시,월요일,경상북도 영천시 임고면,경상사고,0,0,1,0,차대차 - 측면충돌,신호위반,건조,맑음,교차로 - 교차로안,화물,여,64세,상해없음,승용,여,65세,경상
2023011600100047,2023년 1월 16일 06시,월요일,경상북도 경주시 안강읍,사망사고,1,0,0,0,차대사람 - 횡단중,안전운전불이행,건조,맑음,교차로 - 교차로횡단보도내,승용,남,70세,상해없음,보행자,여,80세,사망
2023011600100071,2023년 1월 16일 07시,월요일,경상북도 경주시 안강읍,경상사고,0,0,1,0,차대차 - 측면충돌,신호위반,건조,맑음,교차로 - 교차로안,승용,남,69세,상해없음,승용,여,51세,경상
2023011600100072,2023년 1월 16일 07시,월요일,경상북도 포항시 북구 송라면,경상사고,0,0,1,0,차대차 - 추돌,안전운전불이행,건조,맑음,단일로 - 기타,건설기계,남,22세,상해없음,건설기계,남,56세,경상
2023011600100073,2023년 1월 16일 07시,월요일,경상북도 안동시 안기동,경상사고,0,0,1,0,차대사람 - 길가장자리구역통행중,안전운전불이행,건조,맑음,단일로 - 기타,승용,남,32세,상해없음,보행자,여,61세,경상
2023011600100074,2023년 1월 16일 07시,월요일,경상북도 문경시 마성면,경상사고,0,0,1,0,차대차 - 추돌,안전거리미확보,건조,흐림,단일로 - 기타,화물,남,37세,상해없음,화물,남,78세,경상
2023011600100124,2023년 1월 16일 09시,월요일,경상북도 경주시 동부동,중상사고,0,1,0,0,차대사람 - 차도통행중,안전운전불이행,건조,맑음,단일로 - 기타,승용,남,64세,상해없음,보행자,남,84세,중상
2023011600100125,2023년 1월 16일 09시,월요일,경상북도 김천시 덕곡동,중상사고,0,1,4,0,차대차 - 추돌,안전운전불이행,건조,맑음,교차로 - 교차로부근,화물,남,63세,상해없음,승용,남,39세,중상
2023011600100155,2023년 1월 16일 10시,월요일,경상북도 영덕군 병곡면,경상사고,0,0,2,0,차대차 - 측면충돌,직진우회전진행방해,건조,맑음,교차로 - 교차로안,화물,남,36세,경상,화물,남,74세,경상
2023011600100184,2023년 1월 16일 11시,월요일,경상북도 포항시 남구 동촌동,경상사고,0,0,1,1,차대차 - 측면충돌,안전거리미확보,건조,맑음,교차로 - 교차로안,승용,남,71세,부상신고,화물,남,32세,경상
2023011600100219,2023년 1월 16일 12시,월요일,경상북도 포항시 북구 두호동,부상신고사고,0,0,0,1,차대차 - 측면충돌,안전운전불이행,건조,맑음,단일로 - 기타,승용,여,43세,상해없음,화물,남,67세,부상신고
2023011600100220,2023년 1월 16일 12시,월요일,경상북도 상주시 계산동,경상사고,0,0,1,0,차대차 - 측면충돌,교차로운행방법위반,건조,맑음,교차로 - 교차로안,승용,남,57세,상해없음,화물,남,55세,경상
2023011600100221,2023년 1월 16일 12시,월요일,경상북도 영천시 문외동,경상사고,0,0,1,0,차대사람 - 보도통행중,보행자보호의무위반,건조,맑음,교차로 - 교차로횡단보도내,승용,남,80세,상해없음,보행자,여,47세,경상
2023011600100276,2023년 1월 16일 14시,월요일,경상북도 경주시 용강동,경상사고,0,0,1,0,차대차 - 측면충돌,안전운전불이행,건조,맑음,교차로 - 교차로안,승용,남,61세,상해없음,승용,여,40세,경상
2023011600100277,2023년 1월 16일 14시,월요일,경상북도 포항시 남구 장흥동,경상사고,0,0,2,0,차대차 - 정면충돌,안전운전불이행,건조,맑음,교차로 - 교차로안,승용,남,74세,경상,승용,남,28세,경상
2023011600100312,2023년 1월 16일 15시,월요일,경상북도 안동시 옥야동,경상사고,0,0,1,0,차대차 - 측면충돌,안전운전불이행,건조,맑음,교차로 - 교차로부근,승용,남,65세,상해없음,승합,남,64세,상해없음
2023011600100313,2023년 1월 16일 15시,월요일,경상북도 상주시 모동면,경상사고,0,0,1,0,차대차 - 측면충돌,안전운전불이행,건조,맑음,단일로 - 기타,이륜,남,60세,경상,화물,남,62세,상해없음
2023011600100349,2023년 1월 16일 16시,월요일,경상북도 경주시 감포읍,중상사고,0,2,0,0,차대차 - 측면충돌,중앙선침범,건조,맑음,단일로 - 기타,승용,여,55세,상해없음,화물,남,42세,중상
2023011600100350,2023년 1월 16일 16시,월요일,경상북도 경주시 외동읍,경상사고,0,0,1,0,차대차 - 측면충돌,안전운전불이행,건조,맑음,단일로 - 기타,화물,여,59세,상해없음,화물,남,35세,경상
2023011600100351,2023년 1월 16일 16시,월요일,경상북도 경주시 성동동,경상사고,0,0,1,0,차량단독 - 기타,안전운전불이행,건조,맑음,교차로 - 교차로부근,승합,남,42세,상해없음,,,,
2023011600100352,2023년 1월 16일 16시,월요일,경상북도 경산시 중방동,중상사고,0,1,0,0,차대차 - 정면충돌,교차로운행방법위반,건조,맑음,교차로 - 교차로안,승용,남,73세,상해없음,이륜,남,31세,중상
2023011600100391,2023년 1월 16일 17시,월요일,경상북도 포항시 북구 죽도동,경상사고,0,0,2,0,차대차 - 측면충돌,직진우회전진행방해,건조,맑음,교차로 - 교차로안,승용,여,27세,경상,승용,남,41세,경상
2023011600100393,2023년 1월 16일 17시,월요일,경상북도 포항시 남구 대도동,경상사고,0,0,1,0,차대차 - 측면충돌,안전운전불이행,건조,맑음,교차로 - 교차로부근,승용,여,58세,상해없음,승용,남,65세,상해없음
2023011600100431,2023년 1월 16일 18시,월요일,경상북도 안동시 송현동,중상사고,0,1,0,0,차대사람 - 횡단중,보행자보호의무위반,건조,맑음,교차로 - 교차로횡단보도내,승용,여,53세,상해없음,보행자,남,53세,중상
2023011600100432,2023년 1월 16일 18시,월요일,경상북도 구미시 상모동,중상사고,0,1,0,0,차대사람 - 횡단중,안전운전불이행,건조,흐림,교차로 - 교차로부근,승용,남,21세,상해없음,보행자,남,11세,중상
2023011600100433,2023년 1월 16일 18시,월요일,경상북도 포항시 남구 오천읍,중상사고,0,1,2,0,차대차 - 기타,신호위반,건조,맑음,교차로 - 교차로안,이륜,남,30세,중상,승용,여,33세,경상
2023011600100480,2023년 1월 16일 19시,월요일,경상북도 경산시 하양읍,경상사고,0,0,1,0,차대사람 - 횡단중,안전운전불이행,건조,맑음,교차로 - 교차로부근,승용,남,30세,상해없음,보행자,여,69세,경상
2023011600100481,2023년 1월 16일 19시,월요일,경상북도 고령군 쌍림면,경상사고,0,0,3,0,차대차 - 기타,기타,건조,맑음,단일로 - 기타,화물,남,67세,상해없음,승용,남,30세,경상
2023011600100521,2023년 1월 16일 21시,월요일,경상북도 포항시 북구 우현동,경상사고,0,0,2,0,차대차 - 기타,안전운전불이행,건조,맑음,교차로 - 교차로안,승용,남,52세,상해없음,승용,남,41세,경상
2023011600100522,2023년 1월 16일 21시,월요일,경상북도 구미시 비산동,중상사고,0,1,0,0,차대차 - 측면충돌,중앙선침범,건조,맑음,단일로 - 기타,승용,남,21세,상해없음,이륜,남,43세,중상
2023011700100008,2023년 1월 17일 00시,화요일,경상북도 포항시 남구 상도동,경상사고,0,0,1,0,차대차 - 측면충돌,교차로운행방법위반,건조,맑음,교차로 - 교차로부근,승용,남,39세,상해없음,승용,남,25세,경상
2023011700100026,2023년 1월 17일 04시,화요일,경상북도 경주시 노서동,경상사고,0,0,1,0,차대차 - 추돌,안전운전불이행,건조,맑음,단일로 - 지하차도(도로)내,승용,남,25세,상해없음,승용,남,67세,경상
2023011700100038,2023년 1월 17일 06시,화요일,경상북도 칠곡군 지천면,경상사고,0,0,1,0,차대차 - 후진중충돌,안전운전불이행,건조,맑음,단일로 - 지하차도(도로)내,화물,남,40세,상해없음,화물,남,38세,경상
2023011700100053,2023년 1월 17일 07시,화요일,경상북도 칠곡군 왜관읍,경상사고,0,0,4,0,차대차 - 측면충돌,교차로운행방법위반,건조,맑음,교차로 - 교차로안,승용,여,60세,상해없음,승용,남,21세,경상
2023011700100074,2023년 1월 17일 08시,화요일,경상북도 안동시 송현동,부상신고사고,0,0,0,1,차대사람 - 기타,보행자보호의무위반,건조,맑음,교차로 - 교차로횡단보도내,승용,남,63세,상해없음,보행자,여,24세,부상신고
2023011700100098,2023년 1월 17일 09시,화요일,경상북도 포항시 남구 오천읍,중상사고,0,1,0,0,차대차 - 기타,중앙선침범,건조,맑음,교차로 - 교차로부근,자전거,남,35세,중상,승용,남,59세,상해없음
2023011700100127,2023년 1월 17일 10시,화요일,경상북도 경주시 현곡면,중상사고,0,1,0,0,차대차 - 추돌,안전운전불이행,건조,맑음,교차로 - 교차로부근,화물,남,47세,중상,승용,남,65세,기타불명
2023011700100128,2023년 1월 17일 10시,화요일,경상북도 영천시 금노동,경상사고,0,0,2,0,차대차 - 추돌,안전운전불이행,건조,맑음,단일로 - 기타,특수,남,33세,상해없음,승용,여,44세,경상
2023011700100129,2023년 1월 17일 10시,화요일,경상북도 영천시 완산동,경상사고,0,0,1,0,차대차 - 측면충돌,신호위반,건조,맑음,교차로 - 교차로안,승용,여,32세,기타불명,화물,남,59세,경상
2023011700100152,2023년 1월 17일 11시,화요일,경상북도 포항시 남구 오천읍,경상사고,0,0,1,0,차대사람 - 횡단중,안전운전불이행,건조,맑음,교차로 - 교차로횡단보도내,승용,남,37세,상해없음,보행자,남,7세,경상
2023011700100181,2023년 1월 17일 12시,화요일,경상북도 김천시 평화동,중상사고,0,1,0,0,차대사람 - 횡단중,신호위반,건조,맑음,교차로 - 교차로안,이륜,남,30세,상해없음,보행자,여,55세,중상
2023011700100182,2023년 1월 17일 12시,화요일,경상북도 청송군 진보면,중상사고,0,1,2,0,차대차 - 측면충돌,중앙선침범,건조,맑음,단일로 - 지하차도(도로)내,승용,여,71세,상해없음,승용,남,56세,경상
2023011700100232,2023년 1월 17일 14시,화요일,경상북도 안동시 신안동,중상사고,0,1,1,0,차대차 - 측면충돌,안전운전불이행,건조,맑음,단일로 - 기타,자전거,남,79세,중상,이륜,남,22세,경상
2023011700100233,2023년 1월 17일 14시,화요일,경상북도 울진군 울진읍,부상신고사고,0,0,0,1,차대차 - 측면충돌,직진우회전진행방해,건조,맑음,교차로 - 교차로안,화물,남,73세,상해없음,사륜오토바이(ATV),여,61세,부상신고
2023011700100260,2023년 1월 17일 15시,화요일,경상북도 경주시 용강동,경상사고,0,0,1,0,차대차 - 측면충돌,안전운전불이행,건조,맑음,교차로 - 교차로횡단보도내,자전거,남,55세,경상,승용,남,41세,상해없음
2023011700100261,2023년 1월 17일 15시,화요일,경상북도 포항시 북구 죽도동,중상사고,0,1,2,0,차대차 - 기타,안전운전불이행,건조,맑음,주차장 - 주차장,승용,여,49세,상해없음,승용,여,38세,중상
2023011700100262,2023년 1월 17일 15시,화요일,경상북도 영천시 완산동,경상사고,0,0,1,0,차대사람 - 횡단중,안전운전불이행,건조,맑음,교차로 - 교차로안,화물,남,66세,상해없음,보행자,남,59세,경상
2023011700100263,2023년 1월 17일 15시,화요일,경상북도 문경시 모전동,중상사고,0,1,0,0,차대차 - 정면충돌,안전운전불이행,건조,맑음,교차로 - 교차로부근,개인형이동수단(PM),남,13세,중상,승용,여,39세,상해없음
2023011700100264,2023년 1월 17일 15시,화요일,경상북도 경산시 중산동,경상사고,0,0,1,0,차대차 - 기타,신호위반,건조,맑음,교차로 - 교차로안,승용,여,43세,상해없음,승용,남,36세,경상
2023011700100265,2023년 1월 17일 15시,화요일,경상북도 구미시 옥계동,경상사고,0,0,1,0,차대차 - 기타,안전운전불이행,건조,맑음,교차로 - 교차로안,승용,남,66세,상해없음,승용,여,40세,경상
2023011700100286,2023년 1월 17일 16시,화요일,경상북도 상주시 화서면,경상사고,0,0,1,0,차대사람 - 기타,안전운전불이행,건조,맑음,단일로 - 기타,농기계,남,66세,상해없음,보행자,남,18세,경상
2023011700100287,2023년 1월 17일 16시,화요일,경상북도 경산시 압량읍,경상사고,0,0,4,0,차대차 - 측면충돌,안전거리미확보,건조,맑음,교차로 - 교차로안,승용,남,25세,경상,승용,여,33세,경상
2023011700100315,2023년 1월 17일 17시,화요일,경상북도 포항시 북구 두호동,중상사고,0,1,0,0,차대사람 - 기타,보행자보호의무위반,건조,맑음,단일로 - 기타,화물,남,41세,상해없음,보행자,남,66세,중상
2023011700100316,2023년 1월 17일 17시,화요일,경상북도 영주시 가흥동,중상사고,0,1,0,0,차대차 - 측면충돌,안전운전불이행,건조,맑음,교차로 - 교차로안,이륜,여,70세,중상,화물,남,60세,상해없음
2023011700100360,2023년 1월 17일 18시,화요일,경상북도 경주시 시래동,경상사고,0,0,1,0,차대차 - 추돌,안전운전불이행,건조,맑음,교차로 - 교차로부근,승용,남,77세,상해없음,승용,여,26세,경상
2023011700100361,2023년 1월 17일 18시,화요일,경상북도 경주시 노서동,중상사고,0,1,0,0,차대사람 - 차도통행중,안전운전불이행,건조,맑음,교차로 - 교차로안,승용,여,32세,상해없음,보행자,여,34세,중상
2023011700100362,2023년 1월 17일 18시,화요일,경상북도 영천시 금호읍,중상사고,0,1,0,0,차대차 - 측면충돌,안전운전불이행,건조,맑음,단일로 - 기타,승용,남,61세,상해없음,이륜,남,45세,중상
2023011700100363,2023년 1월 17일 18시,화요일,경상북도 영천시 금노동,경상사고,0,0,1,0,차대차 - 추돌,안전운전불이행,건조,맑음,단일로 - 기타,화물,남,62세,상해없음,승용,여,41세,경상
2023011700100364,2023년 1월 17일 18시,화요일,경상북도 포항시 남구 대도동,중상사고,0,1,0,0,차대차 - 측면충돌,차로위반,건조,맑음,단일로 - 기타,자전거,남,61세,중상,원동기,남,17세,상해없음
2023011700100414,2023년 1월 17일 19시,화요일,경상북도 구미시 신평동,경상사고,0,0,1,0,차대차 - 측면충돌,안전운전불이행,건조,맑음,교차로 - 교차로부근,승용,남,54세,상해없음,승용,여,60세,경상
2023011700100454,2023년 1월 17일 21시,화요일,경상북도 경주시 석장동,경상사고,0,0,2,0,차대차 - 측면충돌,안전운전불이행,건조,맑음,단일로 - 기타,승용,남,75세,상해없음,승용,남,21세,경상
2023011800100007,2023년 1월 18일 00시,수요일,경상북도 경산시 대동,중상사고,0,1,0,0,차대차 - 측면충돌,안전운전불이행,건조,맑음,단일로 - 기타,승용,남,48세,상해없음,승용,남,62세,중상
2023011800100014,2023년 1월 18일 01시,수요일,경상북도 안동시 태화동,중상사고,0,1,0,0,차량단독 - 전도전복 - 전도,안전운전불이행,건조,맑음,단일로 - 기타,원동기,남,16세,중상,,,,
2023011800100049,2023년 1월 18일 06시,수요일,경상북도 김천시 양천동,중상사고,0,1,1,0,차대차 - 기타,안전운전불이행,건조,맑음,교차로 - 교차로안,화물,남,53세,경상,승용,남,42세,중상
2023011800100068,2023년 1월 18일 07시,수요일,경상북도 경주시 안강읍,경상사고,0,0,1,0,차대차 - 측면충돌,중앙선침범,건조,맑음,교차로 - 교차로부근,화물,남,55세,상해없음,승용,여,69세,경상
2023011800100069,2023년 1월 18일 07시,수요일,경상북도 경주시 외동읍,경상사고,0,0,1,0,차대차 - 후진중충돌,안전운전불이행,건조,맑음,교차로 - 교차로부근,화물,남,61세,상해없음,승용,남,37세,경상
2023011800100070,2023년 1월 18일 07시,수요일,경상북도 경주시 동천동,경상사고,0,0,2,1,차대차 - 측면충돌,직진우회전진행방해,건조,맑음,교차로 - 교차로안,승용,남,62세,경상,승용,여,56세,경상
2023011800100071,2023년 1월 18일 07시,수요일,경상북도 구미시 인의동,중상사고,0,1,0,0,차대차 - 측면충돌,안전운전불이행,건조,맑음,교차로 - 교차로부근,승용,남,29세,상해없음,이륜,남,47세,중상
2023011800100096,2023년 1월 18일 08시,수요일,경상북도 구미시 형곡동,경상사고,0,0,1,0,차대차 - 측면충돌,안전운전불이행,건조,맑음,교차로 - 교차로부근,승용,남,62세,상해없음,승용,여,35세,경상
2023011800100119,2023년 1월 18일 09시,수요일,경상북도 포항시 북구 죽장면,중상사고,0,2,0,0,차대차 - 정면충돌,중앙선침범,건조,맑음,단일로 - 기타,승용,여,64세,중상,승용,여,64세,중상
2023011800100156,2023년 1월 18일 10시,수요일,경상북도 포항시 남구 대잠동,경상사고,0,0,1,0,차대차 - 측면충돌,차로위반,건조,맑음,교차로 - 교차로부근,승용,남,59세,상해없음,승용,남,35세,경상
2023011800100172,2023년 1월 18일 11시,수요일,경상북도 포항시 북구 죽도동,경상사고,0,0,1,0,차대사람 - 기타,안전운전불이행,건조,맑음,단일로 - 기타,원동기,남,81세,상해없음,보행자,남,50세,경상
2023011800100231,2023년 1월 18일 13시,수요일,경상북도 포항시 북구 학산동,경상사고,0,0,2,0,차대차 - 기타,신호위반,건조,맑음,교차로 - 교차로안,승용,여,47세,상해없음,승합,남,48세,경상
2023011800100232,2023년 1월 18일 13시,수요일,경상북도 문경시 점촌동,경상사고,0,0,1,0,차대차 - 후진중충돌,안전운전불이행,건조,맑음,단일로 - 기타,승용,남,77세,상해없음,이륜,남,51세,경상
2023011800100233,2023년 1월 18일 13시,수요일,경상북도 포항시 남구 연일읍,경상사고,0,0,1,0,차대차 - 측면충돌,안전운전불이행,건조,맑음,교차로 - 교차로안,개인형이동수단(PM),여,17세,경상,승용,남,52세,상해없음
2023011800100268,2023년 1월 18일 14시,수요일,경상북도 경주시 동천동,경상사고,0,0,2,0,차대차 - 추돌,안전운전불이행,건조,맑음,교차로 - 교차로부근,승용,여,66세,상해없음,승용,남,57세,경상
2023011800100269,2023년 1월 18일 14시,수요일,경상북도 안동시 당북동,부상신고사고,0,0,0,1,차대차 - 측면충돌,안전운전불이행,건조,맑음,교차로 - 교차로부근,자전거,남,80세,부상신고,승용,여,49세,상해없음
2023011800100270,2023년 1월 18일 14시,수요일,경상북도 상주시 화동면,경상사고,0,0,2,0,차대차 - 측면충돌,기타,건조,맑음,교차로 - 교차로안,승용,여,27세,경상,승용,남,60세,경상
2023011800100271,2023년 1월 18일 14시,수요일,경상북도 포항시 남구 이동,부상신고사고,0,0,0,1,차대차 - 추돌,안전운전불이행,건조,맑음,교차로 - 교차로부근,승용,남,64세,상해없음,화물,남,50세,부상신고
2023011800100301,2023년 1월 18일 15시,수요일,경상북도 포항시 북구 장성동,중상사고,0,1,0,0,차량단독 - 기타,안전운전불이행,건조,맑음,주차장 - 주차장,승용,여,73세,중상,,,,
2023011800100302,2023년 1월 18일 15시,수요일,경상북도 영주시 봉현면,경상사고,0,0,1,1,차대차 - 측면충돌,중앙선침범,건조,맑음,단일로 - 기타,승용,남,31세,부상신고,화물,남,55세,경상
2023011800100303,2023년 1월 18일 15시,수요일,경상북도 칠곡군 석적읍,경상사고,0,0,2,0,차대차 - 측면충돌,기타,건조,맑음,단일로 - 기타,화물,남,59세,상해없음,승용,남,62세,경상
2023011800100330,2023년 1월 18일 16시,수요일,경상북도 칠곡군 석적읍,경상사고,0,0,1,0,차대차 - 추돌,안전운전불이행,건조,맑음,교차로 - 교차로부근,승용,남,42세,상해없음,승용,여,46세,경상
2023011800100373,2023년 1월 18일 17시,수요일,경상북도 성주군 성주읍,경상사고,0,0,1,0,차대차 - 측면충돌,안전운전불이행,건조,맑음,교차로 - 교차로안,승용,여,59세,상해없음,자전거,남,10세,경상
2023011800100404,2023년 1월 18일 18시,수요일,경상북도 구미시 구평동,중상사고,0,1,2,0,차대차 - 추돌,안전운전불이행,건조,맑음,단일로 - 기타,화물,남,52세,상해없음,승용,남,42세,중상
2023011800100444,2023년 1월 18일 19시,수요일,경상북도 경주시 내남면,경상사고,0,0,1,0,차대차 - 측면충돌,안전운전불이행,건조,맑음,교차로 - 교차로안,승용,남,57세,상해없음,승용,여,50세,경상
2023011800100445,2023년 1월 18일 19시,수요일,경상북도 구미시 원평동,경상사고,0,0,1,0,차대사람 - 횡단중,안전운전불이행,건조,맑음,교차로 - 교차로안,승용,남,28세,상해없음,보행자,남,82세,경상
2023011800100447,2023년 1월 18일 19시,수요일,경상북도 포항시 남구 송도동,경상사고,0,0,2,0,차대차 - 측면충돌,안전운전불이행,건조,맑음,교차로 - 교차로안,승용,남,58세,상해없음,승용,남,62세,경상
2023011800100470,2023년 1월 18일 20시,수요일,경상북도 경주시 감포읍,중상사고,0,1,2,0,차대차 - 측면충돌,기타,건조,맑음,단일로 - 기타,승용,남,61세,상해없음,화물,남,59세,중상
2023011800100471,2023년 1월 18일 20시,수요일,경상북도 포항시 북구 흥해읍,경상사고,0,0,3,0,차대차 - 기타,중앙선침범,건조,맑음,단일로 - 기타,승용,남,58세,상해없음,승용,남,37세,경상
2023011800100472,2023년 1월 18일 20시,수요일,경상북도 경산시 진량읍,경상사고,0,0,1,0,차대차 - 측면충돌,신호위반,건조,맑음,교차로 - 교차로부근,승용,남,65세,상해없음,승용,남,27세,경상
2023011800100494,2023년 1월 18일 21시,수요일,경상북도 상주시 화동면,중상사고,0,1,0,0,차대사람 - 길가장자리구역통행중,안전운전불이행,건조,맑음,단일로 - 기타,승용,남,63세,상해없음,보행자,여,59세,중상
2023011800100495,2023년 1월 18일 21시,수요일,경상북도 포항시 남구 오천읍,경상사고,0,0,4,0,차대차 - 추돌,안전운전불이행,건조,맑음,단일로 - 교량,승용,남,40세,상해없음,승용,여,64세,경상
2023011900100019,2023년 1월 19일 01시,목요일,경상북도 경산시 중방동,중상사고,0,1,4,0,차대차 - 추돌,안전운전불이행,건조,맑음,교차로 - 교차로안,승용,남,27세,상해없음,승용,남,42세,중상
2023011900100032,2023년 1월 19일 04시,목요일,경상북도 김천시 신음동,사망사고,1,0,0,0,차대차 - 측면충돌,직진우회전진행방해,건조,맑음,교차로 - 교차로안,이륜,남,17세,사망,승용,남,65세,상해없음
2023011900100061,2023년 1월 19일 07시,목요일,경상북도 포항시 북구 동빈1가,경상사고,0,0,1,0,차대차 - 측면충돌,안전운전불이행,건조,맑음,교차로 - 교차로안,승용,남,67세,상해없음,화물,여,68세,경상
2023011900100062,2023년 1월 19일 07시,목요일,경상북도 포항시 남구 연일읍,중상사고,0,1,1,0,차대차 - 추돌,안전거리미확보,건조,맑음,교차로 - 교차로부근,승용,여,69세,경상,승용,여,55세,중상
2023011900100117,2023년 1월 19일 09시,목요일,경상북도 김천시 성내동,경상사고,0,0,1,0,차대차 - 추돌,안전운전불이행,건조,맑음,교차로 - 교차로횡단보도내,승용,남,73세,상해없음,승용,남,61세,경상
2023011900100118,2023년 1월 19일 09시,목요일,경상북도 영천시 임고면,경상사고,0,0,3,0,차대차 - 추돌,안전운전불이행,건조,맑음,단일로 - 기타,승용,남,19세,상해없음,승용,남,41세,경상
2023011900100141,2023년 1월 19일 10시,목요일,경상북도 예천군 풍양면,중상사고,0,1,0,0,차대차 - 측면충돌,안전운전불이행,건조,맑음,교차로 - 교차로부근,승용,남,32세,상해없음,이륜,남,84세,중상
2023011900100142,2023년 1월 19일 10시,목요일,경상북도 청송군 진보면,경상사고,0,0,1,0,차대사람 - 횡단중,안전운전불이행,건조,맑음,단일로 - 기타,화물,남,65세,상해없음,보행자,여,76세,경상
2023011900100168,2023년 1월 19일 11시,목요일,경상북도 경산시 진량읍,중상사고,0,1,0,0,차대사람 - 길가장자리구역통행중,안전운전불이행,건조,맑음,단일로 - 기타,승용,남,60세,상해없음,보행자,남,79세,중상