사고번호,사고일시,요일,시군구,사고내용,사망자수,중상자수,경상자수,부상신고자수,사고유형,법규위반,노면상태,기상상태,도로형태,가해운전자 차종,가해운전자 성별,가해운전자 연령,가해운전자 상해정도,피해운전자 차종,피해운전자 성별,피해운전자 연령,피해운전자 상해정도
2023011900100188,2023년 1월 19일 12시,목요일,경상북도 김천시 평화동,경상사고,0,0,1,0,차대차 - 측면충돌,교차로운행방법위반,건조,맑음,단일로 - 기타,승용,남,60세,상해없음,자전거,남,70세,경상
2023011900100189,2023년 1월 19일 12시,목요일,경상북도 포항시 남구 해도동,경상사고,0,0,1,0,차대차 - 후진중충돌,안전운전불이행,건조,맑음,단일로 - 고가도로위,승용,남,51세,상해없음,승용,남,42세,경상
2023011900100190,2023년 1월 19일 12시,목요일,경상북도 문경시 유곡동,경상사고,0,0,1,0,차대차 - 기타,안전운전불이행,건조,맑음,단일로 - 기타,기타불명,기타불명,미분류,기타불명,화물,남,50세,경상
2023011900100221,2023년 1월 19일 13시,목요일,경상북도 울진군 울진읍,경상사고,0,0,1,0,차대차 - 측면충돌,직진우회전진행방해,건조,맑음,교차로 - 교차로안,승용,남,63세,상해없음,승용,여,32세,경상
2023011900100243,2023년 1월 19일 14시,목요일,경상북도 안동시 태화동,중상사고,0,1,0,0,차대차 - 측면충돌,교차로운행방법위반,건조,맑음,교차로 - 교차로안,승용,여,56세,상해없음,승용,남,39세,중상
2023011900100244,2023년 1월 19일 14시,목요일,경상북도 문경시 점촌동,경상사고,0,0,1,0,차대차 - 측면충돌,안전운전불이행,건조,맑음,교차로 - 교차로안,승용,여,77세,상해없음,원동기,여,63세,경상
2023011900100245,2023년 1월 19일 14시,목요일,경상북도 포항시 남구 대잠동,경상사고,0,0,1,0,차대차 - 기타,안전운전불이행,건조,맑음,교차로 - 교차로안,승용,남,77세,경상,승합,남,49세,상해없음
2023011900100280,2023년 1월 19일 15시,목요일,경상북도 안동시 풍산읍,경상사고,0,0,1,0,차대사람 - 기타,안전운전불이행,건조,맑음,단일로 - 기타,화물,남,62세,상해없음,보행자,남,49세,경상
2023011900100281,2023년 1월 19일 15시,목요일,경상북도 문경시 모전동,경상사고,0,0,1,0,차대차 - 측면충돌,신호위반,건조,맑음,교차로 - 교차로안,승용,여,35세,상해없음,승용,남,66세,경상
2023011900100282,2023년 1월 19일 15시,목요일,경상북도 포항시 남구 해도동,경상사고,0,0,1,0,차대사람 - 차도통행중,안전운전불이행,건조,맑음,단일로 - 기타,승합,남,50세,상해없음,보행자,여,81세,경상
2023011900100319,2023년 1월 19일 16시,목요일,경상북도 경주시 황성동,경상사고,0,0,1,0,차대차 - 추돌,안전운전불이행,건조,맑음,교차로 - 교차로안,승용,남,57세,상해없음,승용,남,33세,경상
2023011900100320,2023년 1월 19일 16시,목요일,경상북도 경산시 중방동,경상사고,0,0,1,0,차량단독 - 기타,기타,건조,맑음,단일로 - 기타,승합,남,50세,상해없음,,,,
2023011900100349,2023년 1월 19일 17시,목요일,경상북도 영덕군 강구면,경상사고,0,0,1,0,차대사람 - 차도통행중,안전운전불이행,건조,맑음,교차로 - 교차로안,승용,남,44세,상해없음,보행자,남,41세,경상
2023011900100350,2023년 1월 19일 17시,목요일,경상북도 울진군 후포면,중상사고,0,2,0,0,차대차 - 측면충돌,직진우회전진행방해,건조,맑음,교차로 - 교차로안,화물,남,64세,상해없음,승용,여,53세,중상
2023011900100399,2023년 1월 19일 18시,목요일,경상북도 안동시 풍천면,경상사고,0,0,1,0,차량단독 - 공작물충돌,안전운전불이행,건조,맑음,단일로 - 기타,승용,여,33세,경상,,,,
2023011900100400,2023년 1월 19일 18시,목요일,경상북도 경산시 중방동,경상사고,0,0,1,0,차대사람 - 기타,안전운전불이행,건조,맑음,기타 - 기타,승용,남,72세,상해없음,보행자,남,47세,경상
2023011900100401,2023년 1월 19일 18시,목요일,경상북도 구미시 진평동,경상사고,0,0,1,0,차대차 - 기타,차로위반,건조,맑음,단일로 - 기타,승용,남,30세,상해없음,승용,남,47세,경상
2023011900100402,2023년 1월 19일 18시,목요일,경상북도 포항시 남구 대도동,부상신고사고,0,0,0,1,차대차 - 측면충돌,안전운전불이행,건조,맑음,단일로 - 기타,승용,남,44세,상해없음,이륜,남,27세,부상신고
2023011900100444,2023년 1월 19일 19시,목요일,경상북도 포항시 북구 상원동,경상사고,0,0,2,0,차대차 - 측면충돌,신호위반,건조,맑음,교차로 - 교차로안,승용,여,52세,상해없음,승용,여,63세,경상
2023011900100445,2023년 1월 19일 19시,목요일,경상북도 경산시 임당동,중상사고,0,1,0,0,차대사람 - 길가장자리구역통행중,안전운전불이행,건조,맑음,단일로 - 기타,승용,남,23세,상해없음,보행자,남,61세,중상
2023011900100446,2023년 1월 19일 19시,목요일,경상북도 구미시 송정동,경상사고,0,0,4,0,차대차 - 추돌,안전거리미확보,건조,맑음,교차로 - 교차로부근,승용,여,26세,경상,승용,남,62세,경상
2023011900100477,2023년 1월 19일 20시,목요일,경상북도 경주시 안강읍,부상신고사고,0,0,0,1,차대차 - 기타,기타,건조,맑음,교차로 - 교차로부근,승용,남,51세,부상신고,승용,남,52세,상해없음
2023011900100478,2023년 1월 19일 20시,목요일,경상북도 안동시 태화동,경상사고,0,0,1,0,차대사람 - 기타,보행자보호의무위반,건조,맑음,교차로 - 교차로횡단보도내,승용,남,62세,상해없음,보행자,여,27세,경상
2023011900100554,2023년 1월 19일 23시,목요일,경상북도 구미시 인의동,경상사고,0,0,1,0,차대차 - 정면충돌,중앙선침범,건조,맑음,단일로 - 기타,승용,남,26세,상해없음,승용,남,49세,경상
2023012000100005,2023년 1월 20일 00시,금요일,경상북도 포항시 북구 중앙동,중상사고,0,1,0,0,차대차 - 측면충돌,안전운전불이행,건조,맑음,교차로 - 교차로안,승용,여,67세,기타불명,승용,여,30세,중상
2023012000100041,2023년 1월 20일 04시,금요일,경상북도 경주시 외동읍,경상사고,0,0,1,0,차대차 - 측면충돌,중앙선침범,건조,맑음,단일로 - 기타,승합,남,44세,상해없음,승용,남,22세,경상
2023012000100093,2023년 1월 20일 08시,금요일,경상북도 포항시 북구 흥해읍,경상사고,0,0,2,0,차대차 - 추돌,안전운전불이행,건조,맑음,단일로 - 기타,화물,남,38세,상해없음,승용,여,51세,경상
2023012000100123,2023년 1월 20일 09시,금요일,경상북도 포항시 북구 흥해읍,경상사고,0,0,1,0,차대차 - 측면충돌,안전운전불이행,건조,맑음,교차로 - 교차로안,승용,여,41세,기타불명,승용,남,52세,경상
2023012000100124,2023년 1월 20일 09시,금요일,경상북도 문경시 흥덕동,경상사고,0,0,1,0,차량단독 - 공작물충돌,안전운전불이행,건조,맑음,기타 - 기타,화물,여,41세,경상,,,,
2023012000100125,2023년 1월 20일 09시,금요일,경상북도 구미시 도량동,경상사고,0,0,2,0,차대차 - 추돌,안전운전불이행,건조,맑음,단일로 - 기타,승용,남,71세,기타불명,승용,남,24세,경상
2023012000100164,2023년 1월 20일 10시,금요일,경상북도 의성군 의성읍,경상사고,0,0,2,0,차대차 - 정면충돌,중앙선침범,건조,맑음,단일로 - 기타,화물,남,69세,경상,화물,남,42세,경상
2023012000100205,2023년 1월 20일 11시,금요일,경상북도 칠곡군 북삼읍,경상사고,0,0,1,0,차대차 - 측면충돌,안전운전불이행,건조,맑음,단일로 - 기타,승용,여,31세,상해없음,이륜,남,40세,경상
2023012000100206,2023년 1월 20일 11시,금요일,경상북도 구미시 오태동,경상사고,0,0,1,0,차대차 - 기타,안전운전불이행,건조,맑음,단일로 - 기타,이륜,남,41세,상해없음,승용,여,57세,경상
2023012000100245,2023년 1월 20일 12시,금요일,경상북도 경산시 옥산동,경상사고,0,0,1,0,차대사람 - 횡단중,신호위반,건조,맑음,교차로 - 교차로횡단보도내,승용,남,77세,상해없음,보행자,여,13세,경상
2023012000100246,2023년 1월 20일 12시,금요일,경상북도 구미시 형곡동,중상사고,0,1,0,0,차량단독 - 기타,기타,건조,맑음,단일로 - 기타,승합,남,60세,상해없음,,,,
2023012000100281,2023년 1월 20일 13시,금요일,경상북도 경주시 노서동,경상사고,0,0,1,0,차대사람 - 횡단중,안전운전불이행,건조,맑음,교차로 - 교차로안,승용,여,22세,상해없음,보행자,여,79세,경상
2023012000100282,2023년 1월 20일 13시,금요일,경상북도 상주시 남성동,경상사고,0,0,1,0,차대차 - 측면충돌,직진우회전진행방해,건조,맑음,교차로 - 교차로안,승용,남,55세,상해없음,화물,남,75세,경상
2023012000100324,2023년 1월 20일 14시,금요일,경상북도 경주시 문무대왕면,부상신고사고,0,0,0,1,차대사람 - 횡단중,안전운전불이행,건조,맑음,교차로 - 교차로부근,승용,남,26세,상해없음,보행자,남,2세,부상신고
2023012000100325,2023년 1월 20일 14시,금요일,경상북도 안동시 일직면,경상사고,0,0,1,1,차대차 - 기타,신호위반,건조,맑음,단일로 - 기타,승용,남,49세,상해없음,승용,여,33세,경상
2023012000100374,2023년 1월 20일 15시,금요일,경상북도 포항시 북구 죽도동,경상사고,0,0,2,0,차대차 - 추돌,안전운전불이행,건조,맑음,교차로 - 교차로안,승용,남,63세,상해없음,승용,여,47세,경상
2023012000100375,2023년 1월 20일 15시,금요일,경상북도 의성군 의성읍,경상사고,0,0,1,0,차대사람 - 차도통행중,안전운전불이행,건조,맑음,교차로 - 교차로부근,화물,남,55세,상해없음,보행자,여,76세,경상
2023012000100376,2023년 1월 20일 15시,금요일,경상북도 포항시 남구 오천읍,경상사고,0,0,1,0,차대차 - 추돌,안전운전불이행,건조,맑음,단일로 - 기타,승용,여,54세,상해없음,승용,여,63세,경상
2023012000100430,2023년 1월 20일 16시,금요일,경상북도 청도군 금천면,중상사고,0,3,1,0,차량단독 - 도로외이탈 - 기타,안전운전불이행,건조,맑음,단일로 - 기타,승용,여,67세,경상,,,,
2023012000100481,2023년 1월 20일 17시,금요일,경상북도 경주시 용강동,중상사고,0,1,0,0,차대차 - 추돌,안전운전불이행,건조,맑음,단일로 - 기타,승용,남,59세,상해없음,승용,여,60세,중상
2023012000100482,2023년 1월 20일 17시,금요일,경상북도 경주시 황성동,중상사고,0,1,0,0,차대차 - 측면충돌,안전운전불이행,기타,맑음,교차로 - 교차로안,화물,남,43세,상해없음,원동기,남,50세,중상
2023012000100483,2023년 1월 20일 17시,금요일,경상북도 포항시 남구 연일읍,중상사고,0,1,0,0,차대차 - 측면충돌,안전운전불이행,건조,맑음,교차로 - 교차로안,화물,여,53세,상해없음,이륜,남,54세,중상
2023012000100540,2023년 1월 20일 18시,금요일,경상북도 경주시 충효동,중상사고,0,1,0,0,차대차 - 추돌,안전운전불이행,건조,맑음,단일로 - 지하차도(도로)내,이륜,남,26세,상해없음,승용,여,57세,상해없음
2023012000100541,2023년 1월 20일 18시,금요일,경상북도 포항시 북구 용흥동,중상사고,0,1,0,0,차대사람 - 횡단중,보행자보호의무위반,건조,맑음,교차로 - 교차로안,승용,여,39세,상해없음,보행자,여,65세,중상
2023012000100542,2023년 1월 20일 18시,금요일,경상북도 안동시 옥동,중상사고,0,1,0,0,차대차 - 기타,신호위반,건조,맑음,교차로 - 교차로안,승용,여,64세,상해없음,자전거,남,13세,중상
2023012000100543,2023년 1월 20일 18시,금요일,경상북도 영주시 문정동,경상사고,0,0,2,0,차대차 - 정면충돌,안전운전불이행,건조,맑음,교차로 - 교차로안,화물,남,68세,경상,승합,남,50세,경상
2023012000100544,2023년 1월 20일 18시,금요일,경상북도 경산시 압량읍,경상사고,0,0,1,0,차대차 - 측면충돌,신호위반,건조,맑음,교차로 - 교차로안,승용,남,47세,상해없음,이륜,남,27세,경상
2023012000100545,2023년 1월 20일 18시,금요일,경상북도 경산시 중방동,경상사고,0,0,1,0,차대차 - 측면충돌,안전운전불이행,건조,맑음,교차로 - 교차로안,승용,남,59세,상해없음,이륜,남,36세,경상
2023012000100597,2023년 1월 20일 19시,금요일,경상북도 봉화군 춘양면,부상신고사고,0,0,0,1,차대사람 - 기타,안전운전불이행,건조,맑음,기타 - 기타,기타불명,기타불명,미분류,기타불명,보행자,남,50세,부상신고
2023012000100598,2023년 1월 20일 19시,금요일,경상북도 포항시 남구 오천읍,경상사고,0,0,1,0,차대차 - 기타,신호위반,건조,맑음,교차로 - 교차로부근,승용,남,40세,상해없음,이륜,남,42세,경상
2023012000100627,2023년 1월 20일 20시,금요일,경상북도 구미시 진평동,중상사고,0,1,0,0,차대차 - 기타,안전운전불이행,건조,맑음,교차로 - 교차로안,승용,남,33세,상해없음,이륜,남,34세,중상
2023012000100648,2023년 1월 20일 21시,금요일,경상북도 포항시 북구 죽도동,경상사고,0,0,4,0,차대차 - 측면충돌,안전운전불이행,건조,맑음,교차로 - 교차로부근,승용,남,56세,상해없음,승용,남,66세,경상
2023012000100649,2023년 1월 20일 21시,금요일,경상북도 성주군 월항면,경상사고,0,0,1,0,차대차 - 측면충돌,중앙선침범,건조,맑음,교차로 - 교차로부근,승용,남,18세,상해없음,화물,남,54세,상해없음
2023012000100670,2023년 1월 20일 22시,금요일,경상북도 상주시 청리면,부상신고사고,0,0,0,1,차량단독 - 공작물충돌,안전운전불이행,건조,맑음,단일로 - 기타,화물,남,49세,부상신고,,,,
2023012000100689,2023년 1월 20일 23시,금요일,경상북도 영천시 임고면,중상사고,0,2,0,0,차대차 - 측면충돌,안전운전불이행,건조,맑음,단일로 - 기타,승용,남,34세,중상,승용,남,36세,중상
2023012000100690,2023년 1월 20일 23시,금요일,경상북도 구미시 도량동,경상사고,0,0,1,0,차대사람 - 기타,안전운전불이행,건조,맑음,주차장 - 주차장,승용,남,51세,상해없음,보행자,남,40세,경상
2023012100100003,2023년 1월 21일 00시,토요일,경상북도 구미시 인의동,경상사고,0,0,1,0,차대차 - 추돌,안전운전불이행,건조,맑음,단일로 - 기타,승용,남,45세,상해없음,승용,남,62세,경상
2023012100100013,2023년 1월 21일 01시,토요일,경상북도 포항시 북구 두호동,경상사고,0,0,2,0,차대차 - 추돌,안전운전불이행,건조,맑음,교차로 - 교차로부근,승용,남,40세,상해없음,승용,남,23세,경상
2023012100100055,2023년 1월 21일 06시,토요일,경상북도 포항시 남구 해도동,경상사고,0,0,1,0,차대차 - 추돌,안전운전불이행,건조,맑음,교차로 - 교차로안,승용,남,48세,상해없음,승용,남,42세,경상
2023012100100075,2023년 1월 21일 08시,토요일,경상북도 문경시 유곡동,경상사고,0,0,1,0,차대차 - 측면충돌,안전운전불이행,건조,맑음,주차장 - 주차장,승용,남,56세,상해없음,승용,여,62세,경상
2023012100100098,2023년 1월 21일 09시,토요일,경상북도 문경시 모전동,경상사고,0,0,1,0,차대차 - 측면충돌,중앙선침범,건조,맑음,단일로 - 기타,승용,남,27세,상해없음,승용,남,28세,경상
2023012100100122,2023년 1월 21일 10시,토요일,경상북도 포항시 북구 죽도동,경상사고,0,0,1,0,차대사람 - 차도통행중,안전운전불이행,건조,맑음,교차로 - 교차로안,승용,남,35세,상해없음,보행자,여,48세,경상
2023012100100123,2023년 1월 21일 10시,토요일,경상북도 의성군 봉양면,중상사고,0,1,1,0,차대차 - 기타,신호위반,건조,맑음,교차로 - 교차로안,화물,남,67세,상해없음,승합,남,40세,중상
2023012100100154,2023년 1월 21일 11시,토요일,경상북도 경주시 서악동,사망사고,1,0,0,0,차대사람 - 횡단중,안전운전불이행,건조,맑음,단일로 - 지하차도(도로)내,화물,남,67세,상해없음,보행자,남,68세,사망
2023012100100155,2023년 1월 21일 11시,토요일,경상북도 경주시 충효동,경상사고,0,0,1,0,차대차 - 측면충돌,안전운전불이행,건조,맑음,단일로 - 기타,승용,여,33세,상해없음,승용,남,25세,경상
2023012100100156,2023년 1월 21일 11시,토요일,경상북도 영덕군 병곡면,경상사고,0,0,1,0,차대차 - 측면충돌,직진우회전진행방해,건조,맑음,교차로 - 교차로안,화물,남,77세,상해없음,승용,여,41세,경상
2023012100100157,2023년 1월 21일 11시,토요일,경상북도 울진군 기성면,중상사고,0,2,0,0,차대차 - 추돌,안전운전불이행,건조,맑음,단일로 - 기타,승용,남,51세,상해없음,승용,남,71세,중상
2023012100100208,2023년 1월 21일 13시,토요일,경상북도 구미시 광평동,중상사고,0,1,0,0,차대차 - 측면충돌,안전운전불이행,건조,맑음,단일로 - 기타,승용,여,46세,상해없음,이륜,남,40세,중상
2023012100100257,2023년 1월 21일 15시,토요일,경상북도 영천시 완산동,경상사고,0,0,2,0,차대차 - 측면충돌,신호위반,건조,맑음,교차로 - 교차로부근,승용,여,19세,상해없음,승용,여,64세,경상
2023012100100272,2023년 1월 21일 16시,토요일,경상북도 포항시 남구 해도동,경상사고,0,0,1,0,차대차 - 정면충돌,안전운전불이행,건조,맑음,교차로 - 교차로안,승용,남,60세,상해없음,승합,남,64세,경상
2023012100100297,2023년 1월 21일 17시,토요일,경상북도 경주시 탑동,경상사고,0,0,3,0,차대차 - 추돌,안전운전불이행,건조,맑음,교차로 - 교차로안,승용,여,34세,상해없음,승용,남,49세,경상
2023012100100345,2023년 1월 21일 19시,토요일,경상북도 영천시 성내동,중상사고,0,1,0,0,차대사람 - 횡단중,안전운전불이행,건조,맑음,교차로 - 교차로안,승용,남,56세,상해없음,보행자,남,78세,중상
2023012100100346,2023년 1월 21일 19시,토요일,경상북도 울진군 기성면,경상사고,0,0,1,0,차량단독 - 공작물충돌,안전운전불이행,건조,맑음,단일로 - 기타,화물,남,67세,경상,,,,
2023012100100390,2023년 1월 21일 22시,토요일,경상북도 칠곡군 석적읍,경상사고,0,0,2,0,차대차 - 측면충돌,안전운전불이행,건조,맑음,단일로 - 기타,이륜,남,36세,상해없음,승용,여,34세,경상
2023012100100391,2023년 1월 21일 22시,토요일,경상북도 문경시 공평동,경상사고,0,0,1,0,차량단독 - 공작물충돌,안전운전불이행,건조,맑음,단일로 - 기타,화물,남,52세,경상,,,,
2023012100100401,2023년 1월 21일 23시,토요일,경상북도 경주시 도지동,중상사고,0,4,0,0,차대차 - 측면충돌,신호위반,건조,맑음,교차로 - 교차로안,승용,여,22세,중상,승용,남,55세,중상
2023012200100021,2023년 1월 22일 02시,일요일,경상북도 구미시 황상동,경상사고,0,0,1,0,차대차 - 후진중충돌,안전운전불이행,건조,맑음,단일로 - 기타,승용,남,30세,상해없음,이륜,남,62세,경상
2023012200100028,2023년 1월 22일 04시,일요일,경상북도 경주시 동천동,경상사고,0,0,3,1,차대차 - 정면충돌,안전운전불이행,건조,맑음,단일로 - 기타,승용,남,24세,상해없음,승용,남,23세,기타불명
2023012200100098,2023년 1월 22일 12시,일요일,경상북도 영천시 완산동,경상사고,0,0,2,0,차대차 - 측면충돌,중앙선침범,건조,맑음,단일로 - 기타,승용,남,61세,상해없음,승용,여,47세,경상
2023012200100099,2023년 1월 22일 12시,일요일,경상북도 경산시 중방동,경상사고,0,0,2,0,차대차 - 추돌,안전거리미확보,건조,맑음,단일로 - 기타,승용,여,46세,상해없음,승용,남,33세,경상
2023012200100118,2023년 1월 22일 13시,일요일,경상북도 경주시 안강읍,경상사고,0,0,3,0,차대차 - 기타,안전거리미확보,건조,맑음,단일로 - 기타,승용,남,34세,상해없음,승용,남,26세,경상
2023012200100157,2023년 1월 22일 15시,일요일,경상북도 칠곡군 동명면,경상사고,0,0,4,0,차대차 - 추돌,안전운전불이행,건조,맑음,단일로 - 기타,승용,여,52세,상해없음,승용,남,45세,경상
2023012200100174,2023년 1월 22일 16시,일요일,경상북도 포항시 북구 창포동,경상사고,0,0,2,0,차대차 - 추돌,안전운전불이행,건조,맑음,기타 - 기타,승용,여,61세,상해없음,승용,여,27세,경상
2023012200100175,2023년 1월 22일 16시,일요일,경상북도 영덕군 영해면,중상사고,0,1,0,0,차량단독 - 전도전복 - 전복,기타,건조,맑음,교차로 - 교차로안,화물,남,64세,중상,,,,
2023012200100176,2023년 1월 22일 16시,일요일,경상북도 군위군 효령면,중상사고,0,1,0,0,차량단독 - 기타,안전운전불이행,건조,맑음,단일로 - 기타,농기계,남,75세,중상,,,,
2023012200100186,2023년 1월 22일 17시,일요일,경상북도 경주시 구황동,중상사고,0,4,0,0,차대차 - 측면충돌,안전거리미확보,건조,맑음,교차로 - 교차로부근,승용,여,56세,상해없음,승용,남,34세,중상
2023012200100196,2023년 1월 22일 18시,일요일,경상북도 영천시 망정동,경상사고,0,0,3,0,차대차 - 측면충돌,중앙선침범,건조,맑음,단일로 - 기타,승용,남,25세,상해없음,승용,남,27세,경상
2023012200100197,2023년 1월 22일 18시,일요일,경상북도 예천군 호명면,경상사고,0,0,1,0,차대차 - 측면충돌,안전운전불이행,건조,맑음,교차로 - 교차로부근,승용,여,56세,상해없음,이륜,남,29세,경상
2023012200100223,2023년 1월 22일 19시,일요일,경상북도 경주시 신평동,경상사고,0,0,1,0,차대차 - 측면충돌,안전운전불이행,건조,맑음,교차로 - 교차로안,승용,남,43세,상해없음,승용,여,54세,경상
2023012200100239,2023년 1월 22일 20시,일요일,경상북도 경산시 진량읍,중상사고,0,1,3,0,차대차 - 정면충돌,안전운전불이행,건조,맑음,교차로 - 교차로안,이륜,남,49세,중상,승용,남,29세,경상
2023012200100240,2023년 1월 22일 20시,일요일,경상북도 포항시 남구 송도동,경상사고,0,0,3,0,차대차 - 후진중충돌,안전운전불이행,건조,맑음,단일로 - 기타,승용,여,40세,상해없음,승용,여,39세,경상
2023012200100253,2023년 1월 22일 21시,일요일,경상북도 김천시 농소면,경상사고,0,0,2,0,차대차 - 기타,중앙선침범,건조,맑음,단일로 - 기타,승용,남,45세,상해없음,승용,남,59세,경상
2023012300100017,2023년 1월 23일 01시,월요일,경상북도 경주시 노서동,중상사고,0,1,0,0,차대차 - 측면충돌,안전운전불이행,건조,맑음,교차로 - 교차로안,승용,남,34세,상해없음,원동기,남,20세,중상
2023012300100053,2023년 1월 23일 08시,월요일,경상북도 칠곡군 지천면,경상사고,0,0,1,0,차대차 - 추돌,안전운전불이행,건조,맑음,단일로 - 기타,승용,남,22세,상해없음,승용,남,68세,경상
2023012300100054,2023년 1월 23일 08시,월요일,경상북도 영천시 금호읍,중상사고,0,1,1,0,차대차 - 측면충돌,안전운전불이행,건조,맑음,단일로 - 기타,승용,남,22세,상해없음,승용,남,53세,경상
2023012300100058,2023년 1월 23일 09시,월요일,경상북도 구미시 원평동,경상사고,0,0,1,0,차대차 - 측면충돌,교차로운행방법위반,건조,맑음,교차로 - 교차로안,승용,남,58세,상해없음,승용,남,50세,경상
2023012300100090,2023년 1월 23일 11시,월요일,경상북도 안동시 용상동,중상사고,0,1,0,0,차대차 - 측면충돌,안전운전불이행,건조,맑음,단일로 - 기타,승용,남,47세,상해없음,자전거,남,61세,중상
2023012300100091,2023년 1월 23일 11시,월요일,경상북도 영덕군 강구면,중상사고,0,2,1,1,차대차 - 정면충돌,중앙선침범,건조,맑음,단일로 - 기타,승용,남,62세,상해없음,승용,남,55세,중상
2023012300100115,2023년 1월 23일 12시,월요일,경상북도 안동시 서후면,중상사고,0,1,3,0,차대차 - 기타,안전운전불이행,건조,맑음,교차로 - 교차로부근,승용,남,52세,상해없음,승용,남,51세,중상
2023012300100157,2023년 1월 23일 14시,월요일,경상북도 칠곡군 왜관읍,경상사고,0,0,1,0,차대사람 - 보도통행중,안전운전불이행,건조,맑음,단일로 - 기타,승용,남,41세,상해없음,보행자,여,29세,경상
2023012300100158,2023년 1월 23일 14시,월요일,경상북도 포항시 남구 효자동,경상사고,0,0,3,1,차대차 - 측면충돌,안전운전불이행,건조,맑음,단일로 - 기타,승용,여,56세,상해없음,승용,남,77세,부상신고
2023012300100177,2023년 1월 23일 15시,월요일,경상북도 경주시 사정동,경상사고,0,0,2,0,차대차 - 측면충돌,신호위반,건조,맑음,교차로 - 교차로안,화물,남,48세,상해없음,승용,남,70세,경상
2023012300100178,2023년 1월 23일 15시,월요일,경상북도 경주시 외동읍,경상사고,0,0,1,0,차대차 - 측면충돌,신호위반,건조,맑음,단일로 - 기타,승용,남,48세,상해없음,승용,남,58세,경상
2023012300100179,2023년 1월 23일 15시,월요일,경상북도 상주시 낙양동,경상사고,0,0,2,0,차대차 - 기타,안전거리미확보,건조,맑음,교차로 - 교차로부근,화물,남,73세,상해없음,승용,남,62세,경상
2023012300100223,2023년 1월 23일 17시,월요일,경상북도 군위군 산성면,경상사고,0,0,2,0,차대차 - 측면충돌,중앙선침범,건조,맑음,단일로 - 기타,승용,여,56세,경상,승용,여,40세,경상
2023012300100248,2023년 1월 23일 18시,월요일,경상북도 포항시 북구 흥해읍,경상사고,0,0,1,0,차대차 - 추돌,안전운전불이행,건조,맑음,교차로 - 교차로부근,승용,남,48세,상해없음,승용,남,27세,경상
2023012300100249,2023년 1월 23일 18시,월요일,경상북도 김천시 신음동,경상사고,0,0,1,0,차대사람 - 횡단중,안전운전불이행,건조,맑음,단일로 - 기타,승용,남,60세,상해없음,보행자,여,18세,경상
2023012300100250,2023년 1월 23일 18시,월요일,경상북도 구미시 송정동,중상사고,0,1,2,0,차대차 - 기타,신호위반,건조,맑음,교차로 - 교차로안,승용,남,33세,상해없음,승용,남,38세,경상
2023012300100251,2023년 1월 23일 18시,월요일,경상북도 포항시 남구 대잠동,중상사고,0,1,0,0,차대차 - 측면충돌,차로위반,건조,맑음,교차로 - 교차로부근,승용,남,23세,상해없음,이륜,남,21세,중상
2023012300100299,2023년 1월 23일 20시,월요일,경상북도 포항시 북구 송라면,경상사고,0,0,7,0,차대차 - 추돌,안전운전불이행,건조,맑음,단일로 - 기타,화물,남,67세,상해없음,승합,여,49세,경상
2023012300100315,2023년 1월 23일 21시,월요일,경상북도 칠곡군 약목면,경상사고,0,0,3,0,차대차 - 추돌,안전운전불이행,건조,맑음,단일로 - 기타,승용,남,30세,상해없음,승용,여,36세,경상
2023012300100350,2023년 1월 23일 23시,월요일,경상북도 봉화군 봉화읍,중상사고,0,1,0,0,차대사람 - 기타,안전운전불이행,건조,맑음,단일로 - 기타,승합,남,53세,상해없음,보행자,여,49세,중상
2023012400100029,2023년 1월 24일 03시,화요일,경상북도 경산시 사동,경상사고,0,0,1,0,차대차 - 기타,안전운전불이행,건조,맑음,단일로 - 기타,개인형이동수단(PM),남,28세,경상,승용,여,28세,기타불명
2023012400100042,2023년 1월 24일 06시,화요일,경상북도 경산시 하양읍,사망사고,1,0,0,0,차대사람 - 길가장자리구역통행중,안전운전불이행,건조,흐림,단일로 - 기타,화물,남,34세,상해없음,보행자,남,75세,사망
2023012400100058,2023년 1월 24일 09시,화요일,경상북도 포항시 북구 용흥동,경상사고,0,0,1,0,차대차 - 추돌,교차로운행방법위반,건조,맑음,단일로 - 기타,승용,남,52세,상해없음,승용,여,69세,경상
2023012400100067,2023년 1월 24일 10시,화요일,경상북도 포항시 남구 오천읍,경상사고,0,0,1,0,차대차 - 기타,교차로운행방법위반,건조,맑음,교차로 - 교차로안,승용,남,28세,기타불명,이륜,남,41세,경상
2023012400100085,2023년 1월 24일 11시,화요일,경상북도 경주시 광명동,경상사고,0,0,1,0,차대차 - 추돌,안전운전불이행,건조,맑음,단일로 - 기타,승용,남,62세,상해없음,화물,남,61세,경상
2023012400100086,2023년 1월 24일 11시,화요일,경상북도 문경시 마성면,경상사고,0,0,1,0,차대차 - 기타,기타,건조,맑음,단일로 - 기타,승합,남,23세,상해없음,화물,남,46세,경상
2023012400100103,2023년 1월 24일 12시,화요일,경상북도 경산시 정평동,경상사고,0,0,1,0,차량단독 - 공작물충돌,안전운전불이행,건조,맑음,단일로 - 기타,승용,여,65세,경상,,,,
2023012400100104,2023년 1월 24일 12시,화요일,경상북도 구미시 송정동,경상사고,0,0,1,0,차대차 - 측면충돌,신호위반,건조,맑음,교차로 - 교차로부근,승용,남,71세,상해없음,승용,여,31세,경상