사고번호,사고일시,요일,시군구,사고내용,사망자수,중상자수,경상자수,부상신고자수,사고유형,법규위반,노면상태,기상상태,도로형태,가해운전자 차종,가해운전자 성별,가해운전자 연령,가해운전자 상해정도,피해운전자 차종,피해운전자 성별,피해운전자 연령,피해운전자 상해정도
2023013000100093,2023년 1월 30일 08시,월요일,경상북도 칠곡군 북삼읍,경상사고,0,0,2,0,차대차 - 측면충돌,안전운전불이행,건조,맑음,교차로 - 교차로안,승용,여,26세,상해없음,승용,여,46세,경상
2023013000100094,2023년 1월 30일 08시,월요일,경상북도 문경시 점촌동,경상사고,0,0,1,0,차대차 - 추돌,안전운전불이행,건조,맑음,교차로 - 교차로부근,화물,남,62세,상해없음,자전거,남,79세,경상
2023013000100095,2023년 1월 30일 08시,월요일,경상북도 구미시 형곡동,중상사고,0,1,0,0,차대차 - 추돌,안전운전불이행,건조,맑음,단일로 - 기타,승용,남,25세,상해없음,건설기계,남,59세,상해없음
2023013000100096,2023년 1월 30일 08시,월요일,경상북도 칠곡군 지천면,중상사고,0,1,1,0,차대차 - 추돌,안전운전불이행,건조,맑음,단일로 - 기타,승용,남,46세,상해없음,승용,남,46세,중상
2023013000100160,2023년 1월 30일 10시,월요일,경상북도 의성군 안계면,경상사고,0,0,1,0,차대차 - 후진중충돌,안전운전불이행,기타,기타,교차로 - 교차로부근,화물,남,73세,상해없음,화물,남,79세,경상
2023013000100189,2023년 1월 30일 11시,월요일,경상북도 문경시 점촌동,경상사고,0,0,4,0,차대차 - 추돌,중앙선침범,건조,맑음,단일로 - 기타,승용,남,80세,경상,승용,남,24세,경상
2023013000100218,2023년 1월 30일 12시,월요일,경상북도 포항시 남구 해도동,경상사고,0,0,1,0,차대사람 - 기타,안전운전불이행,건조,맑음,단일로 - 지하차도(도로)내,화물,남,63세,상해없음,보행자,여,80세,경상
2023013000100249,2023년 1월 30일 13시,월요일,경상북도 청도군 청도읍,경상사고,0,0,1,0,차량단독 - 전도전복 - 전도,안전운전불이행,건조,맑음,기타 - 기타,승용,남,46세,경상,,,,
2023013000100290,2023년 1월 30일 14시,월요일,경상북도 김천시 부곡동,중상사고,0,1,0,0,차대차 - 측면충돌,안전운전불이행,건조,맑음,단일로 - 기타,승용,여,42세,상해없음,이륜,남,81세,중상
2023013000100291,2023년 1월 30일 14시,월요일,경상북도 칠곡군 석적읍,경상사고,0,0,2,0,차대차 - 측면충돌,안전거리미확보,건조,맑음,단일로 - 기타,화물,남,47세,경상,승합,남,62세,경상
2023013000100292,2023년 1월 30일 14시,월요일,경상북도 구미시 인의동,경상사고,0,0,1,1,차대차 - 측면충돌,교차로운행방법위반,건조,맑음,교차로 - 교차로안,승용,남,58세,부상신고,승용,남,62세,경상
2023013000100330,2023년 1월 30일 15시,월요일,경상북도 안동시 송현동,중상사고,0,1,4,0,차대차 - 측면충돌,안전운전불이행,건조,맑음,단일로 - 기타,승용,남,72세,경상,승용,남,78세,경상
2023013000100367,2023년 1월 30일 16시,월요일,경상북도 구미시 옥계동,경상사고,0,0,1,1,차대차 - 측면충돌,교차로운행방법위반,건조,맑음,교차로 - 교차로안,승용,남,70세,부상신고,승용,여,43세,경상
2023013000100398,2023년 1월 30일 17시,월요일,경상북도 칠곡군 왜관읍,중상사고,0,1,0,0,차대사람 - 보도통행중,안전운전불이행,건조,맑음,단일로 - 기타,승용,여,42세,상해없음,보행자,여,17세,중상
2023013000100441,2023년 1월 30일 18시,월요일,경상북도 경산시 백천동,경상사고,0,0,3,0,차대차 - 기타,안전운전불이행,건조,맑음,단일로 - 기타,화물,남,55세,상해없음,승용,여,32세,경상
2023013000100520,2023년 1월 30일 21시,월요일,경상북도 구미시 장천면,경상사고,0,0,1,0,차대차 - 추돌,안전운전불이행,건조,맑음,단일로 - 기타,화물,남,48세,상해없음,화물,남,83세,경상
2023013000100553,2023년 1월 30일 23시,월요일,경상북도 포항시 남구 송도동,경상사고,0,0,1,0,차대사람 - 기타,안전운전불이행,건조,맑음,교차로 - 교차로부근,승용,여,33세,상해없음,보행자,남,59세,경상
2023013100100013,2023년 1월 31일 00시,화요일,경상북도 포항시 남구 오천읍,중상사고,0,1,0,0,차대사람 - 차도통행중,안전운전불이행,건조,맑음,단일로 - 지하차도(도로)내,승용,남,41세,상해없음,보행자,남,62세,중상
2023013100100025,2023년 1월 31일 01시,화요일,경상북도 포항시 북구 기계면,경상사고,0,0,1,0,차대차 - 추돌,안전운전불이행,건조,맑음,단일로 - 기타,화물,남,57세,상해없음,승용,남,32세,경상
2023013100100026,2023년 1월 31일 01시,화요일,경상북도 구미시 송정동,중상사고,0,1,0,0,차량단독 - 기타,안전운전불이행,건조,맑음,단일로 - 기타,개인형이동수단(PM),남,67세,중상,,,,
2023013100100105,2023년 1월 31일 08시,화요일,경상북도 경주시 용강동,경상사고,0,0,1,0,차대차 - 측면충돌,신호위반,건조,맑음,교차로 - 교차로안,화물,남,42세,상해없음,승용,남,34세,경상
2023013100100106,2023년 1월 31일 08시,화요일,경상북도 경산시 삼남동,경상사고,0,0,1,0,차대사람 - 횡단중,보행자보호의무위반,건조,맑음,교차로 - 교차로부근,승용,남,65세,상해없음,보행자,남,66세,경상
2023013100100107,2023년 1월 31일 08시,화요일,경상북도 영양군 영양읍,중상사고,0,1,0,0,차대사람 - 횡단중,보행자보호의무위반,건조,맑음,교차로 - 교차로부근,승용,여,45세,상해없음,보행자,여,91세,중상
2023013100100137,2023년 1월 31일 09시,화요일,경상북도 영천시 문외동,경상사고,0,0,3,0,차대차 - 측면충돌,안전운전불이행,건조,맑음,교차로 - 교차로안,승용,여,58세,경상,승용,여,31세,경상
2023013100100138,2023년 1월 31일 09시,화요일,경상북도 구미시 산동읍,중상사고,0,2,0,1,차대차 - 측면충돌,신호위반,건조,맑음,교차로 - 교차로안,승합,여,54세,부상신고,승용,남,52세,중상
2023013100100139,2023년 1월 31일 09시,화요일,경상북도 구미시 공단동,중상사고,0,1,0,0,차대차 - 측면충돌,안전거리미확보,건조,맑음,단일로 - 기타,화물,여,56세,상해없음,승용,여,53세,중상
2023013100100164,2023년 1월 31일 10시,화요일,경상북도 포항시 북구 우현동,경상사고,0,0,1,0,차대차 - 측면충돌,신호위반,건조,맑음,교차로 - 교차로안,승용,남,33세,상해없음,승용,남,28세,경상
2023013100100165,2023년 1월 31일 10시,화요일,경상북도 안동시 법흥동,경상사고,0,0,1,0,차대차 - 정면충돌,중앙선침범,건조,맑음,단일로 - 기타,승용,남,56세,상해없음,이륜,남,31세,경상
2023013100100166,2023년 1월 31일 10시,화요일,경상북도 포항시 남구 장흥동,중상사고,0,1,1,0,차대차 - 측면충돌,안전운전불이행,건조,맑음,교차로 - 교차로안,화물,남,32세,경상,화물,남,70세,중상
2023013100100182,2023년 1월 31일 11시,화요일,경상북도 안동시 정하동,경상사고,0,0,1,0,차대차 - 기타,안전운전불이행,건조,맑음,교차로 - 교차로부근,화물,남,42세,상해없음,화물,남,69세,경상
2023013100100208,2023년 1월 31일 12시,화요일,경상북도 포항시 북구 두호동,경상사고,0,0,3,0,차대차 - 측면충돌,교차로운행방법위반,건조,맑음,교차로 - 교차로안,승용,여,27세,경상,승용,여,54세,경상
2023013100100209,2023년 1월 31일 12시,화요일,경상북도 경산시 삼북동,경상사고,0,0,1,0,차대차 - 추돌,안전거리미확보,건조,맑음,단일로 - 기타,화물,남,39세,상해없음,자전거,남,58세,경상
2023013100100210,2023년 1월 31일 12시,화요일,경상북도 경산시 하양읍,경상사고,0,0,1,0,차대차 - 기타,교차로운행방법위반,건조,맑음,교차로 - 교차로안,승용,여,38세,경상,승합,남,65세,상해없음
2023013100100237,2023년 1월 31일 13시,화요일,경상북도 경주시 용강동,경상사고,0,0,1,0,차대차 - 측면충돌,안전운전불이행,건조,맑음,교차로 - 교차로안,승용,남,50세,상해없음,승용,여,66세,경상
2023013100100238,2023년 1월 31일 13시,화요일,경상북도 의성군 금성면,경상사고,0,0,1,0,차대차 - 정면충돌,직진우회전진행방해,건조,맑음,교차로 - 교차로안,화물,남,65세,상해없음,승용,남,44세,경상
2023013100100239,2023년 1월 31일 13시,화요일,경상북도 포항시 남구 상도동,경상사고,0,0,1,1,차대차 - 추돌,안전거리미확보,건조,맑음,단일로 - 기타,승합,남,44세,부상신고,승용,남,50세,경상
2023013100100280,2023년 1월 31일 14시,화요일,경상북도 안동시 태화동,경상사고,0,0,1,0,차대차 - 기타,안전운전불이행,건조,맑음,교차로 - 교차로안,승용,남,47세,상해없음,승용,여,57세,경상
2023013100100281,2023년 1월 31일 14시,화요일,경상북도 울진군 북면,중상사고,0,1,0,0,차대차 - 측면충돌,직진우회전진행방해,건조,맑음,교차로 - 교차로안,승용,남,62세,상해없음,승용,남,64세,중상
2023013100100282,2023년 1월 31일 14시,화요일,경상북도 영양군 영양읍,경상사고,0,0,1,0,차대차 - 측면충돌,직진우회전진행방해,건조,맑음,교차로 - 교차로안,승용,남,71세,상해없음,화물,남,65세,경상
2023013100100306,2023년 1월 31일 15시,화요일,경상북도 안동시 옥동,경상사고,0,0,1,0,차대사람 - 횡단중,보행자보호의무위반,건조,맑음,교차로 - 교차로횡단보도내,승용,여,37세,상해없음,보행자,여,13세,경상
2023013100100307,2023년 1월 31일 15시,화요일,경상북도 성주군 초전면,중상사고,0,1,0,0,차량단독 - 공작물충돌,안전운전불이행,건조,맑음,단일로 - 기타,화물,남,65세,중상,,,,
2023013100100308,2023년 1월 31일 15시,화요일,경상북도 구미시 해평면,중상사고,0,1,0,0,차대차 - 기타,안전운전불이행,건조,맑음,교차로 - 교차로안,승용,남,64세,상해없음,원동기,남,81세,중상
2023013100100341,2023년 1월 31일 16시,화요일,경상북도 경주시 강동면,경상사고,0,0,4,0,차대차 - 측면충돌,안전거리미확보,건조,맑음,교차로 - 교차로부근,승용,남,60세,상해없음,승용,남,48세,경상
2023013100100342,2023년 1월 31일 16시,화요일,경상북도 의성군 다인면,경상사고,0,0,1,0,차대차 - 후진중충돌,안전운전불이행,건조,맑음,주차장 - 주차장,승용,남,60세,상해없음,승용,남,63세,경상
2023013100100343,2023년 1월 31일 16시,화요일,경상북도 영덕군 영해면,중상사고,0,1,0,0,차대차 - 측면충돌,직진우회전진행방해,건조,맑음,교차로 - 교차로안,이륜,여,52세,중상,승용,남,61세,상해없음
2023013100100344,2023년 1월 31일 16시,화요일,경상북도 포항시 남구 해도동,경상사고,0,0,1,0,차대사람 - 길가장자리구역통행중,안전운전불이행,건조,맑음,단일로 - 기타,화물,남,59세,상해없음,보행자,남,28세,경상
2023013100100431,2023년 1월 31일 18시,화요일,경상북도 성주군 성주읍,경상사고,0,0,1,0,차대차 - 측면충돌,신호위반,건조,맑음,교차로 - 교차로안,화물,남,44세,상해없음,승용,여,63세,경상
2023013100100471,2023년 1월 31일 19시,화요일,경상북도 포항시 북구 흥해읍,경상사고,0,0,1,0,차대차 - 측면충돌,안전거리미확보,건조,맑음,단일로 - 기타,승용,여,32세,상해없음,승용,남,24세,경상
2023013100100472,2023년 1월 31일 19시,화요일,경상북도 안동시 길안면,경상사고,0,0,1,1,차량단독 - 공작물충돌,안전운전불이행,건조,맑음,단일로 - 기타,화물,남,61세,상해없음,,,,
2023013100100473,2023년 1월 31일 19시,화요일,경상북도 포항시 남구 효자동,부상신고사고,0,0,0,1,차대차 - 측면충돌,안전운전불이행,건조,맑음,단일로 - 지하차도(도로)내,이륜,남,17세,상해없음,이륜,남,32세,부상신고
2023013100100474,2023년 1월 31일 19시,화요일,경상북도 포항시 남구 오천읍,경상사고,0,0,1,0,차대차 - 측면충돌,신호위반,건조,맑음,교차로 - 교차로부근,승용,남,43세,상해없음,이륜,남,30세,경상
2023020100100006,2023년 2월 1일 00시,수요일,경상북도 포항시 북구 죽도동,경상사고,0,0,1,0,차대사람 - 횡단중,안전운전불이행,건조,맑음,교차로 - 교차로부근,승용,여,68세,상해없음,보행자,남,65세,경상
2023020100100017,2023년 2월 1일 01시,수요일,경상북도 영천시 완산동,경상사고,0,0,3,0,차대차 - 측면충돌,안전운전불이행,건조,맑음,교차로 - 교차로안,승용,남,50세,상해없음,승용,남,25세,경상
2023020100100018,2023년 2월 1일 01시,수요일,경상북도 구미시 황상동,경상사고,0,0,1,0,차대차 - 추돌,안전운전불이행,건조,맑음,교차로 - 교차로부근,승용,남,37세,상해없음,승용,여,36세,경상
2023020100100023,2023년 2월 1일 02시,수요일,경상북도 포항시 북구 장성동,경상사고,0,0,5,0,차대차 - 측면충돌,중앙선침범,건조,맑음,교차로 - 교차로부근,승용,남,38세,상해없음,승용,남,60세,경상
2023020100100037,2023년 2월 1일 05시,수요일,경상북도 칠곡군 가산면,경상사고,0,0,1,0,차대차 - 기타,안전거리미확보,건조,맑음,단일로 - 기타,승용,남,37세,상해없음,승용,남,46세,경상
2023020100100053,2023년 2월 1일 06시,수요일,경상북도 구미시 구포동,경상사고,0,0,1,0,차대차 - 추돌,안전운전불이행,건조,맑음,교차로 - 교차로부근,승용,남,26세,상해없음,승용,남,26세,경상
2023020100100054,2023년 2월 1일 06시,수요일,경상북도 포항시 남구 해도동,경상사고,0,0,1,0,차대차 - 측면충돌,안전운전불이행,건조,맑음,교차로 - 교차로안,승용,여,50세,상해없음,이륜,남,56세,경상
2023020100100086,2023년 2월 1일 08시,수요일,경상북도 포항시 북구 양덕동,경상사고,0,0,1,0,차대차 - 기타,안전운전불이행,건조,맑음,주차장 - 주차장,승용,여,57세,상해없음,승용,여,51세,경상
2023020100100113,2023년 2월 1일 09시,수요일,경상북도 구미시 고아읍,중상사고,0,1,0,0,차대차 - 측면충돌,안전운전불이행,건조,맑음,교차로 - 교차로부근,승용,남,56세,상해없음,자전거,남,70세,중상
2023020100100141,2023년 2월 1일 10시,수요일,경상북도 경주시 성동동,중상사고,0,1,0,0,차대차 - 측면충돌,안전운전불이행,건조,맑음,단일로 - 기타,이륜,남,76세,중상,승용,여,58세,상해없음
2023020100100142,2023년 2월 1일 10시,수요일,경상북도 김천시 신음동,중상사고,0,1,0,0,차대사람 - 길가장자리구역통행중,안전운전불이행,건조,맑음,단일로 - 기타,승용,남,81세,기타불명,보행자,여,70세,중상
2023020100100210,2023년 2월 1일 12시,수요일,경상북도 안동시 송현동,경상사고,0,0,1,0,차대차 - 측면충돌,안전운전불이행,건조,맑음,교차로 - 교차로안,화물,남,60세,상해없음,승용,여,48세,경상
2023020100100211,2023년 2월 1일 12시,수요일,경상북도 상주시 서성동,경상사고,0,0,1,0,차대차 - 측면충돌,교차로운행방법위반,건조,맑음,교차로 - 교차로안,승용,남,28세,상해없음,이륜,남,20세,경상
2023020100100232,2023년 2월 1일 13시,수요일,경상북도 영주시 하망동,경상사고,0,0,2,1,차대차 - 측면충돌,교차로운행방법위반,건조,맑음,교차로 - 교차로안,승용,여,59세,부상신고,승용,여,62세,경상
2023020100100256,2023년 2월 1일 14시,수요일,경상북도 안동시 남후면,중상사고,0,1,0,0,차대차 - 기타,안전운전불이행,건조,맑음,단일로 - 기타,이륜,남,74세,중상,화물,남,48세,상해없음
2023020100100281,2023년 2월 1일 15시,수요일,경상북도 안동시 광석동,경상사고,0,0,1,1,차대차 - 기타,신호위반,건조,맑음,교차로 - 교차로안,승용,여,65세,부상신고,승용,남,35세,경상
2023020100100282,2023년 2월 1일 15시,수요일,경상북도 칠곡군 왜관읍,경상사고,0,0,4,0,차대차 - 측면충돌,교차로운행방법위반,건조,맑음,교차로 - 교차로안,승용,남,54세,경상,승용,남,55세,경상
2023020100100311,2023년 2월 1일 16시,수요일,경상북도 영천시 금호읍,경상사고,0,0,1,0,차대사람 - 기타,안전운전불이행,건조,맑음,단일로 - 기타,승합,남,46세,상해없음,보행자,남,18세,경상
2023020100100312,2023년 2월 1일 16시,수요일,경상북도 영덕군 남정면,경상사고,0,0,1,0,차대차 - 추돌,안전운전불이행,건조,맑음,교차로 - 교차로부근,승용,남,65세,상해없음,승용,여,60세,경상
2023020100100313,2023년 2월 1일 16시,수요일,경상북도 구미시 진평동,경상사고,0,0,1,0,차대차 - 기타,신호위반,건조,맑음,교차로 - 교차로부근,승용,남,58세,기타불명,승용,여,63세,경상
2023020100100397,2023년 2월 1일 18시,수요일,경상북도 영주시 문수면,중상사고,0,1,0,0,차대사람 - 차도통행중,안전운전불이행,건조,맑음,교차로 - 교차로안,승용,남,24세,상해없음,보행자,남,69세,중상
2023020100100440,2023년 2월 1일 19시,수요일,경상북도 포항시 남구 대잠동,중상사고,0,1,0,0,차대사람 - 기타,안전운전불이행,건조,맑음,단일로 - 고가도로위,자전거,남,78세,중상,보행자,여,41세,상해없음
2023020100100492,2023년 2월 1일 21시,수요일,경상북도 안동시 태화동,경상사고,0,0,1,0,차대차 - 추돌,안전거리미확보,건조,맑음,교차로 - 교차로부근,승용,남,61세,상해없음,승용,여,56세,상해없음
2023020100100493,2023년 2월 1일 21시,수요일,경상북도 구미시 고아읍,경상사고,0,0,1,0,차대차 - 측면충돌,교차로운행방법위반,건조,맑음,교차로 - 교차로부근,승용,여,52세,상해없음,승용,남,51세,경상
2023020200100017,2023년 2월 2일 01시,목요일,경상북도 구미시 장천면,경상사고,0,0,3,1,차대차 - 측면충돌,직진우회전진행방해,건조,맑음,교차로 - 교차로안,승용,여,45세,부상신고,승용,여,65세,경상
2023020200100023,2023년 2월 2일 02시,목요일,경상북도 김천시 모암동,사망사고,1,0,1,0,차대차 - 추돌,안전운전불이행,건조,맑음,단일로 - 기타,승용,남,39세,사망,화물,남,41세,경상
2023020200100037,2023년 2월 2일 05시,목요일,경상북도 칠곡군 왜관읍,경상사고,0,0,1,0,차대차 - 측면충돌,기타,건조,흐림,교차로 - 교차로안,승용,여,28세,상해없음,승용,남,57세,경상
2023020200100038,2023년 2월 2일 05시,목요일,경상북도 구미시 산동읍,중상사고,0,1,0,0,차대사람 - 횡단중,신호위반,건조,맑음,교차로 - 교차로횡단보도내,승용,남,23세,상해없음,보행자,남,32세,중상
2023020200100048,2023년 2월 2일 06시,목요일,경상북도 구미시 상모동,중상사고,0,1,0,0,차량단독 - 도로외이탈 - 기타,안전운전불이행,건조,맑음,단일로 - 기타,승용,남,31세,상해없음,,,,
2023020200100099,2023년 2월 2일 08시,목요일,경상북도 안동시 송현동,경상사고,0,0,1,0,차대사람 - 횡단중,안전운전불이행,건조,맑음,교차로 - 교차로안,승용,남,40세,상해없음,보행자,남,33세,경상
2023020200100100,2023년 2월 2일 08시,목요일,경상북도 영덕군 남정면,중상사고,0,1,0,0,차대차 - 측면충돌,신호위반,건조,맑음,교차로 - 교차로안,건설기계,남,40세,상해없음,화물,남,66세,중상
2023020200100101,2023년 2월 2일 08시,목요일,경상북도 상주시 내서면,중상사고,0,1,1,0,차대차 - 추돌,안전운전불이행,건조,맑음,단일로 - 터널,특수,남,51세,중상,특수,남,69세,경상
2023020200100127,2023년 2월 2일 09시,목요일,경상북도 성주군 용암면,경상사고,0,0,2,0,차대차 - 기타,신호위반,건조,맑음,교차로 - 교차로안,승용,남,54세,경상,화물,남,49세,경상
2023020200100199,2023년 2월 2일 12시,목요일,경상북도 김천시 백옥동,중상사고,0,1,0,0,차대차 - 측면충돌,안전운전불이행,건조,맑음,기타 - 기타,승용,남,64세,상해없음,이륜,여,71세,중상
2023020200100200,2023년 2월 2일 12시,목요일,경상북도 영양군 영양읍,경상사고,0,0,2,0,차대차 - 추돌,안전거리미확보,건조,맑음,교차로 - 교차로부근,승용,여,36세,기타불명,승용,남,60세,경상
2023020200100249,2023년 2월 2일 14시,목요일,경상북도 의성군 단촌면,중상사고,0,1,0,0,차대차 - 추돌,안전운전불이행,건조,맑음,단일로 - 기타,이륜,남,65세,상해없음,원동기,남,81세,중상
2023020200100250,2023년 2월 2일 14시,목요일,경상북도 구미시 고아읍,경상사고,0,0,1,0,차대차 - 측면충돌,안전운전불이행,건조,맑음,단일로 - 기타,화물,남,74세,상해없음,승용,여,25세,경상
2023020200100276,2023년 2월 2일 15시,목요일,경상북도 영덕군 영해면,중상사고,0,1,0,0,차량단독 - 공작물충돌,안전운전불이행,건조,맑음,단일로 - 기타,승용,여,64세,중상,,,,
2023020200100277,2023년 2월 2일 15시,목요일,경상북도 구미시 선산읍,중상사고,0,1,0,0,차량단독 - 공작물충돌,안전운전불이행,건조,맑음,단일로 - 기타,화물,남,52세,중상,,,,
2023020200100299,2023년 2월 2일 16시,목요일,경상북도 구미시 신평동,경상사고,0,0,1,0,차대사람 - 횡단중,보행자보호의무위반,건조,맑음,교차로 - 교차로안,승합,남,54세,상해없음,보행자,여,24세,경상
2023020200100362,2023년 2월 2일 18시,목요일,경상북도 구미시 인의동,중상사고,0,1,0,0,차대차 - 기타,직진우회전진행방해,건조,맑음,교차로 - 교차로안,화물,남,50세,상해없음,이륜,여,20세,중상
2023020200100402,2023년 2월 2일 19시,목요일,경상북도 안동시 운안동,경상사고,0,0,1,0,차대사람 - 기타,안전운전불이행,건조,맑음,단일로 - 기타,승용,남,48세,상해없음,보행자,남,30세,경상
2023020200100403,2023년 2월 2일 19시,목요일,경상북도 영주시 가흥동,경상사고,0,0,3,0,차대차 - 추돌,안전운전불이행,건조,맑음,단일로 - 기타,승용,남,70세,상해없음,승용,여,41세,경상
2023020200100404,2023년 2월 2일 19시,목요일,경상북도 청도군 청도읍,경상사고,0,0,3,0,차대차 - 측면충돌,안전운전불이행,건조,흐림,교차로 - 교차로안,승용,여,67세,경상,화물,남,63세,경상
2023020200100450,2023년 2월 2일 21시,목요일,경상북도 구미시 임은동,경상사고,0,0,2,0,차대차 - 추돌,안전운전불이행,건조,맑음,교차로 - 교차로부근,승용,남,36세,상해없음,승용,여,45세,경상
2023020200100473,2023년 2월 2일 22시,목요일,경상북도 경주시 동천동,경상사고,0,0,2,0,차대차 - 측면충돌,안전운전불이행,건조,맑음,단일로 - 지하차도(도로)내,승합,남,49세,상해없음,승합,남,52세,경상
2023020200100474,2023년 2월 2일 22시,목요일,경상북도 안동시 용상동,경상사고,0,0,1,0,차대사람 - 횡단중,안전운전불이행,건조,맑음,교차로 - 교차로부근,특수,남,27세,상해없음,보행자,남,57세,경상
2023020200100475,2023년 2월 2일 22시,목요일,경상북도 영덕군 강구면,경상사고,0,0,1,0,차대차 - 추돌,안전운전불이행,건조,맑음,단일로 - 기타,승용,남,38세,경상,승용,남,45세,기타불명
2023020200100476,2023년 2월 2일 22시,목요일,경상북도 청도군 이서면,경상사고,0,0,2,0,차대차 - 측면충돌,중앙선침범,건조,맑음,단일로 - 기타,승용,남,54세,상해없음,승용,여,57세,경상
2023020300100006,2023년 2월 3일 00시,금요일,경상북도 경주시 외동읍,중상사고,0,3,4,0,차대차 - 측면충돌,안전운전불이행,건조,맑음,교차로 - 교차로안,화물,남,51세,상해없음,승용,남,30세,중상
2023020300100007,2023년 2월 3일 00시,금요일,경상북도 상주시 화서면,경상사고,0,0,1,0,차량단독 - 공작물충돌,안전운전불이행,건조,맑음,단일로 - 기타,화물,남,68세,경상,,,,
2023020300100023,2023년 2월 3일 03시,금요일,경상북도 경주시 동천동,중상사고,0,1,0,0,차대사람 - 기타,안전운전불이행,건조,맑음,단일로 - 기타,승용,남,45세,상해없음,보행자,여,76세,중상
2023020300100030,2023년 2월 3일 05시,금요일,경상북도 구미시 사곡동,경상사고,0,0,1,0,차대차 - 측면충돌,안전운전불이행,건조,기타,단일로 - 기타,승용,남,28세,상해없음,화물,남,62세,경상
2023020300100049,2023년 2월 3일 06시,금요일,경상북도 구미시 도개면,경상사고,0,0,1,0,차대차 - 기타,안전운전불이행,건조,맑음,기타 - 기타,승용,남,52세,상해없음,특수,남,32세,경상
2023020300100064,2023년 2월 3일 07시,금요일,경상북도 구미시 옥계동,경상사고,0,0,1,0,차대차 - 추돌,안전운전불이행,건조,맑음,단일로 - 기타,승용,남,33세,상해없음,승용,남,39세,경상
2023020300100114,2023년 2월 3일 09시,금요일,경상북도 칠곡군 왜관읍,경상사고,0,0,1,0,차대차 - 측면충돌,안전운전불이행,건조,맑음,교차로 - 교차로부근,화물,남,56세,상해없음,승용,여,55세,경상
2023020300100163,2023년 2월 3일 11시,금요일,경상북도 상주시 공검면,사망사고,1,0,0,0,차량단독 - 기타,안전운전불이행,건조,맑음,단일로 - 기타,승용,남,67세,사망,,,,
2023020300100183,2023년 2월 3일 12시,금요일,경상북도 경주시 성동동,경상사고,0,0,1,0,차대차 - 추돌,중앙선침범,건조,맑음,단일로 - 지하차도(도로)내,승용,남,75세,상해없음,화물,남,55세,상해없음
2023020300100184,2023년 2월 3일 12시,금요일,경상북도 의성군 봉양면,중상사고,0,1,0,0,차대사람 - 기타,안전운전불이행,건조,맑음,주차장 - 주차장,승용,남,31세,상해없음,보행자,여,90세,중상
2023020300100211,2023년 2월 3일 13시,금요일,경상북도 경주시 용강동,경상사고,0,0,1,0,차대차 - 측면충돌,신호위반,건조,맑음,교차로 - 교차로안,승용,여,43세,상해없음,이륜,남,36세,경상
2023020300100213,2023년 2월 3일 13시,금요일,경상북도 성주군 성주읍,경상사고,0,0,2,0,차대차 - 추돌,안전운전불이행,건조,맑음,단일로 - 교량,원동기,남,64세,기타불명,화물,여,54세,경상
2023020300100214,2023년 2월 3일 13시,금요일,경상북도 구미시 산동읍,경상사고,0,0,1,0,차대차 - 후진중충돌,안전운전불이행,건조,맑음,단일로 - 기타,승용,남,51세,상해없음,원동기,남,38세,경상
2023020300100215,2023년 2월 3일 13시,금요일,경상북도 포항시 남구 효자동,부상신고사고,0,0,0,1,차대사람 - 차도통행중,안전운전불이행,건조,맑음,교차로 - 교차로부근,승용,남,45세,상해없음,보행자,남,71세,부상신고
2023020300100241,2023년 2월 3일 14시,금요일,경상북도 예천군 용문면,중상사고,0,1,0,0,차대차 - 정면충돌,중앙선침범,건조,맑음,단일로 - 기타,승용,남,58세,상해없음,특수,남,35세,중상
2023020300100286,2023년 2월 3일 15시,금요일,경상북도 포항시 북구 장성동,경상사고,0,0,1,0,차대사람 - 길가장자리구역통행중,안전운전불이행,건조,맑음,교차로 - 교차로안,승용,여,41세,상해없음,보행자,여,23세,경상
2023020300100287,2023년 2월 3일 15시,금요일,경상북도 안동시 당북동,경상사고,0,0,1,0,차대차 - 추돌,안전거리미확보,건조,맑음,단일로 - 기타,승용,남,57세,상해없음,이륜,남,67세,경상
2023020300100288,2023년 2월 3일 15시,금요일,경상북도 안동시 정하동,경상사고,0,0,1,0,차대차 - 측면충돌,신호위반,건조,맑음,교차로 - 교차로안,원동기,남,14세,경상,승용,남,35세,상해없음
2023020300100317,2023년 2월 3일 16시,금요일,경상북도 구미시 황상동,경상사고,0,0,1,1,차대차 - 측면충돌,안전운전불이행,건조,맑음,단일로 - 기타,승용,남,66세,부상신고,승용,남,53세,경상
2023020300100357,2023년 2월 3일 17시,금요일,경상북도 김천시 황금동,중상사고,0,1,0,0,차대사람 - 기타,교차로운행방법위반,건조,맑음,교차로 - 교차로안,승용,여,60세,상해없음,보행자,남,76세,중상
2023020300100405,2023년 2월 3일 18시,금요일,경상북도 경주시 감포읍,중상사고,0,1,0,0,차대사람 - 기타,안전운전불이행,건조,맑음,단일로 - 기타,화물,남,62세,상해없음,보행자,남,56세,중상
2023020300100406,2023년 2월 3일 18시,금요일,경상북도 경주시 황성동,경상사고,0,0,2,0,차대차 - 측면충돌,안전운전불이행,건조,맑음,단일로 - 기타,승용,남,67세,상해없음,승용,남,42세,경상
2023020300100407,2023년 2월 3일 18시,금요일,경상북도 경산시 자인면,중상사고,0,1,0,0,차대차 - 기타,안전운전불이행,건조,맑음,단일로 - 기타,승용,여,35세,기타불명,승용,남,51세,중상