사고번호,사고일시,요일,시군구,사고내용,사망자수,중상자수,경상자수,부상신고자수,사고유형,법규위반,노면상태,기상상태,도로형태,가해운전자 차종,가해운전자 성별,가해운전자 연령,가해운전자 상해정도,피해운전자 차종,피해운전자 성별,피해운전자 연령,피해운전자 상해정도
2023021400100140,2023년 2월 14일 11시,화요일,경상북도 안동시 옥야동,경상사고,0,0,1,0,차대차 - 측면충돌,중앙선침범,건조,맑음,교차로 - 교차로부근,자전거,남,79세,경상,이륜,남,25세,상해없음
2023021400100162,2023년 2월 14일 12시,화요일,경상북도 의성군 의성읍,중상사고,0,1,0,0,차대차 - 정면충돌,중앙선침범,건조,맑음,단일로 - 기타,승용,남,21세,상해없음,승용,여,50세,중상
2023021400100163,2023년 2월 14일 12시,화요일,경상북도 성주군 선남면,경상사고,0,0,1,0,차대차 - 정면충돌,기타,건조,맑음,단일로 - 기타,화물,남,50세,기타불명,승용,남,29세,경상
2023021400100164,2023년 2월 14일 12시,화요일,경상북도 구미시 옥계동,경상사고,0,0,1,0,차대차 - 추돌,안전운전불이행,건조,맑음,단일로 - 기타,이륜,남,51세,상해없음,승용,여,53세,경상
2023021400100165,2023년 2월 14일 12시,화요일,경상북도 포항시 남구 대잠동,경상사고,0,0,1,0,차대사람 - 기타,안전운전불이행,건조,맑음,교차로 - 교차로부근,승용,남,65세,상해없음,보행자,여,43세,경상
2023021400100192,2023년 2월 14일 13시,화요일,경상북도 포항시 남구 상도동,경상사고,0,0,1,0,차대차 - 기타,안전운전불이행,건조,맑음,교차로 - 교차로부근,화물,남,80세,상해없음,이륜,남,16세,경상
2023021400100215,2023년 2월 14일 14시,화요일,경상북도 칠곡군 석적읍,경상사고,0,0,1,0,차대차 - 후진중충돌,안전운전불이행,건조,맑음,교차로 - 교차로부근,승용,여,44세,상해없음,승용,남,44세,경상
2023021400100231,2023년 2월 14일 15시,화요일,경상북도 포항시 북구 죽도동,중상사고,0,1,0,0,차대사람 - 차도통행중,안전운전불이행,건조,맑음,단일로 - 기타,승용,여,38세,상해없음,보행자,남,54세,중상
2023021400100232,2023년 2월 14일 15시,화요일,경상북도 포항시 남구 오천읍,중상사고,0,1,0,0,차대사람 - 횡단중,안전운전불이행,건조,맑음,교차로 - 교차로부근,승용,남,43세,상해없음,보행자,남,12세,중상
2023021400100335,2023년 2월 14일 18시,화요일,경상북도 의성군 금성면,경상사고,0,0,1,0,차대차 - 측면충돌,직진우회전진행방해,건조,맑음,교차로 - 교차로안,승용,남,50세,상해없음,승용,여,39세,경상
2023021400100403,2023년 2월 14일 20시,화요일,경상북도 상주시 냉림동,경상사고,0,0,1,0,차대차 - 정면충돌,신호위반,건조,맑음,교차로 - 교차로안,승용,남,40세,상해없음,승용,여,35세,경상
2023021400100431,2023년 2월 14일 22시,화요일,경상북도 경산시 중방동,경상사고,0,0,1,0,차대사람 - 기타,안전운전불이행,건조,맑음,단일로 - 기타,승용,남,71세,상해없음,보행자,여,31세,경상
2023021400100444,2023년 2월 14일 23시,화요일,경상북도 울진군 죽변면,중상사고,0,1,0,0,차량단독 - 공작물충돌,안전운전불이행,적설,눈,단일로 - 기타,승용,남,42세,상해없음,,,,
2023021500100009,2023년 2월 15일 00시,수요일,경상북도 경주시 외동읍,경상사고,0,0,3,2,차대차 - 측면충돌,안전운전불이행,건조,맑음,단일로 - 기타,화물,남,52세,상해없음,승용,여,47세,경상
2023021500100045,2023년 2월 15일 06시,수요일,경상북도 포항시 남구 장흥동,중상사고,0,1,0,0,차대차 - 정면충돌,안전운전불이행,적설,눈,단일로 - 지하차도(도로)내,이륜,남,48세,중상,화물,남,58세,기타불명
2023021500100057,2023년 2월 15일 07시,수요일,경상북도 상주시 함창읍,경상사고,0,0,1,0,차대사람 - 기타,안전운전불이행,건조,맑음,기타 - 기타,화물,남,66세,상해없음,보행자,남,48세,경상
2023021500100075,2023년 2월 15일 08시,수요일,경상북도 경주시 강동면,경상사고,0,0,1,0,차대차 - 후진중충돌,안전운전불이행,젖음/습기,눈,교차로 - 교차로부근,승용,남,55세,상해없음,승용,여,28세,경상
2023021500100076,2023년 2월 15일 08시,수요일,경상북도 칠곡군 지천면,경상사고,0,0,3,0,차대차 - 측면충돌,교차로운행방법위반,건조,맑음,교차로 - 교차로안,승용,남,64세,상해없음,화물,남,31세,경상
2023021500100077,2023년 2월 15일 08시,수요일,경상북도 포항시 남구 연일읍,경상사고,0,0,1,0,차대차 - 기타,안전운전불이행,젖음/습기,눈,기타 - 기타,화물,남,24세,상해없음,화물,남,59세,경상
2023021500100104,2023년 2월 15일 09시,수요일,경상북도 포항시 북구 용흥동,경상사고,0,0,1,0,차대사람 - 기타,안전운전불이행,건조,맑음,기타 - 기타,승용,남,47세,상해없음,보행자,여,47세,경상
2023021500100146,2023년 2월 15일 11시,수요일,경상북도 안동시 풍산읍,중상사고,0,1,0,0,차대차 - 측면충돌,중앙선침범,건조,맑음,단일로 - 기타,승용,남,61세,상해없음,승용,남,80세,중상
2023021500100147,2023년 2월 15일 11시,수요일,경상북도 김천시 평화동,경상사고,0,0,1,0,차대사람 - 횡단중,보행자보호의무위반,건조,맑음,단일로 - 기타,화물,남,67세,상해없음,보행자,남,83세,경상
2023021500100148,2023년 2월 15일 11시,수요일,경상북도 영덕군 남정면,경상사고,0,0,1,0,차대차 - 추돌,안전거리미확보,젖음/습기,비,교차로 - 교차로부근,승합,남,58세,상해없음,승용,남,51세,경상
2023021500100150,2023년 2월 15일 11시,수요일,경상북도 구미시 선기동,경상사고,0,0,1,0,차대차 - 기타,안전운전불이행,건조,맑음,단일로 - 기타,화물,남,65세,상해없음,승용,남,63세,상해없음
2023021500100176,2023년 2월 15일 12시,수요일,경상북도 포항시 남구 해도동,경상사고,0,0,1,0,차대차 - 측면충돌,신호위반,젖음/습기,비,교차로 - 교차로안,승용,남,51세,상해없음,화물,남,49세,경상
2023021500100221,2023년 2월 15일 14시,수요일,경상북도 안동시 풍산읍,경상사고,0,0,1,0,차대차 - 측면충돌,안전운전불이행,건조,맑음,교차로 - 교차로안,승합,남,53세,상해없음,승용,남,82세,상해없음
2023021500100222,2023년 2월 15일 14시,수요일,경상북도 영덕군 강구면,경상사고,0,0,1,0,차대사람 - 횡단중,안전운전불이행,건조,맑음,단일로 - 기타,승용,남,63세,상해없음,보행자,여,74세,경상
2023021500100270,2023년 2월 15일 16시,수요일,경상북도 경주시 황성동,경상사고,0,0,1,0,차대차 - 측면충돌,안전운전불이행,젖음/습기,비,교차로 - 교차로안,자전거,남,90세,경상,승용,여,51세,상해없음
2023021500100296,2023년 2월 15일 17시,수요일,경상북도 칠곡군 석적읍,중상사고,0,1,0,0,차대차 - 측면충돌,신호위반,건조,맑음,교차로 - 교차로안,사륜오토바이(ATV),남,86세,중상,화물,남,64세,상해없음
2023021500100332,2023년 2월 15일 18시,수요일,경상북도 울진군 근남면,경상사고,0,0,3,0,차대차 - 기타,안전운전불이행,적설,눈,단일로 - 기타,승용,남,26세,경상,승용,여,57세,경상
2023021500100368,2023년 2월 15일 19시,수요일,경상북도 경주시 동천동,경상사고,0,0,1,0,차대차 - 측면충돌,기타,젖음/습기,비,교차로 - 교차로안,승용,여,54세,상해없음,승용,남,35세,경상
2023021500100369,2023년 2월 15일 19시,수요일,경상북도 경주시 외동읍,부상신고사고,0,0,0,1,차대차 - 측면충돌,안전운전불이행,건조,맑음,교차로 - 교차로안,승용,남,51세,부상신고,화물,남,63세,상해없음
2023021500100371,2023년 2월 15일 19시,수요일,경상북도 경산시 중산동,중상사고,0,1,0,0,차대사람 - 횡단중,안전운전불이행,건조,맑음,교차로 - 교차로부근,승용,남,72세,상해없음,보행자,남,21세,중상
2023021500100372,2023년 2월 15일 19시,수요일,경상북도 포항시 남구 송내동,경상사고,0,0,1,0,차량단독 - 공작물충돌,안전운전불이행,젖음/습기,눈,단일로 - 지하차도(도로)내,승용,남,71세,상해없음,,,,
2023021500100406,2023년 2월 15일 20시,수요일,경상북도 포항시 남구 오천읍,경상사고,0,0,1,1,차대사람 - 차도통행중,안전운전불이행,건조,흐림,단일로 - 기타,화물,남,52세,상해없음,보행자,여,34세,경상
2023021500100424,2023년 2월 15일 21시,수요일,경상북도 경산시 중산동,경상사고,0,0,1,0,차대사람 - 기타,안전운전불이행,건조,맑음,단일로 - 기타,화물,남,52세,상해없음,보행자,남,32세,경상
2023021500100449,2023년 2월 15일 22시,수요일,경상북도 포항시 남구 상도동,부상신고사고,0,0,0,1,차대사람 - 차도통행중,안전운전불이행,젖음/습기,흐림,교차로 - 교차로부근,이륜,남,30세,상해없음,보행자,남,68세,부상신고
2023021600100040,2023년 2월 16일 05시,목요일,경상북도 의성군 금성면,중상사고,0,1,0,0,차량단독 - 기타,안전운전불이행,건조,맑음,단일로 - 기타,화물,남,66세,상해없음,,,,
2023021600100075,2023년 2월 16일 07시,목요일,경상북도 영천시 봉동,경상사고,0,0,1,0,차대차 - 측면충돌,안전운전불이행,건조,맑음,단일로 - 기타,승합,남,63세,상해없음,승용,남,47세,경상
2023021600100096,2023년 2월 16일 08시,목요일,경상북도 경주시 탑동,경상사고,0,0,2,0,차대차 - 후진중충돌,안전운전불이행,건조,맑음,단일로 - 기타,승용,여,64세,상해없음,승용,남,71세,경상
2023021600100097,2023년 2월 16일 08시,목요일,경상북도 구미시 도량동,경상사고,0,0,2,0,차대차 - 측면충돌,안전운전불이행,건조,맑음,단일로 - 기타,화물,남,56세,기타불명,승용,남,46세,경상
2023021600100155,2023년 2월 16일 10시,목요일,경상북도 경주시 동천동,경상사고,0,0,1,0,차대차 - 측면충돌,중앙선침범,건조,맑음,교차로 - 교차로부근,승용,남,64세,상해없음,승용,여,44세,경상
2023021600100156,2023년 2월 16일 10시,목요일,경상북도 영주시 순흥면,경상사고,0,0,1,0,차대차 - 추돌,안전운전불이행,건조,맑음,교차로 - 교차로부근,승용,여,58세,기타불명,화물,남,53세,경상
2023021600100157,2023년 2월 16일 10시,목요일,경상북도 칠곡군 왜관읍,중상사고,0,1,0,0,차대차 - 측면충돌,안전거리미확보,건조,맑음,단일로 - 기타,화물,남,47세,상해없음,승용,남,42세,중상
2023021600100158,2023년 2월 16일 10시,목요일,경상북도 포항시 남구 오천읍,경상사고,0,0,3,0,차대차 - 측면충돌,안전운전불이행,건조,맑음,교차로 - 교차로안,승용,남,75세,상해없음,승용,여,40세,경상
2023021600100214,2023년 2월 16일 13시,목요일,경상북도 포항시 남구 대잠동,경상사고,0,0,1,0,차대차 - 측면충돌,안전운전불이행,건조,맑음,교차로 - 교차로부근,승용,남,75세,상해없음,승용,여,43세,경상
2023021600100268,2023년 2월 16일 16시,목요일,경상북도 경주시 외동읍,경상사고,0,0,1,0,차대차 - 기타,안전운전불이행,건조,맑음,단일로 - 기타,화물,남,62세,상해없음,승용,여,42세,경상
2023021600100269,2023년 2월 16일 16시,목요일,경상북도 포항시 남구 오천읍,경상사고,0,0,1,0,차대차 - 측면충돌,중앙선침범,건조,맑음,교차로 - 교차로부근,승용,남,48세,상해없음,승용,남,39세,경상
2023021600100299,2023년 2월 16일 17시,목요일,경상북도 칠곡군 왜관읍,중상사고,0,1,0,0,차대차 - 측면충돌,신호위반,건조,맑음,교차로 - 교차로안,승용,남,40세,상해없음,승용,남,57세,중상
2023021600100339,2023년 2월 16일 18시,목요일,경상북도 고령군 성산면,경상사고,0,0,1,0,차대차 - 측면충돌,안전운전불이행,건조,맑음,단일로 - 기타,승용,여,60세,상해없음,화물,남,44세,경상
2023021600100340,2023년 2월 16일 18시,목요일,경상북도 포항시 남구 대잠동,경상사고,0,0,1,0,차대사람 - 횡단중,보행자보호의무위반,건조,맑음,교차로 - 교차로횡단보도내,승용,남,33세,상해없음,보행자,여,67세,경상
2023021600100369,2023년 2월 16일 19시,목요일,경상북도 안동시 길안면,경상사고,0,0,1,0,차대차 - 추돌,안전거리미확보,건조,맑음,단일로 - 기타,승용,남,70세,상해없음,승용,남,49세,경상
2023021600100370,2023년 2월 16일 19시,목요일,경상북도 예천군 호명면,경상사고,0,0,1,0,차대사람 - 횡단중,신호위반,건조,맑음,교차로 - 교차로횡단보도내,승용,여,34세,상해없음,보행자,남,9세,경상
2023021600100371,2023년 2월 16일 19시,목요일,경상북도 청도군 화양읍,경상사고,0,0,1,0,차대차 - 기타,안전운전불이행,건조,맑음,교차로 - 교차로부근,승용,여,61세,상해없음,이륜,남,51세,경상
2023021600100372,2023년 2월 16일 19시,목요일,경상북도 영양군 석보면,사망사고,1,1,0,0,차대차 - 정면충돌,중앙선침범,건조,기타,단일로 - 기타,화물,남,55세,사망,승합,여,30세,중상
2023021600100400,2023년 2월 16일 20시,목요일,경상북도 구미시 지산동,중상사고,0,1,2,0,차대차 - 기타,교차로운행방법위반,건조,맑음,교차로 - 교차로안,승용,여,31세,상해없음,승용,남,53세,경상
2023021600100440,2023년 2월 16일 22시,목요일,경상북도 고령군 덕곡면,경상사고,0,0,1,0,차대사람 - 길가장자리구역통행중,안전운전불이행,건조,맑음,단일로 - 기타,승용,남,53세,상해없음,보행자,남,52세,경상
2023021600100458,2023년 2월 16일 23시,목요일,경상북도 의성군 봉양면,경상사고,0,0,1,0,차대차 - 추돌,안전운전불이행,건조,맑음,교차로 - 교차로부근,화물,남,54세,상해없음,화물,남,48세,경상
2023021700100006,2023년 2월 17일 00시,금요일,경상북도 경주시 천북면,중상사고,0,1,0,0,차대차 - 추돌,안전운전불이행,건조,기타,교차로 - 교차로안,승용,남,59세,상해없음,승용,남,22세,중상
2023021700100027,2023년 2월 17일 04시,금요일,경상북도 영주시 휴천동,중상사고,0,1,0,0,차대사람 - 차도통행중,교차로운행방법위반,건조,맑음,교차로 - 교차로안,승용,남,48세,상해없음,보행자,여,79세,중상
2023021700100040,2023년 2월 17일 05시,금요일,경상북도 영덕군 영덕읍,사망사고,2,0,0,0,차량단독 - 공작물충돌,안전운전불이행,건조,맑음,단일로 - 기타,승용,남,69세,사망,,,,
2023021700100132,2023년 2월 17일 10시,금요일,경상북도 영천시 교촌동,경상사고,0,0,1,0,차대차 - 후진중충돌,안전운전불이행,건조,맑음,단일로 - 기타,승용,여,61세,상해없음,승용,여,34세,경상
2023021700100163,2023년 2월 17일 11시,금요일,경상북도 경주시 동천동,경상사고,0,0,1,0,차대차 - 측면충돌,안전운전불이행,건조,맑음,교차로 - 교차로부근,승용,여,46세,상해없음,승용,남,31세,경상
2023021700100164,2023년 2월 17일 11시,금요일,경상북도 포항시 남구 효자동,중상사고,0,1,0,0,차대차 - 측면충돌,안전운전불이행,건조,맑음,단일로 - 교량,자전거,남,74세,상해없음,자전거,남,72세,중상
2023021700100186,2023년 2월 17일 12시,금요일,경상북도 구미시 진평동,경상사고,0,0,1,0,차대차 - 기타,안전운전불이행,건조,맑음,교차로 - 교차로부근,승용,여,51세,상해없음,이륜,남,40세,경상
2023021700100234,2023년 2월 17일 14시,금요일,경상북도 청송군 주왕산면,경상사고,0,0,1,0,차대차 - 측면충돌,안전운전불이행,건조,맑음,단일로 - 기타,승합,남,54세,기타불명,승용,남,58세,경상
2023021700100258,2023년 2월 17일 15시,금요일,경상북도 구미시 송정동,중상사고,0,1,0,0,차대차 - 측면충돌,안전운전불이행,건조,맑음,교차로 - 교차로안,승용,남,38세,상해없음,승용,남,62세,중상
2023021700100334,2023년 2월 17일 17시,금요일,경상북도 문경시 문경읍,경상사고,0,0,1,0,차대사람 - 기타,안전운전불이행,건조,맑음,교차로 - 교차로부근,승용,남,54세,기타불명,보행자,남,53세,경상
2023021700100374,2023년 2월 17일 18시,금요일,경상북도 안동시 태화동,경상사고,0,0,1,0,차대차 - 기타,안전운전불이행,건조,맑음,교차로 - 교차로부근,이륜,남,52세,경상,승용,여,45세,상해없음
2023021700100375,2023년 2월 17일 18시,금요일,경상북도 안동시 옥동,경상사고,0,0,1,0,차대차 - 추돌,안전운전불이행,건조,맑음,단일로 - 기타,승용,남,56세,상해없음,승용,남,35세,경상
2023021700100376,2023년 2월 17일 18시,금요일,경상북도 고령군 다산면,경상사고,0,0,1,0,차대차 - 측면충돌,안전거리미확보,건조,맑음,단일로 - 기타,승용,남,65세,기타불명,승용,남,67세,경상
2023021700100377,2023년 2월 17일 18시,금요일,경상북도 포항시 남구 해도동,경상사고,0,0,1,0,차대차 - 측면충돌,안전운전불이행,건조,맑음,단일로 - 지하차도(도로)내,승용,여,42세,상해없음,승용,남,49세,경상
2023021700100414,2023년 2월 17일 19시,금요일,경상북도 영주시 가흥동,중상사고,0,1,0,0,차대차 - 측면충돌,안전운전불이행,건조,맑음,교차로 - 교차로안,승용,여,54세,상해없음,자전거,남,67세,중상
2023021700100415,2023년 2월 17일 19시,금요일,경상북도 포항시 남구 해도동,경상사고,0,0,1,0,차대차 - 기타,신호위반,건조,맑음,교차로 - 교차로부근,승용,남,46세,상해없음,자전거,남,71세,경상
2023021700100468,2023년 2월 17일 21시,금요일,경상북도 안동시 당북동,중상사고,0,1,0,0,차대사람 - 기타,안전운전불이행,건조,맑음,단일로 - 기타,이륜,남,30세,상해없음,보행자,여,21세,중상
2023021700100469,2023년 2월 17일 21시,금요일,경상북도 경산시 진량읍,경상사고,0,0,3,0,차대차 - 추돌,안전운전불이행,건조,맑음,교차로 - 교차로부근,승용,남,31세,상해없음,승용,여,29세,경상
2023021700100486,2023년 2월 17일 22시,금요일,경상북도 경주시 황오동,경상사고,0,0,2,0,차대차 - 측면충돌,안전운전불이행,건조,맑음,단일로 - 기타,승용,남,40세,상해없음,승용,남,47세,경상
2023021800100011,2023년 2월 18일 00시,토요일,경상북도 성주군 성주읍,경상사고,0,0,1,1,차대차 - 기타,안전운전불이행,건조,맑음,단일로 - 기타,승용,남,42세,부상신고,승용,여,60세,경상
2023021800100063,2023년 2월 18일 06시,토요일,경상북도 문경시 유곡동,경상사고,0,0,1,0,차대차 - 기타,중앙선침범,건조,맑음,단일로 - 기타,승합,여,62세,상해없음,승용,남,41세,경상
2023021800100075,2023년 2월 18일 07시,토요일,경상북도 포항시 남구 대잠동,경상사고,0,0,6,0,차대차 - 측면충돌,차로위반,건조,맑음,교차로 - 교차로안,기타불명,기타불명,미분류,기타불명,승합,남,65세,경상
2023021800100089,2023년 2월 18일 08시,토요일,경상북도 울진군 후포면,경상사고,0,0,1,0,차대사람 - 기타,안전운전불이행,건조,맑음,단일로 - 기타,승용,여,40세,상해없음,보행자,남,46세,경상
2023021800100121,2023년 2월 18일 10시,토요일,경상북도 김천시 남산동,중상사고,0,1,0,0,차대사람 - 기타,안전운전불이행,건조,맑음,단일로 - 기타,승용,남,65세,상해없음,보행자,여,75세,중상
2023021800100138,2023년 2월 18일 11시,토요일,경상북도 상주시 서성동,경상사고,0,0,1,0,차대차 - 정면충돌,직진우회전진행방해,건조,맑음,교차로 - 교차로안,승용,남,19세,상해없음,이륜,남,41세,경상
2023021800100139,2023년 2월 18일 11시,토요일,경상북도 울진군 후포면,중상사고,0,1,0,0,차대차 - 측면충돌,안전운전불이행,건조,맑음,단일로 - 기타,승용,여,45세,상해없음,자전거,남,68세,중상
2023021800100140,2023년 2월 18일 11시,토요일,경상북도 구미시 진평동,경상사고,0,0,1,0,차대차 - 측면충돌,안전운전불이행,건조,맑음,단일로 - 기타,이륜,남,55세,기타불명,승용,여,34세,경상
2023021800100156,2023년 2월 18일 12시,토요일,경상북도 경주시 천북면,중상사고,0,2,0,0,차대차 - 추돌,안전운전불이행,건조,맑음,교차로 - 교차로부근,승용,여,56세,중상,화물,기타불명,미분류,기타불명
2023021800100157,2023년 2월 18일 12시,토요일,경상북도 안동시 당북동,경상사고,0,0,3,0,차대차 - 측면충돌,안전운전불이행,건조,맑음,단일로 - 기타,승용,남,56세,상해없음,승용,여,49세,경상
2023021800100229,2023년 2월 18일 15시,토요일,경상북도 포항시 남구 연일읍,경상사고,0,0,2,0,차대차 - 측면충돌,안전거리미확보,건조,맑음,단일로 - 고가도로위,승용,남,25세,상해없음,승용,남,35세,경상
2023021800100257,2023년 2월 18일 16시,토요일,경상북도 포항시 북구 우현동,경상사고,0,0,2,0,차대차 - 측면충돌,안전운전불이행,건조,맑음,단일로 - 기타,승용,남,65세,상해없음,승용,남,32세,경상
2023021800100280,2023년 2월 18일 17시,토요일,경상북도 안동시 운흥동,부상신고사고,0,0,0,1,차대차 - 측면충돌,신호위반,건조,맑음,교차로 - 교차로안,이륜,남,27세,부상신고,승용,남,49세,상해없음
2023021800100281,2023년 2월 18일 17시,토요일,경상북도 영천시 야사동,경상사고,0,0,1,0,차대사람 - 차도통행중,안전운전불이행,건조,맑음,교차로 - 교차로부근,승용,남,61세,상해없음,보행자,남,34세,경상
2023021800100302,2023년 2월 18일 18시,토요일,경상북도 포항시 북구 장성동,경상사고,0,0,1,0,차대사람 - 횡단중,보행자보호의무위반,건조,맑음,교차로 - 교차로부근,화물,남,67세,상해없음,보행자,남,61세,경상
2023021800100303,2023년 2월 18일 18시,토요일,경상북도 영주시 휴천동,경상사고,0,0,3,0,차대차 - 측면충돌,교차로운행방법위반,건조,맑음,교차로 - 교차로안,승용,여,61세,상해없음,승용,남,24세,경상
2023021800100304,2023년 2월 18일 18시,토요일,경상북도 구미시 사곡동,중상사고,0,1,0,1,차대차 - 측면충돌,신호위반,건조,맑음,교차로 - 교차로안,이륜,남,17세,부상신고,승용,남,30세,상해없음
2023021800100358,2023년 2월 18일 20시,토요일,경상북도 의성군 안계면,중상사고,0,2,0,0,차대차 - 후진중충돌,안전운전불이행,건조,맑음,단일로 - 기타,승용,여,29세,상해없음,승용,남,50세,중상
2023021800100382,2023년 2월 18일 21시,토요일,경상북도 구미시 원평동,경상사고,0,0,4,0,차대차 - 기타,안전운전불이행,건조,맑음,교차로 - 교차로부근,승용,남,50세,상해없음,승용,남,46세,경상
2023021800100400,2023년 2월 18일 22시,토요일,경상북도 포항시 남구 상도동,경상사고,0,0,2,0,차대차 - 추돌,안전운전불이행,건조,맑음,단일로 - 기타,이륜,남,17세,기타불명,승용,여,34세,경상
2023021900100009,2023년 2월 19일 00시,일요일,경상북도 영천시 망정동,중상사고,0,1,0,0,차대사람 - 횡단중,중앙선침범,건조,맑음,단일로 - 기타,승용,남,41세,상해없음,보행자,남,43세,중상
2023021900100022,2023년 2월 19일 01시,일요일,경상북도 구미시 황상동,중상사고,0,1,0,0,차량단독 - 공작물충돌,안전운전불이행,건조,맑음,단일로 - 터널,승용,남,53세,중상,,,,
2023021900100057,2023년 2월 19일 06시,일요일,경상북도 구미시 광평동,경상사고,0,0,1,0,차대차 - 기타,신호위반,건조,맑음,교차로 - 교차로안,승용,남,42세,상해없음,승용,남,35세,경상
2023021900100096,2023년 2월 19일 11시,일요일,경상북도 청도군 화양읍,경상사고,0,0,2,0,차대차 - 측면충돌,교차로운행방법위반,건조,맑음,교차로 - 교차로안,승용,남,39세,상해없음,이륜,남,52세,경상
2023021900100116,2023년 2월 19일 12시,일요일,경상북도 안동시 옥야동,중상사고,0,1,0,0,차대차 - 측면충돌,신호위반,건조,맑음,교차로 - 교차로안,승용,남,55세,상해없음,이륜,남,48세,중상
2023021900100117,2023년 2월 19일 12시,일요일,경상북도 김천시 지좌동,중상사고,0,1,0,0,차대사람 - 차도통행중,안전운전불이행,건조,맑음,단일로 - 기타,승용,남,66세,상해없음,보행자,여,70세,중상
2023021900100118,2023년 2월 19일 12시,일요일,경상북도 상주시 낙양동,경상사고,0,0,1,0,차대사람 - 횡단중,신호위반,건조,맑음,단일로 - 기타,승용,남,76세,상해없음,보행자,여,61세,경상
2023021900100119,2023년 2월 19일 12시,일요일,경상북도 구미시 옥계동,경상사고,0,0,1,0,차대차 - 측면충돌,안전운전불이행,건조,맑음,교차로 - 교차로부근,승용,남,31세,상해없음,이륜,남,32세,경상
2023021900100143,2023년 2월 19일 13시,일요일,경상북도 포항시 북구 용흥동,경상사고,0,0,1,0,차대차 - 측면충돌,안전운전불이행,건조,맑음,교차로 - 교차로부근,승용,남,54세,상해없음,이륜,남,52세,경상
2023021900100144,2023년 2월 19일 13시,일요일,경상북도 김천시 평화동,경상사고,0,0,1,0,차대차 - 기타,안전운전불이행,건조,맑음,미분류 - 미분류,승용,남,82세,상해없음,승용,여,35세,경상
2023021900100145,2023년 2월 19일 13시,일요일,경상북도 영천시 금호읍,경상사고,0,0,1,0,차대차 - 기타,안전운전불이행,건조,맑음,단일로 - 기타,승용,남,33세,기타불명,승용,남,37세,경상
2023021900100146,2023년 2월 19일 13시,일요일,경상북도 영덕군 남정면,경상사고,0,0,8,0,차대차 - 추돌,안전운전불이행,건조,맑음,단일로 - 기타,승용,남,53세,상해없음,승용,남,53세,경상
2023021900100147,2023년 2월 19일 13시,일요일,경상북도 영양군 청기면,사망사고,1,0,0,0,차량단독 - 도로외이탈 - 추락,안전운전불이행,건조,기타,단일로 - 기타,화물,남,75세,사망,,,,
2023021900100176,2023년 2월 19일 14시,일요일,경상북도 포항시 북구 우현동,중상사고,0,1,0,0,차대차 - 측면충돌,교차로운행방법위반,건조,맑음,교차로 - 교차로안,승합,남,60세,상해없음,승용,남,62세,중상
2023021900100177,2023년 2월 19일 14시,일요일,경상북도 포항시 남구 오천읍,경상사고,0,0,2,0,차대차 - 추돌,안전운전불이행,건조,맑음,단일로 - 지하차도(도로)내,특수,남,66세,상해없음,승용,남,32세,경상
2023021900100232,2023년 2월 19일 16시,일요일,경상북도 영덕군 강구면,경상사고,0,0,1,0,차대차 - 기타,안전운전불이행,건조,맑음,단일로 - 기타,승용,남,65세,기타불명,승용,남,30세,경상
2023021900100233,2023년 2월 19일 16시,일요일,경상북도 구미시 공단동,경상사고,0,0,1,0,차대차 - 기타,안전운전불이행,건조,맑음,교차로 - 교차로부근,승용,남,30세,상해없음,승용,남,45세,경상
2023021900100289,2023년 2월 19일 18시,일요일,경상북도 의성군 금성면,경상사고,0,0,1,0,차대차 - 정면충돌,중앙선침범,건조,맑음,단일로 - 기타,승용,남,66세,상해없음,승용,여,31세,경상
2023021900100290,2023년 2월 19일 18시,일요일,경상북도 구미시 원평동,중상사고,0,1,0,0,차대차 - 정면충돌,직진우회전진행방해,건조,흐림,교차로 - 교차로안,승용,여,61세,상해없음,이륜,남,22세,중상
2023021900100316,2023년 2월 19일 19시,일요일,경상북도 군위군 소보면,사망사고,1,0,0,0,차량단독 - 도로외이탈 - 추락,안전운전불이행,건조,맑음,단일로 - 기타,농기계,남,77세,사망,,,,
2023021900100360,2023년 2월 19일 22시,일요일,경상북도 경산시 사동,경상사고,0,0,1,0,차대차 - 추돌,안전운전불이행,건조,맑음,교차로 - 교차로부근,승용,남,38세,상해없음,승용,여,27세,경상
2023022000100006,2023년 2월 20일 00시,월요일,경상북도 경주시 안강읍,사망사고,1,0,0,0,차량단독 - 공작물충돌,안전운전불이행,건조,맑음,단일로 - 교량,승용,남,46세,사망,,,,
2023022000100048,2023년 2월 20일 06시,월요일,경상북도 경주시 노서동,경상사고,0,0,1,0,차대차 - 측면충돌,안전운전불이행,건조,맑음,교차로 - 교차로안,화물,남,60세,상해없음,자전거,여,32세,경상
2023022000100049,2023년 2월 20일 06시,월요일,경상북도 경산시 하양읍,중상사고,0,1,0,0,차대사람 - 횡단중,안전운전불이행,건조,맑음,교차로 - 교차로안,승용,여,53세,상해없음,보행자,여,82세,중상
2023022000100073,2023년 2월 20일 07시,월요일,경상북도 경산시 옥곡동,중상사고,0,1,0,0,차대차 - 측면충돌,안전운전불이행,건조,맑음,기타 - 기타,승용,여,44세,상해없음,자전거,여,42세,중상
2023022000100074,2023년 2월 20일 07시,월요일,경상북도 포항시 남구 연일읍,경상사고,0,0,1,0,차대차 - 정면충돌,직진우회전진행방해,건조,맑음,교차로 - 교차로안,자전거,남,80세,경상,승용,여,41세,상해없음