사고번호,사고일시,요일,시군구,사고내용,사망자수,중상자수,경상자수,부상신고자수,사고유형,법규위반,노면상태,기상상태,도로형태,가해운전자 차종,가해운전자 성별,가해운전자 연령,가해운전자 상해정도,피해운전자 차종,피해운전자 성별,피해운전자 연령,피해운전자 상해정도
2023022000100103,2023년 2월 20일 08시,월요일,경상북도 경산시 진량읍,중상사고,0,1,1,0,차대차 - 측면충돌,직진우회전진행방해,건조,맑음,교차로 - 교차로안,승합,남,68세,상해없음,승용,남,30세,중상
2023022000100143,2023년 2월 20일 09시,월요일,경상북도 울진군 평해읍,부상신고사고,0,0,0,1,차대차 - 측면충돌,안전운전불이행,건조,맑음,단일로 - 기타,승용,남,60세,상해없음,이륜,남,75세,부상신고
2023022000100144,2023년 2월 20일 09시,월요일,경상북도 포항시 남구 오천읍,중상사고,0,1,0,0,차량단독 - 공작물충돌,안전운전불이행,건조,맑음,단일로 - 기타,승용,남,42세,중상,,,,
2023022000100197,2023년 2월 20일 11시,월요일,경상북도 상주시 이안면,경상사고,0,0,2,0,차대차 - 측면충돌,교차로운행방법위반,건조,맑음,교차로 - 교차로안,화물,남,75세,상해없음,승용,여,74세,경상
2023022000100198,2023년 2월 20일 11시,월요일,경상북도 영천시 망정동,중상사고,0,1,0,0,차대사람 - 길가장자리구역통행중,안전운전불이행,건조,맑음,단일로 - 기타,승합,여,62세,상해없음,보행자,여,74세,중상
2023022000100199,2023년 2월 20일 11시,월요일,경상북도 구미시 도개면,경상사고,0,0,1,0,차대차 - 측면충돌,교차로운행방법위반,건조,맑음,교차로 - 교차로안,건설기계,남,54세,상해없음,화물,남,43세,경상
2023022000100200,2023년 2월 20일 11시,월요일,경상북도 경산시 남천면,경상사고,0,0,5,1,차대차 - 추돌,안전거리미확보,건조,맑음,단일로 - 기타,승용,여,22세,부상신고,승용,남,60세,상해없음
2023022000100235,2023년 2월 20일 12시,월요일,경상북도 상주시 외답동,사망사고,1,0,0,0,차대차 - 측면충돌,기타,건조,맑음,교차로 - 교차로부근,승용,여,66세,기타불명,자전거,남,83세,사망
2023022000100236,2023년 2월 20일 12시,월요일,경상북도 포항시 남구 오천읍,경상사고,0,0,3,0,차대차 - 측면충돌,직진우회전진행방해,건조,맑음,교차로 - 교차로안,승용,남,31세,경상,승용,남,47세,경상
2023022000100237,2023년 2월 20일 12시,월요일,경상북도 상주시 이안면,경상사고,0,0,1,0,차대차 - 기타,기타,건조,맑음,단일로 - 기타,화물,남,59세,상해없음,승용,남,35세,경상
2023022000100323,2023년 2월 20일 15시,월요일,경상북도 경산시 삼북동,중상사고,0,1,0,0,차대사람 - 기타,신호위반,건조,맑음,교차로 - 교차로횡단보도내,화물,남,56세,상해없음,보행자,여,65세,중상
2023022000100324,2023년 2월 20일 15시,월요일,경상북도 포항시 남구 해도동,경상사고,0,0,2,0,차대차 - 측면충돌,직진우회전진행방해,건조,맑음,교차로 - 교차로안,승용,여,60세,경상,이륜,여,54세,경상
2023022000100325,2023년 2월 20일 15시,월요일,경상북도 포항시 남구 동해면,경상사고,0,0,1,1,차대차 - 측면충돌,직진우회전진행방해,건조,맑음,교차로 - 교차로안,승용,남,75세,상해없음,승용,남,49세,경상
2023022000100362,2023년 2월 20일 16시,월요일,경상북도 성주군 월항면,경상사고,0,0,1,0,차대차 - 추돌,신호위반,건조,맑음,단일로 - 교량,승용,남,59세,상해없음,이륜,남,40세,경상
2023022000100394,2023년 2월 20일 17시,월요일,경상북도 포항시 북구 장성동,경상사고,0,0,1,0,차대사람 - 차도통행중,기타,건조,맑음,단일로 - 기타,자전거,남,70세,상해없음,보행자,여,74세,경상
2023022000100395,2023년 2월 20일 17시,월요일,경상북도 칠곡군 왜관읍,경상사고,0,0,1,0,차대사람 - 횡단중,신호위반,건조,맑음,교차로 - 교차로횡단보도내,승용,여,61세,상해없음,보행자,남,21세,경상
2023022000100396,2023년 2월 20일 17시,월요일,경상북도 성주군 선남면,경상사고,0,0,1,0,차대사람 - 기타,안전운전불이행,건조,맑음,교차로 - 교차로부근,승용,남,29세,상해없음,보행자,여,65세,경상
2023022000100397,2023년 2월 20일 17시,월요일,경상북도 구미시 거의동,중상사고,0,1,0,0,차대차 - 측면충돌,중앙선침범,건조,맑음,단일로 - 기타,승용,남,53세,상해없음,이륜,여,31세,중상
2023022000100398,2023년 2월 20일 17시,월요일,경상북도 고령군 개진면,중상사고,0,1,0,0,차대차 - 기타,기타,건조,맑음,단일로 - 기타,화물,남,66세,상해없음,승용,남,53세,중상
2023022000100431,2023년 2월 20일 18시,월요일,경상북도 칠곡군 지천면,경상사고,0,0,1,0,차대차 - 정면충돌,교차로운행방법위반,건조,맑음,교차로 - 교차로안,승용,여,62세,상해없음,승용,여,35세,경상
2023022000100466,2023년 2월 20일 19시,월요일,경상북도 상주시 남성동,중상사고,0,1,0,0,차대사람 - 차도통행중,안전운전불이행,건조,맑음,교차로 - 교차로안,승용,남,61세,상해없음,보행자,남,52세,중상
2023022000100489,2023년 2월 20일 20시,월요일,경상북도 영주시 봉현면,경상사고,0,0,1,0,차대차 - 기타,안전운전불이행,건조,맑음,단일로 - 기타,승용,여,37세,상해없음,승용,남,39세,경상
2023022100100006,2023년 2월 21일 00시,화요일,경상북도 상주시 이안면,경상사고,0,0,1,0,차대차 - 기타,안전운전불이행,건조,맑음,단일로 - 기타,화물,남,47세,상해없음,승용,남,22세,경상
2023022100100027,2023년 2월 21일 04시,화요일,경상북도 포항시 남구 호동,중상사고,0,1,1,0,차대차 - 측면충돌,신호위반,건조,맑음,교차로 - 교차로안,승용,여,52세,중상,승용,여,53세,경상
2023022100100048,2023년 2월 21일 06시,화요일,경상북도 칠곡군 왜관읍,경상사고,0,0,2,0,차대차 - 측면충돌,신호위반,건조,맑음,교차로 - 교차로안,승용,남,27세,상해없음,승용,남,28세,경상
2023022100100069,2023년 2월 21일 07시,화요일,경상북도 포항시 북구 장성동,경상사고,0,0,1,0,차대차 - 기타,신호위반,건조,맑음,교차로 - 교차로안,승용,여,62세,상해없음,화물,남,54세,경상
2023022100100118,2023년 2월 21일 09시,화요일,경상북도 칠곡군 약목면,중상사고,0,1,0,0,차대차 - 측면충돌,직진우회전진행방해,건조,맑음,교차로 - 교차로안,이륜,남,81세,중상,화물,남,62세,상해없음
2023022100100119,2023년 2월 21일 09시,화요일,경상북도 경산시 용성면,경상사고,0,0,1,0,차대차 - 기타,중앙선침범,건조,맑음,단일로 - 기타,승용,여,54세,상해없음,승용,남,69세,경상
2023022100100138,2023년 2월 21일 10시,화요일,경상북도 영주시 가흥동,경상사고,0,0,3,0,차대차 - 기타,기타,기타,맑음,단일로 - 기타,건설기계,남,48세,상해없음,화물,남,44세,경상
2023022100100212,2023년 2월 21일 12시,화요일,경상북도 김천시 남면,중상사고,0,1,1,0,차대차 - 추돌,기타,건조,맑음,단일로 - 교량,승용,남,26세,중상,건설기계,남,30세,경상
2023022100100239,2023년 2월 21일 13시,화요일,경상북도 포항시 북구 동빈2가,경상사고,0,0,1,0,차대차 - 기타,신호위반,건조,맑음,교차로 - 교차로안,승용,여,49세,상해없음,승용,여,61세,경상
2023022100100240,2023년 2월 21일 13시,화요일,경상북도 성주군 벽진면,경상사고,0,0,1,0,차대차 - 측면충돌,안전운전불이행,건조,맑음,교차로 - 교차로부근,화물,남,44세,상해없음,이륜,여,70세,경상
2023022100100241,2023년 2월 21일 13시,화요일,경상북도 구미시 광평동,경상사고,0,0,1,0,차대차 - 정면충돌,안전운전불이행,건조,맑음,단일로 - 기타,화물,남,40세,상해없음,화물,남,38세,경상
2023022100100277,2023년 2월 21일 14시,화요일,경상북도 안동시 송현동,경상사고,0,0,1,0,차대차 - 측면충돌,직진우회전진행방해,건조,맑음,교차로 - 교차로안,승용,여,71세,상해없음,승용,남,38세,경상
2023022100100278,2023년 2월 21일 14시,화요일,경상북도 경산시 자인면,경상사고,0,0,1,0,차대차 - 측면충돌,중앙선침범,건조,맑음,단일로 - 기타,승용,남,70세,상해없음,승용,남,70세,경상
2023022100100279,2023년 2월 21일 14시,화요일,경상북도 성주군 초전면,경상사고,0,0,1,0,차대차 - 기타,직진우회전진행방해,건조,맑음,교차로 - 교차로안,승용,여,50세,상해없음,승합,남,75세,상해없음
2023022100100280,2023년 2월 21일 14시,화요일,경상북도 군위군 의흥면,중상사고,0,1,1,0,차량단독 - 공작물충돌,안전운전불이행,건조,맑음,단일로 - 기타,화물,남,70세,경상,,,,
2023022100100304,2023년 2월 21일 15시,화요일,경상북도 구미시 진평동,경상사고,0,0,1,0,차대차 - 기타,신호위반,건조,맑음,교차로 - 교차로부근,승용,여,42세,상해없음,승용,남,42세,경상
2023022100100305,2023년 2월 21일 15시,화요일,경상북도 청도군 청도읍,중상사고,0,2,3,0,차대차 - 추돌,안전운전불이행,건조,맑음,단일로 - 교량,화물,남,54세,상해없음,승용,남,38세,경상
2023022100100334,2023년 2월 21일 16시,화요일,경상북도 경주시 외동읍,중상사고,0,1,0,0,차대차 - 측면충돌,신호위반,건조,맑음,교차로 - 교차로안,승용,남,56세,상해없음,원동기,남,43세,중상
2023022100100405,2023년 2월 21일 18시,화요일,경상북도 문경시 산북면,경상사고,0,0,1,0,차대차 - 추돌,안전운전불이행,건조,맑음,단일로 - 기타,승용,여,62세,상해없음,농기계,남,79세,경상
2023022100100447,2023년 2월 21일 19시,화요일,경상북도 구미시 황상동,경상사고,0,0,1,0,차대차 - 기타,기타,건조,맑음,교차로 - 교차로안,승용,여,25세,상해없음,승용,여,31세,경상
2023022100100466,2023년 2월 21일 20시,화요일,경상북도 상주시 무양동,부상신고사고,0,0,0,1,차대사람 - 차도통행중,안전운전불이행,건조,맑음,교차로 - 교차로안,화물,남,54세,상해없음,보행자,남,48세,부상신고
2023022100100486,2023년 2월 21일 21시,화요일,경상북도 포항시 남구 상도동,경상사고,0,0,1,0,차대차 - 기타,안전운전불이행,건조,맑음,단일로 - 기타,승용,남,64세,기타불명,승용,여,59세,경상
2023022100100498,2023년 2월 21일 22시,화요일,경상북도 칠곡군 석적읍,경상사고,0,0,1,0,차대차 - 추돌,안전운전불이행,건조,맑음,교차로 - 교차로부근,승용,남,38세,상해없음,승용,남,38세,경상
2023022100100499,2023년 2월 21일 22시,화요일,경상북도 성주군 선남면,경상사고,0,0,1,0,차량단독 - 공작물충돌,안전운전불이행,건조,맑음,단일로 - 기타,승용,남,28세,경상,,,,
2023022200100010,2023년 2월 22일 01시,수요일,경상북도 경산시 백천동,경상사고,0,0,2,0,차대차 - 추돌,안전운전불이행,건조,맑음,교차로 - 교차로부근,승용,남,39세,상해없음,승용,여,37세,경상
2023022200100020,2023년 2월 22일 03시,수요일,경상북도 구미시 사곡동,중상사고,0,1,1,0,차량단독 - 기타,안전운전불이행,건조,맑음,단일로 - 기타,승용,여,25세,상해없음,,,,
2023022200100085,2023년 2월 22일 08시,수요일,경상북도 예천군 은풍면,중상사고,0,1,0,0,차대차 - 측면충돌,안전운전불이행,건조,맑음,교차로 - 교차로부근,승용,여,71세,상해없음,이륜,남,85세,중상
2023022200100113,2023년 2월 22일 09시,수요일,경상북도 봉화군 봉성면,중상사고,0,1,1,0,차대차 - 측면충돌,안전운전불이행,건조,맑음,기타 - 기타,승용,여,58세,경상,화물,남,73세,중상
2023022200100148,2023년 2월 22일 10시,수요일,경상북도 김천시 양천동,경상사고,0,0,1,0,차대차 - 측면충돌,교차로운행방법위반,건조,맑음,교차로 - 교차로안,화물,남,76세,상해없음,이륜,남,81세,경상
2023022200100149,2023년 2월 22일 10시,수요일,경상북도 경산시 하양읍,중상사고,0,1,0,0,차대차 - 측면충돌,신호위반,건조,맑음,교차로 - 교차로안,승용,남,49세,상해없음,승합,남,66세,중상
2023022200100180,2023년 2월 22일 11시,수요일,경상북도 안동시 태화동,중상사고,0,1,0,0,차대차 - 측면충돌,안전운전불이행,건조,맑음,교차로 - 교차로안,건설기계,남,64세,상해없음,자전거,여,75세,중상
2023022200100181,2023년 2월 22일 11시,수요일,경상북도 상주시 모서면,경상사고,0,0,1,0,차대차 - 추돌,안전거리미확보,건조,맑음,단일로 - 지하차도(도로)내,화물,남,32세,상해없음,화물,여,59세,경상
2023022200100182,2023년 2월 22일 11시,수요일,경상북도 영주시 장수면,경상사고,0,0,1,0,차대차 - 후진중충돌,안전운전불이행,건조,맑음,주차장 - 주차장,승용,남,73세,상해없음,승용,남,65세,상해없음
2023022200100213,2023년 2월 22일 12시,수요일,경상북도 군위군 효령면,경상사고,0,0,1,0,차량단독 - 공작물충돌,안전운전불이행,건조,맑음,단일로 - 기타,화물,남,37세,경상,,,,
2023022200100214,2023년 2월 22일 12시,수요일,경상북도 포항시 남구 해도동,중상사고,0,1,0,0,차대차 - 측면충돌,안전운전불이행,건조,맑음,단일로 - 기타,승용,남,71세,상해없음,화물,남,39세,중상
2023022200100238,2023년 2월 22일 13시,수요일,경상북도 경주시 안강읍,중상사고,0,1,0,0,차대차 - 후진중충돌,안전운전불이행,건조,맑음,단일로 - 기타,승용,남,61세,상해없음,승용,여,40세,중상
2023022200100239,2023년 2월 22일 13시,수요일,경상북도 포항시 북구 득량동,경상사고,0,0,1,0,차대차 - 측면충돌,교차로운행방법위반,건조,맑음,교차로 - 교차로안,승용,여,50세,상해없음,승용,남,34세,경상
2023022200100240,2023년 2월 22일 13시,수요일,경상북도 포항시 북구 양덕동,중상사고,0,2,0,0,차대차 - 측면충돌,안전운전불이행,건조,맑음,교차로 - 교차로안,승용,여,38세,중상,승용,남,67세,중상
2023022200100241,2023년 2월 22일 13시,수요일,경상북도 포항시 남구 연일읍,경상사고,0,0,2,0,차대차 - 측면충돌,안전운전불이행,건조,맑음,단일로 - 고가도로위,화물,남,49세,상해없음,승용,여,50세,상해없음
2023022200100265,2023년 2월 22일 14시,수요일,경상북도 경주시 석장동,경상사고,0,0,1,0,차량단독 - 기타,안전운전불이행,건조,맑음,단일로 - 기타,승합,남,59세,상해없음,,,,
2023022200100294,2023년 2월 22일 15시,수요일,경상북도 의성군 단북면,경상사고,0,0,1,0,차대차 - 측면충돌,안전운전불이행,건조,맑음,단일로 - 기타,화물,남,35세,상해없음,원동기,여,80세,경상
2023022200100334,2023년 2월 22일 16시,수요일,경상북도 안동시 태화동,경상사고,0,0,1,0,차대차 - 측면충돌,안전거리미확보,건조,맑음,단일로 - 기타,승용,남,73세,상해없음,승용,여,59세,경상
2023022200100358,2023년 2월 22일 17시,수요일,경상북도 포항시 북구 용흥동,경상사고,0,0,2,0,차대차 - 측면충돌,안전운전불이행,건조,맑음,교차로 - 교차로안,승용,여,38세,상해없음,승용,남,39세,경상
2023022200100359,2023년 2월 22일 17시,수요일,경상북도 경산시 압량읍,경상사고,0,0,2,0,차대차 - 측면충돌,중앙선침범,건조,흐림,단일로 - 기타,승용,남,33세,경상,승용,여,64세,경상
2023022200100395,2023년 2월 22일 18시,수요일,경상북도 의성군 다인면,중상사고,0,1,1,0,차대차 - 측면충돌,신호위반,건조,맑음,교차로 - 교차로안,화물,여,62세,경상,승용,남,33세,중상
2023022200100396,2023년 2월 22일 18시,수요일,경상북도 포항시 남구 호동,경상사고,0,0,2,0,차대차 - 측면충돌,안전운전불이행,건조,맑음,교차로 - 교차로안,승용,남,74세,상해없음,승용,남,32세,경상
2023022200100431,2023년 2월 22일 19시,수요일,경상북도 김천시 대항면,경상사고,0,0,1,0,차량단독 - 공작물충돌,안전운전불이행,건조,맑음,교차로 - 교차로안,화물,남,71세,상해없음,,,,
2023022200100454,2023년 2월 22일 20시,수요일,경상북도 경주시 현곡면,부상신고사고,0,0,0,1,차량단독 - 공작물충돌,안전운전불이행,건조,맑음,단일로 - 기타,승용,여,55세,부상신고,,,,
2023022200100455,2023년 2월 22일 20시,수요일,경상북도 포항시 북구 두호동,경상사고,0,0,1,0,차대차 - 후진중충돌,안전운전불이행,건조,맑음,단일로 - 기타,승용,여,48세,상해없음,승용,남,61세,경상
2023022200100471,2023년 2월 22일 21시,수요일,경상북도 칠곡군 석적읍,경상사고,0,0,1,0,차대차 - 측면충돌,신호위반,건조,맑음,교차로 - 교차로안,승용,남,33세,상해없음,승용,남,43세,경상
2023022200100472,2023년 2월 22일 21시,수요일,경상북도 구미시 산동읍,경상사고,0,0,1,0,차대차 - 측면충돌,안전거리미확보,건조,맑음,교차로 - 교차로안,승용,남,25세,상해없음,승용,남,28세,경상
2023022200100473,2023년 2월 22일 21시,수요일,경상북도 성주군 초전면,경상사고,0,0,1,0,차대차 - 측면충돌,안전운전불이행,건조,맑음,단일로 - 기타,화물,남,48세,상해없음,승용,남,36세,경상
2023022300100007,2023년 2월 23일 00시,목요일,경상북도 포항시 북구 두호동,경상사고,0,0,1,0,차량단독 - 기타,안전운전불이행,건조,맑음,단일로 - 기타,승용,남,59세,상해없음,,,,
2023022300100008,2023년 2월 23일 00시,목요일,경상북도 경산시 하양읍,경상사고,0,0,1,0,차대차 - 측면충돌,중앙선침범,건조,맑음,단일로 - 기타,승용,남,23세,상해없음,승용,남,43세,상해없음
2023022300100067,2023년 2월 23일 07시,목요일,경상북도 구미시 형곡동,경상사고,0,0,1,0,차대차 - 측면충돌,중앙선침범,건조,맑음,교차로 - 교차로안,개인형이동수단(PM),남,31세,경상,승용,남,54세,상해없음
2023022300100068,2023년 2월 23일 07시,목요일,경상북도 포항시 남구 대송면,경상사고,0,0,1,0,차대차 - 기타,신호위반,건조,맑음,교차로 - 교차로안,승용,남,37세,상해없음,자전거,남,48세,경상
2023022300100125,2023년 2월 23일 09시,목요일,경상북도 영천시 금호읍,중상사고,0,1,0,0,차대사람 - 횡단중,보행자보호의무위반,건조,맑음,교차로 - 교차로안,화물,남,74세,상해없음,보행자,여,55세,중상
2023022300100126,2023년 2월 23일 09시,목요일,경상북도 영천시 북안면,경상사고,0,0,4,0,차대차 - 측면충돌,기타,건조,맑음,단일로 - 교량,승용,여,38세,경상,승용,남,45세,경상
2023022300100127,2023년 2월 23일 09시,목요일,경상북도 예천군 예천읍,중상사고,0,3,0,0,차대차 - 측면충돌,신호위반,건조,맑음,교차로 - 교차로안,화물,남,59세,상해없음,승합,남,71세,중상
2023022300100128,2023년 2월 23일 09시,목요일,경상북도 청도군 청도읍,경상사고,0,0,2,0,차대차 - 정면충돌,안전운전불이행,건조,맑음,단일로 - 기타,건설기계,남,54세,상해없음,승용,여,58세,경상
2023022300100129,2023년 2월 23일 09시,목요일,경상북도 포항시 남구 구룡포읍,경상사고,0,0,1,0,차대차 - 후진중충돌,안전운전불이행,건조,맑음,기타 - 기타,승합,남,53세,상해없음,승용,여,55세,경상
2023022300100150,2023년 2월 23일 10시,목요일,경상북도 김천시 신음동,중상사고,0,1,0,0,차대차 - 측면충돌,교차로운행방법위반,건조,맑음,교차로 - 교차로안,화물,남,60세,상해없음,이륜,남,61세,중상
2023022300100167,2023년 2월 23일 11시,목요일,경상북도 영천시 교촌동,중상사고,0,1,0,0,차대사람 - 차도통행중,안전운전불이행,건조,맑음,교차로 - 교차로안,승용,남,65세,상해없음,보행자,여,71세,중상
2023022300100168,2023년 2월 23일 11시,목요일,경상북도 영천시 북안면,중상사고,0,1,1,0,차대차 - 기타,안전거리미확보,건조,맑음,단일로 - 기타,특수,남,52세,상해없음,승용,여,62세,중상
2023022300100189,2023년 2월 23일 12시,목요일,경상북도 상주시 사벌국면,경상사고,0,0,1,0,차대차 - 정면충돌,중앙선침범,건조,맑음,단일로 - 기타,승용,남,59세,상해없음,승용,남,27세,경상
2023022300100221,2023년 2월 23일 13시,목요일,경상북도 김천시 양천동,중상사고,0,4,0,0,차량단독 - 공작물충돌,안전운전불이행,건조,맑음,단일로 - 기타,승용,남,71세,상해없음,,,,
2023022300100255,2023년 2월 23일 14시,목요일,경상북도 경주시 황남동,중상사고,0,2,0,0,차대사람 - 차도통행중,안전운전불이행,건조,맑음,단일로 - 기타,승용,여,43세,상해없음,보행자,여,47세,중상
2023022300100256,2023년 2월 23일 14시,목요일,경상북도 경산시 하양읍,경상사고,0,0,2,0,차대차 - 기타,신호위반,건조,맑음,교차로 - 교차로안,승용,남,73세,상해없음,승용,남,47세,경상
2023022300100258,2023년 2월 23일 14시,목요일,경상북도 포항시 남구 동해면,경상사고,0,0,2,0,차대차 - 측면충돌,직진우회전진행방해,건조,맑음,교차로 - 교차로안,승합,남,55세,경상,승용,여,43세,경상
2023022300100284,2023년 2월 23일 15시,목요일,경상북도 영천시 청통면,경상사고,0,0,2,0,차대차 - 측면충돌,안전운전불이행,건조,맑음,단일로 - 기타,화물,여,62세,경상,승용,남,73세,경상
2023022300100285,2023년 2월 23일 15시,목요일,경상북도 구미시 도량동,중상사고,0,1,0,0,차대차 - 측면충돌,안전운전불이행,건조,맑음,교차로 - 교차로안,승용,남,60세,상해없음,이륜,남,66세,중상
2023022300100286,2023년 2월 23일 15시,목요일,경상북도 포항시 남구 청림동,중상사고,0,1,0,0,차대차 - 기타,안전운전불이행,건조,맑음,교차로 - 교차로안,승용,여,63세,기타불명,이륜,남,38세,중상
2023022300100313,2023년 2월 23일 16시,목요일,경상북도 경주시 외동읍,경상사고,0,0,1,0,차대차 - 측면충돌,안전운전불이행,건조,맑음,교차로 - 교차로안,승용,여,34세,상해없음,화물,남,48세,경상
2023022300100314,2023년 2월 23일 16시,목요일,경상북도 안동시 안기동,경상사고,0,0,2,0,차대차 - 추돌,안전거리미확보,건조,맑음,단일로 - 기타,화물,남,75세,상해없음,화물,남,44세,경상
2023022300100333,2023년 2월 23일 17시,목요일,경상북도 포항시 남구 장흥동,경상사고,0,0,1,0,차대차 - 측면충돌,안전운전불이행,건조,맑음,교차로 - 교차로안,승용,남,47세,상해없음,승용,여,34세,경상
2023022300100376,2023년 2월 23일 18시,목요일,경상북도 울진군 북면,경상사고,0,0,1,0,차대차 - 후진중충돌,안전운전불이행,건조,맑음,단일로 - 기타,화물,남,69세,상해없음,승용,남,62세,경상
2023022300100377,2023년 2월 23일 18시,목요일,경상북도 포항시 남구 해도동,경상사고,0,0,1,0,차대차 - 측면충돌,교차로운행방법위반,건조,맑음,교차로 - 교차로안,승용,남,37세,상해없음,이륜,남,46세,경상
2023022300100415,2023년 2월 23일 19시,목요일,경상북도 울진군 북면,중상사고,0,1,0,0,차량단독 - 공작물충돌,안전운전불이행,건조,맑음,단일로 - 기타,승용,남,32세,중상,,,,
2023022300100433,2023년 2월 23일 20시,목요일,경상북도 김천시 부곡동,경상사고,0,0,1,0,차대차 - 기타,안전운전불이행,건조,맑음,단일로 - 기타,승용,남,69세,상해없음,승용,남,29세,상해없음
2023022300100434,2023년 2월 23일 20시,목요일,경상북도 구미시 상모동,경상사고,0,0,1,0,차대차 - 추돌,안전운전불이행,건조,맑음,교차로 - 교차로부근,승용,남,28세,상해없음,승용,남,63세,경상
2023022300100474,2023년 2월 23일 22시,목요일,경상북도 경주시 서면,부상신고사고,0,0,0,1,차량단독 - 공작물충돌,안전운전불이행,건조,맑음,단일로 - 기타,승용,남,32세,부상신고,,,,
2023022300100485,2023년 2월 23일 23시,목요일,경상북도 경산시 진량읍,중상사고,0,1,0,0,차대사람 - 횡단중,안전운전불이행,건조,맑음,단일로 - 기타,승용,남,22세,상해없음,보행자,남,65세,중상
2023022300100486,2023년 2월 23일 23시,목요일,경상북도 포항시 남구 상도동,경상사고,0,0,1,0,차대사람 - 차도통행중,안전운전불이행,건조,맑음,교차로 - 교차로안,승용,여,59세,상해없음,보행자,남,51세,경상
2023022400100005,2023년 2월 24일 00시,금요일,경상북도 포항시 남구 이동,경상사고,0,0,3,0,차대차 - 추돌,안전운전불이행,건조,맑음,교차로 - 교차로부근,승용,남,42세,경상,승용,남,54세,경상
2023022400100037,2023년 2월 24일 05시,금요일,경상북도 구미시 선산읍,경상사고,0,0,1,0,차량단독 - 공작물충돌,안전운전불이행,건조,맑음,단일로 - 기타,승용,남,47세,경상,,,,
2023022400100128,2023년 2월 24일 09시,금요일,경상북도 포항시 남구 효자동,중상사고,0,1,0,0,차대차 - 측면충돌,안전운전불이행,건조,맑음,교차로 - 교차로횡단보도내,자전거,여,41세,중상,승합,남,45세,상해없음
2023022400100163,2023년 2월 24일 10시,금요일,경상북도 경주시 안강읍,경상사고,0,0,2,0,차대차 - 추돌,중앙선침범,건조,맑음,교차로 - 교차로부근,화물,남,63세,상해없음,승용,여,53세,경상
2023022400100195,2023년 2월 24일 11시,금요일,경상북도 포항시 남구 오천읍,경상사고,0,0,1,0,차대차 - 측면충돌,안전운전불이행,건조,맑음,교차로 - 교차로부근,화물,남,35세,상해없음,승용,여,25세,경상
2023022400100219,2023년 2월 24일 12시,금요일,경상북도 경주시 동부동,경상사고,0,0,1,0,차대차 - 측면충돌,안전운전불이행,건조,맑음,교차로 - 교차로안,승용,남,53세,상해없음,승용,여,48세,경상
2023022400100220,2023년 2월 24일 12시,금요일,경상북도 포항시 북구 흥해읍,경상사고,0,0,2,0,차대차 - 추돌,안전운전불이행,건조,맑음,교차로 - 교차로부근,승용,남,54세,상해없음,승용,여,47세,경상
2023022400100221,2023년 2월 24일 12시,금요일,경상북도 구미시 임은동,경상사고,0,0,4,0,차대차 - 측면충돌,직진우회전진행방해,건조,맑음,교차로 - 교차로안,승용,여,50세,경상,승용,여,53세,경상
2023022400100255,2023년 2월 24일 13시,금요일,경상북도 경주시 천군동,경상사고,0,0,1,0,차대차 - 측면충돌,안전운전불이행,건조,맑음,단일로 - 기타,승용,남,26세,상해없음,승합,남,65세,경상
2023022400100256,2023년 2월 24일 13시,금요일,경상북도 경주시 성건동,중상사고,0,1,0,0,차대차 - 측면충돌,안전운전불이행,건조,맑음,교차로 - 교차로횡단보도내,승용,남,65세,상해없음,자전거,여,60세,중상
2023022400100278,2023년 2월 24일 14시,금요일,경상북도 김천시 율곡동,경상사고,0,0,2,0,차대차 - 측면충돌,교차로운행방법위반,건조,맑음,교차로 - 교차로안,승용,여,48세,상해없음,화물,남,62세,경상
2023022400100279,2023년 2월 24일 14시,금요일,경상북도 봉화군 춘양면,중상사고,0,2,0,0,차량단독 - 공작물충돌,안전운전불이행,건조,맑음,기타 - 기타,승용,여,62세,중상,,,,
2023022400100311,2023년 2월 24일 15시,금요일,경상북도 봉화군 물야면,사망사고,1,0,0,0,차대사람 - 기타,안전운전불이행,서리/결빙,맑음,단일로 - 기타,승용,여,59세,상해없음,보행자,남,82세,사망
2023022400100347,2023년 2월 24일 16시,금요일,경상북도 문경시 점촌동,경상사고,0,0,1,0,차량단독 - 공작물충돌,안전운전불이행,건조,맑음,단일로 - 기타,화물,남,57세,경상,,,,
2023022400100348,2023년 2월 24일 16시,금요일,경상북도 성주군 가천면,경상사고,0,0,1,0,차대사람 - 기타,안전운전불이행,건조,맑음,단일로 - 기타,화물,남,61세,상해없음,보행자,남,10세,경상
2023022400100388,2023년 2월 24일 17시,금요일,경상북도 포항시 북구 죽도동,경상사고,0,0,1,0,차대차 - 측면충돌,안전운전불이행,건조,맑음,기타 - 기타,승용,남,72세,상해없음,승용,여,40세,경상
2023022400100389,2023년 2월 24일 17시,금요일,경상북도 안동시 운흥동,사망사고,1,0,0,0,차대차 - 기타,안전운전불이행,건조,맑음,교차로 - 교차로안,승용,남,84세,상해없음,이륜,남,49세,사망
2023022400100422,2023년 2월 24일 18시,금요일,경상북도 경주시 내남면,경상사고,0,0,1,0,차대차 - 기타,신호위반,건조,맑음,교차로 - 교차로안,화물,남,59세,상해없음,승용,남,31세,경상