사고번호,사고일시,요일,시군구,사고내용,사망자수,중상자수,경상자수,부상신고자수,사고유형,법규위반,노면상태,기상상태,도로형태,가해운전자 차종,가해운전자 성별,가해운전자 연령,가해운전자 상해정도,피해운전자 차종,피해운전자 성별,피해운전자 연령,피해운전자 상해정도
2023031400100258,2023년 3월 14일 13시,화요일,경상북도 김천시 어모면,중상사고,0,1,2,0,차대차 - 측면충돌,직진우회전진행방해,건조,맑음,교차로 - 교차로안,승합,남,30세,경상,승용,남,36세,중상
2023031400100287,2023년 3월 14일 14시,화요일,경상북도 안동시 옥동,경상사고,0,0,2,0,차대차 - 기타,안전운전불이행,건조,맑음,단일로 - 기타,승용,여,55세,상해없음,승용,여,49세,경상
2023031400100288,2023년 3월 14일 14시,화요일,경상북도 포항시 남구 대송면,경상사고,0,0,1,0,차대차 - 정면충돌,안전운전불이행,건조,맑음,단일로 - 지하차도(도로)내,화물,남,55세,상해없음,건설기계,남,39세,경상
2023031400100331,2023년 3월 14일 15시,화요일,경상북도 포항시 북구 죽도동,경상사고,0,0,1,0,차대차 - 측면충돌,신호위반,건조,맑음,교차로 - 교차로부근,승용,여,30세,상해없음,승용,여,62세,경상
2023031400100332,2023년 3월 14일 15시,화요일,경상북도 예천군 호명면,중상사고,0,1,0,0,차대차 - 측면충돌,중앙선침범,건조,맑음,교차로 - 교차로부근,화물,남,20세,상해없음,이륜,남,81세,중상
2023031400100333,2023년 3월 14일 15시,화요일,경상북도 구미시 양호동,경상사고,0,0,1,1,차대차 - 추돌,중앙선침범,건조,맑음,교차로 - 교차로안,승용,여,66세,부상신고,승용,남,38세,경상
2023031400100374,2023년 3월 14일 16시,화요일,경상북도 김천시 감호동,중상사고,0,1,0,0,차대차 - 측면충돌,안전운전불이행,건조,맑음,교차로 - 교차로횡단보도내,승용,남,62세,상해없음,자전거,여,76세,중상
2023031400100375,2023년 3월 14일 16시,화요일,경상북도 구미시 구포동,경상사고,0,0,3,0,차대차 - 측면충돌,안전거리미확보,건조,맑음,단일로 - 기타,승용,남,37세,상해없음,승용,남,29세,경상
2023031400100434,2023년 3월 14일 17시,화요일,경상북도 안동시 평화동,부상신고사고,0,0,0,1,차대차 - 정면충돌,안전운전불이행,건조,맑음,교차로 - 교차로부근,자전거,여,10세,부상신고,승용,여,47세,상해없음
2023031400100435,2023년 3월 14일 17시,화요일,경상북도 포항시 남구 연일읍,경상사고,0,0,2,0,차대차 - 추돌,안전운전불이행,건조,맑음,단일로 - 교량,화물,남,73세,경상,승용,남,39세,경상
2023031400100436,2023년 3월 14일 17시,화요일,경상북도 포항시 남구 오천읍,경상사고,0,0,1,0,차대차 - 기타,안전운전불이행,건조,맑음,단일로 - 기타,승용,남,59세,기타불명,승용,남,22세,경상
2023031400100475,2023년 3월 14일 18시,화요일,경상북도 경주시 외동읍,중상사고,0,1,0,0,차량단독 - 기타,안전운전불이행,건조,맑음,단일로 - 기타,화물,남,60세,중상,,,,
2023031400100520,2023년 3월 14일 19시,화요일,경상북도 경산시 중산동,경상사고,0,0,1,0,차대사람 - 차도통행중,안전운전불이행,건조,맑음,교차로 - 교차로부근,화물,남,62세,상해없음,보행자,남,79세,경상
2023031400100521,2023년 3월 14일 19시,화요일,경상북도 포항시 남구 해도동,경상사고,0,0,1,0,차대사람 - 기타,교차로운행방법위반,건조,맑음,교차로 - 교차로안,승용,남,65세,상해없음,보행자,여,68세,경상
2023031400100561,2023년 3월 14일 21시,화요일,경상북도 경주시 천북면,경상사고,0,0,2,0,차대차 - 측면충돌,안전거리미확보,건조,맑음,단일로 - 기타,승용,남,45세,경상,승용,남,33세,경상
2023031400100576,2023년 3월 14일 22시,화요일,경상북도 구미시 신평동,경상사고,0,0,1,1,차대차 - 측면충돌,안전운전불이행,건조,맑음,단일로 - 기타,승용,남,25세,부상신고,승용,남,44세,상해없음
2023031400100597,2023년 3월 14일 23시,화요일,경상북도 경산시 중산동,경상사고,0,0,1,0,차대차 - 측면충돌,안전운전불이행,건조,맑음,단일로 - 기타,승용,남,26세,상해없음,승용,여,52세,경상
2023031500100015,2023년 3월 15일 01시,수요일,경상북도 포항시 북구 학산동,경상사고,0,0,1,0,차대차 - 추돌,안전운전불이행,건조,흐림,교차로 - 교차로부근,승용,남,29세,상해없음,승용,여,52세,경상
2023031500100036,2023년 3월 15일 05시,수요일,경상북도 구미시 공단동,사망사고,1,0,1,0,차대차 - 기타,직진우회전진행방해,건조,맑음,교차로 - 교차로안,승용,남,60세,경상,화물,남,53세,사망
2023031500100068,2023년 3월 15일 07시,수요일,경상북도 포항시 북구 득량동,중상사고,0,1,0,0,차대사람 - 횡단중,보행자보호의무위반,건조,맑음,기타 - 기타,승용,남,38세,상해없음,보행자,여,46세,중상
2023031500100069,2023년 3월 15일 07시,수요일,경상북도 포항시 북구 장성동,경상사고,0,0,1,0,차대차 - 기타,안전운전불이행,건조,맑음,단일로 - 기타,화물,남,72세,상해없음,승용,여,35세,경상
2023031500100070,2023년 3월 15일 07시,수요일,경상북도 상주시 외답동,경상사고,0,0,1,0,차대차 - 추돌,안전운전불이행,건조,맑음,단일로 - 기타,승용,여,40세,상해없음,이륜,여,73세,경상
2023031500100071,2023년 3월 15일 07시,수요일,경상북도 구미시 인의동,경상사고,0,0,1,0,차대차 - 기타,안전운전불이행,건조,맑음,교차로 - 교차로안,특수,남,65세,상해없음,승용,여,26세,경상
2023031500100103,2023년 3월 15일 08시,수요일,경상북도 영천시 대전동,중상사고,0,1,0,0,차대차 - 정면충돌,중앙선침범,건조,맑음,단일로 - 기타,승용,여,43세,상해없음,화물,남,75세,중상
2023031500100104,2023년 3월 15일 08시,수요일,경상북도 문경시 흥덕동,중상사고,0,1,2,0,차대차 - 기타,중앙선침범,건조,맑음,교차로 - 교차로부근,승용,여,66세,경상,승용,남,46세,중상
2023031500100105,2023년 3월 15일 08시,수요일,경상북도 성주군 성주읍,중상사고,0,1,0,0,차대차 - 기타,신호위반,건조,맑음,교차로 - 교차로안,승용,여,40세,상해없음,자전거,여,54세,중상
2023031500100137,2023년 3월 15일 09시,수요일,경상북도 칠곡군 석적읍,경상사고,0,0,1,1,차대차 - 측면충돌,안전운전불이행,건조,맑음,단일로 - 기타,화물,남,52세,부상신고,승합,남,52세,경상
2023031500100138,2023년 3월 15일 09시,수요일,경상북도 청도군 매전면,중상사고,0,1,0,0,차대차 - 측면충돌,안전운전불이행,건조,맑음,단일로 - 기타,화물,남,49세,상해없음,자전거,남,85세,중상
2023031500100139,2023년 3월 15일 09시,수요일,경상북도 울진군 후포면,경상사고,0,0,1,0,차대사람 - 횡단중,안전운전불이행,건조,맑음,단일로 - 기타,승용,남,47세,상해없음,보행자,남,91세,경상
2023031500100140,2023년 3월 15일 09시,수요일,경상북도 포항시 남구 해도동,경상사고,0,0,3,0,차대차 - 측면충돌,중앙선침범,건조,맑음,단일로 - 고가도로위,승용,남,67세,경상,승용,남,61세,경상
2023031500100141,2023년 3월 15일 09시,수요일,경상북도 포항시 남구 이동,경상사고,0,0,1,0,차대차 - 추돌,안전거리미확보,건조,맑음,교차로 - 교차로부근,승용,여,43세,상해없음,원동기,남,36세,경상
2023031500100168,2023년 3월 15일 10시,수요일,경상북도 경주시 현곡면,경상사고,0,0,1,0,차량단독 - 기타,안전운전불이행,건조,맑음,교차로 - 교차로부근,승용,남,49세,상해없음,,,,
2023031500100169,2023년 3월 15일 10시,수요일,경상북도 포항시 남구 연일읍,경상사고,0,0,2,0,차대차 - 측면충돌,차로위반,건조,맑음,단일로 - 기타,승용,여,40세,상해없음,승용,남,30세,경상
2023031500100170,2023년 3월 15일 10시,수요일,경상북도 영천시 북안면,중상사고,0,1,1,0,차대차 - 측면충돌,안전운전불이행,건조,맑음,단일로 - 고가도로위,승용,남,38세,중상,화물,남,49세,경상
2023031500100195,2023년 3월 15일 11시,수요일,경상북도 고령군 다산면,중상사고,0,1,0,0,차대차 - 기타,안전운전불이행,건조,맑음,교차로 - 교차로안,화물,남,57세,상해없음,화물,남,68세,중상
2023031500100217,2023년 3월 15일 12시,수요일,경상북도 의성군 안계면,중상사고,0,1,0,0,차대차 - 측면충돌,신호위반,건조,맑음,교차로 - 교차로안,이륜,여,74세,중상,승용,남,69세,상해없음
2023031500100218,2023년 3월 15일 12시,수요일,경상북도 칠곡군 왜관읍,경상사고,0,0,1,0,차대차 - 기타,기타,건조,맑음,단일로 - 기타,특수,남,53세,상해없음,화물,남,53세,경상
2023031500100247,2023년 3월 15일 13시,수요일,경상북도 문경시 마성면,경상사고,0,0,1,0,차대차 - 측면충돌,안전운전불이행,건조,맑음,단일로 - 교량,화물,남,57세,경상,승용,남,64세,상해없음
2023031500100248,2023년 3월 15일 13시,수요일,경상북도 경산시 대동,경상사고,0,0,1,0,차대사람 - 기타,안전운전불이행,건조,맑음,단일로 - 지하차도(도로)내,승용,여,24세,상해없음,보행자,여,60세,경상
2023031500100297,2023년 3월 15일 15시,수요일,경상북도 군위군 의흥면,경상사고,0,0,1,0,차대차 - 후진중충돌,안전운전불이행,건조,맑음,단일로 - 기타,화물,남,54세,상해없음,화물,남,46세,경상
2023031500100298,2023년 3월 15일 15시,수요일,경상북도 구미시 임은동,경상사고,0,0,1,0,차대차 - 측면충돌,직진우회전진행방해,건조,흐림,교차로 - 교차로안,승용,여,28세,상해없음,화물,남,38세,경상
2023031500100333,2023년 3월 15일 16시,수요일,경상북도 김천시 부곡동,중상사고,0,2,1,0,차대차 - 측면충돌,신호위반,건조,맑음,교차로 - 교차로안,승합,남,34세,상해없음,화물,남,63세,중상
2023031500100334,2023년 3월 15일 16시,수요일,경상북도 경산시 사동,경상사고,0,0,2,0,차대차 - 기타,안전운전불이행,건조,맑음,단일로 - 기타,화물,남,62세,상해없음,승합,여,43세,경상
2023031500100364,2023년 3월 15일 17시,수요일,경상북도 예천군 예천읍,중상사고,0,1,0,0,차대차 - 추돌,안전운전불이행,건조,맑음,교차로 - 교차로부근,화물,남,51세,상해없음,농기계,남,74세,중상
2023031500100365,2023년 3월 15일 17시,수요일,경상북도 고령군 대가야읍,경상사고,0,0,1,0,차대차 - 추돌,안전운전불이행,건조,맑음,기타 - 기타,승용,남,74세,상해없음,화물,남,65세,경상
2023031500100440,2023년 3월 15일 19시,수요일,경상북도 경주시 천군동,경상사고,0,0,4,0,차대차 - 측면충돌,신호위반,건조,맑음,교차로 - 교차로안,승용,여,54세,상해없음,승용,여,38세,경상
2023031500100441,2023년 3월 15일 19시,수요일,경상북도 포항시 북구 덕수동,중상사고,0,1,0,0,차대사람 - 횡단중,보행자보호의무위반,건조,맑음,교차로 - 교차로횡단보도내,승용,여,40세,상해없음,보행자,여,16세,중상
2023031500100442,2023년 3월 15일 19시,수요일,경상북도 김천시 신음동,경상사고,0,0,1,0,차대사람 - 횡단중,보행자보호의무위반,건조,맑음,교차로 - 교차로횡단보도내,승용,남,56세,상해없음,보행자,여,58세,경상
2023031500100502,2023년 3월 15일 21시,수요일,경상북도 포항시 남구 오천읍,경상사고,0,0,1,0,차대사람 - 횡단중,보행자보호의무위반,건조,맑음,단일로 - 고가도로위,승용,여,55세,상해없음,보행자,여,23세,경상
2023031500100536,2023년 3월 15일 23시,수요일,경상북도 청도군 각남면,중상사고,0,1,1,0,차대차 - 추돌,안전운전불이행,건조,맑음,단일로 - 기타,승합,남,65세,중상,화물,남,45세,경상
2023031600100026,2023년 3월 16일 04시,목요일,경상북도 경주시 감포읍,경상사고,0,0,2,0,차대차 - 정면충돌,중앙선침범,건조,맑음,단일로 - 기타,승용,여,23세,상해없음,승용,여,22세,경상
2023031600100041,2023년 3월 16일 06시,목요일,경상북도 칠곡군 왜관읍,경상사고,0,0,1,0,차대차 - 측면충돌,안전거리미확보,건조,맑음,단일로 - 기타,승용,남,76세,상해없음,승용,여,62세,경상
2023031600100065,2023년 3월 16일 07시,목요일,경상북도 칠곡군 가산면,중상사고,0,1,0,0,차대차 - 측면충돌,안전운전불이행,건조,맑음,교차로 - 교차로안,승용,여,53세,상해없음,화물,남,52세,중상
2023031600100100,2023년 3월 16일 08시,목요일,경상북도 경산시 대평동,경상사고,0,0,1,0,차대차 - 기타,신호위반,건조,맑음,단일로 - 기타,승합,남,75세,상해없음,자전거,남,68세,경상
2023031600100101,2023년 3월 16일 08시,목요일,경상북도 포항시 남구 오천읍,경상사고,0,0,2,0,차대차 - 측면충돌,기타,건조,맑음,교차로 - 교차로안,승용,남,36세,경상,승용,남,45세,경상
2023031600100161,2023년 3월 16일 10시,목요일,경상북도 김천시 율곡동,경상사고,0,0,2,0,차대차 - 측면충돌,신호위반,건조,맑음,교차로 - 교차로안,승용,남,51세,상해없음,승용,여,26세,경상
2023031600100162,2023년 3월 16일 10시,목요일,경상북도 영덕군 강구면,경상사고,0,0,6,0,차대차 - 측면충돌,신호위반,건조,맑음,교차로 - 교차로안,건설기계,남,65세,경상,화물,남,51세,경상
2023031600100207,2023년 3월 16일 12시,목요일,경상북도 김천시 율곡동,경상사고,0,0,2,0,차대차 - 측면충돌,신호위반,건조,맑음,교차로 - 교차로안,승용,여,53세,상해없음,화물,여,56세,경상
2023031600100208,2023년 3월 16일 12시,목요일,경상북도 성주군 성주읍,중상사고,0,1,0,0,차대차 - 측면충돌,안전거리미확보,건조,맑음,단일로 - 기타,이륜,남,47세,중상,승용,여,40세,상해없음
2023031600100209,2023년 3월 16일 12시,목요일,경상북도 포항시 남구 해도동,경상사고,0,0,1,0,차대차 - 측면충돌,신호위반,건조,맑음,교차로 - 교차로안,승용,남,59세,상해없음,화물,남,67세,경상
2023031600100210,2023년 3월 16일 12시,목요일,경상북도 포항시 남구 대도동,경상사고,0,0,1,0,차대차 - 측면충돌,안전운전불이행,건조,맑음,단일로 - 기타,화물,남,55세,상해없음,승용,여,64세,경상
2023031600100260,2023년 3월 16일 14시,목요일,경상북도 안동시 풍산읍,경상사고,0,0,1,1,차대차 - 측면충돌,교차로운행방법위반,건조,맑음,교차로 - 교차로안,승용,여,58세,부상신고,승용,남,37세,경상
2023031600100261,2023년 3월 16일 14시,목요일,경상북도 영주시 하망동,중상사고,0,1,0,0,차대차 - 기타,안전운전불이행,건조,맑음,단일로 - 기타,자전거,남,82세,중상,승용,여,50세,상해없음
2023031600100262,2023년 3월 16일 14시,목요일,경상북도 경산시 중방동,경상사고,0,0,1,0,차대사람 - 기타,안전운전불이행,건조,맑음,교차로 - 교차로안,승용,남,34세,상해없음,보행자,남,70세,경상
2023031600100263,2023년 3월 16일 14시,목요일,경상북도 구미시 형곡동,경상사고,0,0,1,0,차대차 - 기타,안전운전불이행,건조,맑음,교차로 - 교차로안,승용,여,63세,상해없음,이륜,남,39세,경상
2023031600100264,2023년 3월 16일 14시,목요일,경상북도 포항시 남구 효자동,중상사고,0,1,1,0,차대차 - 측면충돌,안전운전불이행,건조,맑음,단일로 - 지하차도(도로)내,화물,여,51세,경상,이륜,남,68세,중상
2023031600100294,2023년 3월 16일 15시,목요일,경상북도 경주시 내남면,경상사고,0,0,1,0,차대차 - 추돌,안전거리미확보,건조,맑음,교차로 - 교차로부근,건설기계,남,40세,상해없음,건설기계,남,40세,경상
2023031600100329,2023년 3월 16일 16시,목요일,경상북도 청도군 청도읍,중상사고,0,1,2,0,차대차 - 추돌,안전운전불이행,건조,맑음,단일로 - 기타,승합,남,56세,상해없음,화물,남,50세,중상
2023031600100361,2023년 3월 16일 17시,목요일,경상북도 포항시 북구 장성동,경상사고,0,0,1,0,차대차 - 후진중충돌,안전운전불이행,건조,맑음,단일로 - 기타,화물,남,35세,상해없음,화물,남,60세,경상
2023031600100362,2023년 3월 16일 17시,목요일,경상북도 안동시 일직면,경상사고,0,0,2,0,차대차 - 정면충돌,중앙선침범,건조,맑음,단일로 - 기타,이륜,남,80세,경상,이륜,남,65세,경상
2023031600100363,2023년 3월 16일 17시,목요일,경상북도 문경시 공평동,중상사고,0,1,0,0,차대차 - 정면충돌,안전운전불이행,건조,맑음,교차로 - 교차로안,개인형이동수단(PM),남,67세,중상,화물,남,48세,상해없음
2023031600100364,2023년 3월 16일 17시,목요일,경상북도 성주군 성주읍,경상사고,0,0,1,0,차대사람 - 기타,안전운전불이행,건조,맑음,단일로 - 기타,승용,여,25세,상해없음,보행자,여,83세,경상
2023031600100365,2023년 3월 16일 17시,목요일,경상북도 포항시 남구 상도동,경상사고,0,0,1,0,차대차 - 측면충돌,중앙선침범,건조,맑음,단일로 - 기타,승용,남,29세,상해없음,승용,남,28세,경상
2023031600100394,2023년 3월 16일 18시,목요일,경상북도 영천시 야사동,중상사고,0,1,0,0,차대차 - 기타,안전운전불이행,건조,맑음,교차로 - 교차로안,개인형이동수단(PM),남,15세,상해없음,승합,남,67세,상해없음
2023031600100426,2023년 3월 16일 19시,목요일,경상북도 영주시 가흥동,경상사고,0,0,1,0,차대차 - 기타,안전운전불이행,건조,맑음,교차로 - 교차로부근,승용,남,65세,기타불명,원동기,남,33세,경상
2023031600100427,2023년 3월 16일 19시,목요일,경상북도 영천시 금호읍,중상사고,0,1,0,0,차대차 - 추돌,안전운전불이행,건조,맑음,단일로 - 기타,화물,남,44세,상해없음,승용,남,34세,중상
2023031600100428,2023년 3월 16일 19시,목요일,경상북도 성주군 성주읍,경상사고,0,0,1,0,차대차 - 측면충돌,안전운전불이행,건조,맑음,단일로 - 기타,화물,남,69세,상해없음,자전거,여,62세,경상
2023031600100429,2023년 3월 16일 19시,목요일,경상북도 포항시 남구 오천읍,경상사고,0,0,1,0,차대차 - 측면충돌,직진우회전진행방해,건조,맑음,교차로 - 교차로안,건설기계,남,62세,상해없음,승용,여,50세,경상
2023031600100430,2023년 3월 16일 19시,목요일,경상북도 영천시 대창면,경상사고,0,0,1,0,차대차 - 측면충돌,안전거리미확보,건조,맑음,단일로 - 기타,화물,남,41세,상해없음,승용,남,51세,경상
2023031600100454,2023년 3월 16일 20시,목요일,경상북도 경산시 중산동,경상사고,0,0,2,0,차대차 - 기타,안전운전불이행,건조,맑음,교차로 - 교차로부근,승용,여,55세,경상,승용,여,58세,경상
2023031700100047,2023년 3월 17일 06시,금요일,경상북도 경주시 양남면,경상사고,0,0,1,0,차대차 - 추돌,안전운전불이행,건조,맑음,단일로 - 기타,승용,남,56세,상해없음,승용,남,45세,경상
2023031700100065,2023년 3월 17일 07시,금요일,경상북도 상주시 함창읍,중상사고,0,1,0,0,차량단독 - 공작물충돌,안전운전불이행,건조,맑음,단일로 - 기타,원동기,남,53세,중상,,,,
2023031700100066,2023년 3월 17일 07시,금요일,경상북도 구미시 광평동,경상사고,0,0,1,0,차대사람 - 횡단중,안전운전불이행,건조,맑음,단일로 - 기타,승용,남,37세,상해없음,보행자,남,9세,경상
2023031700100103,2023년 3월 17일 08시,금요일,경상북도 경주시 북부동,경상사고,0,0,1,0,차대차 - 추돌,안전운전불이행,건조,맑음,교차로 - 교차로부근,화물,여,69세,상해없음,화물,남,55세,경상
2023031700100104,2023년 3월 17일 08시,금요일,경상북도 구미시 봉곡동,중상사고,0,1,0,0,차대차 - 측면충돌,신호위반,건조,맑음,단일로 - 기타,화물,남,66세,상해없음,승합,남,58세,중상
2023031700100105,2023년 3월 17일 08시,금요일,경상북도 포항시 남구 오천읍,경상사고,0,0,1,0,차대차 - 기타,교차로운행방법위반,건조,맑음,교차로 - 교차로안,승용,여,51세,기타불명,승용,여,41세,경상
2023031700100135,2023년 3월 17일 09시,금요일,경상북도 포항시 북구 덕수동,경상사고,0,0,1,0,차대차 - 측면충돌,교차로운행방법위반,건조,맑음,교차로 - 교차로부근,승용,남,59세,상해없음,승용,남,56세,경상
2023031700100193,2023년 3월 17일 11시,금요일,경상북도 구미시 송정동,중상사고,0,1,0,0,차대차 - 기타,안전운전불이행,건조,맑음,단일로 - 기타,승용,남,29세,상해없음,자전거,남,66세,중상
2023031700100219,2023년 3월 17일 12시,금요일,경상북도 포항시 북구 죽도동,경상사고,0,0,1,0,차대사람 - 기타,안전운전불이행,건조,맑음,단일로 - 기타,승용,남,73세,상해없음,보행자,여,67세,경상
2023031700100286,2023년 3월 17일 14시,금요일,경상북도 포항시 남구 상도동,경상사고,0,0,1,0,차대차 - 측면충돌,안전운전불이행,건조,맑음,단일로 - 기타,화물,남,62세,기타불명,화물,남,31세,경상
2023031700100287,2023년 3월 17일 14시,금요일,경상북도 포항시 남구 상도동,경상사고,0,0,1,1,차대차 - 측면충돌,신호위반,건조,맑음,교차로 - 교차로횡단보도내,승용,남,78세,부상신고,승용,여,32세,경상
2023031700100310,2023년 3월 17일 15시,금요일,경상북도 안동시 용상동,부상신고사고,0,0,0,1,차대차 - 기타,안전운전불이행,건조,맑음,교차로 - 교차로부근,승용,여,55세,상해없음,이륜,남,51세,부상신고
2023031700100311,2023년 3월 17일 15시,금요일,경상북도 김천시 신음동,경상사고,0,0,1,0,차대차 - 측면충돌,신호위반,건조,맑음,교차로 - 교차로안,화물,남,78세,상해없음,승용,여,41세,경상
2023031700100343,2023년 3월 17일 16시,금요일,경상북도 포항시 남구 오천읍,경상사고,0,0,1,0,차대사람 - 횡단중,보행자보호의무위반,건조,맑음,교차로 - 교차로횡단보도내,승용,여,37세,상해없음,보행자,남,2세,경상
2023031700100381,2023년 3월 17일 17시,금요일,경상북도 경주시 사정동,경상사고,0,0,2,0,차대차 - 기타,안전거리미확보,건조,맑음,교차로 - 교차로부근,화물,남,48세,상해없음,승용,여,24세,경상
2023031700100382,2023년 3월 17일 17시,금요일,경상북도 포항시 북구 흥해읍,경상사고,0,0,1,0,차대차 - 측면충돌,안전운전불이행,건조,맑음,교차로 - 교차로부근,이륜,남,24세,상해없음,승용,남,42세,경상
2023031700100383,2023년 3월 17일 17시,금요일,경상북도 김천시 부곡동,중상사고,0,1,0,0,차대차 - 측면충돌,안전운전불이행,건조,맑음,교차로 - 교차로횡단보도내,화물,여,53세,상해없음,자전거,남,75세,중상
2023031700100437,2023년 3월 17일 18시,금요일,경상북도 문경시 영순면,중상사고,0,1,0,0,차대차 - 측면충돌,안전운전불이행,건조,맑음,단일로 - 기타,특수,남,47세,상해없음,원동기,남,78세,중상
2023031700100438,2023년 3월 17일 18시,금요일,경상북도 상주시 낙상동,경상사고,0,0,1,0,차대차 - 추돌,안전운전불이행,건조,맑음,단일로 - 터널,승용,남,41세,상해없음,승용,남,35세,경상
2023031700100560,2023년 3월 17일 22시,금요일,경상북도 경주시 동천동,중상사고,0,1,0,0,차량단독 - 기타,안전운전불이행,건조,맑음,교차로 - 교차로안,승용,남,53세,상해없음,,,,
2023031700100561,2023년 3월 17일 22시,금요일,경상북도 안동시 풍산읍,사망사고,1,0,3,0,차대차 - 추돌,안전운전불이행,건조,맑음,교차로 - 교차로부근,승용,여,42세,사망,승합,남,54세,경상
2023031800100046,2023년 3월 18일 07시,토요일,경상북도 울진군 평해읍,경상사고,0,0,1,0,차대사람 - 길가장자리구역통행중,안전운전불이행,건조,맑음,단일로 - 기타,승용,여,66세,상해없음,보행자,남,43세,경상
2023031800100101,2023년 3월 18일 10시,토요일,경상북도 경주시 현곡면,경상사고,0,0,1,0,차대차 - 측면충돌,안전운전불이행,건조,맑음,교차로 - 교차로부근,승용,남,73세,상해없음,이륜,남,51세,경상
2023031800100102,2023년 3월 18일 10시,토요일,경상북도 칠곡군 왜관읍,경상사고,0,0,3,0,차대차 - 측면충돌,안전운전불이행,건조,맑음,주차장 - 주차장,화물,남,60세,상해없음,승용,여,69세,상해없음
2023031800100103,2023년 3월 18일 10시,토요일,경상북도 구미시 선산읍,경상사고,0,0,2,0,차대차 - 기타,안전운전불이행,건조,맑음,교차로 - 교차로안,승용,여,62세,상해없음,승용,여,45세,경상
2023031800100140,2023년 3월 18일 11시,토요일,경상북도 포항시 북구 우현동,경상사고,0,0,1,0,차대차 - 기타,안전운전불이행,건조,맑음,단일로 - 기타,승용,남,37세,상해없음,승용,여,56세,경상
2023031800100141,2023년 3월 18일 11시,토요일,경상북도 포항시 남구 오천읍,경상사고,0,0,1,0,차대차 - 기타,신호위반,건조,맑음,교차로 - 교차로안,이륜,남,47세,경상,승용,남,42세,상해없음
2023031800100181,2023년 3월 18일 12시,토요일,경상북도 경주시 황오동,경상사고,0,0,1,0,차대사람 - 횡단중,보행자보호의무위반,건조,맑음,교차로 - 교차로횡단보도내,승용,남,26세,상해없음,보행자,여,31세,경상
2023031800100182,2023년 3월 18일 12시,토요일,경상북도 영천시 금호읍,중상사고,0,1,0,0,차대차 - 측면충돌,안전운전불이행,건조,맑음,교차로 - 교차로부근,승용,남,64세,상해없음,이륜,남,55세,중상
2023031800100228,2023년 3월 18일 13시,토요일,경상북도 포항시 남구 대잠동,경상사고,0,0,1,0,차대사람 - 횡단중,신호위반,건조,맑음,교차로 - 교차로횡단보도내,이륜,남,61세,상해없음,보행자,여,28세,경상
2023031800100263,2023년 3월 18일 14시,토요일,경상북도 안동시 태화동,경상사고,0,0,2,0,차대차 - 추돌,안전운전불이행,건조,맑음,교차로 - 교차로부근,승용,남,68세,상해없음,승용,남,51세,경상
2023031800100264,2023년 3월 18일 14시,토요일,경상북도 문경시 모전동,경상사고,0,0,1,0,차대차 - 측면충돌,안전운전불이행,건조,맑음,교차로 - 교차로안,승용,남,61세,상해없음,이륜,남,44세,경상
2023031800100265,2023년 3월 18일 14시,토요일,경상북도 성주군 성주읍,중상사고,0,1,0,0,차량단독 - 전도전복 - 전도,안전운전불이행,건조,맑음,단일로 - 기타,원동기,남,16세,상해없음,,,,
2023031800100305,2023년 3월 18일 15시,토요일,경상북도 상주시 청리면,경상사고,0,0,2,0,차대차 - 기타,교차로운행방법위반,건조,맑음,교차로 - 교차로안,승용,남,58세,상해없음,승용,남,39세,경상
2023031800100306,2023년 3월 18일 15시,토요일,경상북도 칠곡군 석적읍,중상사고,0,1,0,0,차대사람 - 횡단중,안전운전불이행,건조,맑음,단일로 - 지하차도(도로)내,자전거,여,28세,상해없음,보행자,여,63세,중상
2023031800100383,2023년 3월 18일 17시,토요일,경상북도 의성군 사곡면,경상사고,0,0,2,0,차대차 - 측면충돌,직진우회전진행방해,건조,맑음,교차로 - 교차로안,승용,여,54세,상해없음,승용,남,49세,경상
2023031800100414,2023년 3월 18일 18시,토요일,경상북도 경산시 정평동,중상사고,0,1,0,0,차대사람 - 차도통행중,안전운전불이행,건조,맑음,기타 - 기타,승용,여,71세,상해없음,보행자,여,9세,중상
2023031800100481,2023년 3월 18일 20시,토요일,경상북도 포항시 북구 두호동,경상사고,0,0,1,0,차대차 - 기타,안전운전불이행,건조,맑음,단일로 - 기타,승용,남,18세,상해없음,원동기,남,43세,경상
2023031800100482,2023년 3월 18일 20시,토요일,경상북도 영덕군 강구면,중상사고,0,1,0,0,차대차 - 측면충돌,안전운전불이행,건조,맑음,단일로 - 기타,승용,남,63세,상해없음,승용,남,44세,상해없음
2023031800100504,2023년 3월 18일 21시,토요일,경상북도 경산시 사동,경상사고,0,0,4,0,차대차 - 추돌,안전운전불이행,건조,맑음,교차로 - 교차로부근,승용,여,30세,상해없음,승용,남,39세,경상
2023031800100524,2023년 3월 18일 22시,토요일,경상북도 상주시 외남면,경상사고,0,0,1,0,차량단독 - 도로외이탈 - 추락,안전운전불이행,건조,맑음,단일로 - 기타,화물,남,30세,경상,,,,
2023031900100006,2023년 3월 19일 00시,일요일,경상북도 경산시 중방동,경상사고,0,0,1,0,차대차 - 측면충돌,신호위반,건조,맑음,교차로 - 교차로안,승용,여,45세,상해없음,승용,남,36세,경상