사고번호,사고일시,요일,시군구,사고내용,사망자수,중상자수,경상자수,부상신고자수,사고유형,법규위반,노면상태,기상상태,도로형태,가해운전자 차종,가해운전자 성별,가해운전자 연령,가해운전자 상해정도,피해운전자 차종,피해운전자 성별,피해운전자 연령,피해운전자 상해정도
2023032300100231,2023년 3월 23일 12시,목요일,경상북도 경주시 안강읍,경상사고,0,0,1,0,차대차 - 측면충돌,신호위반,젖음/습기,비,교차로 - 교차로안,화물,남,78세,상해없음,승합,남,51세,경상
2023032300100232,2023년 3월 23일 12시,목요일,경상북도 포항시 북구 흥해읍,중상사고,0,1,0,0,차대차 - 기타,안전운전불이행,건조,맑음,단일로 - 기타,화물,남,60세,상해없음,승용,여,60세,중상
2023032300100255,2023년 3월 23일 13시,목요일,경상북도 울진군 울진읍,부상신고사고,0,0,0,1,차대차 - 후진중충돌,안전운전불이행,젖음/습기,흐림,교차로 - 교차로부근,승용,남,76세,상해없음,승용,여,52세,부상신고
2023032300100307,2023년 3월 23일 15시,목요일,경상북도 구미시 형곡동,경상사고,0,0,1,0,차대차 - 측면충돌,안전운전불이행,젖음/습기,비,단일로 - 기타,승용,여,75세,기타불명,사륜오토바이(ATV),남,38세,경상
2023032300100357,2023년 3월 23일 16시,목요일,경상북도 경주시 외동읍,경상사고,0,0,1,0,차대차 - 정면충돌,중앙선침범,젖음/습기,비,기타 - 기타,승용,여,52세,상해없음,화물,남,58세,경상
2023032300100358,2023년 3월 23일 16시,목요일,경상북도 포항시 북구 두호동,경상사고,0,0,1,0,차대차 - 측면충돌,중앙선침범,건조,맑음,단일로 - 기타,승용,남,69세,상해없음,승용,여,34세,경상
2023032300100359,2023년 3월 23일 16시,목요일,경상북도 칠곡군 지천면,중상사고,0,1,0,0,차대차 - 추돌,안전운전불이행,건조,맑음,단일로 - 기타,승용,남,55세,상해없음,이륜,남,81세,중상
2023032300100360,2023년 3월 23일 16시,목요일,경상북도 포항시 남구 효자동,경상사고,0,0,1,0,차대차 - 측면충돌,차로위반,젖음/습기,비,단일로 - 기타,승용,여,64세,상해없음,승용,남,38세,경상
2023032300100399,2023년 3월 23일 17시,목요일,경상북도 안동시 풍천면,중상사고,0,1,0,1,차대차 - 추돌,안전운전불이행,건조,맑음,단일로 - 기타,승용,남,64세,부상신고,승용,남,70세,중상
2023032300100400,2023년 3월 23일 17시,목요일,경상북도 영주시 풍기읍,부상신고사고,0,0,0,1,차대차 - 측면충돌,기타,건조,맑음,교차로 - 교차로안,화물,남,65세,부상신고,승용,남,58세,상해없음
2023032300100401,2023년 3월 23일 17시,목요일,경상북도 영주시 풍기읍,경상사고,0,0,1,0,차대사람 - 횡단중,안전운전불이행,건조,맑음,단일로 - 기타,승용,남,83세,상해없음,보행자,남,8세,경상
2023032300100402,2023년 3월 23일 17시,목요일,경상북도 구미시 해평면,중상사고,0,1,0,0,차대차 - 정면충돌,중앙선침범,건조,맑음,단일로 - 기타,승용,남,77세,상해없음,이륜,남,75세,중상
2023032300100442,2023년 3월 23일 18시,목요일,경상북도 경주시 충효동,중상사고,0,1,0,0,차대사람 - 차도통행중,안전운전불이행,건조,맑음,교차로 - 교차로부근,승용,여,41세,상해없음,보행자,남,60세,중상
2023032300100478,2023년 3월 23일 19시,목요일,경상북도 포항시 남구 대잠동,경상사고,0,0,1,2,차량단독 - 공작물충돌,안전운전불이행,건조,맑음,단일로 - 지하차도(도로)내,승용,남,73세,상해없음,,,,
2023032300100511,2023년 3월 23일 20시,목요일,경상북도 칠곡군 왜관읍,경상사고,0,0,1,0,차대차 - 측면충돌,안전운전불이행,건조,맑음,단일로 - 기타,승용,여,61세,상해없음,이륜,남,43세,경상
2023032300100512,2023년 3월 23일 20시,목요일,경상북도 경산시 남산면,경상사고,0,0,1,0,차대차 - 측면충돌,안전운전불이행,건조,기타,교차로 - 교차로안,승용,남,55세,상해없음,승용,여,26세,경상
2023032300100537,2023년 3월 23일 21시,목요일,경상북도 포항시 남구 연일읍,경상사고,0,0,2,0,차대차 - 측면충돌,안전운전불이행,건조,흐림,교차로 - 교차로안,승용,남,73세,경상,승용,여,45세,경상
2023032400100033,2023년 3월 24일 05시,금요일,경상북도 구미시 옥계동,중상사고,0,1,4,0,차대차 - 측면충돌,안전운전불이행,건조,맑음,교차로 - 교차로안,승용,남,38세,기타불명,승합,남,63세,경상
2023032400100047,2023년 3월 24일 06시,금요일,경상북도 포항시 남구 대잠동,경상사고,0,0,1,0,차대차 - 측면충돌,안전운전불이행,건조,맑음,교차로 - 교차로안,화물,남,64세,상해없음,승용,남,61세,경상
2023032400100064,2023년 3월 24일 07시,금요일,경상북도 포항시 남구 해도동,경상사고,0,0,8,0,차대차 - 측면충돌,중앙선침범,건조,맑음,교차로 - 교차로부근,승용,남,21세,상해없음,화물,남,63세,경상
2023032400100105,2023년 3월 24일 08시,금요일,경상북도 경주시 광명동,중상사고,0,1,0,0,차대차 - 측면충돌,직진우회전진행방해,건조,맑음,교차로 - 교차로안,승용,남,73세,상해없음,승용,남,45세,중상
2023032400100106,2023년 3월 24일 08시,금요일,경상북도 포항시 북구 장성동,중상사고,0,1,0,0,차대사람 - 횡단중,안전운전불이행,건조,맑음,교차로 - 교차로안,승합,남,72세,상해없음,보행자,여,78세,중상
2023032400100107,2023년 3월 24일 08시,금요일,경상북도 칠곡군 석적읍,경상사고,0,0,2,0,차대차 - 측면충돌,안전운전불이행,건조,맑음,단일로 - 지하차도(도로)내,화물,남,48세,상해없음,승용,여,45세,경상
2023032400100108,2023년 3월 24일 08시,금요일,경상북도 칠곡군 북삼읍,경상사고,0,0,1,0,차대차 - 후진중충돌,안전운전불이행,건조,맑음,단일로 - 기타,승용,여,23세,상해없음,승용,남,38세,경상
2023032400100144,2023년 3월 24일 09시,금요일,경상북도 포항시 북구 죽도동,중상사고,0,1,0,0,차대차 - 기타,안전운전불이행,건조,맑음,교차로 - 교차로부근,자전거,남,61세,중상,화물,남,49세,상해없음
2023032400100170,2023년 3월 24일 10시,금요일,경상북도 영덕군 영덕읍,경상사고,0,0,1,0,차대사람 - 횡단중,안전운전불이행,건조,맑음,교차로 - 교차로안,화물,남,63세,상해없음,보행자,여,22세,경상
2023032400100171,2023년 3월 24일 10시,금요일,경상북도 포항시 남구 오천읍,경상사고,0,0,2,0,차대차 - 측면충돌,교차로운행방법위반,건조,맑음,교차로 - 교차로안,특수,남,59세,상해없음,승용,남,52세,경상
2023032400100208,2023년 3월 24일 11시,금요일,경상북도 영천시 금호읍,중상사고,0,1,0,0,차대차 - 측면충돌,안전운전불이행,건조,맑음,교차로 - 교차로부근,승용,여,61세,상해없음,이륜,남,80세,중상
2023032400100209,2023년 3월 24일 11시,금요일,경상북도 포항시 남구 오천읍,중상사고,0,6,2,0,차량단독 - 도로외이탈 - 추락,안전운전불이행,건조,맑음,단일로 - 기타,승합,남,69세,경상,,,,
2023032400100240,2023년 3월 24일 12시,금요일,경상북도 경주시 노동동,경상사고,0,0,1,0,차대사람 - 횡단중,안전운전불이행,건조,맑음,단일로 - 기타,이륜,남,29세,상해없음,보행자,남,27세,경상
2023032400100285,2023년 3월 24일 13시,금요일,경상북도 안동시 태화동,경상사고,0,0,1,0,차대사람 - 횡단중,안전운전불이행,건조,맑음,단일로 - 기타,승용,남,46세,상해없음,보행자,여,33세,경상
2023032400100286,2023년 3월 24일 13시,금요일,경상북도 김천시 신음동,중상사고,0,1,0,0,차대차 - 측면충돌,중앙선침범,건조,맑음,단일로 - 기타,승용,여,48세,상해없음,이륜,남,28세,중상
2023032400100287,2023년 3월 24일 13시,금요일,경상북도 영천시 도동,경상사고,0,0,2,0,차대차 - 추돌,안전운전불이행,건조,맑음,교차로 - 교차로부근,승합,남,73세,상해없음,승용,남,51세,경상
2023032400100319,2023년 3월 24일 14시,금요일,경상북도 경주시 진현동,중상사고,0,1,0,0,차대차 - 기타,안전운전불이행,건조,맑음,단일로 - 기타,원동기,여,65세,중상,승합,남,66세,상해없음
2023032400100320,2023년 3월 24일 14시,금요일,경상북도 칠곡군 석적읍,경상사고,0,0,3,0,차대차 - 추돌,안전운전불이행,건조,맑음,단일로 - 기타,화물,남,62세,상해없음,승용,여,42세,경상
2023032400100321,2023년 3월 24일 14시,금요일,경상북도 문경시 가은읍,사망사고,1,1,0,0,차대사람 - 보도통행중,중앙선침범,건조,맑음,단일로 - 기타,승용,남,63세,중상,보행자,여,77세,사망
2023032400100322,2023년 3월 24일 14시,금요일,경상북도 경산시 삼풍동,경상사고,0,0,1,0,차대차 - 측면충돌,안전운전불이행,건조,맑음,교차로 - 교차로부근,승용,남,88세,상해없음,승용,남,28세,상해없음
2023032400100323,2023년 3월 24일 14시,금요일,경상북도 구미시 고아읍,중상사고,0,1,0,0,차대사람 - 횡단중,보행자보호의무위반,건조,맑음,교차로 - 교차로횡단보도내,승용,여,46세,상해없음,보행자,남,40세,중상
2023032400100353,2023년 3월 24일 15시,금요일,경상북도 영주시 휴천동,경상사고,0,0,1,0,차대차 - 기타,교차로운행방법위반,건조,맑음,단일로 - 기타,승용,여,56세,상해없음,승용,여,59세,경상
2023032400100354,2023년 3월 24일 15시,금요일,경상북도 포항시 남구 오천읍,경상사고,0,0,1,0,차대차 - 측면충돌,신호위반,건조,맑음,교차로 - 교차로안,승용,여,37세,상해없음,승용,여,36세,경상
2023032400100389,2023년 3월 24일 16시,금요일,경상북도 포항시 북구 항구동,중상사고,0,1,0,0,차대차 - 측면충돌,안전운전불이행,건조,맑음,단일로 - 기타,자전거,남,68세,중상,화물,남,45세,상해없음
2023032400100390,2023년 3월 24일 16시,금요일,경상북도 영덕군 영덕읍,경상사고,0,0,1,0,차대차 - 측면충돌,교차로운행방법위반,건조,맑음,교차로 - 교차로안,화물,남,73세,상해없음,승용,남,45세,경상
2023032400100445,2023년 3월 24일 17시,금요일,경상북도 포항시 북구 장성동,중상사고,0,1,0,0,차대사람 - 횡단중,기타,건조,맑음,단일로 - 기타,승용,남,59세,상해없음,보행자,여,22세,중상
2023032400100446,2023년 3월 24일 17시,금요일,경상북도 안동시 정하동,경상사고,0,0,1,0,차대사람 - 횡단중,안전운전불이행,건조,맑음,교차로 - 교차로부근,승용,남,48세,상해없음,보행자,남,12세,경상
2023032400100447,2023년 3월 24일 17시,금요일,경상북도 성주군 가천면,경상사고,0,0,2,0,차대차 - 기타,직진우회전진행방해,건조,흐림,교차로 - 교차로안,화물,남,78세,경상,화물,남,57세,경상
2023032400100448,2023년 3월 24일 17시,금요일,경상북도 구미시 산동읍,경상사고,0,0,3,0,차대차 - 측면충돌,안전거리미확보,건조,맑음,단일로 - 기타,승용,남,45세,상해없음,승용,남,30세,경상
2023032400100491,2023년 3월 24일 18시,금요일,경상북도 김천시 백옥동,경상사고,0,0,2,0,차대차 - 추돌,안전운전불이행,건조,맑음,교차로 - 교차로부근,화물,남,59세,상해없음,승용,남,38세,경상
2023032400100492,2023년 3월 24일 18시,금요일,경상북도 포항시 남구 괴동동,경상사고,0,0,1,0,차대차 - 기타,안전운전불이행,건조,맑음,교차로 - 교차로안,승용,남,28세,상해없음,개인형이동수단(PM),남,43세,경상
2023032400100629,2023년 3월 24일 22시,금요일,경상북도 포항시 남구 대잠동,중상사고,0,1,0,0,차대차 - 측면충돌,신호위반,건조,맑음,교차로 - 교차로안,승용,남,61세,상해없음,개인형이동수단(PM),남,58세,중상
2023032500100004,2023년 3월 25일 00시,토요일,경상북도 경산시 상방동,중상사고,0,1,0,0,차대사람 - 횡단중,기타,건조,맑음,교차로 - 교차로안,이륜,남,26세,상해없음,보행자,남,55세,중상
2023032500100005,2023년 3월 25일 00시,토요일,경상북도 예천군 보문면,경상사고,0,0,2,0,차량단독 - 기타,안전운전불이행,건조,맑음,단일로 - 기타,승용,남,64세,경상,,,,
2023032500100022,2023년 3월 25일 01시,토요일,경상북도 포항시 북구 죽도동,경상사고,0,0,1,0,차대차 - 측면충돌,안전운전불이행,건조,맑음,교차로 - 교차로안,승용,남,35세,상해없음,승용,남,63세,경상
2023032500100031,2023년 3월 25일 02시,토요일,경상북도 포항시 북구 우현동,중상사고,0,1,0,0,차대차 - 측면충돌,신호위반,건조,맑음,교차로 - 교차로안,승용,남,67세,상해없음,승용,남,69세,상해없음
2023032500100045,2023년 3월 25일 05시,토요일,경상북도 김천시 개령면,중상사고,0,2,0,0,차대차 - 추돌,안전거리미확보,건조,맑음,단일로 - 기타,승용,남,38세,상해없음,농기계,남,76세,중상
2023032500100046,2023년 3월 25일 05시,토요일,경상북도 구미시 공단동,중상사고,0,1,1,1,차대차 - 추돌,기타,건조,맑음,교차로 - 교차로부근,승용,남,27세,부상신고,승용,남,53세,경상
2023032500100055,2023년 3월 25일 06시,토요일,경상북도 포항시 남구 오천읍,경상사고,0,0,1,0,차대차 - 측면충돌,안전운전불이행,건조,맑음,교차로 - 교차로안,화물,남,49세,상해없음,승용,여,58세,경상
2023032500100076,2023년 3월 25일 08시,토요일,경상북도 영천시 망정동,경상사고,0,0,2,0,차대차 - 측면충돌,안전운전불이행,건조,맑음,교차로 - 교차로부근,승용,여,67세,경상,승합,남,40세,경상
2023032500100077,2023년 3월 25일 08시,토요일,경상북도 경산시 정평동,경상사고,0,0,1,0,차대차 - 측면충돌,안전운전불이행,건조,맑음,교차로 - 교차로안,이륜,남,27세,상해없음,승용,남,27세,경상
2023032500100100,2023년 3월 25일 09시,토요일,경상북도 성주군 대가면,중상사고,0,2,0,0,차대차 - 측면충돌,안전운전불이행,건조,맑음,단일로 - 기타,승용,여,56세,중상,화물,남,50세,중상
2023032500100101,2023년 3월 25일 09시,토요일,경상북도 포항시 남구 청림동,경상사고,0,0,4,0,차대차 - 측면충돌,안전운전불이행,건조,맑음,단일로 - 기타,특수,남,63세,상해없음,승용,남,65세,경상
2023032500100126,2023년 3월 25일 10시,토요일,경상북도 경주시 건천읍,중상사고,0,1,0,0,차대차 - 측면충돌,안전운전불이행,건조,맑음,교차로 - 교차로안,승용,여,26세,상해없음,승용,남,69세,중상
2023032500100155,2023년 3월 25일 11시,토요일,경상북도 포항시 북구 신흥동,경상사고,0,0,1,0,차대차 - 기타,안전운전불이행,건조,맑음,단일로 - 기타,이륜,남,67세,경상,승용,남,63세,상해없음
2023032500100156,2023년 3월 25일 11시,토요일,경상북도 영천시 완산동,경상사고,0,0,2,0,차대차 - 측면충돌,안전운전불이행,건조,맑음,단일로 - 기타,승용,여,49세,상해없음,화물,남,42세,경상
2023032500100157,2023년 3월 25일 11시,토요일,경상북도 영덕군 영해면,중상사고,0,1,0,0,차대사람 - 차도통행중,안전운전불이행,건조,맑음,단일로 - 기타,승용,여,48세,상해없음,보행자,여,70세,중상
2023032500100186,2023년 3월 25일 12시,토요일,경상북도 칠곡군 왜관읍,경상사고,0,0,2,0,차대차 - 기타,안전운전불이행,건조,맑음,교차로 - 교차로안,승용,여,28세,상해없음,승용,남,49세,경상
2023032500100187,2023년 3월 25일 12시,토요일,경상북도 구미시 도량동,경상사고,0,0,1,0,차대차 - 기타,중앙선침범,건조,흐림,단일로 - 기타,승용,여,43세,상해없음,이륜,남,29세,경상
2023032500100188,2023년 3월 25일 12시,토요일,경상북도 포항시 남구 호동,경상사고,0,0,1,0,차대차 - 측면충돌,안전운전불이행,건조,맑음,교차로 - 교차로안,화물,남,37세,상해없음,승용,남,48세,경상
2023032500100223,2023년 3월 25일 13시,토요일,경상북도 경주시 안강읍,중상사고,0,1,4,0,차대차 - 기타,안전운전불이행,건조,맑음,교차로 - 교차로안,승용,여,33세,상해없음,승용,여,29세,경상
2023032500100224,2023년 3월 25일 13시,토요일,경상북도 안동시 천리동,경상사고,0,0,2,0,차대차 - 추돌,안전운전불이행,건조,맑음,교차로 - 교차로부근,승용,남,44세,상해없음,승용,남,52세,경상
2023032500100289,2023년 3월 25일 15시,토요일,경상북도 봉화군 법전면,중상사고,0,1,0,0,차대차 - 기타,안전운전불이행,건조,맑음,단일로 - 기타,승용,남,59세,상해없음,화물,남,62세,기타불명
2023032500100290,2023년 3월 25일 15시,토요일,경상북도 포항시 남구 대잠동,경상사고,0,0,1,0,차대차 - 기타,안전운전불이행,건조,흐림,교차로 - 교차로부근,승용,여,64세,상해없음,승용,여,42세,경상
2023032500100291,2023년 3월 25일 15시,토요일,경상북도 포항시 남구 오천읍,경상사고,0,0,1,0,차대차 - 측면충돌,안전운전불이행,건조,맑음,단일로 - 기타,승용,남,38세,상해없음,승용,남,64세,경상
2023032500100317,2023년 3월 25일 16시,토요일,경상북도 영주시 부석면,경상사고,0,0,1,0,차대차 - 측면충돌,안전운전불이행,건조,맑음,교차로 - 교차로안,화물,남,68세,상해없음,승용,남,52세,경상
2023032500100318,2023년 3월 25일 16시,토요일,경상북도 구미시 도량동,경상사고,0,0,1,0,차대차 - 측면충돌,안전거리미확보,건조,맑음,단일로 - 교량,승용,여,23세,상해없음,승용,남,66세,경상
2023032500100319,2023년 3월 25일 16시,토요일,경상북도 포항시 남구 장기면,경상사고,0,0,3,0,차대차 - 측면충돌,중앙선침범,건조,맑음,단일로 - 기타,승용,남,55세,경상,특수,남,73세,경상
2023032500100359,2023년 3월 25일 17시,토요일,경상북도 포항시 남구 이동,경상사고,0,0,1,1,차대차 - 정면충돌,안전운전불이행,건조,맑음,교차로 - 교차로부근,승용,남,39세,상해없음,승용,남,54세,부상신고
2023032500100389,2023년 3월 25일 18시,토요일,경상북도 경주시 북군동,경상사고,0,0,2,0,차대차 - 측면충돌,안전운전불이행,건조,맑음,교차로 - 교차로부근,화물,남,65세,상해없음,화물,남,43세,상해없음
2023032500100390,2023년 3월 25일 18시,토요일,경상북도 청도군 청도읍,경상사고,0,0,1,0,차대차 - 기타,안전운전불이행,건조,맑음,기타 - 기타,승용,남,69세,상해없음,이륜,남,27세,경상
2023032500100391,2023년 3월 25일 18시,토요일,경상북도 구미시 송정동,경상사고,0,0,2,0,차대차 - 기타,차로위반,건조,맑음,교차로 - 교차로부근,승용,여,61세,상해없음,승용,남,23세,경상
2023032500100420,2023년 3월 25일 19시,토요일,경상북도 영주시 영주동,경상사고,0,0,1,0,차대차 - 측면충돌,교차로운행방법위반,건조,맑음,교차로 - 교차로안,승용,남,30세,상해없음,이륜,남,32세,경상
2023032500100443,2023년 3월 25일 20시,토요일,경상북도 경산시 진량읍,중상사고,0,1,1,0,차대차 - 측면충돌,안전거리미확보,건조,맑음,단일로 - 기타,이륜,남,32세,경상,이륜,남,48세,중상
2023032500100444,2023년 3월 25일 20시,토요일,경상북도 경산시 사동,경상사고,0,0,1,0,차대차 - 후진중충돌,불법유턴,건조,맑음,단일로 - 기타,승용,남,52세,상해없음,이륜,남,37세,경상
2023032500100474,2023년 3월 25일 21시,토요일,경상북도 구미시 도량동,경상사고,0,0,1,0,차대사람 - 보도통행중,안전운전불이행,건조,맑음,단일로 - 기타,개인형이동수단(PM),남,17세,상해없음,보행자,남,42세,경상
2023032500100507,2023년 3월 25일 23시,토요일,경상북도 구미시 옥계동,경상사고,0,0,1,0,차대차 - 정면충돌,신호위반,건조,맑음,교차로 - 교차로부근,이륜,남,34세,상해없음,이륜,남,40세,경상
2023032600100081,2023년 3월 26일 09시,일요일,경상북도 경주시 동천동,경상사고,0,0,1,0,차대차 - 측면충돌,안전운전불이행,건조,맑음,교차로 - 교차로부근,승용,여,34세,상해없음,승용,남,34세,경상
2023032600100082,2023년 3월 26일 09시,일요일,경상북도 경주시 황남동,경상사고,0,0,2,0,차대차 - 측면충돌,안전운전불이행,건조,맑음,단일로 - 기타,승용,남,49세,상해없음,승용,남,28세,경상
2023032600100083,2023년 3월 26일 09시,일요일,경상북도 문경시 호계면,경상사고,0,0,2,0,차대차 - 추돌,기타,건조,맑음,교차로 - 교차로부근,화물,남,69세,상해없음,승용,여,38세,경상
2023032600100100,2023년 3월 26일 10시,일요일,경상북도 예천군 보문면,경상사고,0,0,1,0,차량단독 - 전도전복 - 전도,안전운전불이행,건조,맑음,단일로 - 기타,이륜,남,60세,경상,,,,
2023032600100124,2023년 3월 26일 11시,일요일,경상북도 경주시 안강읍,경상사고,0,0,1,0,차량단독 - 도로외이탈 - 추락,안전운전불이행,건조,맑음,교차로 - 교차로부근,사륜오토바이(ATV),남,77세,경상,,,,
2023032600100125,2023년 3월 26일 11시,일요일,경상북도 김천시 감천면,중상사고,0,1,0,0,차대차 - 추돌,안전운전불이행,건조,맑음,단일로 - 기타,승용,여,21세,상해없음,이륜,남,76세,중상
2023032600100147,2023년 3월 26일 12시,일요일,경상북도 포항시 북구 덕산동,경상사고,0,0,2,0,차대차 - 측면충돌,안전운전불이행,건조,맑음,교차로 - 교차로안,승용,여,47세,상해없음,승용,남,29세,경상
2023032600100184,2023년 3월 26일 13시,일요일,경상북도 경주시 건천읍,경상사고,0,0,1,0,차대차 - 기타,안전운전불이행,건조,맑음,기타 - 기타,승용,남,53세,상해없음,자전거,여,47세,경상
2023032600100185,2023년 3월 26일 13시,일요일,경상북도 김천시 부곡동,중상사고,0,1,0,0,차대차 - 정면충돌,신호위반,건조,맑음,교차로 - 교차로안,이륜,남,15세,상해없음,승용,남,51세,상해없음
2023032600100186,2023년 3월 26일 13시,일요일,경상북도 의성군 금성면,경상사고,0,0,1,0,차대차 - 측면충돌,중앙선침범,건조,맑음,교차로 - 교차로안,자전거,남,11세,경상,화물,남,67세,상해없음
2023032600100187,2023년 3월 26일 13시,일요일,경상북도 영천시 오미동,경상사고,0,0,1,0,차대차 - 기타,안전운전불이행,건조,맑음,단일로 - 기타,승용,남,57세,상해없음,승용,남,41세,경상
2023032600100188,2023년 3월 26일 13시,일요일,경상북도 구미시 원평동,경상사고,0,0,1,0,차대차 - 기타,안전거리미확보,건조,맑음,단일로 - 기타,이륜,남,40세,상해없음,승용,여,59세,경상
2023032600100217,2023년 3월 26일 14시,일요일,경상북도 경주시 노동동,경상사고,0,0,1,0,차대사람 - 기타,기타,건조,맑음,단일로 - 기타,승용,여,24세,상해없음,보행자,남,30세,경상
2023032600100218,2023년 3월 26일 14시,일요일,경상북도 청도군 풍각면,중상사고,0,4,0,0,차대차 - 정면충돌,중앙선침범,건조,맑음,단일로 - 기타,승용,남,62세,중상,승용,여,60세,중상
2023032600100219,2023년 3월 26일 14시,일요일,경상북도 구미시 고아읍,중상사고,0,1,0,0,차대차 - 측면충돌,직진우회전진행방해,건조,맑음,교차로 - 교차로안,승용,남,37세,상해없음,승용,남,63세,중상
2023032600100220,2023년 3월 26일 14시,일요일,경상북도 구미시 신평동,경상사고,0,0,1,0,차대차 - 기타,신호위반,건조,맑음,교차로 - 교차로안,승용,남,25세,기타불명,승용,남,26세,경상
2023032600100221,2023년 3월 26일 14시,일요일,경상북도 포항시 남구 오천읍,경상사고,0,0,1,0,차대차 - 측면충돌,안전운전불이행,건조,맑음,단일로 - 기타,승용,남,29세,상해없음,승용,남,49세,상해없음
2023032600100266,2023년 3월 26일 15시,일요일,경상북도 포항시 남구 청림동,경상사고,0,0,1,0,차대차 - 측면충돌,안전운전불이행,건조,맑음,단일로 - 기타,승용,남,68세,상해없음,승용,남,43세,경상
2023032600100267,2023년 3월 26일 15시,일요일,경상북도 포항시 남구 구룡포읍,중상사고,0,3,18,6,차대차 - 정면충돌,안전운전불이행,건조,맑음,단일로 - 기타,승용,남,66세,경상,승용,남,70세,상해없음
2023032600100268,2023년 3월 26일 15시,일요일,경상북도 칠곡군 가산면,중상사고,0,2,1,0,차대차 - 측면충돌,안전운전불이행,건조,맑음,단일로 - 기타,승용,여,53세,상해없음,승용,남,64세,중상
2023032600100339,2023년 3월 26일 17시,일요일,경상북도 경산시 사동,경상사고,0,0,1,0,차대차 - 기타,신호위반,건조,맑음,교차로 - 교차로안,이륜,남,29세,상해없음,이륜,남,48세,경상
2023032600100340,2023년 3월 26일 17시,일요일,경상북도 구미시 남통동,중상사고,0,1,1,0,차대사람 - 횡단중,보행자보호의무위반,건조,맑음,단일로 - 기타,승용,남,63세,상해없음,보행자,남,31세,경상
2023032600100341,2023년 3월 26일 17시,일요일,경상북도 포항시 남구 오천읍,경상사고,0,0,1,0,차대차 - 측면충돌,안전운전불이행,건조,맑음,교차로 - 교차로안,자전거,남,82세,경상,승용,남,52세,상해없음
2023032600100362,2023년 3월 26일 18시,일요일,경상북도 예천군 예천읍,중상사고,0,1,0,0,차량단독 - 공작물충돌,안전운전불이행,건조,맑음,교차로 - 교차로안,화물,남,74세,중상,,,,
2023032600100363,2023년 3월 26일 18시,일요일,경상북도 포항시 남구 오천읍,경상사고,0,0,1,0,차대차 - 측면충돌,차로위반,건조,맑음,교차로 - 교차로부근,승용,여,61세,상해없음,승용,여,53세,경상
2023032600100385,2023년 3월 26일 19시,일요일,경상북도 영천시 완산동,경상사고,0,0,1,0,차량단독 - 공작물충돌,기타,건조,맑음,교차로 - 교차로부근,이륜,남,68세,경상,,,,
2023032600100386,2023년 3월 26일 19시,일요일,경상북도 청송군 현서면,경상사고,0,0,1,0,차대차 - 측면충돌,안전운전불이행,건조,맑음,단일로 - 지하차도(도로)내,승용,여,25세,상해없음,농기계,남,82세,경상
2023032700100097,2023년 3월 27일 08시,월요일,경상북도 경주시 황성동,경상사고,0,0,1,0,차대차 - 측면충돌,안전운전불이행,건조,맑음,교차로 - 교차로횡단보도내,승용,남,66세,상해없음,자전거,남,79세,경상
2023032700100098,2023년 3월 27일 08시,월요일,경상북도 포항시 북구 득량동,경상사고,0,0,4,0,차대차 - 후진중충돌,안전운전불이행,건조,맑음,교차로 - 교차로부근,승용,여,48세,상해없음,승용,여,25세,경상
2023032700100099,2023년 3월 27일 08시,월요일,경상북도 구미시 지산동,경상사고,0,0,1,0,차대차 - 기타,신호위반,건조,맑음,교차로 - 교차로안,승용,남,50세,상해없음,승용,여,36세,경상
2023032700100134,2023년 3월 27일 09시,월요일,경상북도 영덕군 영해면,경상사고,0,0,1,0,차대차 - 측면충돌,안전운전불이행,건조,맑음,단일로 - 기타,승용,남,70세,상해없음,승용,남,51세,경상
2023032700100160,2023년 3월 27일 10시,월요일,경상북도 경산시 하양읍,경상사고,0,0,1,0,차대차 - 기타,안전운전불이행,건조,맑음,교차로 - 교차로안,승용,남,61세,상해없음,승용,남,43세,경상
2023032700100161,2023년 3월 27일 10시,월요일,경상북도 포항시 남구 청림동,사망사고,1,0,0,0,차대차 - 추돌,안전운전불이행,건조,맑음,교차로 - 교차로안,화물,남,58세,상해없음,이륜,남,64세,사망
2023032700100183,2023년 3월 27일 11시,월요일,경상북도 경주시 신평동,경상사고,0,0,1,0,차대차 - 기타,안전운전불이행,건조,맑음,단일로 - 기타,승용,남,70세,상해없음,승용,여,65세,경상
2023032700100184,2023년 3월 27일 11시,월요일,경상북도 상주시 무양동,중상사고,0,1,0,0,차대차 - 측면충돌,안전운전불이행,건조,맑음,교차로 - 교차로안,자전거,남,73세,중상,승용,여,55세,상해없음
2023032700100208,2023년 3월 27일 12시,월요일,경상북도 경주시 용강동,경상사고,0,0,2,0,차대차 - 추돌,안전운전불이행,건조,맑음,교차로 - 교차로부근,승용,남,46세,상해없음,승용,여,34세,경상
2023032700100209,2023년 3월 27일 12시,월요일,경상북도 칠곡군 북삼읍,경상사고,0,0,1,0,차대차 - 측면충돌,안전거리미확보,건조,맑음,단일로 - 기타,건설기계,남,67세,상해없음,이륜,남,42세,경상
2023032700100210,2023년 3월 27일 12시,월요일,경상북도 포항시 남구 연일읍,경상사고,0,0,3,0,차대차 - 후진중충돌,안전운전불이행,건조,맑음,단일로 - 지하차도(도로)내,화물,남,67세,상해없음,승용,남,44세,경상
2023032700100243,2023년 3월 27일 13시,월요일,경상북도 경주시 탑동,경상사고,0,0,1,0,차대차 - 추돌,안전운전불이행,건조,맑음,교차로 - 교차로부근,승용,남,20세,기타불명,승용,남,61세,경상