사고번호,사고일시,요일,시군구,사고내용,사망자수,중상자수,경상자수,부상신고자수,사고유형,법규위반,노면상태,기상상태,도로형태,가해운전자 차종,가해운전자 성별,가해운전자 연령,가해운전자 상해정도,피해운전자 차종,피해운전자 성별,피해운전자 연령,피해운전자 상해정도
2023032700100270,2023년 3월 27일 14시,월요일,경상북도 경주시 신평동,경상사고,0,0,3,0,차대차 - 측면충돌,안전거리미확보,건조,맑음,교차로 - 교차로부근,이륜,남,30세,경상,승용,남,24세,경상
2023032700100271,2023년 3월 27일 14시,월요일,경상북도 상주시 공검면,경상사고,0,0,1,0,차대차 - 측면충돌,안전운전불이행,건조,맑음,교차로 - 교차로안,승용,여,26세,상해없음,원동기,남,81세,상해없음
2023032700100272,2023년 3월 27일 14시,월요일,경상북도 의성군 점곡면,중상사고,0,1,1,0,차대차 - 측면충돌,중앙선침범,건조,맑음,교차로 - 교차로부근,사륜오토바이(ATV),남,85세,중상,승용,남,30세,경상
2023032700100273,2023년 3월 27일 14시,월요일,경상북도 문경시 마성면,경상사고,0,0,1,0,차대차 - 기타,기타,건조,맑음,단일로 - 기타,화물,남,52세,상해없음,승용,남,67세,경상
2023032700100274,2023년 3월 27일 14시,월요일,경상북도 경산시 백천동,경상사고,0,0,1,0,차대차 - 기타,교차로운행방법위반,건조,맑음,단일로 - 기타,승용,여,68세,상해없음,승용,여,63세,경상
2023032700100313,2023년 3월 27일 15시,월요일,경상북도 영주시 가흥동,경상사고,0,0,4,0,차대차 - 측면충돌,교차로운행방법위반,건조,맑음,교차로 - 교차로안,승용,남,60세,상해없음,승용,남,27세,경상
2023032700100314,2023년 3월 27일 15시,월요일,경상북도 예천군 호명면,중상사고,0,1,5,0,차대차 - 정면충돌,중앙선침범,건조,맑음,단일로 - 기타,건설기계,남,52세,경상,승합,남,56세,경상
2023032700100315,2023년 3월 27일 15시,월요일,경상북도 포항시 남구 대도동,경상사고,0,0,2,0,차대차 - 측면충돌,신호위반,건조,맑음,교차로 - 교차로안,승용,남,85세,상해없음,승용,여,59세,경상
2023032700100355,2023년 3월 27일 16시,월요일,경상북도 포항시 북구 죽도동,중상사고,0,1,0,0,차대사람 - 횡단중,보행자보호의무위반,건조,맑음,단일로 - 기타,승용,여,49세,상해없음,보행자,여,72세,중상
2023032700100356,2023년 3월 27일 16시,월요일,경상북도 포항시 북구 득량동,경상사고,0,0,1,0,차대차 - 측면충돌,안전운전불이행,건조,맑음,교차로 - 교차로부근,승용,여,60세,상해없음,자전거,남,82세,경상
2023032700100357,2023년 3월 27일 16시,월요일,경상북도 구미시 옥계동,경상사고,0,0,1,0,차대차 - 측면충돌,안전운전불이행,건조,맑음,교차로 - 교차로안,화물,남,53세,상해없음,승용,여,37세,경상
2023032700100404,2023년 3월 27일 17시,월요일,경상북도 봉화군 석포면,중상사고,0,2,0,0,차대차 - 정면충돌,중앙선침범,건조,맑음,단일로 - 기타,승용,남,69세,상해없음,승용,남,65세,중상
2023032700100405,2023년 3월 27일 17시,월요일,경상북도 포항시 남구 호동,경상사고,0,0,1,0,차대차 - 측면충돌,안전운전불이행,건조,맑음,단일로 - 기타,건설기계,남,43세,상해없음,승용,여,75세,경상
2023032700100447,2023년 3월 27일 18시,월요일,경상북도 경주시 외동읍,경상사고,0,0,1,0,차대차 - 기타,안전운전불이행,건조,맑음,단일로 - 기타,승용,여,36세,상해없음,승용,남,51세,경상
2023032700100486,2023년 3월 27일 19시,월요일,경상북도 경산시 와촌면,경상사고,0,0,3,0,차대차 - 추돌,안전운전불이행,건조,맑음,교차로 - 교차로부근,승합,남,74세,상해없음,승용,여,48세,경상
2023032700100516,2023년 3월 27일 20시,월요일,경상북도 영천시 고경면,중상사고,0,1,1,1,차대차 - 측면충돌,신호위반,건조,맑음,단일로 - 기타,승용,여,58세,중상,화물,남,54세,부상신고
2023032800100005,2023년 3월 28일 00시,화요일,경상북도 성주군 선남면,부상신고사고,0,0,0,1,차량단독 - 공작물충돌,안전운전불이행,건조,맑음,단일로 - 기타,승용,남,56세,부상신고,,,,
2023032800100014,2023년 3월 28일 02시,화요일,경상북도 구미시 봉곡동,경상사고,0,0,1,0,차대차 - 추돌,중앙선침범,건조,맑음,교차로 - 교차로부근,승용,여,25세,상해없음,승용,남,52세,경상
2023032800100024,2023년 3월 28일 04시,화요일,경상북도 성주군 선남면,경상사고,0,0,1,0,차대차 - 추돌,안전운전불이행,건조,맑음,교차로 - 교차로부근,승용,남,68세,상해없음,화물,남,52세,경상
2023032800100025,2023년 3월 28일 04시,화요일,경상북도 구미시 황상동,경상사고,0,0,1,0,차대차 - 측면충돌,안전운전불이행,건조,맑음,단일로 - 기타,승용,여,37세,상해없음,승용,남,58세,상해없음
2023032800100064,2023년 3월 28일 07시,화요일,경상북도 경주시 감포읍,중상사고,0,1,0,0,차대사람 - 기타,안전운전불이행,건조,맑음,단일로 - 기타,화물,남,77세,상해없음,보행자,여,93세,중상
2023032800100065,2023년 3월 28일 07시,화요일,경상북도 구미시 공단동,경상사고,0,0,1,0,차대차 - 측면충돌,직진우회전진행방해,건조,맑음,교차로 - 교차로안,승용,여,31세,상해없음,승용,여,45세,경상
2023032800100066,2023년 3월 28일 07시,화요일,경상북도 포항시 남구 연일읍,경상사고,0,0,3,0,차대차 - 추돌,안전운전불이행,건조,맑음,단일로 - 기타,특수,남,52세,상해없음,승용,남,63세,경상
2023032800100113,2023년 3월 28일 08시,화요일,경상북도 김천시 지좌동,경상사고,0,0,1,0,차대사람 - 횡단중,안전운전불이행,건조,맑음,교차로 - 교차로횡단보도내,승용,여,38세,상해없음,보행자,여,65세,경상
2023032800100114,2023년 3월 28일 08시,화요일,경상북도 칠곡군 약목면,경상사고,0,0,2,0,차대차 - 측면충돌,중앙선침범,건조,맑음,단일로 - 교량,승용,남,44세,경상,승용,남,63세,경상
2023032800100115,2023년 3월 28일 08시,화요일,경상북도 구미시 도개면,중상사고,0,1,0,0,차대차 - 측면충돌,직진우회전진행방해,건조,맑음,교차로 - 교차로안,승합,여,64세,상해없음,승용,여,65세,중상
2023032800100116,2023년 3월 28일 08시,화요일,경상북도 구미시 오태동,경상사고,0,0,1,0,차대차 - 측면충돌,안전거리미확보,건조,맑음,교차로 - 교차로안,승용,남,58세,상해없음,승용,남,32세,경상
2023032800100117,2023년 3월 28일 08시,화요일,경상북도 포항시 남구 연일읍,중상사고,0,1,1,0,차대차 - 추돌,안전운전불이행,건조,맑음,단일로 - 기타,승용,남,58세,상해없음,승용,남,31세,경상
2023032800100146,2023년 3월 28일 09시,화요일,경상북도 경주시 문무대왕면,사망사고,1,0,0,0,차대차 - 정면충돌,안전운전불이행,건조,맑음,단일로 - 기타,승용,남,35세,상해없음,개인형이동수단(PM),남,82세,사망
2023032800100147,2023년 3월 28일 09시,화요일,경상북도 김천시 평화동,경상사고,0,0,1,0,차대차 - 측면충돌,신호위반,건조,맑음,교차로 - 교차로안,화물,남,70세,상해없음,승합,남,62세,상해없음
2023032800100148,2023년 3월 28일 09시,화요일,경상북도 칠곡군 왜관읍,경상사고,0,0,1,0,차대차 - 추돌,안전운전불이행,건조,맑음,단일로 - 기타,승용,남,40세,상해없음,화물,남,75세,경상
2023032800100149,2023년 3월 28일 09시,화요일,경상북도 포항시 남구 대도동,경상사고,0,0,1,0,차대차 - 측면충돌,안전운전불이행,건조,맑음,교차로 - 교차로안,승용,남,68세,상해없음,자전거,여,64세,경상
2023032800100179,2023년 3월 28일 10시,화요일,경상북도 경주시 외동읍,중상사고,0,1,0,0,차대사람 - 차도통행중,안전운전불이행,건조,맑음,단일로 - 기타,승용,남,52세,상해없음,보행자,여,72세,중상
2023032800100180,2023년 3월 28일 10시,화요일,경상북도 경주시 성건동,경상사고,0,0,1,0,차대사람 - 횡단중,보행자보호의무위반,건조,맑음,교차로 - 교차로횡단보도내,승용,여,48세,상해없음,보행자,여,47세,경상
2023032800100181,2023년 3월 28일 10시,화요일,경상북도 경산시 압량읍,중상사고,0,2,0,0,차량단독 - 기타,안전운전불이행,건조,맑음,단일로 - 기타,승합,남,55세,상해없음,,,,
2023032800100219,2023년 3월 28일 11시,화요일,경상북도 포항시 남구 상도동,경상사고,0,0,1,0,차대차 - 기타,신호위반,건조,맑음,단일로 - 기타,승용,남,73세,상해없음,화물,남,40세,기타불명
2023032800100252,2023년 3월 28일 12시,화요일,경상북도 경주시 황성동,경상사고,0,0,1,0,차대차 - 기타,안전운전불이행,건조,맑음,교차로 - 교차로횡단보도내,승용,여,51세,상해없음,자전거,남,62세,경상
2023032800100253,2023년 3월 28일 12시,화요일,경상북도 문경시 모전동,경상사고,0,0,2,0,차대차 - 측면충돌,직진우회전진행방해,건조,맑음,교차로 - 교차로안,승용,여,68세,경상,이륜,남,37세,경상
2023032800100285,2023년 3월 28일 13시,화요일,경상북도 영주시 풍기읍,경상사고,0,0,1,0,차량단독 - 기타,안전운전불이행,건조,맑음,단일로 - 기타,이륜,남,81세,경상,,,,
2023032800100306,2023년 3월 28일 14시,화요일,경상북도 포항시 북구 송라면,경상사고,0,0,1,0,차대사람 - 기타,안전운전불이행,건조,맑음,단일로 - 기타,기타불명,남,20세,상해없음,보행자,남,36세,경상
2023032800100307,2023년 3월 28일 14시,화요일,경상북도 상주시 화서면,경상사고,0,0,1,0,차량단독 - 전도전복 - 전도,안전운전불이행,건조,맑음,교차로 - 교차로안,이륜,여,67세,경상,,,,
2023032800100308,2023년 3월 28일 14시,화요일,경상북도 영천시 금호읍,중상사고,0,2,4,0,차대차 - 정면충돌,신호위반,건조,맑음,교차로 - 교차로안,화물,남,57세,경상,특수,남,57세,경상
2023032800100309,2023년 3월 28일 14시,화요일,경상북도 청도군 청도읍,중상사고,0,1,0,0,차대차 - 후진중충돌,안전운전불이행,건조,맑음,주차장 - 주차장,승용,여,56세,상해없음,화물,남,42세,중상
2023032800100339,2023년 3월 28일 15시,화요일,경상북도 안동시 도산면,경상사고,0,0,2,0,차대차 - 기타,신호위반,건조,맑음,교차로 - 교차로안,승용,여,73세,경상,승용,남,51세,경상
2023032800100340,2023년 3월 28일 15시,화요일,경상북도 칠곡군 석적읍,중상사고,0,1,0,0,차대사람 - 횡단중,안전운전불이행,건조,맑음,단일로 - 지하차도(도로)내,이륜,남,20세,상해없음,보행자,여,51세,중상
2023032800100341,2023년 3월 28일 15시,화요일,경상북도 예천군 호명면,경상사고,0,0,1,0,차대차 - 측면충돌,신호위반,건조,맑음,교차로 - 교차로안,승용,남,78세,상해없음,승용,여,47세,경상
2023032800100342,2023년 3월 28일 15시,화요일,경상북도 성주군 성주읍,경상사고,0,0,2,0,차대차 - 기타,안전운전불이행,건조,맑음,기타 - 기타,화물,남,72세,상해없음,승용,여,52세,경상
2023032800100385,2023년 3월 28일 16시,화요일,경상북도 구미시 산동읍,경상사고,0,0,1,0,차대차 - 추돌,안전운전불이행,건조,맑음,단일로 - 기타,승용,남,49세,상해없음,화물,남,41세,경상
2023032800100386,2023년 3월 28일 16시,화요일,경상북도 구미시 공단동,중상사고,0,1,0,0,차량단독 - 기타,안전운전불이행,건조,맑음,교차로 - 교차로부근,승합,남,58세,상해없음,,,,
2023032800100387,2023년 3월 28일 16시,화요일,경상북도 구미시 원평동,경상사고,0,0,1,0,차대차 - 측면충돌,안전운전불이행,건조,맑음,교차로 - 교차로부근,자전거,남,37세,경상,승용,여,38세,상해없음
2023032800100428,2023년 3월 28일 17시,화요일,경상북도 포항시 북구 대신동,경상사고,0,0,1,0,차대차 - 측면충돌,안전운전불이행,건조,맑음,교차로 - 교차로안,승용,여,43세,상해없음,이륜,남,31세,경상
2023032800100429,2023년 3월 28일 17시,화요일,경상북도 칠곡군 가산면,경상사고,0,0,1,0,차대차 - 측면충돌,안전거리미확보,건조,맑음,단일로 - 기타,승용,남,77세,상해없음,승용,남,41세,경상
2023032800100430,2023년 3월 28일 17시,화요일,경상북도 구미시 도량동,경상사고,0,0,1,1,차대차 - 측면충돌,신호위반,건조,맑음,단일로 - 기타,승용,여,54세,부상신고,승용,여,38세,경상
2023032800100431,2023년 3월 28일 17시,화요일,경상북도 포항시 남구 오천읍,경상사고,0,0,2,0,차대차 - 기타,안전운전불이행,건조,맑음,교차로 - 교차로부근,승용,여,39세,경상,승용,남,39세,경상
2023032800100464,2023년 3월 28일 18시,화요일,경상북도 안동시 송천동,경상사고,0,0,1,0,차대차 - 정면충돌,안전운전불이행,건조,맑음,교차로 - 교차로안,승용,남,19세,상해없음,승용,남,39세,경상
2023032800100465,2023년 3월 28일 18시,화요일,경상북도 영천시 청통면,경상사고,0,0,2,0,차대차 - 측면충돌,안전운전불이행,건조,맑음,기타 - 기타,승용,여,28세,경상,승용,남,42세,경상
2023032800100466,2023년 3월 28일 18시,화요일,경상북도 군위군 부계면,중상사고,0,1,1,0,차대차 - 측면충돌,안전운전불이행,건조,맑음,단일로 - 기타,화물,남,74세,중상,승용,여,44세,경상
2023032800100504,2023년 3월 28일 19시,화요일,경상북도 경주시 안강읍,중상사고,0,1,0,0,차대차 - 기타,안전운전불이행,건조,맑음,기타 - 기타,화물,남,27세,상해없음,승용,여,39세,중상
2023032800100505,2023년 3월 28일 19시,화요일,경상북도 포항시 북구 송라면,경상사고,0,0,1,0,차대차 - 측면충돌,신호위반,건조,맑음,교차로 - 교차로안,승용,남,65세,상해없음,승용,남,42세,경상
2023032800100506,2023년 3월 28일 19시,화요일,경상북도 구미시 고아읍,경상사고,0,0,1,0,차대차 - 정면충돌,신호위반,건조,맑음,교차로 - 교차로안,이륜,남,37세,상해없음,승용,남,54세,경상
2023032800100507,2023년 3월 28일 19시,화요일,경상북도 포항시 남구 해도동,경상사고,0,0,1,0,차대사람 - 기타,안전운전불이행,건조,맑음,교차로 - 교차로부근,승용,남,33세,상해없음,보행자,남,49세,경상
2023032800100547,2023년 3월 28일 21시,화요일,경상북도 포항시 북구 신흥동,중상사고,0,1,0,0,차대차 - 측면충돌,신호위반,건조,맑음,교차로 - 교차로안,승용,남,34세,상해없음,이륜,남,59세,중상
2023032800100548,2023년 3월 28일 21시,화요일,경상북도 칠곡군 왜관읍,중상사고,0,1,0,0,차대사람 - 횡단중,신호위반,건조,맑음,교차로 - 교차로안,승용,여,55세,상해없음,보행자,여,14세,중상
2023032800100549,2023년 3월 28일 21시,화요일,경상북도 구미시 원평동,경상사고,0,0,1,0,차대차 - 기타,안전운전불이행,건조,맑음,교차로 - 교차로부근,승용,남,29세,상해없음,원동기,남,31세,경상
2023032900100019,2023년 3월 29일 01시,수요일,경상북도 포항시 남구 연일읍,경상사고,0,0,2,0,차대차 - 추돌,안전운전불이행,건조,맑음,교차로 - 교차로부근,승용,여,40세,상해없음,승용,남,50세,경상
2023032900100044,2023년 3월 29일 06시,수요일,경상북도 구미시 원평동,중상사고,0,1,1,0,차대차 - 정면충돌,중앙선침범,건조,맑음,교차로 - 교차로부근,승용,남,29세,경상,승용,남,67세,중상
2023032900100062,2023년 3월 29일 07시,수요일,경상북도 경주시 강동면,경상사고,0,0,6,0,차대차 - 측면충돌,신호위반,건조,맑음,교차로 - 교차로안,승용,여,50세,경상,화물,남,74세,경상
2023032900100099,2023년 3월 29일 08시,수요일,경상북도 상주시 내서면,경상사고,0,0,3,0,차대차 - 추돌,안전운전불이행,건조,맑음,교차로 - 교차로안,승용,여,53세,경상,승용,여,45세,경상
2023032900100100,2023년 3월 29일 08시,수요일,경상북도 고령군 덕곡면,중상사고,0,1,0,0,차대차 - 측면충돌,중앙선침범,건조,맑음,교차로 - 교차로부근,화물,남,65세,상해없음,승용,남,69세,중상
2023032900100159,2023년 3월 29일 10시,수요일,경상북도 구미시 봉곡동,중상사고,0,1,0,0,차대차 - 기타,차로위반,건조,맑음,단일로 - 기타,승용,여,52세,상해없음,건설기계,남,43세,중상
2023032900100182,2023년 3월 29일 11시,수요일,경상북도 경주시 강동면,중상사고,0,2,0,0,차대차 - 측면충돌,안전운전불이행,건조,맑음,단일로 - 기타,승용,여,64세,상해없음,승용,남,78세,중상
2023032900100183,2023년 3월 29일 11시,수요일,경상북도 경주시 천군동,중상사고,0,2,0,0,차량단독 - 공작물충돌,안전운전불이행,건조,맑음,단일로 - 기타,승용,여,22세,중상,,,,
2023032900100184,2023년 3월 29일 11시,수요일,경상북도 상주시 남성동,경상사고,0,0,1,0,차대차 - 기타,안전운전불이행,건조,맑음,단일로 - 기타,승용,남,74세,상해없음,승용,여,61세,경상
2023032900100185,2023년 3월 29일 11시,수요일,경상북도 문경시 동로면,중상사고,0,1,0,0,차대사람 - 차도통행중,안전운전불이행,건조,맑음,단일로 - 기타,화물,남,49세,상해없음,보행자,여,37세,중상
2023032900100186,2023년 3월 29일 11시,수요일,경상북도 예천군 보문면,경상사고,0,0,1,0,차량단독 - 전도전복 - 전도,안전운전불이행,건조,맑음,단일로 - 기타,사륜오토바이(ATV),여,76세,경상,,,,
2023032900100187,2023년 3월 29일 11시,수요일,경상북도 포항시 남구 구룡포읍,중상사고,0,1,0,0,차대차 - 기타,안전운전불이행,기타,맑음,기타 - 기타,화물,남,45세,상해없음,자전거,남,72세,중상
2023032900100292,2023년 3월 29일 14시,수요일,경상북도 포항시 북구 죽도동,부상신고사고,0,0,0,1,차대차 - 추돌,안전운전불이행,건조,맑음,단일로 - 기타,승용,여,62세,상해없음,승용,남,73세,부상신고
2023032900100293,2023년 3월 29일 14시,수요일,경상북도 봉화군 봉화읍,경상사고,0,0,1,0,차대차 - 기타,안전운전불이행,건조,맑음,교차로 - 교차로부근,승용,여,60세,상해없음,승용,남,49세,경상
2023032900100294,2023년 3월 29일 14시,수요일,경상북도 청도군 풍각면,중상사고,0,1,1,0,차대차 - 측면충돌,중앙선침범,건조,맑음,단일로 - 기타,승용,여,71세,기타불명,승용,여,63세,중상
2023032900100295,2023년 3월 29일 14시,수요일,경상북도 포항시 남구 대송면,중상사고,0,1,6,0,차대차 - 추돌,안전운전불이행,건조,맑음,단일로 - 기타,승용,여,25세,기타불명,승용,남,29세,경상
2023032900100327,2023년 3월 29일 15시,수요일,경상북도 영천시 망정동,중상사고,0,1,0,0,차대사람 - 차도통행중,안전운전불이행,건조,맑음,교차로 - 교차로안,승용,남,54세,상해없음,보행자,여,69세,중상
2023032900100359,2023년 3월 29일 16시,수요일,경상북도 예천군 용문면,경상사고,0,0,1,0,차량단독 - 도로외이탈 - 추락,안전운전불이행,기타,맑음,단일로 - 기타,특수,남,56세,경상,,,,
2023032900100360,2023년 3월 29일 16시,수요일,경상북도 포항시 남구 오천읍,중상사고,0,1,0,0,차대차 - 측면충돌,교차로운행방법위반,건조,맑음,단일로 - 기타,승합,남,63세,상해없음,이륜,남,62세,중상
2023032900100400,2023년 3월 29일 17시,수요일,경상북도 청송군 청송읍,경상사고,0,0,1,0,차대사람 - 횡단중,안전운전불이행,건조,맑음,단일로 - 기타,승용,여,43세,상해없음,보행자,남,10세,경상
2023032900100401,2023년 3월 29일 17시,수요일,경상북도 구미시 옥계동,경상사고,0,0,1,0,차대차 - 기타,차로위반,건조,맑음,단일로 - 기타,승용,여,49세,상해없음,승합,남,54세,경상
2023032900100444,2023년 3월 29일 18시,수요일,경상북도 안동시 이천동,경상사고,0,0,2,0,차대차 - 추돌,안전운전불이행,건조,맑음,단일로 - 기타,화물,여,66세,상해없음,승용,남,42세,경상
2023032900100445,2023년 3월 29일 18시,수요일,경상북도 포항시 남구 동해면,중상사고,0,1,0,0,차량단독 - 기타,안전운전불이행,건조,맑음,단일로 - 기타,이륜,남,64세,중상,,,,
2023032900100485,2023년 3월 29일 19시,수요일,경상북도 영천시 야사동,경상사고,0,0,1,0,차대사람 - 보도통행중,안전운전불이행,건조,맑음,교차로 - 교차로안,승용,여,51세,상해없음,보행자,남,14세,경상
2023032900100507,2023년 3월 29일 20시,수요일,경상북도 경주시 안강읍,경상사고,0,0,4,0,차대차 - 추돌,안전운전불이행,건조,맑음,교차로 - 교차로부근,승용,남,55세,상해없음,승용,남,37세,경상
2023032900100508,2023년 3월 29일 20시,수요일,경상북도 칠곡군 석적읍,경상사고,0,0,2,0,차대차 - 추돌,안전운전불이행,건조,맑음,교차로 - 교차로안,승용,남,24세,상해없음,승용,남,44세,상해없음
2023032900100509,2023년 3월 29일 20시,수요일,경상북도 영덕군 영덕읍,중상사고,0,1,1,0,차대차 - 측면충돌,직진우회전진행방해,건조,맑음,교차로 - 교차로안,승용,남,58세,상해없음,승용,남,45세,중상
2023032900100510,2023년 3월 29일 20시,수요일,경상북도 봉화군 봉화읍,경상사고,0,0,2,0,차대차 - 기타,안전운전불이행,건조,기타,단일로 - 교량,승용,남,58세,상해없음,승용,여,41세,경상
2023032900100525,2023년 3월 29일 21시,수요일,경상북도 포항시 북구 용흥동,중상사고,0,1,0,0,차대사람 - 기타,안전운전불이행,건조,맑음,단일로 - 기타,승용,남,68세,기타불명,보행자,남,58세,중상
2023032900100553,2023년 3월 29일 22시,수요일,경상북도 칠곡군 왜관읍,사망사고,1,0,0,0,차량단독 - 공작물충돌,안전운전불이행,건조,맑음,교차로 - 교차로안,승용,남,61세,사망,,,,
2023032900100554,2023년 3월 29일 22시,수요일,경상북도 칠곡군 북삼읍,부상신고사고,0,0,0,1,차대사람 - 횡단중,보행자보호의무위반,건조,맑음,교차로 - 교차로부근,승용,남,38세,상해없음,보행자,여,26세,부상신고
2023033000100009,2023년 3월 30일 00시,목요일,경상북도 안동시 옥동,중상사고,0,1,0,1,차대차 - 기타,교차로운행방법위반,건조,맑음,교차로 - 교차로안,승용,남,50세,부상신고,승용,여,33세,중상
2023033000100010,2023년 3월 30일 00시,목요일,경상북도 구미시 사곡동,경상사고,0,0,1,0,차대차 - 측면충돌,안전거리미확보,건조,맑음,교차로 - 교차로부근,승용,여,61세,상해없음,승용,여,21세,경상
2023033000100023,2023년 3월 30일 01시,목요일,경상북도 구미시 도량동,경상사고,0,0,1,0,차대차 - 측면충돌,안전운전불이행,건조,맑음,기타 - 기타,화물,남,67세,상해없음,승용,남,41세,경상
2023033000100028,2023년 3월 30일 03시,목요일,경상북도 경주시 외동읍,경상사고,0,0,1,0,차대차 - 측면충돌,안전운전불이행,건조,맑음,교차로 - 교차로부근,승용,여,55세,상해없음,이륜,남,23세,경상
2023033000100077,2023년 3월 30일 07시,목요일,경상북도 영천시 언하동,경상사고,0,0,1,0,차대차 - 측면충돌,안전운전불이행,건조,맑음,교차로 - 교차로안,승용,남,49세,상해없음,자전거,여,75세,경상
2023033000100078,2023년 3월 30일 07시,목요일,경상북도 구미시 양호동,경상사고,0,0,1,0,차대차 - 정면충돌,안전운전불이행,건조,맑음,단일로 - 기타,승용,남,36세,상해없음,화물,남,57세,경상
2023033000100111,2023년 3월 30일 08시,목요일,경상북도 경산시 진량읍,경상사고,0,0,1,0,차대차 - 추돌,안전운전불이행,건조,맑음,교차로 - 교차로부근,승용,여,23세,상해없음,승용,남,39세,경상
2023033000100150,2023년 3월 30일 09시,목요일,경상북도 안동시 남후면,중상사고,0,1,0,0,차대차 - 기타,안전운전불이행,건조,맑음,단일로 - 기타,승용,여,40세,상해없음,이륜,남,66세,중상
2023033000100151,2023년 3월 30일 09시,목요일,경상북도 영천시 북안면,경상사고,0,0,1,0,차대차 - 기타,기타,건조,맑음,교차로 - 교차로안,승용,여,32세,경상,승용,여,49세,상해없음
2023033000100152,2023년 3월 30일 09시,목요일,경상북도 영덕군 영덕읍,경상사고,0,0,1,1,차대차 - 측면충돌,직진우회전진행방해,건조,맑음,교차로 - 교차로안,승용,여,30세,부상신고,승용,남,77세,경상
2023033000100179,2023년 3월 30일 10시,목요일,경상북도 포항시 북구 우현동,경상사고,0,0,1,0,차대차 - 추돌,안전운전불이행,건조,맑음,교차로 - 교차로부근,승용,여,36세,상해없음,승용,여,70세,경상
2023033000100180,2023년 3월 30일 10시,목요일,경상북도 안동시 동부동,중상사고,0,1,0,0,차대차 - 기타,직진우회전진행방해,건조,맑음,교차로 - 교차로안,이륜,남,82세,중상,승용,남,54세,상해없음
2023033000100181,2023년 3월 30일 10시,목요일,경상북도 포항시 남구 동촌동,경상사고,0,0,1,0,차대차 - 측면충돌,안전운전불이행,건조,맑음,교차로 - 교차로안,승용,남,64세,기타불명,화물,남,35세,경상
2023033000100182,2023년 3월 30일 10시,목요일,경상북도 구미시 오태동,중상사고,0,1,1,0,차대차 - 추돌,안전운전불이행,건조,맑음,단일로 - 기타,승용,남,26세,상해없음,승용,남,46세,경상
2023033000100211,2023년 3월 30일 11시,목요일,경상북도 구미시 고아읍,경상사고,0,0,3,1,차대차 - 추돌,안전운전불이행,건조,맑음,단일로 - 기타,승용,남,63세,부상신고,승용,남,38세,경상
2023033000100212,2023년 3월 30일 11시,목요일,경상북도 포항시 남구 오천읍,경상사고,0,0,1,0,차대차 - 추돌,안전운전불이행,건조,맑음,교차로 - 교차로부근,승용,여,36세,기타불명,화물,남,64세,경상
2023033000100213,2023년 3월 30일 11시,목요일,경상북도 포항시 남구 오천읍,경상사고,0,0,1,0,차대차 - 측면충돌,직진우회전진행방해,건조,맑음,교차로 - 교차로안,화물,남,32세,상해없음,승용,여,42세,경상
2023033000100239,2023년 3월 30일 12시,목요일,경상북도 안동시 옥동,중상사고,0,1,0,0,차대차 - 기타,안전거리미확보,건조,맑음,단일로 - 기타,자전거,남,79세,중상,승용,남,67세,상해없음
2023033000100240,2023년 3월 30일 12시,목요일,경상북도 문경시 윤직동,경상사고,0,0,2,0,차대차 - 측면충돌,안전운전불이행,건조,맑음,교차로 - 교차로부근,화물,남,28세,상해없음,승용,여,47세,경상
2023033000100275,2023년 3월 30일 13시,목요일,경상북도 상주시 함창읍,경상사고,0,0,1,0,차대차 - 측면충돌,불법유턴,건조,맑음,교차로 - 교차로횡단보도내,승용,남,57세,상해없음,이륜,남,32세,경상
2023033000100299,2023년 3월 30일 14시,목요일,경상북도 구미시 사곡동,경상사고,0,0,1,0,차대차 - 기타,안전운전불이행,건조,맑음,단일로 - 기타,화물,남,43세,기타불명,승용,여,41세,경상
2023033000100300,2023년 3월 30일 14시,목요일,경상북도 포항시 남구 대잠동,경상사고,0,0,1,0,차대차 - 측면충돌,신호위반,건조,맑음,교차로 - 교차로부근,승용,남,70세,상해없음,승용,여,41세,경상
2023033000100322,2023년 3월 30일 15시,목요일,경상북도 포항시 남구 오천읍,경상사고,0,0,1,0,차대사람 - 차도통행중,안전운전불이행,건조,맑음,교차로 - 교차로안,화물,남,45세,상해없음,보행자,남,54세,경상
2023033000100323,2023년 3월 30일 15시,목요일,경상북도 포항시 남구 상도동,경상사고,0,0,1,0,차대차 - 기타,안전운전불이행,건조,맑음,단일로 - 기타,승용,여,77세,상해없음,승용,여,41세,경상
2023033000100445,2023년 3월 30일 18시,목요일,경상북도 포항시 북구 용흥동,중상사고,0,1,0,0,차대사람 - 횡단중,보행자보호의무위반,건조,맑음,단일로 - 기타,승용,남,57세,상해없음,보행자,여,57세,중상
2023033000100446,2023년 3월 30일 18시,목요일,경상북도 칠곡군 동명면,경상사고,0,0,2,0,차대차 - 추돌,안전운전불이행,건조,맑음,교차로 - 교차로부근,승용,여,31세,상해없음,승용,여,29세,경상
2023033000100447,2023년 3월 30일 18시,목요일,경상북도 예천군 예천읍,경상사고,0,0,1,0,차량단독 - 전도전복 - 전도,안전운전불이행,건조,맑음,기타 - 기타,원동기,남,16세,경상,,,,
2023033000100493,2023년 3월 30일 19시,목요일,경상북도 포항시 북구 흥해읍,중상사고,0,1,0,0,차대차 - 측면충돌,안전운전불이행,건조,맑음,단일로 - 기타,화물,남,61세,상해없음,승용,여,60세,중상