사고번호,사고일시,요일,시군구,사고내용,사망자수,중상자수,경상자수,부상신고자수,사고유형,법규위반,노면상태,기상상태,도로형태,가해운전자 차종,가해운전자 성별,가해운전자 연령,가해운전자 상해정도,피해운전자 차종,피해운전자 성별,피해운전자 연령,피해운전자 상해정도
2023033000100521,2023년 3월 30일 20시,목요일,경상북도 영주시 가흥동,경상사고,0,0,2,0,차대차 - 기타,신호위반,건조,맑음,교차로 - 교차로안,승용,남,69세,상해없음,승용,남,63세,경상
2023033000100546,2023년 3월 30일 21시,목요일,경상북도 경산시 와촌면,중상사고,0,1,1,0,차대차 - 측면충돌,안전거리미확보,건조,맑음,단일로 - 기타,화물,남,65세,상해없음,승용,여,23세,중상
2023033000100547,2023년 3월 30일 21시,목요일,경상북도 구미시 원평동,중상사고,0,2,1,0,차대차 - 추돌,안전운전불이행,건조,맑음,단일로 - 기타,승용,남,42세,상해없음,승용,남,48세,중상
2023033000100568,2023년 3월 30일 22시,목요일,경상북도 김천시 아포읍,경상사고,0,0,3,0,차대차 - 측면충돌,안전운전불이행,건조,맑음,단일로 - 기타,화물,남,61세,상해없음,승용,여,52세,경상
2023033000100578,2023년 3월 30일 23시,목요일,경상북도 구미시 원평동,중상사고,0,1,0,0,차대차 - 추돌,안전운전불이행,건조,맑음,단일로 - 기타,승용,남,40세,상해없음,자전거,남,74세,중상
2023033100100015,2023년 3월 31일 01시,금요일,경상북도 구미시 시미동,경상사고,0,0,3,1,차대차 - 측면충돌,교차로운행방법위반,건조,맑음,교차로 - 교차로안,승용,남,61세,경상,승용,남,21세,경상
2023033100100029,2023년 3월 31일 04시,금요일,경상북도 성주군 월항면,중상사고,0,1,0,0,차대차 - 추돌,안전운전불이행,건조,맑음,단일로 - 기타,승용,남,30세,중상,승용,남,31세,기타불명
2023033100100036,2023년 3월 31일 05시,금요일,경상북도 청도군 이서면,사망사고,1,0,0,0,차량단독 - 도로외이탈 - 추락,안전운전불이행,건조,맑음,단일로 - 기타,승용,남,39세,사망,,,,
2023033100100037,2023년 3월 31일 05시,금요일,경상북도 포항시 남구 상도동,경상사고,0,0,1,0,차량단독 - 기타,안전운전불이행,건조,맑음,단일로 - 기타,승용,남,75세,상해없음,,,,
2023033100100046,2023년 3월 31일 06시,금요일,경상북도 봉화군 물야면,사망사고,1,1,0,0,차대차 - 정면충돌,중앙선침범,건조,맑음,단일로 - 기타,이륜,남,65세,사망,화물,남,62세,중상
2023033100100047,2023년 3월 31일 06시,금요일,경상북도 울릉군 울릉읍,중상사고,0,1,0,0,차대차 - 측면충돌,안전운전불이행,건조,맑음,단일로 - 기타,승용,남,71세,상해없음,이륜,남,76세,중상
2023033100100087,2023년 3월 31일 08시,금요일,경상북도 포항시 북구 죽도동,경상사고,0,0,1,0,차대사람 - 횡단중,신호위반,건조,맑음,교차로 - 교차로횡단보도내,이륜,남,33세,상해없음,보행자,여,24세,경상
2023033100100133,2023년 3월 31일 09시,금요일,경상북도 경주시 감포읍,경상사고,0,0,1,0,차대차 - 정면충돌,기타,건조,맑음,교차로 - 교차로안,승용,남,26세,상해없음,승용,남,44세,경상
2023033100100134,2023년 3월 31일 09시,금요일,경상북도 안동시 송현동,경상사고,0,0,1,0,차대차 - 측면충돌,차로위반,건조,맑음,단일로 - 기타,승용,남,69세,기타불명,승용,여,53세,경상
2023033100100135,2023년 3월 31일 09시,금요일,경상북도 청송군 진보면,경상사고,0,0,2,0,차대차 - 측면충돌,안전운전불이행,건조,맑음,단일로 - 기타,화물,남,71세,상해없음,승용,남,32세,경상
2023033100100136,2023년 3월 31일 09시,금요일,경상북도 구미시 선기동,경상사고,0,0,1,0,차대차 - 측면충돌,교차로운행방법위반,건조,맑음,교차로 - 교차로안,승용,여,41세,상해없음,승용,남,40세,경상
2023033100100177,2023년 3월 31일 10시,금요일,경상북도 경주시 성건동,중상사고,0,1,0,0,차대차 - 측면충돌,중앙선침범,건조,맑음,단일로 - 기타,승용,남,81세,상해없음,이륜,남,42세,중상
2023033100100178,2023년 3월 31일 10시,금요일,경상북도 경산시 진량읍,경상사고,0,0,1,0,차대차 - 기타,신호위반,건조,맑음,교차로 - 교차로안,승용,여,46세,상해없음,승용,남,56세,경상
2023033100100179,2023년 3월 31일 10시,금요일,경상북도 구미시 공단동,경상사고,0,0,1,0,차대사람 - 기타,안전운전불이행,건조,맑음,기타 - 기타,승용,남,30세,상해없음,보행자,남,63세,경상
2023033100100218,2023년 3월 31일 11시,금요일,경상북도 상주시 남성동,경상사고,0,0,1,0,차대차 - 기타,기타,건조,맑음,교차로 - 교차로부근,승용,여,70세,상해없음,이륜,남,29세,경상
2023033100100219,2023년 3월 31일 11시,금요일,경상북도 봉화군 법전면,중상사고,0,1,0,0,차대차 - 추돌,안전운전불이행,건조,맑음,단일로 - 기타,승용,남,22세,상해없음,화물,남,61세,중상
2023033100100243,2023년 3월 31일 12시,금요일,경상북도 안동시 북후면,중상사고,0,1,0,0,차대차 - 측면충돌,안전운전불이행,건조,맑음,단일로 - 기타,승용,남,66세,상해없음,이륜,남,67세,중상
2023033100100244,2023년 3월 31일 12시,금요일,경상북도 칠곡군 왜관읍,경상사고,0,0,2,0,차대차 - 후진중충돌,안전운전불이행,건조,맑음,주차장 - 주차장,승용,남,62세,상해없음,승용,남,23세,경상
2023033100100278,2023년 3월 31일 13시,금요일,경상북도 성주군 성주읍,중상사고,0,1,0,0,차대사람 - 길가장자리구역통행중,안전운전불이행,건조,맑음,교차로 - 교차로부근,화물,남,80세,상해없음,보행자,여,55세,중상
2023033100100279,2023년 3월 31일 13시,금요일,경상북도 구미시 봉곡동,경상사고,0,0,1,0,차대차 - 기타,안전운전불이행,건조,맑음,교차로 - 교차로부근,승용,여,50세,상해없음,승용,남,66세,경상
2023033100100309,2023년 3월 31일 14시,금요일,경상북도 포항시 북구 항구동,경상사고,0,0,1,0,차대차 - 측면충돌,안전운전불이행,건조,맑음,교차로 - 교차로안,개인형이동수단(PM),남,19세,경상,승용,여,44세,상해없음
2023033100100310,2023년 3월 31일 14시,금요일,경상북도 구미시 봉곡동,경상사고,0,0,1,0,차대사람 - 기타,안전운전불이행,건조,맑음,단일로 - 기타,승용,남,65세,기타불명,보행자,여,28세,경상
2023033100100350,2023년 3월 31일 15시,금요일,경상북도 영주시 장수면,경상사고,0,0,2,0,차대차 - 측면충돌,교차로운행방법위반,건조,맑음,교차로 - 교차로안,승용,남,59세,상해없음,승용,남,75세,경상
2023033100100351,2023년 3월 31일 15시,금요일,경상북도 구미시 산동읍,중상사고,0,1,2,0,차대차 - 측면충돌,안전운전불이행,건조,맑음,교차로 - 교차로안,승용,남,65세,기타불명,승용,남,31세,중상
2023033100100390,2023년 3월 31일 16시,금요일,경상북도 경주시 외동읍,경상사고,0,0,4,0,차대차 - 추돌,안전운전불이행,건조,맑음,단일로 - 교량,화물,남,58세,상해없음,승용,남,49세,경상
2023033100100391,2023년 3월 31일 16시,금요일,경상북도 영주시 가흥동,중상사고,0,1,0,0,차대차 - 측면충돌,안전운전불이행,건조,맑음,기타 - 기타,화물,남,80세,중상,승용,남,57세,상해없음
2023033100100392,2023년 3월 31일 16시,금요일,경상북도 칠곡군 왜관읍,경상사고,0,0,2,0,차대차 - 측면충돌,안전운전불이행,건조,맑음,단일로 - 기타,승용,남,60세,상해없음,자전거,남,22세,경상
2023033100100393,2023년 3월 31일 16시,금요일,경상북도 구미시 형곡동,중상사고,0,1,0,0,차대차 - 기타,불법유턴,건조,맑음,단일로 - 기타,승용,여,61세,상해없음,자전거,남,15세,중상
2023033100100440,2023년 3월 31일 17시,금요일,경상북도 경주시 충효동,경상사고,0,0,1,0,차대사람 - 기타,안전운전불이행,건조,맑음,주차장 - 주차장,승용,여,50세,상해없음,보행자,남,67세,경상
2023033100100441,2023년 3월 31일 17시,금요일,경상북도 포항시 북구 창포동,경상사고,0,0,2,0,차대차 - 추돌,안전운전불이행,건조,맑음,교차로 - 교차로부근,이륜,남,17세,경상,승용,여,54세,경상
2023033100100442,2023년 3월 31일 17시,금요일,경상북도 포항시 남구 이동,경상사고,0,0,1,0,차대차 - 측면충돌,안전운전불이행,건조,맑음,단일로 - 기타,승용,남,65세,상해없음,승용,여,45세,경상
2023033100100493,2023년 3월 31일 18시,금요일,경상북도 경주시 용강동,중상사고,0,1,5,0,차대차 - 측면충돌,안전거리미확보,건조,맑음,교차로 - 교차로부근,승용,여,52세,상해없음,승합,남,50세,경상
2023033100100494,2023년 3월 31일 18시,금요일,경상북도 포항시 북구 동빈2가,중상사고,0,1,0,0,차대차 - 측면충돌,신호위반,건조,맑음,교차로 - 교차로안,승용,여,46세,상해없음,화물,남,61세,중상
2023033100100495,2023년 3월 31일 18시,금요일,경상북도 김천시 신음동,경상사고,0,0,1,0,차대차 - 측면충돌,교차로운행방법위반,건조,맑음,교차로 - 교차로부근,승용,여,64세,상해없음,승용,여,47세,경상
2023033100100496,2023년 3월 31일 18시,금요일,경상북도 경산시 하양읍,경상사고,0,0,1,0,차대차 - 기타,안전운전불이행,건조,맑음,교차로 - 교차로안,승합,남,40세,상해없음,승용,여,28세,상해없음
2023033100100497,2023년 3월 31일 18시,금요일,경상북도 구미시 공단동,경상사고,0,0,1,0,차대차 - 기타,교차로운행방법위반,건조,맑음,단일로 - 기타,승용,남,71세,상해없음,승용,남,30세,경상
2023033100100498,2023년 3월 31일 18시,금요일,경상북도 칠곡군 동명면,중상사고,0,2,2,0,차대차 - 추돌,안전운전불이행,건조,맑음,단일로 - 터널,승용,여,56세,상해없음,승용,남,48세,상해없음
2023033100100540,2023년 3월 31일 19시,금요일,경상북도 경주시 건천읍,경상사고,0,0,1,0,차대차 - 기타,안전운전불이행,건조,맑음,기타 - 기타,승용,남,44세,상해없음,승용,남,70세,경상
2023033100100541,2023년 3월 31일 19시,금요일,경상북도 김천시 모암동,경상사고,0,0,3,0,차대차 - 추돌,안전운전불이행,건조,맑음,단일로 - 기타,승용,남,41세,상해없음,승용,여,58세,경상
2023033100100542,2023년 3월 31일 19시,금요일,경상북도 포항시 남구 상도동,경상사고,0,0,2,0,차대차 - 측면충돌,신호위반,건조,맑음,교차로 - 교차로안,승용,남,28세,상해없음,승용,남,47세,경상
2023033100100574,2023년 3월 31일 20시,금요일,경상북도 경주시 북군동,중상사고,0,1,0,0,차대사람 - 기타,기타,건조,맑음,단일로 - 기타,특수,남,31세,상해없음,보행자,남,25세,중상
2023033100100575,2023년 3월 31일 20시,금요일,경상북도 포항시 북구 두호동,중상사고,0,1,0,0,차대차 - 측면충돌,안전운전불이행,건조,맑음,교차로 - 교차로횡단보도내,승용,남,59세,상해없음,개인형이동수단(PM),남,37세,중상
2023033100100576,2023년 3월 31일 20시,금요일,경상북도 포항시 북구 흥해읍,경상사고,0,0,2,1,차대차 - 기타,안전운전불이행,건조,맑음,기타 - 기타,승용,여,29세,상해없음,승용,남,28세,경상
2023033100100614,2023년 3월 31일 22시,금요일,경상북도 문경시 모전동,경상사고,0,0,1,0,차대차 - 측면충돌,안전운전불이행,건조,맑음,단일로 - 기타,개인형이동수단(PM),남,15세,경상,승용,여,63세,상해없음
2023033100100631,2023년 3월 31일 23시,금요일,경상북도 포항시 북구 항구동,경상사고,0,0,1,0,차대사람 - 차도통행중,중앙선침범,건조,맑음,단일로 - 기타,승용,남,54세,상해없음,보행자,남,32세,경상
2023040100100012,2023년 4월 1일 00시,토요일,경상북도 구미시 산동읍,중상사고,0,1,0,0,차량단독 - 공작물충돌,안전운전불이행,건조,맑음,교차로 - 교차로안,화물,남,27세,중상,,,,
2023040100100063,2023년 4월 1일 06시,토요일,경상북도 포항시 남구 대도동,경상사고,0,0,1,0,차대차 - 기타,안전운전불이행,건조,맑음,교차로 - 교차로부근,승용,남,34세,상해없음,승용,여,27세,경상
2023040100100073,2023년 4월 1일 07시,토요일,경상북도 포항시 북구 신광면,중상사고,0,1,0,0,차량단독 - 도로외이탈 - 추락,안전운전불이행,건조,맑음,단일로 - 기타,승합,남,54세,중상,,,,
2023040100100092,2023년 4월 1일 08시,토요일,경상북도 영천시 완산동,중상사고,0,1,0,0,차대사람 - 차도통행중,안전운전불이행,건조,맑음,교차로 - 교차로안,승합,남,44세,상해없음,보행자,남,74세,중상
2023040100100113,2023년 4월 1일 09시,토요일,경상북도 경산시 중방동,경상사고,0,0,1,0,차대차 - 기타,신호위반,건조,맑음,교차로 - 교차로안,승용,남,33세,상해없음,화물,남,41세,경상
2023040100100141,2023년 4월 1일 10시,토요일,경상북도 포항시 북구 양덕동,경상사고,0,0,2,0,차대사람 - 횡단중,신호위반,건조,맑음,교차로 - 교차로횡단보도내,승용,남,36세,상해없음,보행자,여,31세,경상
2023040100100142,2023년 4월 1일 10시,토요일,경상북도 구미시 황상동,경상사고,0,0,1,0,차대사람 - 기타,안전운전불이행,건조,맑음,단일로 - 기타,승용,남,32세,상해없음,보행자,여,80세,경상
2023040100100143,2023년 4월 1일 10시,토요일,경상북도 구미시 고아읍,중상사고,0,2,4,0,차대차 - 기타,안전운전불이행,건조,맑음,단일로 - 교량,화물,남,28세,상해없음,승용,남,46세,중상
2023040100100173,2023년 4월 1일 11시,토요일,경상북도 칠곡군 석적읍,중상사고,0,1,3,0,차대차 - 추돌,안전운전불이행,건조,맑음,교차로 - 교차로부근,화물,남,61세,상해없음,승용,남,72세,중상
2023040100100174,2023년 4월 1일 11시,토요일,경상북도 칠곡군 동명면,중상사고,0,1,0,0,차대차 - 기타,안전운전불이행,건조,맑음,단일로 - 기타,화물,남,31세,상해없음,자전거,남,78세,중상
2023040100100175,2023년 4월 1일 11시,토요일,경상북도 구미시 장천면,경상사고,0,0,1,0,차량단독 - 공작물충돌,안전운전불이행,건조,맑음,단일로 - 고가도로위,승용,남,33세,상해없음,,,,
2023040100100227,2023년 4월 1일 12시,토요일,경상북도 경주시 서면,경상사고,0,0,1,0,차대차 - 측면충돌,안전운전불이행,건조,맑음,단일로 - 기타,화물,남,54세,상해없음,승용,여,40세,경상
2023040100100228,2023년 4월 1일 12시,토요일,경상북도 칠곡군 왜관읍,경상사고,0,0,1,0,차대차 - 후진중충돌,안전운전불이행,건조,맑음,교차로 - 교차로안,승용,여,49세,상해없음,이륜,남,25세,경상
2023040100100270,2023년 4월 1일 13시,토요일,경상북도 김천시 교동,경상사고,0,0,4,0,차대차 - 기타,직진우회전진행방해,건조,맑음,교차로 - 교차로안,이륜,남,23세,상해없음,승용,여,51세,경상
2023040100100271,2023년 4월 1일 13시,토요일,경상북도 영천시 청통면,경상사고,0,0,1,0,차대차 - 추돌,중앙선침범,건조,맑음,단일로 - 기타,화물,남,64세,기타불명,승용,남,63세,경상
2023040100100316,2023년 4월 1일 14시,토요일,경상북도 경주시 천북면,경상사고,0,0,1,0,차대차 - 측면충돌,중앙선침범,건조,맑음,단일로 - 기타,승합,남,43세,상해없음,승용,남,54세,경상
2023040100100317,2023년 4월 1일 14시,토요일,경상북도 영천시 완산동,경상사고,0,0,2,0,차대차 - 측면충돌,신호위반,건조,맑음,교차로 - 교차로안,승용,여,58세,상해없음,승용,남,59세,경상
2023040100100318,2023년 4월 1일 14시,토요일,경상북도 울진군 북면,경상사고,0,0,4,0,차대차 - 후진중충돌,안전운전불이행,건조,맑음,단일로 - 기타,화물,남,67세,상해없음,승용,남,53세,상해없음
2023040100100319,2023년 4월 1일 14시,토요일,경상북도 구미시 진평동,경상사고,0,0,3,0,차대차 - 측면충돌,안전거리미확보,건조,맑음,단일로 - 기타,이륜,남,51세,경상,승용,남,28세,경상
2023040100100320,2023년 4월 1일 14시,토요일,경상북도 포항시 남구 이동,경상사고,0,0,4,0,차대차 - 측면충돌,교차로운행방법위반,건조,맑음,교차로 - 교차로안,승용,남,70세,상해없음,승용,여,63세,경상
2023040100100353,2023년 4월 1일 15시,토요일,경상북도 포항시 북구 흥해읍,경상사고,0,0,1,0,차대사람 - 기타,안전운전불이행,건조,맑음,교차로 - 교차로부근,승용,남,79세,상해없음,보행자,여,3세,경상
2023040100100354,2023년 4월 1일 15시,토요일,경상북도 영천시 완산동,사망사고,1,0,0,0,차대차 - 측면충돌,불법유턴,건조,맑음,교차로 - 교차로부근,자전거,남,83세,사망,승용,남,44세,상해없음
2023040100100355,2023년 4월 1일 15시,토요일,경상북도 구미시 도량동,경상사고,0,0,3,0,차대차 - 기타,안전거리미확보,건조,맑음,단일로 - 기타,승용,여,56세,상해없음,승용,여,41세,경상
2023040100100394,2023년 4월 1일 16시,토요일,경상북도 영천시 청통면,사망사고,1,0,0,0,차대차 - 측면충돌,신호위반,건조,맑음,교차로 - 교차로안,이륜,남,67세,사망,화물,남,55세,상해없음
2023040100100395,2023년 4월 1일 16시,토요일,경상북도 경산시 대동,중상사고,0,3,3,0,차대차 - 정면충돌,중앙선침범,건조,맑음,단일로 - 기타,승용,여,64세,중상,승용,남,66세,중상
2023040100100428,2023년 4월 1일 17시,토요일,경상북도 포항시 북구 죽도동,경상사고,0,0,1,0,차대차 - 측면충돌,안전운전불이행,건조,맑음,교차로 - 교차로안,승용,남,63세,상해없음,승용,남,43세,경상
2023040100100495,2023년 4월 1일 19시,토요일,경상북도 포항시 북구 죽도동,경상사고,0,0,1,0,차대차 - 측면충돌,기타,건조,맑음,교차로 - 교차로부근,승용,남,74세,상해없음,이륜,남,40세,경상
2023040100100496,2023년 4월 1일 19시,토요일,경상북도 칠곡군 석적읍,경상사고,0,0,2,0,차대차 - 측면충돌,안전거리미확보,건조,맑음,교차로 - 교차로안,승용,남,40세,상해없음,승용,남,22세,경상
2023040100100497,2023년 4월 1일 19시,토요일,경상북도 경산시 진량읍,경상사고,0,0,1,0,차대차 - 추돌,안전운전불이행,건조,맑음,교차로 - 교차로부근,승용,남,35세,상해없음,이륜,남,22세,경상
2023040100100498,2023년 4월 1일 19시,토요일,경상북도 구미시 광평동,중상사고,0,1,0,0,차량단독 - 기타,안전운전불이행,건조,맑음,교차로 - 교차로부근,승합,남,56세,상해없음,,,,
2023040100100572,2023년 4월 1일 22시,토요일,경상북도 경주시 황남동,경상사고,0,0,1,0,차대차 - 측면충돌,안전운전불이행,건조,맑음,교차로 - 교차로안,승용,남,39세,상해없음,이륜,남,18세,경상
2023040100100589,2023년 4월 1일 23시,토요일,경상북도 고령군 대가야읍,중상사고,0,1,0,0,차대사람 - 기타,안전운전불이행,건조,맑음,단일로 - 기타,화물,남,43세,상해없음,보행자,남,60세,중상
2023040100100590,2023년 4월 1일 23시,토요일,경상북도 포항시 남구 대잠동,경상사고,0,0,1,0,차대차 - 추돌,안전거리미확보,건조,맑음,교차로 - 교차로부근,승용,남,53세,상해없음,승용,남,49세,경상
2023040200100007,2023년 4월 2일 00시,일요일,경상북도 경산시 중방동,중상사고,0,1,1,0,차대사람 - 횡단중,기타,건조,맑음,단일로 - 기타,이륜,남,37세,경상,보행자,남,46세,중상
2023040200100016,2023년 4월 2일 01시,일요일,경상북도 구미시 사곡동,경상사고,0,0,1,0,차대차 - 정면충돌,중앙선침범,건조,맑음,단일로 - 기타,승용,여,44세,상해없음,승용,남,52세,경상
2023040200100025,2023년 4월 2일 02시,일요일,경상북도 경산시 진량읍,사망사고,1,1,0,0,차대사람 - 차도통행중,안전운전불이행,건조,맑음,단일로 - 기타,승용,남,22세,상해없음,보행자,남,37세,사망
2023040200100046,2023년 4월 2일 05시,일요일,경상북도 영천시 고경면,경상사고,0,0,1,0,차대차 - 측면충돌,안전운전불이행,건조,맑음,주차장 - 주차장,승용,남,57세,기타불명,승합,남,44세,경상
2023040200100051,2023년 4월 2일 06시,일요일,경상북도 구미시 구포동,경상사고,0,0,1,0,차량단독 - 기타,안전운전불이행,건조,맑음,단일로 - 기타,이륜,남,16세,경상,,,,
2023040200100066,2023년 4월 2일 08시,일요일,경상북도 포항시 북구 흥해읍,경상사고,0,0,2,0,차대차 - 측면충돌,안전운전불이행,건조,맑음,단일로 - 기타,화물,남,80세,상해없음,승용,남,38세,경상
2023040200100083,2023년 4월 2일 09시,일요일,경상북도 문경시 모전동,경상사고,0,0,1,0,차대차 - 측면충돌,안전운전불이행,건조,맑음,교차로 - 교차로안,승용,여,57세,상해없음,승용,여,59세,경상
2023040200100100,2023년 4월 2일 10시,일요일,경상북도 경주시 성동동,중상사고,0,1,0,0,차대사람 - 횡단중,보행자보호의무위반,건조,맑음,교차로 - 교차로부근,승용,여,68세,상해없음,보행자,여,81세,중상
2023040200100101,2023년 4월 2일 10시,일요일,경상북도 포항시 북구 장성동,경상사고,0,0,1,0,차대차 - 측면충돌,안전운전불이행,건조,맑음,교차로 - 교차로안,승용,남,68세,상해없음,승용,남,32세,경상
2023040200100102,2023년 4월 2일 10시,일요일,경상북도 영천시 화산면,경상사고,0,0,1,0,차량단독 - 전도전복 - 전도,안전운전불이행,건조,맑음,기타 - 기타,승용,남,78세,경상,,,,
2023040200100162,2023년 4월 2일 12시,일요일,경상북도 경주시 강동면,경상사고,0,0,1,0,차대차 - 추돌,안전운전불이행,건조,맑음,단일로 - 기타,승용,남,24세,상해없음,승합,남,59세,상해없음
2023040200100163,2023년 4월 2일 12시,일요일,경상북도 예천군 개포면,중상사고,0,1,4,0,차량단독 - 도로외이탈 - 기타,안전운전불이행,건조,맑음,단일로 - 기타,승용,남,51세,상해없음,,,,
2023040200100194,2023년 4월 2일 13시,일요일,경상북도 군위군 효령면,경상사고,0,0,2,0,차대차 - 추돌,안전운전불이행,건조,맑음,단일로 - 기타,화물,남,65세,상해없음,승용,여,52세,경상
2023040200100195,2023년 4월 2일 13시,일요일,경상북도 영양군 수비면,중상사고,0,1,1,0,차대차 - 측면충돌,직진우회전진행방해,건조,맑음,교차로 - 교차로안,승합,남,61세,경상,화물,여,57세,중상
2023040200100196,2023년 4월 2일 13시,일요일,경상북도 포항시 남구 동해면,중상사고,0,1,5,0,차대차 - 정면충돌,중앙선침범,건조,맑음,교차로 - 교차로부근,승용,여,26세,경상,승용,남,74세,중상
2023040200100197,2023년 4월 2일 13시,일요일,경상북도 포항시 남구 연일읍,부상신고사고,0,0,0,1,차대차 - 측면충돌,교차로운행방법위반,건조,맑음,교차로 - 교차로안,승용,남,38세,상해없음,승용,남,62세,부상신고
2023040200100237,2023년 4월 2일 14시,일요일,경상북도 포항시 북구 장성동,경상사고,0,0,1,0,차대사람 - 기타,보행자보호의무위반,건조,맑음,주차장 - 주차장,승용,여,55세,상해없음,보행자,남,26세,경상
2023040200100238,2023년 4월 2일 14시,일요일,경상북도 칠곡군 왜관읍,부상신고사고,0,0,0,1,차량단독 - 전도전복 - 전도,안전운전불이행,건조,맑음,교차로 - 교차로부근,자전거,남,38세,부상신고,,,,
2023040200100239,2023년 4월 2일 14시,일요일,경상북도 포항시 남구 대도동,경상사고,0,0,1,2,차대차 - 정면충돌,신호위반,건조,맑음,교차로 - 교차로부근,이륜,남,46세,부상신고,승용,남,30세,부상신고
2023040200100275,2023년 4월 2일 15시,일요일,경상북도 상주시 남성동,경상사고,0,0,1,0,차대차 - 정면충돌,직진우회전진행방해,건조,맑음,교차로 - 교차로안,승용,남,24세,상해없음,원동기,여,56세,경상
2023040200100303,2023년 4월 2일 16시,일요일,경상북도 안동시 금곡동,경상사고,0,0,2,0,차대차 - 기타,안전운전불이행,건조,맑음,교차로 - 교차로부근,승용,여,71세,상해없음,승용,여,30세,경상
2023040200100333,2023년 4월 2일 17시,일요일,경상북도 경주시 내남면,사망사고,1,1,0,0,차량단독 - 공작물충돌,기타,건조,맑음,교차로 - 교차로부근,승용,남,23세,사망,,,,
2023040200100334,2023년 4월 2일 17시,일요일,경상북도 경산시 진량읍,중상사고,0,1,1,0,차대차 - 측면충돌,교차로운행방법위반,건조,맑음,교차로 - 교차로안,승용,여,50세,중상,승용,여,63세,경상
2023040200100358,2023년 4월 2일 18시,일요일,경상북도 김천시 성내동,중상사고,0,1,0,0,차대사람 - 기타,기타,건조,맑음,주차장 - 주차장,승합,남,57세,상해없음,보행자,남,34세,중상
2023040200100359,2023년 4월 2일 18시,일요일,경상북도 포항시 남구 송도동,경상사고,0,0,2,0,차대차 - 측면충돌,신호위반,건조,맑음,교차로 - 교차로안,승용,여,41세,경상,승용,남,68세,경상
2023040200100360,2023년 4월 2일 18시,일요일,경상북도 포항시 남구 효자동,부상신고사고,0,0,0,2,차대차 - 측면충돌,안전운전불이행,건조,맑음,단일로 - 기타,자전거,남,62세,부상신고,자전거,남,73세,부상신고
2023040200100361,2023년 4월 2일 18시,일요일,경상북도 청도군 청도읍,경상사고,0,0,2,0,차대차 - 추돌,안전거리미확보,건조,맑음,단일로 - 기타,승용,남,33세,상해없음,승용,남,62세,경상
2023040200100391,2023년 4월 2일 19시,일요일,경상북도 포항시 북구 죽장면,중상사고,0,1,0,0,차대차 - 측면충돌,중앙선침범,건조,맑음,단일로 - 기타,건설기계,남,37세,상해없음,승용,남,65세,중상
2023040200100411,2023년 4월 2일 20시,일요일,경상북도 문경시 흥덕동,부상신고사고,0,0,0,1,차대차 - 측면충돌,안전운전불이행,건조,맑음,교차로 - 교차로안,자전거,남,26세,부상신고,승용,남,41세,상해없음
2023040200100412,2023년 4월 2일 20시,일요일,경상북도 경산시 진량읍,경상사고,0,0,1,0,차대사람 - 횡단중,안전운전불이행,건조,맑음,단일로 - 기타,이륜,남,27세,상해없음,보행자,여,19세,경상
2023040200100453,2023년 4월 2일 22시,일요일,경상북도 안동시 옥야동,경상사고,0,0,2,0,차대차 - 측면충돌,안전운전불이행,건조,맑음,단일로 - 기타,승용,남,54세,상해없음,이륜,남,16세,경상
2023040300100026,2023년 4월 3일 05시,월요일,경상북도 구미시 진평동,경상사고,0,0,1,0,차대차 - 측면충돌,안전운전불이행,건조,맑음,교차로 - 교차로부근,승용,남,72세,상해없음,승용,남,38세,경상
2023040300100027,2023년 4월 3일 05시,월요일,경상북도 포항시 남구 대도동,경상사고,0,0,1,0,차대사람 - 기타,안전운전불이행,건조,맑음,단일로 - 기타,승용,남,70세,상해없음,보행자,남,17세,경상
2023040300100034,2023년 4월 3일 06시,월요일,경상북도 포항시 남구 동촌동,중상사고,0,1,1,0,차대차 - 측면충돌,신호위반,건조,맑음,단일로 - 기타,이륜,남,48세,경상,자전거,남,65세,중상
2023040300100049,2023년 4월 3일 07시,월요일,경상북도 칠곡군 석적읍,경상사고,0,0,1,0,차대차 - 측면충돌,교차로운행방법위반,건조,맑음,교차로 - 교차로안,화물,남,61세,상해없음,승용,남,62세,경상
2023040300100050,2023년 4월 3일 07시,월요일,경상북도 영천시 야사동,경상사고,0,0,1,0,차대차 - 기타,기타,건조,맑음,단일로 - 기타,승용,남,40세,상해없음,자전거,여,61세,경상
2023040300100051,2023년 4월 3일 07시,월요일,경상북도 성주군 초전면,경상사고,0,0,1,0,차대차 - 측면충돌,안전운전불이행,건조,맑음,교차로 - 교차로안,승용,남,42세,상해없음,승용,남,56세,경상
2023040300100082,2023년 4월 3일 08시,월요일,경상북도 경산시 사정동,경상사고,0,0,1,0,차대차 - 측면충돌,차로위반,건조,맑음,단일로 - 지하차도(도로)내,승용,여,49세,상해없음,승용,남,56세,경상
2023040300100083,2023년 4월 3일 08시,월요일,경상북도 청도군 이서면,중상사고,0,2,2,0,차량단독 - 전도전복 - 전도,안전운전불이행,건조,맑음,단일로 - 기타,기타불명,여,48세,중상,,,,
2023040300100084,2023년 4월 3일 08시,월요일,경상북도 구미시 인의동,경상사고,0,0,3,0,차대사람 - 횡단중,보행자보호의무위반,건조,맑음,교차로 - 교차로안,승용,남,45세,상해없음,보행자,여,43세,경상
2023040300100158,2023년 4월 3일 10시,월요일,경상북도 포항시 북구 죽도동,경상사고,0,0,1,0,차대차 - 측면충돌,안전운전불이행,건조,맑음,기타 - 기타,승용,남,34세,상해없음,자전거,남,51세,경상