사고번호,사고일시,요일,시군구,사고내용,사망자수,중상자수,경상자수,부상신고자수,사고유형,법규위반,노면상태,기상상태,도로형태,가해운전자 차종,가해운전자 성별,가해운전자 연령,가해운전자 상해정도,피해운전자 차종,피해운전자 성별,피해운전자 연령,피해운전자 상해정도
2023041400100400,2023년 4월 14일 17시,금요일,경상북도 구미시 도량동,경상사고,0,0,2,0,차대차 - 측면충돌,안전거리미확보,건조,맑음,단일로 - 기타,승용,여,51세,상해없음,승용,여,25세,경상
2023041400100441,2023년 4월 14일 18시,금요일,경상북도 경산시 옥산동,중상사고,0,1,0,0,차대차 - 측면충돌,신호위반,건조,맑음,교차로 - 교차로횡단보도내,승용,남,50세,상해없음,개인형이동수단(PM),남,46세,중상
2023041400100442,2023년 4월 14일 18시,금요일,경상북도 울진군 후포면,중상사고,0,1,2,0,차대차 - 추돌,안전운전불이행,건조,맑음,단일로 - 기타,승용,남,56세,경상,승용,남,58세,중상
2023041400100484,2023년 4월 14일 19시,금요일,경상북도 구미시 옥계동,경상사고,0,0,1,0,차대차 - 측면충돌,안전운전불이행,건조,맑음,단일로 - 기타,승용,여,31세,상해없음,이륜,남,36세,경상
2023041400100544,2023년 4월 14일 20시,금요일,경상북도 포항시 북구 청하면,경상사고,0,0,1,0,차대차 - 기타,안전거리미확보,건조,맑음,단일로 - 기타,승용,여,34세,상해없음,승용,남,67세,경상
2023041400100619,2023년 4월 14일 23시,금요일,경상북도 구미시 송정동,경상사고,0,0,2,0,차대차 - 기타,신호위반,건조,맑음,교차로 - 교차로안,승용,남,39세,상해없음,승용,남,51세,경상
2023041500100035,2023년 4월 15일 01시,토요일,경상북도 포항시 남구 해도동,경상사고,0,0,1,0,차대차 - 정면충돌,안전운전불이행,젖음/습기,비,단일로 - 고가도로위,승용,여,25세,경상,화물,남,56세,기타불명
2023041500100076,2023년 4월 15일 07시,토요일,경상북도 안동시 정하동,경상사고,0,0,1,0,차대사람 - 횡단중,보행자보호의무위반,건조,맑음,교차로 - 교차로횡단보도내,승합,남,57세,상해없음,보행자,남,51세,경상
2023041500100154,2023년 4월 15일 10시,토요일,경상북도 경주시 안강읍,중상사고,0,1,1,0,차대차 - 측면충돌,중앙선침범,젖음/습기,흐림,단일로 - 기타,화물,남,46세,상해없음,화물,남,64세,중상
2023041500100155,2023년 4월 15일 10시,토요일,경상북도 안동시 용상동,경상사고,0,0,2,0,차대차 - 기타,안전운전불이행,건조,맑음,교차로 - 교차로안,승용,남,65세,상해없음,승용,여,47세,경상
2023041500100185,2023년 4월 15일 11시,토요일,경상북도 안동시 녹전면,중상사고,0,1,0,0,차대사람 - 기타,안전운전불이행,건조,맑음,단일로 - 기타,승용,여,53세,상해없음,보행자,여,72세,중상
2023041500100261,2023년 4월 15일 13시,토요일,경상북도 의성군 의성읍,중상사고,0,1,0,0,차대사람 - 기타,안전운전불이행,건조,맑음,교차로 - 교차로안,승용,여,65세,상해없음,보행자,남,60세,중상
2023041500100262,2023년 4월 15일 13시,토요일,경상북도 예천군 예천읍,경상사고,0,0,1,0,차대차 - 측면충돌,안전운전불이행,건조,맑음,교차로 - 교차로안,화물,남,62세,상해없음,승용,여,55세,경상
2023041500100263,2023년 4월 15일 13시,토요일,경상북도 청도군 청도읍,경상사고,0,0,1,0,차대차 - 추돌,안전운전불이행,건조,맑음,교차로 - 교차로안,원동기,남,16세,상해없음,승용,남,27세,경상
2023041500100265,2023년 4월 15일 13시,토요일,경상북도 포항시 남구 상도동,경상사고,0,0,2,0,차대차 - 측면충돌,안전운전불이행,젖음/습기,비,단일로 - 기타,승용,남,31세,상해없음,승용,남,46세,경상
2023041500100352,2023년 4월 15일 16시,토요일,경상북도 김천시 백옥동,경상사고,0,0,3,0,차대차 - 추돌,안전운전불이행,건조,맑음,단일로 - 기타,승용,남,70세,상해없음,화물,남,53세,경상
2023041500100353,2023년 4월 15일 16시,토요일,경상북도 영주시 평은면,경상사고,0,0,1,1,차대차 - 정면충돌,중앙선침범,젖음/습기,비,단일로 - 기타,화물,남,75세,부상신고,승용,남,52세,경상
2023041500100354,2023년 4월 15일 16시,토요일,경상북도 포항시 남구 호미곶면,경상사고,0,0,5,0,차대차 - 측면충돌,교차로운행방법위반,건조,맑음,교차로 - 교차로안,승용,여,54세,기타불명,승용,남,23세,경상
2023041500100388,2023년 4월 15일 17시,토요일,경상북도 안동시 태화동,경상사고,0,0,1,0,차대차 - 기타,안전운전불이행,젖음/습기,비,교차로 - 교차로안,승용,남,48세,상해없음,이륜,남,27세,경상
2023041500100389,2023년 4월 15일 17시,토요일,경상북도 경산시 계양동,중상사고,0,1,0,0,차대사람 - 기타,안전운전불이행,건조,맑음,교차로 - 교차로부근,승합,남,59세,상해없음,보행자,여,67세,중상
2023041500100391,2023년 4월 15일 17시,토요일,경상북도 포항시 남구 이동,경상사고,0,0,1,0,차량단독 - 기타,안전운전불이행,젖음/습기,비,단일로 - 기타,승용,남,69세,상해없음,,,,
2023041500100418,2023년 4월 15일 18시,토요일,경상북도 포항시 북구 두호동,경상사고,0,0,1,0,차대차 - 측면충돌,안전운전불이행,건조,맑음,기타 - 기타,승용,남,68세,상해없음,승용,여,32세,경상
2023041500100419,2023년 4월 15일 18시,토요일,경상북도 안동시 운흥동,중상사고,0,2,2,0,차대차 - 기타,안전운전불이행,건조,맑음,단일로 - 기타,승용,남,30세,상해없음,승용,남,51세,경상
2023041500100420,2023년 4월 15일 18시,토요일,경상북도 구미시 송정동,중상사고,0,2,1,0,차대차 - 정면충돌,신호위반,젖음/습기,흐림,교차로 - 교차로안,승용,남,39세,경상,승용,남,31세,중상
2023041500100440,2023년 4월 15일 19시,토요일,경상북도 예천군 예천읍,경상사고,0,0,1,0,차대차 - 측면충돌,안전운전불이행,건조,맑음,단일로 - 기타,승용,남,44세,상해없음,승용,남,29세,경상
2023041500100458,2023년 4월 15일 20시,토요일,경상북도 칠곡군 석적읍,경상사고,0,0,1,0,차대차 - 추돌,안전운전불이행,건조,맑음,교차로 - 교차로안,이륜,남,24세,상해없음,승용,여,24세,경상
2023041500100483,2023년 4월 15일 21시,토요일,경상북도 포항시 북구 장성동,경상사고,0,0,1,0,차대차 - 기타,신호위반,젖음/습기,흐림,교차로 - 교차로안,승합,여,43세,상해없음,이륜,남,55세,경상
2023041500100505,2023년 4월 15일 22시,토요일,경상북도 김천시 농소면,부상신고사고,0,0,0,1,차대차 - 기타,안전운전불이행,건조,맑음,주차장 - 주차장,승용,여,59세,상해없음,승용,여,22세,부상신고
2023041500100506,2023년 4월 15일 22시,토요일,경상북도 경산시 남산면,중상사고,0,1,0,0,차대차 - 추돌,기타,건조,기타,단일로 - 기타,승용,남,60세,상해없음,자전거,남,59세,중상
2023041500100507,2023년 4월 15일 22시,토요일,경상북도 청도군 화양읍,중상사고,0,1,0,0,차대사람 - 길가장자리구역통행중,보행자보호의무위반,건조,맑음,교차로 - 교차로부근,승용,여,67세,상해없음,보행자,남,59세,중상
2023041500100518,2023년 4월 15일 23시,토요일,경상북도 상주시 중동면,사망사고,1,0,0,0,차량단독 - 도로외이탈 - 추락,안전운전불이행,건조,기타,단일로 - 기타,화물,남,51세,사망,,,,
2023041600100032,2023년 4월 16일 02시,일요일,경상북도 구미시 임은동,경상사고,0,0,1,0,차대차 - 추돌,안전운전불이행,건조,맑음,교차로 - 교차로부근,화물,남,63세,상해없음,승용,남,47세,경상
2023041600100098,2023년 4월 16일 10시,일요일,경상북도 구미시 도량동,경상사고,0,0,4,0,차대차 - 추돌,안전운전불이행,건조,맑음,교차로 - 교차로부근,승용,여,49세,상해없음,승용,여,29세,경상
2023041600100125,2023년 4월 16일 11시,일요일,경상북도 경주시 진현동,경상사고,0,0,1,0,차대차 - 측면충돌,신호위반,건조,맑음,교차로 - 교차로부근,승용,남,37세,상해없음,승용,남,63세,경상
2023041600100126,2023년 4월 16일 11시,일요일,경상북도 경주시 황남동,경상사고,0,0,2,0,차대차 - 측면충돌,안전운전불이행,건조,맑음,단일로 - 기타,화물,남,66세,상해없음,승용,남,35세,경상
2023041600100127,2023년 4월 16일 11시,일요일,경상북도 상주시 서성동,경상사고,0,0,1,0,차대차 - 추돌,안전운전불이행,건조,맑음,단일로 - 기타,승용,남,76세,상해없음,자전거,남,8세,경상
2023041600100156,2023년 4월 16일 12시,일요일,경상북도 영덕군 영해면,중상사고,0,1,0,0,차대차 - 측면충돌,신호위반,건조,맑음,교차로 - 교차로안,승용,여,46세,상해없음,승용,남,67세,중상
2023041600100182,2023년 4월 16일 13시,일요일,경상북도 포항시 북구 장성동,중상사고,0,1,1,0,차대차 - 정면충돌,교차로운행방법위반,건조,맑음,교차로 - 교차로부근,이륜,남,40세,중상,승용,남,48세,경상
2023041600100183,2023년 4월 16일 13시,일요일,경상북도 김천시 감문면,경상사고,0,0,2,0,차량단독 - 공작물충돌,안전운전불이행,건조,맑음,단일로 - 기타,화물,남,73세,경상,,,,
2023041600100184,2023년 4월 16일 13시,일요일,경상북도 칠곡군 석적읍,경상사고,0,0,1,0,차대차 - 측면충돌,안전운전불이행,건조,맑음,단일로 - 기타,승용,남,41세,상해없음,이륜,남,22세,경상
2023041600100214,2023년 4월 16일 14시,일요일,경상북도 경주시 산내면,경상사고,0,0,1,0,차대차 - 후진중충돌,안전운전불이행,건조,맑음,단일로 - 기타,승용,여,63세,상해없음,이륜,남,89세,경상
2023041600100215,2023년 4월 16일 14시,일요일,경상북도 안동시 태화동,중상사고,0,1,2,0,차대차 - 측면충돌,직진우회전진행방해,젖음/습기,비,교차로 - 교차로안,이륜,남,46세,중상,승용,여,46세,경상
2023041600100273,2023년 4월 16일 16시,일요일,경상북도 포항시 남구 장기면,경상사고,0,0,3,0,차대차 - 측면충돌,기타,젖음/습기,흐림,교차로 - 교차로안,화물,남,65세,경상,승용,남,53세,경상
2023041600100327,2023년 4월 16일 18시,일요일,경상북도 경산시 하양읍,경상사고,0,0,1,0,차대차 - 측면충돌,안전거리미확보,건조,맑음,교차로 - 교차로부근,자전거,여,73세,경상,승용,남,49세,상해없음
2023041600100401,2023년 4월 16일 21시,일요일,경상북도 구미시 도개면,경상사고,0,0,1,0,차대차 - 기타,안전운전불이행,건조,맑음,단일로 - 기타,승용,남,30세,상해없음,화물,남,52세,경상
2023041600100416,2023년 4월 16일 22시,일요일,경상북도 안동시 태화동,경상사고,0,0,1,0,차대차 - 추돌,안전운전불이행,건조,맑음,단일로 - 기타,승합,여,52세,상해없음,이륜,남,34세,경상
2023041600100428,2023년 4월 16일 23시,일요일,경상북도 경주시 석장동,경상사고,0,0,1,0,차대사람 - 횡단중,보행자보호의무위반,건조,맑음,교차로 - 교차로횡단보도내,승용,남,60세,상해없음,보행자,남,25세,경상
2023041700100034,2023년 4월 17일 05시,월요일,경상북도 영천시 교촌동,중상사고,0,1,0,0,차대사람 - 차도통행중,안전운전불이행,건조,맑음,교차로 - 교차로안,승용,남,84세,상해없음,보행자,남,80세,중상
2023041700100052,2023년 4월 17일 06시,월요일,경상북도 포항시 남구 동촌동,중상사고,0,1,1,0,차대사람 - 보도통행중,신호위반,건조,맑음,단일로 - 기타,이륜,남,71세,경상,보행자,남,63세,중상
2023041700100073,2023년 4월 17일 07시,월요일,경상북도 경산시 진량읍,경상사고,0,0,1,0,차대차 - 측면충돌,중앙선침범,기타,맑음,단일로 - 기타,화물,남,61세,상해없음,이륜,남,54세,경상
2023041700100110,2023년 4월 17일 08시,월요일,경상북도 경산시 정평동,경상사고,0,0,1,0,차대차 - 기타,안전운전불이행,건조,맑음,교차로 - 교차로안,화물,남,26세,상해없음,승용,여,29세,경상
2023041700100111,2023년 4월 17일 08시,월요일,경상북도 성주군 선남면,경상사고,0,0,1,0,차대차 - 정면충돌,중앙선침범,건조,맑음,교차로 - 교차로부근,화물,남,53세,상해없음,화물,남,47세,경상
2023041700100112,2023년 4월 17일 08시,월요일,경상북도 구미시 고아읍,중상사고,0,1,0,0,차대사람 - 보도통행중,보행자보호의무위반,건조,맑음,교차로 - 교차로횡단보도내,화물,남,40세,상해없음,보행자,여,13세,중상
2023041700100216,2023년 4월 17일 11시,월요일,경상북도 경주시 강동면,경상사고,0,0,2,0,차대차 - 추돌,안전거리미확보,건조,맑음,교차로 - 교차로부근,화물,남,60세,상해없음,승용,여,63세,경상
2023041700100217,2023년 4월 17일 11시,월요일,경상북도 경주시 석장동,경상사고,0,0,1,0,차대차 - 기타,안전운전불이행,건조,맑음,기타 - 기타,승용,남,67세,상해없음,승용,남,59세,경상
2023041700100257,2023년 4월 17일 12시,월요일,경상북도 포항시 남구 인덕동,경상사고,0,0,3,0,차대차 - 측면충돌,신호위반,건조,맑음,교차로 - 교차로안,승용,남,78세,경상,승용,남,28세,경상
2023041700100288,2023년 4월 17일 13시,월요일,경상북도 영천시 완산동,경상사고,0,0,1,0,차대차 - 추돌,안전운전불이행,건조,맑음,교차로 - 교차로부근,승용,남,59세,상해없음,승용,여,65세,경상
2023041700100330,2023년 4월 17일 14시,월요일,경상북도 안동시 남문동,경상사고,0,0,1,0,차대차 - 측면충돌,신호위반,건조,맑음,교차로 - 교차로안,이륜,남,71세,경상,승용,여,53세,상해없음
2023041700100331,2023년 4월 17일 14시,월요일,경상북도 상주시 은척면,경상사고,0,0,2,0,차대차 - 측면충돌,안전운전불이행,건조,맑음,교차로 - 교차로부근,이륜,여,69세,경상,승용,여,67세,경상
2023041700100332,2023년 4월 17일 14시,월요일,경상북도 경산시 중방동,경상사고,0,0,1,0,차량단독 - 기타,기타,건조,맑음,단일로 - 기타,승합,남,49세,상해없음,,,,
2023041700100333,2023년 4월 17일 14시,월요일,경상북도 고령군 대가야읍,경상사고,0,0,1,0,차대사람 - 횡단중,보행자보호의무위반,건조,맑음,교차로 - 교차로횡단보도내,승용,여,58세,상해없음,보행자,남,82세,경상
2023041700100366,2023년 4월 17일 15시,월요일,경상북도 포항시 북구 장성동,경상사고,0,0,1,0,차대차 - 측면충돌,안전운전불이행,건조,맑음,교차로 - 교차로부근,자전거,여,49세,경상,승용,여,59세,상해없음
2023041700100367,2023년 4월 17일 15시,월요일,경상북도 봉화군 석포면,경상사고,0,0,1,0,차량단독 - 전도전복 - 전복,안전운전불이행,건조,기타,단일로 - 기타,화물,남,66세,경상,,,,
2023041700100368,2023년 4월 17일 15시,월요일,경상북도 포항시 남구 대잠동,경상사고,0,0,1,0,차대차 - 측면충돌,안전운전불이행,건조,맑음,교차로 - 교차로안,승용,남,68세,상해없음,승용,여,52세,경상
2023041700100410,2023년 4월 17일 16시,월요일,경상북도 칠곡군 왜관읍,경상사고,0,0,1,0,차대사람 - 기타,안전운전불이행,건조,맑음,단일로 - 기타,승용,남,65세,상해없음,보행자,여,48세,경상
2023041700100449,2023년 4월 17일 17시,월요일,경상북도 상주시 복룡동,부상신고사고,0,0,0,1,차대차 - 추돌,안전운전불이행,건조,맑음,단일로 - 지하차도(도로)내,승용,남,73세,상해없음,승용,여,43세,부상신고
2023041700100490,2023년 4월 17일 18시,월요일,경상북도 김천시 아포읍,경상사고,0,0,1,0,차대차 - 측면충돌,안전운전불이행,건조,맑음,단일로 - 기타,농기계,남,49세,상해없음,승용,여,57세,경상
2023041700100524,2023년 4월 17일 19시,월요일,경상북도 경주시 천북면,중상사고,0,1,0,0,차대차 - 측면충돌,안전운전불이행,건조,맑음,단일로 - 기타,화물,남,57세,상해없음,승용,남,62세,중상
2023041700100525,2023년 4월 17일 19시,월요일,경상북도 칠곡군 석적읍,경상사고,0,0,1,0,차대차 - 후진중충돌,안전운전불이행,건조,맑음,단일로 - 기타,승용,기타불명,미분류,기타불명,승용,남,25세,상해없음
2023041700100526,2023년 4월 17일 19시,월요일,경상북도 울진군 울진읍,부상신고사고,0,0,0,1,차대사람 - 횡단중,안전운전불이행,건조,맑음,교차로 - 교차로안,승용,남,63세,상해없음,보행자,남,37세,부상신고
2023041700100556,2023년 4월 17일 20시,월요일,경상북도 경주시 성건동,중상사고,0,1,0,0,차대차 - 측면충돌,직진우회전진행방해,건조,맑음,교차로 - 교차로안,승용,남,48세,상해없음,이륜,남,19세,중상
2023041700100576,2023년 4월 17일 21시,월요일,경상북도 구미시 진평동,경상사고,0,0,1,0,차대차 - 측면충돌,신호위반,건조,맑음,교차로 - 교차로안,승용,남,28세,상해없음,이륜,남,39세,경상
2023041700100591,2023년 4월 17일 22시,월요일,경상북도 포항시 북구 죽도동,경상사고,0,0,1,0,차대차 - 기타,안전운전불이행,건조,맑음,교차로 - 교차로안,화물,여,45세,상해없음,이륜,남,43세,경상
2023041700100592,2023년 4월 17일 22시,월요일,경상북도 경산시 옥산동,경상사고,0,0,1,0,차대차 - 기타,안전운전불이행,건조,맑음,교차로 - 교차로안,화물,여,38세,상해없음,화물,남,57세,경상
2023041700100593,2023년 4월 17일 22시,월요일,경상북도 경산시 와촌면,사망사고,1,0,0,0,차대차 - 추돌,안전운전불이행,건조,맑음,단일로 - 기타,승용,남,27세,사망,특수,남,22세,기타불명
2023041700100604,2023년 4월 17일 23시,월요일,경상북도 영덕군 영덕읍,경상사고,0,0,2,0,차대차 - 측면충돌,직진우회전진행방해,건조,맑음,교차로 - 교차로안,승용,여,55세,상해없음,승용,여,48세,경상
2023041700100605,2023년 4월 17일 23시,월요일,경상북도 포항시 남구 해도동,경상사고,0,0,1,0,차대차 - 정면충돌,교차로운행방법위반,건조,맑음,교차로 - 교차로안,화물,남,73세,상해없음,원동기,남,69세,경상
2023041800100005,2023년 4월 18일 00시,화요일,경상북도 안동시 옥동,경상사고,0,0,2,0,차대차 - 측면충돌,안전운전불이행,건조,맑음,교차로 - 교차로안,승용,여,44세,상해없음,승용,남,33세,경상
2023041800100047,2023년 4월 18일 06시,화요일,경상북도 포항시 남구 구룡포읍,경상사고,0,0,1,0,차대차 - 측면충돌,안전운전불이행,건조,맑음,단일로 - 기타,화물,남,31세,상해없음,이륜,남,58세,경상
2023041800100068,2023년 4월 18일 07시,화요일,경상북도 경산시 자인면,중상사고,0,1,0,0,차대차 - 측면충돌,교차로운행방법위반,건조,맑음,교차로 - 교차로안,화물,여,53세,상해없음,이륜,여,69세,중상
2023041800100069,2023년 4월 18일 07시,화요일,경상북도 경산시 와촌면,경상사고,0,0,2,0,차대차 - 기타,안전운전불이행,건조,맑음,단일로 - 기타,화물,남,43세,경상,화물,남,31세,상해없음
2023041800100099,2023년 4월 18일 08시,화요일,경상북도 영주시 문수면,중상사고,0,1,0,0,차대차 - 측면충돌,교차로운행방법위반,젖음/습기,비,교차로 - 교차로안,사륜오토바이(ATV),남,81세,중상,승합,남,60세,상해없음
2023041800100121,2023년 4월 18일 09시,화요일,경상북도 경주시 건천읍,중상사고,0,2,2,0,차대차 - 측면충돌,안전운전불이행,건조,맑음,교차로 - 교차로안,승합,남,62세,상해없음,건설기계,남,68세,경상
2023041800100122,2023년 4월 18일 09시,화요일,경상북도 김천시 봉산면,중상사고,0,1,0,0,차대사람 - 횡단중,신호위반,건조,맑음,교차로 - 교차로안,화물,남,69세,상해없음,보행자,남,91세,중상
2023041800100147,2023년 4월 18일 10시,화요일,경상북도 고령군 다산면,경상사고,0,0,1,0,차대차 - 기타,안전운전불이행,건조,맑음,교차로 - 교차로부근,승용,여,38세,기타불명,승용,남,30세,경상
2023041800100169,2023년 4월 18일 11시,화요일,경상북도 김천시 개령면,중상사고,0,1,1,0,차대차 - 측면충돌,직진우회전진행방해,젖음/습기,흐림,교차로 - 교차로안,승용,여,30세,경상,화물,남,38세,중상
2023041800100194,2023년 4월 18일 12시,화요일,경상북도 성주군 성주읍,경상사고,0,0,1,0,차대차 - 기타,안전운전불이행,건조,맑음,교차로 - 교차로안,승용,남,25세,상해없음,승용,남,43세,상해없음
2023041800100226,2023년 4월 18일 13시,화요일,경상북도 상주시 냉림동,경상사고,0,0,1,0,차대차 - 측면충돌,신호위반,건조,맑음,단일로 - 기타,승용,남,64세,상해없음,개인형이동수단(PM),여,26세,경상
2023041800100227,2023년 4월 18일 13시,화요일,경상북도 포항시 남구 오천읍,경상사고,0,0,1,1,차대차 - 기타,안전운전불이행,건조,맑음,교차로 - 교차로안,이륜,남,50세,경상,승용,여,42세,부상신고
2023041800100257,2023년 4월 18일 14시,화요일,경상북도 영주시 휴천동,경상사고,0,0,1,0,차대차 - 측면충돌,안전운전불이행,건조,맑음,단일로 - 교량,승용,여,70세,상해없음,승용,남,58세,경상
2023041800100258,2023년 4월 18일 14시,화요일,경상북도 칠곡군 왜관읍,중상사고,0,2,0,0,차대차 - 측면충돌,신호위반,건조,맑음,교차로 - 교차로부근,승용,남,42세,상해없음,승용,여,38세,중상
2023041800100285,2023년 4월 18일 15시,화요일,경상북도 상주시 청리면,사망사고,1,0,0,0,차대사람 - 횡단중,안전운전불이행,건조,흐림,단일로 - 지하차도(도로)내,화물,남,55세,상해없음,보행자,여,81세,사망
2023041800100286,2023년 4월 18일 15시,화요일,경상북도 예천군 호명면,경상사고,0,0,1,0,차대사람 - 횡단중,보행자보호의무위반,건조,맑음,교차로 - 교차로횡단보도내,승용,남,49세,상해없음,보행자,남,11세,경상
2023041800100324,2023년 4월 18일 16시,화요일,경상북도 칠곡군 석적읍,경상사고,0,0,1,0,차대차 - 정면충돌,안전운전불이행,건조,맑음,교차로 - 교차로부근,승용,여,35세,상해없음,자전거,남,15세,경상
2023041800100325,2023년 4월 18일 16시,화요일,경상북도 문경시 농암면,중상사고,0,1,0,0,차대사람 - 기타,안전운전불이행,건조,맑음,단일로 - 기타,승용,여,71세,상해없음,보행자,여,67세,중상
2023041800100326,2023년 4월 18일 16시,화요일,경상북도 포항시 남구 대잠동,경상사고,0,0,1,0,차대차 - 측면충돌,안전운전불이행,건조,맑음,단일로 - 기타,기타불명,기타불명,미분류,기타불명,승용,여,35세,기타불명
2023041800100327,2023년 4월 18일 16시,화요일,경상북도 포항시 남구 상도동,경상사고,0,0,3,0,차대차 - 측면충돌,안전운전불이행,건조,맑음,단일로 - 기타,특수,남,65세,상해없음,승용,남,32세,경상
2023041800100373,2023년 4월 18일 17시,화요일,경상북도 영덕군 강구면,부상신고사고,0,0,0,1,차대차 - 후진중충돌,안전운전불이행,건조,맑음,단일로 - 기타,승용,남,36세,상해없음,이륜,남,82세,부상신고
2023041800100374,2023년 4월 18일 17시,화요일,경상북도 구미시 지산동,중상사고,0,1,0,1,차대차 - 정면충돌,신호위반,건조,맑음,교차로 - 교차로안,화물,남,22세,부상신고,승용,남,37세,중상
2023041800100396,2023년 4월 18일 18시,화요일,경상북도 경주시 성건동,중상사고,0,1,0,0,차대차 - 기타,기타,건조,맑음,교차로 - 교차로안,이륜,남,25세,중상,승용,남,58세,상해없음
2023041800100397,2023년 4월 18일 18시,화요일,경상북도 구미시 송정동,경상사고,0,0,1,0,차대사람 - 기타,신호위반,건조,맑음,단일로 - 기타,자전거,여,37세,상해없음,보행자,남,44세,경상
2023041800100430,2023년 4월 18일 19시,화요일,경상북도 포항시 북구 흥해읍,경상사고,0,0,2,0,차대차 - 추돌,신호위반,젖음/습기,흐림,교차로 - 교차로안,승용,여,32세,상해없음,승용,여,48세,경상
2023041800100431,2023년 4월 18일 19시,화요일,경상북도 칠곡군 왜관읍,경상사고,0,0,2,0,차대차 - 기타,직진우회전진행방해,건조,맑음,단일로 - 기타,승용,여,61세,경상,이륜,남,46세,경상
2023041800100447,2023년 4월 18일 20시,화요일,경상북도 포항시 북구 양덕동,경상사고,0,0,1,0,차대차 - 측면충돌,안전운전불이행,건조,맑음,단일로 - 기타,승용,남,61세,상해없음,승용,남,55세,상해없음
2023041800100470,2023년 4월 18일 21시,화요일,경상북도 포항시 남구 대도동,경상사고,0,0,1,0,차대차 - 기타,신호위반,건조,맑음,교차로 - 교차로횡단보도내,승용,남,55세,상해없음,자전거,남,64세,경상
2023041800100503,2023년 4월 18일 23시,화요일,경상북도 포항시 북구 죽도동,경상사고,0,0,1,0,차량단독 - 기타,안전운전불이행,건조,맑음,단일로 - 기타,승용,남,54세,상해없음,,,,
2023041900100008,2023년 4월 19일 00시,수요일,경상북도 구미시 광평동,중상사고,0,1,0,0,차대사람 - 기타,안전운전불이행,건조,맑음,단일로 - 기타,승용,여,65세,상해없음,보행자,남,72세,중상
2023041900100030,2023년 4월 19일 05시,수요일,경상북도 포항시 북구 죽도동,경상사고,0,0,1,0,차대차 - 측면충돌,안전운전불이행,건조,맑음,단일로 - 기타,화물,남,61세,상해없음,승용,남,41세,경상
2023041900100043,2023년 4월 19일 06시,수요일,경상북도 포항시 남구 해도동,경상사고,0,0,1,0,차대차 - 기타,교차로운행방법위반,건조,맑음,교차로 - 교차로안,승용,남,69세,상해없음,승용,남,29세,경상
2023041900100068,2023년 4월 19일 07시,수요일,경상북도 포항시 북구 대신동,중상사고,0,2,0,0,차대차 - 정면충돌,중앙선침범,건조,맑음,단일로 - 기타,승용,남,63세,중상,화물,남,55세,중상
2023041900100069,2023년 4월 19일 07시,수요일,경상북도 청송군 현서면,경상사고,0,0,3,0,차량단독 - 전도전복 - 전복,안전운전불이행,젖음/습기,맑음,기타 - 기타,승용,여,61세,경상,,,,
2023041900100070,2023년 4월 19일 07시,수요일,경상북도 구미시 선산읍,경상사고,0,0,1,0,차대차 - 기타,안전운전불이행,건조,맑음,교차로 - 교차로안,승용,남,53세,상해없음,승용,남,42세,경상
2023041900100106,2023년 4월 19일 08시,수요일,경상북도 구미시 지산동,경상사고,0,0,1,0,차대차 - 측면충돌,안전운전불이행,건조,맑음,단일로 - 기타,승용,남,83세,상해없음,승용,남,38세,경상
2023041900100170,2023년 4월 19일 10시,수요일,경상북도 안동시 북후면,사망사고,1,0,1,0,차대차 - 기타,안전운전불이행,건조,맑음,단일로 - 기타,승용,남,70세,상해없음,농기계,남,70세,사망
2023041900100208,2023년 4월 19일 11시,수요일,경상북도 포항시 남구 연일읍,경상사고,0,0,1,0,차대차 - 측면충돌,안전운전불이행,건조,맑음,단일로 - 기타,승용,남,37세,상해없음,승용,남,71세,경상
2023041900100237,2023년 4월 19일 12시,수요일,경상북도 문경시 흥덕동,경상사고,0,0,1,0,차대차 - 측면충돌,안전운전불이행,건조,맑음,단일로 - 기타,승용,남,66세,상해없음,자전거,남,81세,경상
2023041900100261,2023년 4월 19일 13시,수요일,경상북도 김천시 평화동,중상사고,0,1,0,0,차대차 - 측면충돌,교차로운행방법위반,건조,맑음,교차로 - 교차로안,화물,남,57세,상해없음,이륜,여,65세,중상
2023041900100332,2023년 4월 19일 15시,수요일,경상북도 구미시 인의동,경상사고,0,0,1,0,차대사람 - 차도통행중,안전운전불이행,건조,맑음,단일로 - 기타,승용,여,42세,상해없음,보행자,남,6세,경상
2023041900100333,2023년 4월 19일 15시,수요일,경상북도 구미시 형곡동,중상사고,0,1,1,0,차대차 - 측면충돌,안전운전불이행,건조,맑음,단일로 - 기타,승용,남,39세,경상,승용,남,62세,중상
2023041900100369,2023년 4월 19일 16시,수요일,경상북도 포항시 북구 죽도동,부상신고사고,0,0,0,1,차대차 - 정면충돌,교차로운행방법위반,건조,맑음,교차로 - 교차로안,승용,남,56세,상해없음,자전거,여,63세,부상신고
2023041900100370,2023년 4월 19일 16시,수요일,경상북도 상주시 모서면,경상사고,0,0,3,0,차대차 - 측면충돌,신호위반,건조,맑음,교차로 - 교차로안,화물,남,52세,경상,승합,남,42세,경상
2023041900100371,2023년 4월 19일 16시,수요일,경상북도 문경시 점촌동,경상사고,0,0,1,0,차대차 - 측면충돌,안전운전불이행,건조,맑음,교차로 - 교차로안,승용,여,70세,상해없음,승용,여,57세,경상
2023041900100372,2023년 4월 19일 16시,수요일,경상북도 구미시 선산읍,중상사고,0,1,0,0,차량단독 - 전도전복 - 전도,안전운전불이행,건조,맑음,교차로 - 교차로부근,이륜,남,22세,중상,,,,