사고번호,사고일시,요일,시군구,사고내용,사망자수,중상자수,경상자수,부상신고자수,사고유형,법규위반,노면상태,기상상태,도로형태,가해운전자 차종,가해운전자 성별,가해운전자 연령,가해운전자 상해정도,피해운전자 차종,피해운전자 성별,피해운전자 연령,피해운전자 상해정도
2023041900100418,2023년 4월 19일 17시,수요일,경상북도 청도군 청도읍,부상신고사고,0,0,0,1,차대차 - 기타,안전운전불이행,건조,맑음,교차로 - 교차로안,원동기,남,75세,부상신고,기타불명,기타불명,미분류,기타불명
2023041900100502,2023년 4월 19일 19시,수요일,경상북도 포항시 남구 인덕동,경상사고,0,0,1,0,차대차 - 측면충돌,안전운전불이행,건조,맑음,단일로 - 기타,화물,남,69세,상해없음,승용,남,41세,경상
2023041900100531,2023년 4월 19일 20시,수요일,경상북도 영양군 영양읍,경상사고,0,0,1,0,차대사람 - 기타,안전운전불이행,건조,맑음,기타 - 기타,화물,남,78세,상해없음,보행자,여,31세,경상
2023041900100552,2023년 4월 19일 21시,수요일,경상북도 경주시 성동동,중상사고,0,1,0,0,차대사람 - 기타,안전운전불이행,건조,맑음,기타 - 기타,승용,여,38세,상해없음,보행자,남,53세,중상
2023041900100568,2023년 4월 19일 22시,수요일,경상북도 포항시 남구 오천읍,경상사고,0,0,1,0,차대사람 - 기타,안전운전불이행,건조,맑음,교차로 - 교차로횡단보도내,승용,남,53세,상해없음,보행자,여,39세,경상
2023042000100044,2023년 4월 20일 05시,목요일,경상북도 울진군 평해읍,부상신고사고,0,0,0,2,차대차 - 추돌,안전운전불이행,건조,맑음,교차로 - 교차로부근,화물,남,68세,상해없음,화물,남,70세,부상신고
2023042000100106,2023년 4월 20일 08시,목요일,경상북도 포항시 북구 장성동,경상사고,0,0,1,0,차대사람 - 기타,안전운전불이행,건조,맑음,교차로 - 교차로부근,승용,여,31세,상해없음,보행자,여,41세,경상
2023042000100107,2023년 4월 20일 08시,목요일,경상북도 영덕군 영해면,경상사고,0,0,3,0,차대차 - 측면충돌,직진우회전진행방해,건조,맑음,교차로 - 교차로안,승용,여,44세,경상,승용,여,36세,경상
2023042000100109,2023년 4월 20일 08시,목요일,경상북도 구미시 형곡동,경상사고,0,0,1,0,차대차 - 기타,안전운전불이행,건조,맑음,단일로 - 기타,승용,남,71세,상해없음,승용,여,40세,경상
2023042000100145,2023년 4월 20일 09시,목요일,경상북도 경주시 내남면,사망사고,1,0,0,1,차대차 - 측면충돌,안전운전불이행,건조,맑음,교차로 - 교차로부근,화물,남,54세,사망,화물,남,35세,부상신고
2023042000100146,2023년 4월 20일 09시,목요일,경상북도 포항시 남구 상도동,중상사고,0,1,0,0,차대차 - 측면충돌,신호위반,건조,맑음,교차로 - 교차로안,승용,남,50세,상해없음,자전거,여,79세,중상
2023042000100147,2023년 4월 20일 09시,목요일,경상북도 포항시 북구 장성동,경상사고,0,0,1,0,차대차 - 측면충돌,안전운전불이행,건조,맑음,단일로 - 기타,건설기계,남,62세,기타불명,승용,여,50세,경상
2023042000100148,2023년 4월 20일 09시,목요일,경상북도 칠곡군 기산면,사망사고,1,0,0,0,차대차 - 측면충돌,직진우회전진행방해,건조,맑음,교차로 - 교차로안,화물,남,29세,상해없음,이륜,남,81세,사망
2023042000100181,2023년 4월 20일 10시,목요일,경상북도 경주시 외동읍,중상사고,0,1,0,1,차대사람 - 기타,안전운전불이행,건조,맑음,교차로 - 교차로안,화물,남,46세,상해없음,보행자,여,47세,중상
2023042000100213,2023년 4월 20일 11시,목요일,경상북도 포항시 북구 죽도동,경상사고,0,0,1,0,차대차 - 기타,안전운전불이행,건조,맑음,교차로 - 교차로부근,이륜,남,36세,상해없음,자전거,남,80세,경상
2023042000100215,2023년 4월 20일 11시,목요일,경상북도 예천군 예천읍,경상사고,0,0,1,0,차대차 - 측면충돌,신호위반,건조,맑음,교차로 - 교차로안,승용,남,61세,기타불명,승용,남,20세,경상
2023042000100216,2023년 4월 20일 11시,목요일,경상북도 울진군 온정면,중상사고,0,1,0,0,차대사람 - 횡단중,안전운전불이행,건조,맑음,단일로 - 기타,승용,남,70세,상해없음,보행자,남,73세,중상
2023042000100270,2023년 4월 20일 13시,목요일,경상북도 포항시 남구 오천읍,경상사고,0,0,1,0,차대사람 - 보도통행중,기타,건조,맑음,교차로 - 교차로부근,승용,남,76세,상해없음,보행자,남,9세,경상
2023042000100336,2023년 4월 20일 15시,목요일,경상북도 포항시 북구 흥해읍,사망사고,1,0,0,0,차대차 - 측면충돌,안전운전불이행,건조,맑음,단일로 - 기타,승용,여,47세,상해없음,자전거,남,78세,사망
2023042000100337,2023년 4월 20일 15시,목요일,경상북도 포항시 북구 죽도동,경상사고,0,0,1,0,차대차 - 측면충돌,안전운전불이행,건조,맑음,단일로 - 기타,승용,여,54세,상해없음,승용,남,46세,경상
2023042000100338,2023년 4월 20일 15시,목요일,경상북도 영주시 가흥동,부상신고사고,0,0,0,1,차대사람 - 기타,안전운전불이행,건조,맑음,단일로 - 기타,이륜,남,66세,상해없음,보행자,남,25세,부상신고
2023042000100339,2023년 4월 20일 15시,목요일,경상북도 경산시 진량읍,경상사고,0,0,2,0,차대차 - 측면충돌,직진우회전진행방해,건조,맑음,교차로 - 교차로안,화물,남,37세,기타불명,승용,여,52세,경상
2023042000100340,2023년 4월 20일 15시,목요일,경상북도 구미시 신평동,부상신고사고,0,0,0,1,차대차 - 기타,안전운전불이행,건조,맑음,교차로 - 교차로부근,승용,남,52세,상해없음,화물,남,47세,부상신고
2023042000100374,2023년 4월 20일 16시,목요일,경상북도 경주시 외동읍,경상사고,0,0,1,0,차대차 - 추돌,안전운전불이행,건조,맑음,단일로 - 지하차도(도로)내,화물,남,45세,상해없음,화물,남,57세,경상
2023042000100375,2023년 4월 20일 16시,목요일,경상북도 안동시 풍천면,경상사고,0,0,2,0,차대차 - 추돌,안전운전불이행,건조,맑음,교차로 - 교차로부근,승용,남,43세,상해없음,승용,여,35세,경상
2023042000100376,2023년 4월 20일 16시,목요일,경상북도 포항시 남구 오천읍,경상사고,0,0,1,1,차대차 - 기타,안전운전불이행,건조,맑음,단일로 - 기타,이륜,남,43세,부상신고,승용,여,45세,경상
2023042000100417,2023년 4월 20일 17시,목요일,경상북도 경주시 내남면,중상사고,0,1,0,0,차대차 - 기타,안전운전불이행,건조,맑음,기타 - 기타,승용,남,47세,상해없음,이륜,여,68세,중상
2023042000100418,2023년 4월 20일 17시,목요일,경상북도 포항시 북구 죽도동,경상사고,0,0,1,0,차대사람 - 기타,안전운전불이행,건조,맑음,단일로 - 기타,승합,남,41세,상해없음,보행자,여,36세,경상
2023042000100503,2023년 4월 20일 19시,목요일,경상북도 포항시 북구 창포동,경상사고,0,0,1,1,차대차 - 측면충돌,교차로운행방법위반,건조,맑음,교차로 - 교차로안,승용,남,24세,부상신고,승용,남,61세,경상
2023042000100504,2023년 4월 20일 19시,목요일,경상북도 청도군 화양읍,경상사고,0,0,1,0,차대차 - 측면충돌,안전거리미확보,건조,맑음,교차로 - 교차로안,원동기,남,20세,상해없음,화물,남,74세,경상
2023042000100538,2023년 4월 20일 20시,목요일,경상북도 포항시 남구 대잠동,경상사고,0,0,2,0,차대차 - 측면충돌,신호위반,건조,맑음,교차로 - 교차로안,승용,남,47세,상해없음,승용,남,60세,경상
2023042000100557,2023년 4월 20일 21시,목요일,경상북도 청도군 청도읍,중상사고,0,1,0,0,차대사람 - 횡단중,보행자보호의무위반,건조,맑음,교차로 - 교차로횡단보도내,승용,여,64세,상해없음,보행자,여,59세,중상
2023042000100574,2023년 4월 20일 22시,목요일,경상북도 영주시 휴천동,부상신고사고,0,0,0,1,차대차 - 기타,안전운전불이행,건조,맑음,교차로 - 교차로안,원동기,남,21세,부상신고,승용,남,49세,상해없음
2023042000100591,2023년 4월 20일 23시,목요일,경상북도 경주시 동천동,경상사고,0,0,1,0,차대차 - 측면충돌,안전운전불이행,건조,맑음,교차로 - 교차로안,승용,여,44세,상해없음,승용,남,44세,경상
2023042000100592,2023년 4월 20일 23시,목요일,경상북도 안동시 남문동,중상사고,0,1,0,0,차대차 - 기타,신호위반,건조,맑음,교차로 - 교차로안,승용,남,52세,상해없음,승용,남,69세,상해없음
2023042000100593,2023년 4월 20일 23시,목요일,경상북도 김천시 아포읍,중상사고,0,1,0,0,차대차 - 추돌,안전운전불이행,건조,맑음,교차로 - 교차로부근,승용,남,35세,상해없음,승용,여,35세,중상
2023042100100016,2023년 4월 21일 01시,금요일,경상북도 포항시 남구 대잠동,경상사고,0,0,1,0,차대차 - 추돌,안전운전불이행,건조,맑음,교차로 - 교차로안,승용,남,41세,상해없음,승용,남,68세,경상
2023042100100093,2023년 4월 21일 08시,금요일,경상북도 구미시 산동읍,경상사고,0,0,1,0,차대사람 - 횡단중,보행자보호의무위반,건조,흐림,교차로 - 교차로횡단보도내,승용,여,46세,상해없음,보행자,여,12세,경상
2023042100100094,2023년 4월 21일 08시,금요일,경상북도 구미시 송정동,경상사고,0,0,1,0,차대차 - 기타,안전운전불이행,건조,맑음,교차로 - 교차로안,승용,여,52세,상해없음,승용,여,51세,경상
2023042100100176,2023년 4월 21일 10시,금요일,경상북도 안동시 길안면,경상사고,0,0,1,0,차대차 - 측면충돌,교차로운행방법위반,건조,맑음,교차로 - 교차로안,승용,남,37세,기타불명,승합,남,37세,경상
2023042100100230,2023년 4월 21일 12시,금요일,경상북도 포항시 북구 양덕동,경상사고,0,0,2,0,차대차 - 측면충돌,신호위반,건조,맑음,교차로 - 교차로부근,이륜,남,25세,경상,화물,남,37세,경상
2023042100100231,2023년 4월 21일 12시,금요일,경상북도 포항시 남구 호동,경상사고,0,0,1,0,차대차 - 측면충돌,교차로운행방법위반,건조,맑음,교차로 - 교차로안,승용,남,43세,상해없음,승용,남,31세,경상
2023042100100271,2023년 4월 21일 13시,금요일,경상북도 구미시 상모동,경상사고,0,0,2,0,차대차 - 추돌,안전운전불이행,건조,맑음,교차로 - 교차로부근,승용,여,37세,상해없음,승용,여,32세,경상
2023042100100302,2023년 4월 21일 14시,금요일,경상북도 경주시 안강읍,경상사고,0,0,1,0,차대차 - 측면충돌,안전운전불이행,건조,맑음,단일로 - 기타,화물,남,73세,상해없음,승용,남,29세,경상
2023042100100303,2023년 4월 21일 14시,금요일,경상북도 김천시 평화동,경상사고,0,0,1,0,차대차 - 기타,기타,건조,맑음,단일로 - 기타,승합,남,48세,상해없음,화물,남,65세,상해없음
2023042100100304,2023년 4월 21일 14시,금요일,경상북도 영주시 이산면,중상사고,0,1,0,0,차대차 - 추돌,안전운전불이행,건조,맑음,단일로 - 기타,화물,남,56세,상해없음,농기계,남,62세,중상
2023042100100305,2023년 4월 21일 14시,금요일,경상북도 영주시 가흥동,경상사고,0,0,3,0,차대차 - 측면충돌,차로위반,건조,맑음,단일로 - 교량,승합,남,57세,경상,승용,남,34세,경상
2023042100100306,2023년 4월 21일 14시,금요일,경상북도 포항시 남구 오천읍,경상사고,0,0,2,0,차대차 - 측면충돌,직진우회전진행방해,건조,맑음,교차로 - 교차로안,승용,여,41세,경상,승용,여,58세,경상
2023042100100357,2023년 4월 21일 15시,금요일,경상북도 김천시 평화동,중상사고,0,1,0,0,차대차 - 측면충돌,교차로운행방법위반,건조,맑음,교차로 - 교차로안,승용,남,42세,상해없음,승용,남,63세,상해없음
2023042100100358,2023년 4월 21일 15시,금요일,경상북도 청도군 청도읍,중상사고,0,1,0,0,차대차 - 측면충돌,중앙선침범,건조,맑음,교차로 - 교차로부근,화물,남,61세,상해없음,이륜,남,59세,중상
2023042100100359,2023년 4월 21일 15시,금요일,경상북도 포항시 남구 오천읍,경상사고,0,0,3,0,차대차 - 기타,안전운전불이행,건조,맑음,기타 - 기타,승용,남,61세,상해없음,승용,여,42세,경상
2023042100100360,2023년 4월 21일 15시,금요일,경상북도 김천시 아포읍,경상사고,0,0,2,0,차대차 - 측면충돌,안전운전불이행,건조,맑음,단일로 - 교량,승합,남,63세,상해없음,승합,남,64세,경상
2023042100100389,2023년 4월 21일 16시,금요일,경상북도 포항시 북구 흥해읍,경상사고,0,0,2,0,차대차 - 정면충돌,중앙선침범,건조,맑음,단일로 - 기타,승용,여,65세,상해없음,승용,여,53세,경상
2023042100100390,2023년 4월 21일 16시,금요일,경상북도 구미시 사곡동,경상사고,0,0,2,0,차대차 - 측면충돌,안전거리미확보,건조,맑음,단일로 - 기타,승용,여,46세,상해없음,승용,남,34세,경상
2023042100100443,2023년 4월 21일 17시,금요일,경상북도 안동시 옥동,중상사고,0,1,0,0,차대사람 - 횡단중,보행자보호의무위반,건조,맑음,교차로 - 교차로부근,승용,남,46세,상해없음,보행자,남,54세,중상
2023042100100444,2023년 4월 21일 17시,금요일,경상북도 문경시 모전동,중상사고,0,1,0,0,차대차 - 측면충돌,신호위반,건조,맑음,교차로 - 교차로안,승용,남,27세,상해없음,이륜,남,65세,중상
2023042100100445,2023년 4월 21일 17시,금요일,경상북도 경산시 정평동,중상사고,0,1,0,0,차대차 - 기타,안전운전불이행,건조,맑음,교차로 - 교차로안,자전거,남,12세,중상,승용,여,54세,상해없음
2023042100100446,2023년 4월 21일 17시,금요일,경상북도 성주군 성주읍,경상사고,0,0,1,0,차대차 - 정면충돌,중앙선침범,건조,맑음,교차로 - 교차로안,자전거,여,73세,경상,화물,남,54세,상해없음
2023042100100499,2023년 4월 21일 18시,금요일,경상북도 경주시 황성동,중상사고,0,1,0,0,차대사람 - 횡단중,안전운전불이행,건조,맑음,교차로 - 교차로횡단보도내,승용,여,57세,상해없음,보행자,여,13세,중상
2023042100100500,2023년 4월 21일 18시,금요일,경상북도 의성군 의성읍,경상사고,0,0,1,0,차대차 - 추돌,안전운전불이행,건조,맑음,교차로 - 교차로안,승용,남,74세,상해없음,승합,여,55세,경상
2023042100100501,2023년 4월 21일 18시,금요일,경상북도 구미시 송정동,중상사고,0,1,0,0,차대사람 - 횡단중,중앙선침범,건조,맑음,단일로 - 기타,이륜,남,30세,기타불명,보행자,여,49세,중상
2023042100100556,2023년 4월 21일 19시,금요일,경상북도 영주시 가흥동,중상사고,0,1,0,0,차대차 - 기타,교차로운행방법위반,건조,맑음,단일로 - 기타,승용,남,57세,상해없음,이륜,남,17세,중상
2023042100100603,2023년 4월 21일 20시,금요일,경상북도 안동시 태화동,중상사고,0,1,0,0,차대사람 - 기타,안전운전불이행,건조,맑음,단일로 - 기타,승용,남,69세,상해없음,보행자,남,62세,중상
2023042100100604,2023년 4월 21일 20시,금요일,경상북도 봉화군 봉화읍,중상사고,0,1,1,0,차대차 - 추돌,안전운전불이행,적설,맑음,단일로 - 기타,승용,남,59세,상해없음,승용,남,62세,상해없음
2023042100100605,2023년 4월 21일 20시,금요일,경상북도 구미시 구평동,경상사고,0,0,1,1,차대차 - 측면충돌,안전운전불이행,건조,맑음,교차로 - 교차로안,승용,남,57세,부상신고,승용,남,34세,경상
2023042100100650,2023년 4월 21일 22시,금요일,경상북도 김천시 개령면,중상사고,0,1,0,0,차량단독 - 전도전복 - 전도,안전운전불이행,젖음/습기,흐림,단일로 - 기타,이륜,남,40세,중상,,,,
2023042200100008,2023년 4월 22일 00시,토요일,경상북도 경주시 동천동,중상사고,0,1,0,0,차대차 - 추돌,안전운전불이행,건조,맑음,교차로 - 교차로안,승용,남,37세,상해없음,이륜,남,34세,중상
2023042200100061,2023년 4월 22일 06시,토요일,경상북도 경주시 강동면,경상사고,0,0,1,0,차대차 - 측면충돌,안전운전불이행,건조,맑음,단일로 - 기타,승용,남,51세,상해없음,승용,남,29세,경상
2023042200100062,2023년 4월 22일 06시,토요일,경상북도 안동시 풍산읍,경상사고,0,0,1,0,차량단독 - 기타,안전운전불이행,건조,맑음,단일로 - 기타,승용,남,32세,경상,,,,
2023042200100063,2023년 4월 22일 06시,토요일,경상북도 포항시 남구 해도동,경상사고,0,0,1,0,차대사람 - 기타,안전운전불이행,건조,맑음,단일로 - 기타,승용,남,32세,상해없음,보행자,남,65세,경상
2023042200100108,2023년 4월 22일 09시,토요일,경상북도 칠곡군 동명면,중상사고,0,1,0,0,차대차 - 추돌,안전운전불이행,건조,맑음,단일로 - 기타,승용,여,54세,상해없음,승합,남,53세,중상
2023042200100139,2023년 4월 22일 10시,토요일,경상북도 안동시 옥야동,경상사고,0,0,1,0,차량단독 - 기타,안전거리미확보,건조,맑음,단일로 - 기타,승합,남,55세,상해없음,,,,
2023042200100140,2023년 4월 22일 10시,토요일,경상북도 안동시 송현동,경상사고,0,0,1,0,차대차 - 후진중충돌,안전운전불이행,건조,맑음,주차장 - 주차장,승용,여,74세,경상,승용,남,42세,기타불명
2023042200100207,2023년 4월 22일 12시,토요일,경상북도 경주시 천군동,중상사고,0,1,0,0,차대차 - 측면충돌,안전운전불이행,건조,맑음,교차로 - 교차로안,승용,여,32세,상해없음,이륜,남,27세,중상
2023042200100208,2023년 4월 22일 12시,토요일,경상북도 상주시 만산동,경상사고,0,0,3,0,차대차 - 추돌,안전운전불이행,건조,맑음,교차로 - 교차로부근,승용,남,31세,상해없음,승용,여,36세,경상
2023042200100209,2023년 4월 22일 12시,토요일,경상북도 포항시 남구 대잠동,경상사고,0,0,1,0,차대차 - 후진중충돌,안전운전불이행,건조,맑음,단일로 - 기타,화물,남,58세,기타불명,이륜,남,33세,경상
2023042200100255,2023년 4월 22일 13시,토요일,경상북도 김천시 율곡동,경상사고,0,0,2,0,차대차 - 측면충돌,신호위반,건조,맑음,교차로 - 교차로안,이륜,남,24세,경상,승용,여,38세,경상
2023042200100256,2023년 4월 22일 13시,토요일,경상북도 경산시 계양동,경상사고,0,0,1,0,차대차 - 측면충돌,직진우회전진행방해,건조,맑음,교차로 - 교차로안,화물,남,60세,상해없음,개인형이동수단(PM),남,44세,경상
2023042200100298,2023년 4월 22일 14시,토요일,경상북도 경주시 건천읍,사망사고,1,0,0,0,차대차 - 기타,중앙선침범,건조,맑음,기타 - 기타,화물,여,70세,상해없음,이륜,남,75세,사망
2023042200100300,2023년 4월 22일 14시,토요일,경상북도 김천시 평화동,경상사고,0,0,1,0,차대사람 - 길가장자리구역통행중,안전운전불이행,건조,맑음,단일로 - 기타,승용,여,63세,상해없음,보행자,여,62세,경상
2023042200100301,2023년 4월 22일 14시,토요일,경상북도 김천시 감천면,경상사고,0,0,1,0,차대차 - 정면충돌,중앙선침범,건조,맑음,단일로 - 기타,화물,남,67세,상해없음,승용,남,51세,경상
2023042200100302,2023년 4월 22일 14시,토요일,경상북도 경산시 압량읍,경상사고,0,0,1,0,차대사람 - 횡단중,신호위반,건조,맑음,교차로 - 교차로횡단보도내,화물,여,50세,상해없음,보행자,여,84세,경상
2023042200100346,2023년 4월 22일 15시,토요일,경상북도 포항시 북구 용흥동,경상사고,0,0,1,0,차대차 - 측면충돌,안전거리미확보,건조,맑음,기타 - 기타,승용,남,71세,상해없음,승합,남,54세,경상
2023042200100377,2023년 4월 22일 16시,토요일,경상북도 칠곡군 석적읍,경상사고,0,0,2,0,차대차 - 측면충돌,안전운전불이행,건조,맑음,단일로 - 기타,승용,여,29세,상해없음,승용,남,30세,경상
2023042200100413,2023년 4월 22일 17시,토요일,경상북도 안동시 와룡면,중상사고,0,1,0,0,차량단독 - 기타,안전운전불이행,건조,맑음,단일로 - 기타,이륜,남,68세,중상,,,,
2023042200100414,2023년 4월 22일 17시,토요일,경상북도 구미시 송정동,경상사고,0,0,1,0,차대차 - 측면충돌,안전운전불이행,건조,맑음,단일로 - 기타,승용,남,60세,상해없음,이륜,남,49세,경상
2023042200100455,2023년 4월 22일 18시,토요일,경상북도 김천시 삼락동,경상사고,0,0,2,0,차대차 - 기타,안전운전불이행,건조,맑음,교차로 - 교차로안,승용,남,73세,상해없음,승용,여,71세,경상
2023042200100500,2023년 4월 22일 19시,토요일,경상북도 경주시 보문동,경상사고,0,0,1,0,차대차 - 추돌,안전거리미확보,건조,맑음,단일로 - 기타,승용,남,63세,상해없음,승용,남,26세,상해없음
2023042200100501,2023년 4월 22일 19시,토요일,경상북도 영천시 조교동,경상사고,0,0,1,3,차대차 - 측면충돌,안전거리미확보,건조,맑음,단일로 - 기타,승용,남,42세,기타불명,승용,여,53세,경상
2023042200100502,2023년 4월 22일 19시,토요일,경상북도 문경시 마성면,중상사고,0,2,0,0,차량단독 - 공작물충돌,안전운전불이행,건조,맑음,단일로 - 기타,승용,남,19세,기타불명,,,,
2023042200100503,2023년 4월 22일 19시,토요일,경상북도 구미시 지산동,경상사고,0,0,3,0,차대차 - 추돌,안전운전불이행,건조,맑음,교차로 - 교차로부근,승용,남,56세,상해없음,승용,남,41세,경상
2023042200100527,2023년 4월 22일 20시,토요일,경상북도 경주시 안강읍,경상사고,0,0,1,0,차대차 - 측면충돌,안전운전불이행,건조,맑음,교차로 - 교차로안,승용,여,49세,상해없음,이륜,남,69세,경상
2023042200100528,2023년 4월 22일 20시,토요일,경상북도 안동시 법흥동,경상사고,0,0,2,0,차대차 - 기타,안전거리미확보,건조,맑음,단일로 - 교량,승용,남,53세,상해없음,승용,남,57세,상해없음
2023042200100529,2023년 4월 22일 20시,토요일,경상북도 상주시 냉림동,중상사고,0,1,0,0,차대사람 - 횡단중,안전운전불이행,건조,맑음,교차로 - 교차로안,승용,여,60세,상해없음,보행자,남,60세,중상
2023042200100551,2023년 4월 22일 21시,토요일,경상북도 안동시 옥동,경상사고,0,0,1,1,차대차 - 기타,신호위반,건조,맑음,교차로 - 교차로횡단보도내,승용,남,41세,부상신고,승용,남,66세,경상
2023042200100575,2023년 4월 22일 22시,토요일,경상북도 포항시 남구 이동,경상사고,0,0,3,0,차대차 - 측면충돌,중앙선침범,건조,맑음,단일로 - 기타,승용,남,44세,상해없음,이륜,남,49세,경상
2023042200100594,2023년 4월 22일 23시,토요일,경상북도 칠곡군 기산면,중상사고,0,1,0,0,차량단독 - 공작물충돌,안전운전불이행,건조,맑음,교차로 - 교차로부근,승용,남,35세,중상,,,,
2023042200100595,2023년 4월 22일 23시,토요일,경상북도 경산시 진량읍,경상사고,0,0,1,0,차대차 - 추돌,안전운전불이행,건조,맑음,교차로 - 교차로안,승용,남,58세,상해없음,승용,남,49세,경상
2023042300100010,2023년 4월 23일 00시,일요일,경상북도 경주시 동부동,부상신고사고,0,0,0,1,차대차 - 측면충돌,안전운전불이행,건조,맑음,단일로 - 기타,원동기,남,32세,부상신고,승용,남,61세,상해없음
2023042300100011,2023년 4월 23일 00시,일요일,경상북도 경산시 정평동,중상사고,0,1,0,0,차대사람 - 횡단중,안전운전불이행,건조,맑음,교차로 - 교차로안,승합,남,61세,상해없음,보행자,남,70세,중상
2023042300100031,2023년 4월 23일 02시,일요일,경상북도 경주시 동천동,경상사고,0,0,1,0,차량단독 - 공작물충돌,안전운전불이행,건조,맑음,교차로 - 교차로부근,이륜,남,18세,경상,,,,
2023042300100077,2023년 4월 23일 09시,일요일,경상북도 포항시 남구 인덕동,부상신고사고,0,0,0,1,차대차 - 기타,안전운전불이행,건조,맑음,교차로 - 교차로부근,기타불명,기타불명,미분류,기타불명,이륜,남,20세,부상신고
2023042300100120,2023년 4월 23일 11시,일요일,경상북도 경주시 신평동,경상사고,0,0,1,0,차대사람 - 차도통행중,안전운전불이행,건조,맑음,단일로 - 기타,승용,남,55세,상해없음,보행자,여,37세,경상
2023042300100121,2023년 4월 23일 11시,일요일,경상북도 포항시 북구 대흥동,경상사고,0,0,2,0,차대차 - 측면충돌,교차로운행방법위반,건조,맑음,교차로 - 교차로안,승용,남,42세,상해없음,승용,남,52세,경상
2023042300100144,2023년 4월 23일 12시,일요일,경상북도 경주시 안강읍,경상사고,0,0,1,0,차대차 - 측면충돌,기타,건조,맑음,단일로 - 기타,승용,남,63세,상해없음,승용,남,79세,경상
2023042300100145,2023년 4월 23일 12시,일요일,경상북도 경주시 양남면,경상사고,0,0,2,0,차대차 - 정면충돌,중앙선침범,건조,맑음,단일로 - 기타,승용,여,40세,상해없음,승용,남,64세,경상
2023042300100146,2023년 4월 23일 12시,일요일,경상북도 안동시 광석동,부상신고사고,0,0,0,1,차대차 - 측면충돌,안전운전불이행,건조,맑음,교차로 - 교차로안,승용,남,57세,상해없음,자전거,남,64세,부상신고
2023042300100147,2023년 4월 23일 12시,일요일,경상북도 봉화군 춘양면,중상사고,0,2,0,0,차대차 - 측면충돌,안전운전불이행,건조,맑음,기타 - 기타,승용,남,48세,상해없음,승용,남,65세,중상
2023042300100148,2023년 4월 23일 12시,일요일,경상북도 봉화군 봉성면,중상사고,0,1,0,0,차대사람 - 횡단중,안전운전불이행,건조,맑음,단일로 - 기타,승용,여,58세,상해없음,보행자,여,66세,중상
2023042300100180,2023년 4월 23일 13시,일요일,경상북도 경주시 노서동,중상사고,0,1,0,0,차대사람 - 횡단중,안전운전불이행,건조,맑음,단일로 - 기타,화물,남,57세,상해없음,보행자,남,6세,중상
2023042300100181,2023년 4월 23일 13시,일요일,경상북도 포항시 북구 창포동,경상사고,0,0,1,0,차대사람 - 횡단중,보행자보호의무위반,건조,맑음,교차로 - 교차로횡단보도내,화물,남,67세,상해없음,보행자,여,74세,경상
2023042300100182,2023년 4월 23일 13시,일요일,경상북도 포항시 북구 우현동,경상사고,0,0,1,0,차대차 - 측면충돌,신호위반,건조,맑음,교차로 - 교차로부근,승용,남,71세,상해없음,승용,여,29세,경상
2023042300100233,2023년 4월 23일 15시,일요일,경상북도 포항시 북구 득량동,경상사고,0,0,1,0,차대사람 - 횡단중,신호위반,건조,맑음,교차로 - 교차로횡단보도내,승용,남,64세,상해없음,보행자,여,72세,경상
2023042300100234,2023년 4월 23일 15시,일요일,경상북도 안동시 송현동,경상사고,0,0,1,0,차대차 - 기타,안전운전불이행,건조,맑음,교차로 - 교차로안,승용,남,67세,상해없음,승합,남,53세,상해없음
2023042300100235,2023년 4월 23일 15시,일요일,경상북도 김천시 평화동,사망사고,1,0,0,0,차대차 - 측면충돌,기타,건조,맑음,교차로 - 교차로안,화물,남,44세,상해없음,이륜,남,26세,사망
2023042300100236,2023년 4월 23일 15시,일요일,경상북도 구미시 산동읍,중상사고,0,1,0,0,차대차 - 기타,신호위반,건조,맑음,교차로 - 교차로안,자전거,남,32세,중상,승용,여,35세,상해없음
2023042300100262,2023년 4월 23일 16시,일요일,경상북도 영주시 영주동,중상사고,0,1,0,0,차대사람 - 기타,안전운전불이행,건조,맑음,단일로 - 기타,승용,여,61세,상해없음,보행자,남,65세,중상
2023042300100263,2023년 4월 23일 16시,일요일,경상북도 포항시 남구 해도동,부상신고사고,0,0,0,1,차대사람 - 길가장자리구역통행중,안전운전불이행,건조,맑음,단일로 - 기타,승용,남,57세,상해없음,보행자,남,51세,부상신고
2023042300100288,2023년 4월 23일 17시,일요일,경상북도 포항시 남구 대도동,경상사고,0,0,1,0,차대차 - 측면충돌,직진우회전진행방해,건조,맑음,교차로 - 교차로안,승용,여,68세,상해없음,화물,남,49세,경상
2023042300100316,2023년 4월 23일 18시,일요일,경상북도 칠곡군 약목면,경상사고,0,0,1,0,차대차 - 측면충돌,안전운전불이행,건조,맑음,단일로 - 지하차도(도로)내,승용,남,52세,상해없음,승용,여,39세,경상
2023042300100317,2023년 4월 23일 18시,일요일,경상북도 구미시 선기동,경상사고,0,0,1,0,차량단독 - 기타,안전운전불이행,건조,맑음,단일로 - 기타,승합,남,56세,상해없음,,,,
2023042300100338,2023년 4월 23일 19시,일요일,경상북도 칠곡군 석적읍,경상사고,0,0,1,0,차대차 - 측면충돌,안전거리미확보,건조,맑음,단일로 - 지하차도(도로)내,개인형이동수단(PM),남,24세,경상,이륜,남,17세,상해없음