사고번호,사고일시,요일,시군구,사고내용,사망자수,중상자수,경상자수,부상신고자수,사고유형,법규위반,노면상태,기상상태,도로형태,가해운전자 차종,가해운전자 성별,가해운전자 연령,가해운전자 상해정도,피해운전자 차종,피해운전자 성별,피해운전자 연령,피해운전자 상해정도
2023050100100321,2023년 5월 1일 15시,월요일,경상북도 의성군 안계면,경상사고,0,0,1,0,차대사람 - 기타,안전운전불이행,건조,맑음,기타 - 기타,화물,남,78세,상해없음,보행자,여,70세,경상
2023050100100322,2023년 5월 1일 15시,월요일,경상북도 울진군 울진읍,경상사고,0,0,1,0,차대차 - 측면충돌,중앙선침범,건조,맑음,단일로 - 기타,원동기,남,81세,경상,승용,여,54세,상해없음
2023050100100323,2023년 5월 1일 15시,월요일,경상북도 영양군 영양읍,경상사고,0,0,1,0,차대차 - 기타,직진우회전진행방해,건조,맑음,교차로 - 교차로안,승용,여,66세,기타불명,승용,여,60세,경상
2023050100100324,2023년 5월 1일 15시,월요일,경상북도 포항시 남구 대도동,중상사고,0,1,0,0,차대차 - 기타,신호위반,건조,맑음,단일로 - 기타,이륜,남,15세,상해없음,자전거,남,66세,중상
2023050100100325,2023년 5월 1일 15시,월요일,경상북도 포항시 남구 동해면,경상사고,0,0,1,0,차대차 - 기타,안전운전불이행,건조,맑음,단일로 - 기타,승용,남,64세,상해없음,승용,남,62세,상해없음
2023050100100379,2023년 5월 1일 16시,월요일,경상북도 영주시 영주동,중상사고,0,1,0,0,차대사람 - 기타,안전운전불이행,건조,맑음,단일로 - 기타,승합,남,50세,상해없음,보행자,여,90세,중상
2023050100100419,2023년 5월 1일 17시,월요일,경상북도 포항시 북구 대신동,중상사고,0,1,0,0,차대차 - 측면충돌,안전운전불이행,건조,맑음,교차로 - 교차로횡단보도내,승용,여,62세,상해없음,자전거,남,74세,중상
2023050100100420,2023년 5월 1일 17시,월요일,경상북도 의성군 단북면,경상사고,0,0,2,0,차대차 - 측면충돌,안전운전불이행,건조,맑음,단일로 - 기타,승용,남,63세,경상,승용,여,30세,경상
2023050100100421,2023년 5월 1일 17시,월요일,경상북도 구미시 인의동,경상사고,0,0,2,1,차대차 - 측면충돌,직진우회전진행방해,건조,맑음,교차로 - 교차로안,승용,여,24세,상해없음,특수,남,21세,부상신고
2023050100100468,2023년 5월 1일 18시,월요일,경상북도 상주시 사벌국면,중상사고,0,1,0,0,차량단독 - 도로외이탈 - 기타,안전운전불이행,건조,맑음,교차로 - 교차로부근,농기계,남,59세,중상,,,,
2023050100100469,2023년 5월 1일 18시,월요일,경상북도 의성군 단촌면,중상사고,0,1,0,0,차대차 - 측면충돌,직진우회전진행방해,건조,맑음,교차로 - 교차로안,원동기,남,77세,중상,화물,남,65세,상해없음
2023050100100519,2023년 5월 1일 20시,월요일,경상북도 포항시 남구 오천읍,경상사고,0,0,2,0,차대차 - 측면충돌,교차로운행방법위반,건조,맑음,교차로 - 교차로안,승용,남,24세,기타불명,승용,남,52세,경상
2023050100100572,2023년 5월 1일 23시,월요일,경상북도 구미시 원평동,경상사고,0,0,1,0,차대차 - 측면충돌,신호위반,건조,맑음,교차로 - 교차로안,승용,남,66세,상해없음,승용,여,42세,경상
2023050200100004,2023년 5월 2일 00시,화요일,경상북도 포항시 남구 연일읍,경상사고,0,0,3,1,차대차 - 측면충돌,신호위반,건조,맑음,교차로 - 교차로안,승용,남,21세,상해없음,승용,남,66세,부상신고
2023050200100054,2023년 5월 2일 07시,화요일,경상북도 포항시 남구 장기면,경상사고,0,0,2,0,차대차 - 측면충돌,직진우회전진행방해,건조,맑음,교차로 - 교차로안,승합,남,64세,경상,승용,여,60세,경상
2023050200100102,2023년 5월 2일 08시,화요일,경상북도 경주시 율동,중상사고,0,3,2,0,차대차 - 추돌,안전운전불이행,건조,맑음,단일로 - 기타,승용,남,44세,상해없음,승용,남,53세,상해없음
2023050200100103,2023년 5월 2일 08시,화요일,경상북도 경산시 자인면,중상사고,0,1,0,0,차대차 - 기타,안전운전불이행,건조,맑음,교차로 - 교차로안,승용,남,41세,상해없음,승용,여,48세,중상
2023050200100104,2023년 5월 2일 08시,화요일,경상북도 경산시 사동,경상사고,0,0,1,0,차대사람 - 횡단중,보행자보호의무위반,건조,맑음,교차로 - 교차로안,화물,남,50세,상해없음,보행자,여,72세,경상
2023050200100105,2023년 5월 2일 08시,화요일,경상북도 영덕군 영해면,중상사고,0,1,0,0,차대사람 - 횡단중,안전운전불이행,건조,맑음,교차로 - 교차로안,승용,남,60세,상해없음,보행자,남,65세,중상
2023050200100106,2023년 5월 2일 08시,화요일,경상북도 울진군 근남면,부상신고사고,0,0,0,1,차대차 - 측면충돌,교차로운행방법위반,건조,맑음,교차로 - 교차로안,승용,남,75세,상해없음,자전거,남,78세,부상신고
2023050200100145,2023년 5월 2일 09시,화요일,경상북도 의성군 의성읍,중상사고,0,1,0,0,차대사람 - 기타,안전운전불이행,건조,맑음,교차로 - 교차로부근,승용,남,47세,상해없음,보행자,남,83세,중상
2023050200100177,2023년 5월 2일 10시,화요일,경상북도 경주시 강동면,경상사고,0,0,1,0,차대차 - 측면충돌,안전운전불이행,건조,맑음,교차로 - 교차로안,승용,여,57세,상해없음,이륜,남,84세,경상
2023050200100178,2023년 5월 2일 10시,화요일,경상북도 포항시 북구 용흥동,중상사고,0,1,1,0,차대차 - 측면충돌,안전운전불이행,건조,맑음,교차로 - 교차로안,승용,남,77세,상해없음,이륜,남,52세,경상
2023050200100179,2023년 5월 2일 10시,화요일,경상북도 포항시 북구 흥해읍,경상사고,0,0,1,0,차대사람 - 길가장자리구역통행중,안전운전불이행,건조,맑음,단일로 - 기타,승용,여,51세,상해없음,보행자,여,45세,경상
2023050200100180,2023년 5월 2일 10시,화요일,경상북도 영천시 북안면,경상사고,0,0,2,0,차대차 - 추돌,안전운전불이행,건조,맑음,단일로 - 기타,화물,남,53세,상해없음,승용,남,75세,상해없음
2023050200100182,2023년 5월 2일 10시,화요일,경상북도 상주시 내서면,중상사고,0,1,1,2,차대차 - 기타,안전운전불이행,건조,맑음,단일로 - 기타,화물,남,63세,중상,화물,남,63세,경상
2023050200100211,2023년 5월 2일 11시,화요일,경상북도 포항시 북구 우현동,경상사고,0,0,2,0,차대차 - 측면충돌,안전운전불이행,건조,맑음,교차로 - 교차로안,승용,남,70세,상해없음,승용,남,60세,상해없음
2023050200100213,2023년 5월 2일 11시,화요일,경상북도 문경시 문경읍,경상사고,0,0,2,0,차대차 - 추돌,안전거리미확보,건조,맑음,단일로 - 기타,승용,남,76세,상해없음,승용,남,74세,경상
2023050200100214,2023년 5월 2일 11시,화요일,경상북도 영천시 본촌동,경상사고,0,0,1,1,차대차 - 측면충돌,안전운전불이행,건조,맑음,단일로 - 기타,승용,여,24세,부상신고,화물,남,62세,경상
2023050200100253,2023년 5월 2일 12시,화요일,경상북도 문경시 마성면,경상사고,0,0,1,0,차대차 - 기타,안전운전불이행,건조,맑음,교차로 - 교차로부근,승합,남,60세,상해없음,승용,남,69세,상해없음
2023050200100254,2023년 5월 2일 12시,화요일,경상북도 포항시 남구 연일읍,경상사고,0,0,1,0,차대차 - 정면충돌,안전거리미확보,건조,맑음,교차로 - 교차로부근,이륜,남,32세,상해없음,승용,남,52세,경상
2023050200100286,2023년 5월 2일 13시,화요일,경상북도 고령군 운수면,경상사고,0,0,1,0,차대차 - 측면충돌,안전운전불이행,건조,맑음,교차로 - 교차로부근,승용,남,66세,상해없음,승용,남,34세,경상
2023050200100370,2023년 5월 2일 15시,화요일,경상북도 포항시 북구 흥해읍,부상신고사고,0,0,0,1,차대차 - 측면충돌,기타,건조,맑음,교차로 - 교차로부근,기타불명,기타불명,미분류,기타불명,자전거,남,21세,부상신고
2023050200100371,2023년 5월 2일 15시,화요일,경상북도 구미시 공단동,경상사고,0,0,1,1,차대차 - 추돌,안전운전불이행,건조,맑음,단일로 - 기타,승용,남,81세,상해없음,승용,여,27세,경상
2023050200100372,2023년 5월 2일 15시,화요일,경상북도 포항시 남구 효자동,경상사고,0,0,1,0,차대사람 - 기타,안전운전불이행,건조,맑음,단일로 - 기타,승용,남,73세,기타불명,보행자,남,50세,경상
2023050200100411,2023년 5월 2일 16시,화요일,경상북도 경주시 서부동,경상사고,0,0,1,0,차대차 - 측면충돌,안전운전불이행,건조,맑음,단일로 - 기타,자전거,남,85세,경상,승합,남,67세,상해없음
2023050200100412,2023년 5월 2일 16시,화요일,경상북도 상주시 무양동,경상사고,0,0,1,0,차대차 - 측면충돌,교차로운행방법위반,건조,맑음,교차로 - 교차로부근,승용,남,68세,상해없음,자전거,여,14세,경상
2023050200100413,2023년 5월 2일 16시,화요일,경상북도 구미시 고아읍,경상사고,0,0,1,0,차대차 - 측면충돌,신호위반,건조,맑음,교차로 - 교차로안,승용,여,55세,상해없음,화물,남,52세,경상
2023050200100456,2023년 5월 2일 17시,화요일,경상북도 포항시 북구 장성동,경상사고,0,0,2,2,차대차 - 추돌,안전운전불이행,건조,맑음,단일로 - 기타,승용,남,54세,상해없음,승용,남,64세,경상
2023050200100457,2023년 5월 2일 17시,화요일,경상북도 구미시 공단동,경상사고,0,0,1,0,차대차 - 추돌,안전운전불이행,건조,맑음,단일로 - 기타,승용,남,26세,상해없음,승용,여,59세,경상
2023050200100458,2023년 5월 2일 17시,화요일,경상북도 상주시 공검면,경상사고,0,0,1,1,차대차 - 추돌,안전운전불이행,건조,맑음,단일로 - 기타,승용,여,51세,부상신고,승용,남,61세,상해없음
2023050200100506,2023년 5월 2일 18시,화요일,경상북도 문경시 모전동,경상사고,0,0,1,0,차대차 - 측면충돌,안전운전불이행,건조,맑음,교차로 - 교차로안,승용,남,73세,상해없음,승용,여,32세,경상
2023050200100562,2023년 5월 2일 20시,화요일,경상북도 경주시 용강동,경상사고,0,0,1,0,차대차 - 기타,안전거리미확보,건조,맑음,교차로 - 교차로부근,승용,여,72세,상해없음,승용,남,35세,상해없음
2023050200100563,2023년 5월 2일 20시,화요일,경상북도 영주시 가흥동,중상사고,0,1,0,0,차대차 - 측면충돌,안전운전불이행,건조,맑음,단일로 - 기타,화물,남,50세,상해없음,자전거,남,60세,중상
2023050200100564,2023년 5월 2일 20시,화요일,경상북도 영주시 풍기읍,중상사고,0,2,0,0,차대차 - 측면충돌,안전운전불이행,건조,맑음,교차로 - 교차로안,승용,남,22세,상해없음,이륜,남,18세,중상
2023050200100565,2023년 5월 2일 20시,화요일,경상북도 경산시 하양읍,경상사고,0,0,2,0,차대차 - 추돌,안전거리미확보,건조,맑음,단일로 - 기타,승용,남,67세,상해없음,승용,남,56세,경상
2023050200100598,2023년 5월 2일 21시,화요일,경상북도 경주시 동천동,경상사고,0,0,1,0,차대사람 - 차도통행중,안전운전불이행,건조,맑음,교차로 - 교차로안,승용,여,51세,상해없음,보행자,남,60세,경상
2023050200100615,2023년 5월 2일 22시,화요일,경상북도 의성군 단밀면,경상사고,0,0,2,0,차대차 - 추돌,안전운전불이행,건조,기타,기타 - 기타,화물,남,61세,경상,화물,남,65세,경상
2023050300100028,2023년 5월 3일 05시,수요일,경상북도 칠곡군 북삼읍,경상사고,0,0,3,0,차대차 - 측면충돌,직진우회전진행방해,건조,맑음,교차로 - 교차로안,화물,남,33세,경상,건설기계,남,60세,경상
2023050300100038,2023년 5월 3일 06시,수요일,경상북도 경산시 자인면,경상사고,0,0,1,0,차대사람 - 기타,안전운전불이행,건조,맑음,기타 - 기타,화물,남,71세,상해없음,보행자,남,83세,경상
2023050300100062,2023년 5월 3일 07시,수요일,경상북도 포항시 남구 효자동,경상사고,0,0,1,0,차대차 - 측면충돌,안전운전불이행,건조,맑음,교차로 - 교차로안,이륜,남,53세,경상,승용,남,57세,상해없음
2023050300100099,2023년 5월 3일 08시,수요일,경상북도 영주시 풍기읍,경상사고,0,0,1,0,차대사람 - 차도통행중,교차로운행방법위반,건조,맑음,교차로 - 교차로부근,화물,남,64세,상해없음,보행자,여,75세,경상
2023050300100100,2023년 5월 3일 08시,수요일,경상북도 포항시 남구 연일읍,경상사고,0,0,2,0,차대차 - 기타,신호위반,건조,맑음,교차로 - 교차로안,승용,여,50세,상해없음,승용,여,35세,경상
2023050300100135,2023년 5월 3일 09시,수요일,경상북도 안동시 임동면,중상사고,0,4,0,0,차대차 - 정면충돌,중앙선침범,건조,맑음,단일로 - 기타,승용,여,78세,중상,화물,남,71세,중상
2023050300100136,2023년 5월 3일 09시,수요일,경상북도 포항시 남구 연일읍,경상사고,0,0,1,0,차대차 - 기타,안전운전불이행,건조,맑음,단일로 - 기타,승합,남,64세,상해없음,승용,여,38세,경상
2023050300100169,2023년 5월 3일 10시,수요일,경상북도 영덕군 강구면,중상사고,0,1,0,0,차대차 - 측면충돌,안전거리미확보,건조,맑음,단일로 - 기타,승용,남,55세,상해없음,자전거,여,75세,중상
2023050300100222,2023년 5월 3일 12시,수요일,경상북도 안동시 풍산읍,경상사고,0,0,2,0,차대차 - 기타,안전운전불이행,건조,맑음,교차로 - 교차로안,이륜,남,74세,경상,승용,여,53세,경상
2023050300100223,2023년 5월 3일 12시,수요일,경상북도 의성군 금성면,경상사고,0,0,2,0,차대차 - 측면충돌,안전운전불이행,건조,맑음,교차로 - 교차로안,승용,여,60세,상해없음,승용,남,55세,경상
2023050300100257,2023년 5월 3일 13시,수요일,경상북도 포항시 북구 우현동,경상사고,0,0,1,0,차대사람 - 보도통행중,기타,건조,맑음,단일로 - 기타,개인형이동수단(PM),남,16세,상해없음,보행자,여,63세,경상
2023050300100258,2023년 5월 3일 13시,수요일,경상북도 상주시 낙동면,경상사고,0,0,1,0,차대차 - 기타,안전운전불이행,건조,맑음,단일로 - 기타,이륜,여,65세,경상,화물,남,54세,상해없음
2023050300100259,2023년 5월 3일 13시,수요일,경상북도 영주시 풍기읍,경상사고,0,0,1,0,차대차 - 기타,교차로운행방법위반,건조,맑음,교차로 - 교차로안,승용,여,64세,상해없음,화물,남,56세,경상
2023050300100295,2023년 5월 3일 14시,수요일,경상북도 경주시 강동면,경상사고,0,0,1,0,차대차 - 기타,안전운전불이행,건조,맑음,기타 - 기타,화물,남,35세,상해없음,화물,남,64세,경상
2023050300100296,2023년 5월 3일 14시,수요일,경상북도 포항시 북구 흥해읍,중상사고,0,1,0,0,차대차 - 기타,안전거리미확보,건조,맑음,교차로 - 교차로안,이륜,남,47세,중상,승용,여,61세,상해없음
2023050300100297,2023년 5월 3일 14시,수요일,경상북도 경산시 삼북동,경상사고,0,0,1,0,차대차 - 측면충돌,교차로운행방법위반,건조,맑음,교차로 - 교차로안,승용,남,75세,상해없음,이륜,남,68세,경상
2023050300100320,2023년 5월 3일 15시,수요일,경상북도 경산시 와촌면,경상사고,0,0,1,0,차대차 - 측면충돌,안전운전불이행,건조,맑음,교차로 - 교차로안,화물,남,82세,상해없음,농기계,남,81세,경상
2023050300100321,2023년 5월 3일 15시,수요일,경상북도 포항시 남구 대송면,사망사고,1,0,0,0,차대차 - 측면충돌,안전운전불이행,건조,맑음,교차로 - 교차로안,화물,남,71세,상해없음,이륜,남,74세,사망
2023050300100367,2023년 5월 3일 16시,수요일,경상북도 봉화군 봉화읍,중상사고,0,1,0,0,차대사람 - 기타,안전운전불이행,건조,맑음,단일로 - 기타,승용,남,64세,상해없음,보행자,여,85세,중상
2023050300100409,2023년 5월 3일 17시,수요일,경상북도 울진군 근남면,부상신고사고,0,0,0,1,차대사람 - 길가장자리구역통행중,안전운전불이행,건조,맑음,단일로 - 기타,승용,남,76세,상해없음,보행자,여,61세,부상신고
2023050300100410,2023년 5월 3일 17시,수요일,경상북도 구미시 진평동,경상사고,0,0,1,1,차대차 - 측면충돌,안전운전불이행,건조,맑음,단일로 - 기타,승용,여,36세,부상신고,승용,여,28세,경상
2023050300100440,2023년 5월 3일 18시,수요일,경상북도 안동시 풍천면,경상사고,0,0,2,0,차대차 - 기타,안전거리미확보,건조,맑음,교차로 - 교차로부근,승용,여,50세,경상,승용,남,41세,경상
2023050300100441,2023년 5월 3일 18시,수요일,경상북도 경산시 하양읍,경상사고,0,0,1,0,차대사람 - 차도통행중,안전운전불이행,건조,맑음,교차로 - 교차로부근,승합,남,46세,상해없음,보행자,여,10세,경상
2023050300100481,2023년 5월 3일 19시,수요일,경상북도 구미시 거의동,경상사고,0,0,1,0,차대차 - 측면충돌,안전운전불이행,건조,맑음,단일로 - 기타,승용,남,40세,상해없음,승용,여,32세,경상
2023050300100500,2023년 5월 3일 20시,수요일,경상북도 포항시 남구 동해면,부상신고사고,0,0,0,1,차량단독 - 공작물충돌,안전운전불이행,건조,맑음,단일로 - 지하차도(도로)내,이륜,남,37세,부상신고,,,,
2023050300100523,2023년 5월 3일 21시,수요일,경상북도 구미시 인의동,경상사고,0,0,1,0,차대차 - 측면충돌,직진우회전진행방해,건조,맑음,교차로 - 교차로안,승용,남,20세,상해없음,이륜,남,56세,경상
2023050300100542,2023년 5월 3일 22시,수요일,경상북도 포항시 북구 두호동,중상사고,0,1,0,0,차대사람 - 횡단중,안전운전불이행,건조,맑음,교차로 - 교차로안,승용,남,49세,상해없음,보행자,남,66세,중상
2023050400100020,2023년 5월 4일 02시,목요일,경상북도 구미시 상모동,경상사고,0,0,1,0,차량단독 - 공작물충돌,안전운전불이행,건조,흐림,단일로 - 기타,승용,남,38세,경상,,,,
2023050400100040,2023년 5월 4일 06시,목요일,경상북도 안동시 당북동,경상사고,0,0,3,0,차대차 - 기타,안전운전불이행,건조,맑음,교차로 - 교차로부근,화물,남,77세,상해없음,승용,남,75세,경상
2023050400100061,2023년 5월 4일 07시,목요일,경상북도 포항시 북구 용흥동,경상사고,0,0,1,0,차대차 - 측면충돌,중앙선침범,건조,맑음,단일로 - 기타,화물,남,27세,상해없음,승용,여,47세,경상
2023050400100062,2023년 5월 4일 07시,목요일,경상북도 군위군 군위읍,경상사고,0,0,3,0,차대차 - 추돌,안전운전불이행,건조,맑음,단일로 - 기타,승합,남,55세,상해없음,화물,여,62세,경상
2023050400100101,2023년 5월 4일 08시,목요일,경상북도 영주시 휴천동,중상사고,0,1,0,0,차대차 - 기타,안전운전불이행,건조,맑음,교차로 - 교차로횡단보도내,화물,남,50세,상해없음,자전거,여,59세,중상
2023050400100102,2023년 5월 4일 08시,목요일,경상북도 봉화군 춘양면,중상사고,0,1,0,0,차대차 - 측면충돌,기타,건조,맑음,교차로 - 교차로안,승용,여,34세,상해없음,이륜,남,58세,중상
2023050400100103,2023년 5월 4일 08시,목요일,경상북도 포항시 남구 동해면,중상사고,0,1,0,0,차대차 - 측면충돌,교차로운행방법위반,건조,맑음,기타 - 기타,승용,남,47세,상해없음,이륜,남,62세,중상
2023050400100135,2023년 5월 4일 09시,목요일,경상북도 경산시 진량읍,중상사고,0,1,1,0,차대차 - 측면충돌,신호위반,건조,맑음,교차로 - 교차로횡단보도내,승용,남,72세,경상,승용,남,51세,중상
2023050400100136,2023년 5월 4일 09시,목요일,경상북도 청도군 화양읍,경상사고,0,0,1,0,차대차 - 측면충돌,중앙선침범,건조,맑음,단일로 - 기타,화물,남,68세,상해없음,승용,남,35세,경상
2023050400100171,2023년 5월 4일 10시,목요일,경상북도 경산시 중방동,중상사고,0,1,0,0,차대사람 - 횡단중,보행자보호의무위반,건조,맑음,교차로 - 교차로횡단보도내,승용,여,70세,상해없음,보행자,여,43세,중상
2023050400100203,2023년 5월 4일 11시,목요일,경상북도 영주시 휴천동,중상사고,0,1,0,0,차대사람 - 차도통행중,교차로운행방법위반,건조,맑음,교차로 - 교차로안,화물,남,26세,상해없음,보행자,남,63세,중상
2023050400100242,2023년 5월 4일 12시,목요일,경상북도 경주시 도지동,사망사고,1,0,2,0,차대차 - 측면충돌,안전운전불이행,건조,맑음,교차로 - 교차로부근,화물,남,72세,사망,화물,남,68세,상해없음
2023050400100243,2023년 5월 4일 12시,목요일,경상북도 군위군 부계면,경상사고,0,0,2,0,차대차 - 후진중충돌,안전운전불이행,건조,맑음,교차로 - 교차로부근,화물,남,65세,상해없음,화물,남,62세,경상
2023050400100274,2023년 5월 4일 13시,목요일,경상북도 경주시 현곡면,중상사고,0,1,1,1,차대차 - 추돌,안전운전불이행,건조,맑음,교차로 - 교차로부근,승용,남,64세,부상신고,승용,남,34세,경상
2023050400100275,2023년 5월 4일 13시,목요일,경상북도 포항시 북구 항구동,경상사고,0,0,1,0,차대차 - 측면충돌,차로위반,건조,맑음,단일로 - 기타,승용,남,64세,상해없음,승합,남,48세,경상
2023050400100307,2023년 5월 4일 14시,목요일,경상북도 경주시 산내면,중상사고,0,1,0,0,차대사람 - 기타,안전운전불이행,건조,맑음,교차로 - 교차로부근,승합,남,43세,상해없음,보행자,남,56세,중상
2023050400100308,2023년 5월 4일 14시,목요일,경상북도 안동시 길안면,중상사고,0,1,0,0,차량단독 - 기타,안전운전불이행,건조,맑음,단일로 - 기타,승용,여,75세,중상,,,,
2023050400100340,2023년 5월 4일 15시,목요일,경상북도 경주시 진현동,중상사고,0,1,0,0,차대사람 - 횡단중,안전운전불이행,건조,맑음,교차로 - 교차로부근,승용,남,56세,상해없음,보행자,여,66세,중상
2023050400100341,2023년 5월 4일 15시,목요일,경상북도 의성군 의성읍,중상사고,0,1,0,0,차대사람 - 기타,안전운전불이행,건조,맑음,교차로 - 교차로부근,승용,여,33세,상해없음,보행자,남,75세,중상
2023050400100342,2023년 5월 4일 15시,목요일,경상북도 영주시 가흥동,중상사고,0,1,1,0,차대차 - 추돌,안전운전불이행,건조,맑음,교차로 - 교차로부근,승용,여,48세,상해없음,승용,여,39세,중상
2023050400100343,2023년 5월 4일 15시,목요일,경상북도 구미시 옥계동,경상사고,0,0,1,0,차대차 - 기타,안전운전불이행,건조,맑음,단일로 - 기타,화물,남,65세,기타불명,화물,남,33세,경상
2023050400100389,2023년 5월 4일 16시,목요일,경상북도 의성군 다인면,경상사고,0,0,4,0,차대차 - 측면충돌,중앙선침범,건조,맑음,단일로 - 기타,화물,남,56세,상해없음,화물,남,60세,경상
2023050400100390,2023년 5월 4일 16시,목요일,경상북도 경산시 옥산동,경상사고,0,0,1,0,차대사람 - 차도통행중,안전운전불이행,건조,맑음,단일로 - 기타,원동기,남,30세,상해없음,보행자,여,50세,경상
2023050400100391,2023년 5월 4일 16시,목요일,경상북도 구미시 송정동,경상사고,0,0,2,0,차대차 - 측면충돌,교차로운행방법위반,건조,맑음,단일로 - 기타,승용,여,38세,경상,승용,여,44세,경상
2023050400100430,2023년 5월 4일 17시,목요일,경상북도 경주시 구황동,중상사고,0,1,0,0,차량단독 - 공작물충돌,안전운전불이행,건조,맑음,단일로 - 기타,원동기,남,31세,중상,,,,
2023050400100431,2023년 5월 4일 17시,목요일,경상북도 포항시 북구 두호동,경상사고,0,0,1,0,차대사람 - 기타,안전운전불이행,건조,맑음,단일로 - 기타,승용,여,52세,상해없음,보행자,여,63세,경상
2023050400100482,2023년 5월 4일 18시,목요일,경상북도 경주시 외동읍,경상사고,0,0,1,0,차대차 - 추돌,안전운전불이행,건조,맑음,교차로 - 교차로부근,화물,남,54세,상해없음,승용,여,62세,경상
2023050400100483,2023년 5월 4일 18시,목요일,경상북도 구미시 형곡동,중상사고,0,1,0,0,차대차 - 측면충돌,직진우회전진행방해,건조,맑음,교차로 - 교차로안,개인형이동수단(PM),여,75세,중상,화물,남,47세,상해없음
2023050400100484,2023년 5월 4일 18시,목요일,경상북도 구미시 원평동,경상사고,0,0,1,0,차대차 - 측면충돌,안전거리미확보,건조,맑음,단일로 - 기타,화물,남,43세,상해없음,승용,남,35세,경상
2023050400100485,2023년 5월 4일 18시,목요일,경상북도 포항시 남구 해도동,경상사고,0,0,2,0,차대차 - 측면충돌,안전운전불이행,건조,맑음,단일로 - 교량,승용,남,37세,경상,승용,여,28세,경상
2023050400100519,2023년 5월 4일 19시,목요일,경상북도 영천시 망정동,경상사고,0,0,2,0,차대차 - 기타,안전운전불이행,건조,흐림,교차로 - 교차로안,승용,여,30세,상해없음,승용,남,47세,상해없음
2023050400100520,2023년 5월 4일 19시,목요일,경상북도 구미시 진평동,경상사고,0,0,3,0,차대차 - 기타,안전운전불이행,건조,맑음,단일로 - 기타,승용,여,39세,상해없음,승용,남,29세,경상
2023050400100550,2023년 5월 4일 20시,목요일,경상북도 울진군 울진읍,경상사고,0,0,1,0,차대차 - 기타,직진우회전진행방해,건조,맑음,교차로 - 교차로안,자전거,남,15세,경상,승용,남,36세,상해없음
2023050400100551,2023년 5월 4일 20시,목요일,경상북도 구미시 옥계동,중상사고,0,1,0,0,차대사람 - 기타,안전운전불이행,건조,맑음,단일로 - 기타,승용,남,40세,상해없음,보행자,여,57세,중상
2023050400100583,2023년 5월 4일 21시,목요일,경상북도 김천시 율곡동,중상사고,0,1,0,0,차대사람 - 기타,안전운전불이행,건조,맑음,단일로 - 기타,이륜,남,48세,상해없음,보행자,남,34세,중상
2023050400100584,2023년 5월 4일 21시,목요일,경상북도 포항시 남구 오천읍,경상사고,0,0,1,0,차대차 - 기타,안전운전불이행,건조,맑음,교차로 - 교차로안,승용,남,82세,상해없음,승용,여,60세,경상
2023050400100629,2023년 5월 4일 23시,목요일,경상북도 구미시 황상동,중상사고,0,1,0,0,차대사람 - 기타,안전운전불이행,건조,맑음,교차로 - 교차로안,승용,여,26세,상해없음,보행자,여,71세,중상
2023050500100078,2023년 5월 5일 07시,금요일,경상북도 청송군 진보면,부상신고사고,0,0,0,1,차대차 - 측면충돌,직진우회전진행방해,젖음/습기,비,교차로 - 교차로안,승용,남,31세,상해없음,승합,남,60세,상해없음
2023050500100096,2023년 5월 5일 09시,금요일,경상북도 경주시 동천동,경상사고,0,0,1,0,차대차 - 추돌,안전거리미확보,젖음/습기,흐림,교차로 - 교차로부근,승용,남,41세,기타불명,승용,여,42세,기타불명
2023050500100097,2023년 5월 5일 09시,금요일,경상북도 의성군 단북면,경상사고,0,0,1,0,차대차 - 측면충돌,신호위반,젖음/습기,흐림,교차로 - 교차로안,화물,남,68세,상해없음,화물,남,65세,경상
2023050500100129,2023년 5월 5일 11시,금요일,경상북도 경산시 압량읍,경상사고,0,0,1,0,차대차 - 기타,안전운전불이행,젖음/습기,비,교차로 - 교차로부근,화물,남,64세,상해없음,승용,남,64세,경상
2023050500100130,2023년 5월 5일 11시,금요일,경상북도 포항시 남구 구룡포읍,경상사고,0,0,3,0,차대차 - 기타,안전운전불이행,건조,맑음,교차로 - 교차로안,이륜,남,35세,경상,승용,남,57세,경상
2023050500100152,2023년 5월 5일 12시,금요일,경상북도 포항시 북구 흥해읍,경상사고,0,0,5,0,차대차 - 추돌,안전운전불이행,건조,맑음,단일로 - 기타,화물,남,73세,상해없음,승용,남,36세,경상
2023050500100153,2023년 5월 5일 12시,금요일,경상북도 안동시 금곡동,경상사고,0,0,1,0,차대사람 - 기타,안전운전불이행,젖음/습기,비,단일로 - 기타,화물,남,58세,상해없음,보행자,남,66세,경상
2023050500100187,2023년 5월 5일 13시,금요일,경상북도 안동시 임하면,경상사고,0,0,2,0,차대차 - 기타,중앙선침범,젖음/습기,비,단일로 - 기타,승용,여,64세,경상,승용,남,26세,경상
2023050500100207,2023년 5월 5일 14시,금요일,경상북도 경주시 용강동,경상사고,0,0,1,0,차대차 - 측면충돌,안전운전불이행,젖음/습기,흐림,교차로 - 교차로안,승용,여,61세,상해없음,승합,남,53세,경상
2023050500100208,2023년 5월 5일 14시,금요일,경상북도 경주시 안강읍,중상사고,0,2,2,0,차대차 - 측면충돌,중앙선침범,젖음/습기,비,단일로 - 기타,화물,남,63세,상해없음,승용,남,52세,경상
2023050500100209,2023년 5월 5일 14시,금요일,경상북도 포항시 남구 오천읍,경상사고,0,0,4,0,차대차 - 기타,중앙선침범,건조,맑음,단일로 - 기타,승용,남,26세,상해없음,승용,남,39세,경상