사고번호,사고일시,요일,시군구,사고내용,사망자수,중상자수,경상자수,부상신고자수,사고유형,법규위반,노면상태,기상상태,도로형태,가해운전자 차종,가해운전자 성별,가해운전자 연령,가해운전자 상해정도,피해운전자 차종,피해운전자 성별,피해운전자 연령,피해운전자 상해정도
2023050500100210,2023년 5월 5일 14시,금요일,경상북도 포항시 남구 상도동,경상사고,0,0,1,0,차대차 - 추돌,안전운전불이행,젖음/습기,비,단일로 - 기타,승용,남,54세,상해없음,이륜,남,39세,경상
2023050500100233,2023년 5월 5일 15시,금요일,경상북도 포항시 북구 흥해읍,경상사고,0,0,7,0,차대차 - 추돌,안전운전불이행,젖음/습기,맑음,단일로 - 기타,승용,남,61세,상해없음,승용,남,63세,경상
2023050500100257,2023년 5월 5일 16시,금요일,경상북도 예천군 예천읍,경상사고,0,0,1,0,차대사람 - 차도통행중,안전운전불이행,젖음/습기,비,교차로 - 교차로횡단보도내,승용,여,66세,상해없음,보행자,여,44세,경상
2023050500100312,2023년 5월 5일 18시,금요일,경상북도 포항시 남구 상도동,부상신고사고,0,0,0,1,차대차 - 정면충돌,안전운전불이행,젖음/습기,비,교차로 - 교차로안,자전거,남,46세,부상신고,승용,남,60세,상해없음
2023050500100343,2023년 5월 5일 19시,금요일,경상북도 칠곡군 약목면,경상사고,0,0,1,0,차대차 - 측면충돌,안전운전불이행,건조,맑음,단일로 - 지하차도(도로)내,승용,남,33세,상해없음,원동기,남,31세,경상
2023050500100344,2023년 5월 5일 19시,금요일,경상북도 영양군 영양읍,경상사고,0,0,1,0,차대차 - 측면충돌,안전운전불이행,젖음/습기,비,단일로 - 기타,화물,남,53세,상해없음,화물,남,56세,경상
2023050500100376,2023년 5월 5일 20시,금요일,경상북도 경주시 신평동,경상사고,0,0,1,0,차대사람 - 횡단중,보행자보호의무위반,젖음/습기,비,교차로 - 교차로부근,승용,여,59세,상해없음,보행자,여,16세,경상
2023050500100377,2023년 5월 5일 20시,금요일,경상북도 성주군 수륜면,중상사고,0,1,0,0,차량단독 - 공작물충돌,안전운전불이행,젖음/습기,비,단일로 - 기타,화물,남,61세,중상,,,,
2023050500100378,2023년 5월 5일 20시,금요일,경상북도 구미시 임은동,중상사고,0,1,0,0,차대차 - 측면충돌,신호위반,젖음/습기,비,교차로 - 교차로안,승용,여,32세,상해없음,이륜,남,45세,중상
2023050500100379,2023년 5월 5일 20시,금요일,경상북도 구미시 원평동,경상사고,0,0,1,0,차대차 - 측면충돌,안전거리미확보,젖음/습기,비,단일로 - 기타,승용,여,65세,상해없음,화물,남,44세,경상
2023050500100380,2023년 5월 5일 20시,금요일,경상북도 구미시 지산동,중상사고,0,2,1,0,차대차 - 추돌,안전운전불이행,젖음/습기,비,단일로 - 기타,화물,남,63세,중상,승용,남,31세,경상
2023050500100412,2023년 5월 5일 21시,금요일,경상북도 구미시 고아읍,경상사고,0,0,2,0,차대차 - 측면충돌,불법유턴,건조,맑음,교차로 - 교차로안,승용,여,59세,상해없음,이륜,남,39세,경상
2023050500100413,2023년 5월 5일 21시,금요일,경상북도 구미시 고아읍,중상사고,0,1,0,0,차대사람 - 기타,안전운전불이행,건조,맑음,단일로 - 기타,승용,남,45세,상해없음,보행자,남,41세,중상
2023050500100438,2023년 5월 5일 22시,금요일,경상북도 구미시 인의동,경상사고,0,0,2,0,차대차 - 추돌,안전운전불이행,젖음/습기,비,단일로 - 기타,승용,남,40세,상해없음,승용,남,24세,경상
2023050500100439,2023년 5월 5일 22시,금요일,경상북도 구미시 신평동,경상사고,0,0,2,0,차대차 - 측면충돌,신호위반,젖음/습기,비,교차로 - 교차로안,승용,남,63세,상해없음,승용,남,35세,경상
2023050500100454,2023년 5월 5일 23시,금요일,경상북도 경주시 성건동,경상사고,0,0,1,0,차대사람 - 기타,안전운전불이행,젖음/습기,비,교차로 - 교차로부근,이륜,남,28세,상해없음,보행자,여,76세,경상
2023050500100455,2023년 5월 5일 23시,금요일,경상북도 포항시 남구 상도동,경상사고,0,0,1,0,차대차 - 정면충돌,안전운전불이행,젖음/습기,비,교차로 - 교차로안,승용,남,30세,상해없음,승용,여,54세,경상
2023050600100008,2023년 5월 6일 00시,토요일,경상북도 상주시 헌신동,중상사고,0,1,0,0,차량단독 - 공작물충돌,안전운전불이행,젖음/습기,비,단일로 - 기타,승용,남,43세,중상,,,,
2023050600100009,2023년 5월 6일 00시,토요일,경상북도 의성군 의성읍,경상사고,0,0,1,0,차대사람 - 기타,안전운전불이행,건조,맑음,단일로 - 기타,승용,남,67세,상해없음,보행자,여,50세,경상
2023050600100023,2023년 5월 6일 02시,토요일,경상북도 포항시 북구 우현동,경상사고,0,0,1,0,차대차 - 측면충돌,안전운전불이행,젖음/습기,비,교차로 - 교차로부근,승용,남,26세,상해없음,승용,남,71세,경상
2023050600100034,2023년 5월 6일 03시,토요일,경상북도 경주시 구황동,경상사고,0,0,1,0,차대차 - 추돌,안전거리미확보,젖음/습기,비,교차로 - 교차로부근,승용,남,26세,상해없음,승용,남,20세,상해없음
2023050600100035,2023년 5월 6일 03시,토요일,경상북도 경주시 성건동,경상사고,0,0,1,0,차대사람 - 차도통행중,안전운전불이행,젖음/습기,비,교차로 - 교차로안,승용,남,20세,상해없음,보행자,남,35세,경상
2023050600100042,2023년 5월 6일 04시,토요일,경상북도 경주시 외동읍,경상사고,0,0,1,0,차량단독 - 도로외이탈 - 추락,안전운전불이행,젖음/습기,비,단일로 - 기타,화물,남,41세,경상,,,,
2023050600100043,2023년 5월 6일 04시,토요일,경상북도 포항시 북구 죽도동,경상사고,0,0,2,0,차대차 - 측면충돌,안전운전불이행,젖음/습기,비,단일로 - 기타,화물,남,55세,상해없음,승용,남,43세,경상
2023050600100055,2023년 5월 6일 05시,토요일,경상북도 상주시 이안면,경상사고,0,0,1,0,차량단독 - 공작물충돌,안전운전불이행,젖음/습기,비,단일로 - 기타,승용,남,42세,상해없음,,,,
2023050600100079,2023년 5월 6일 08시,토요일,경상북도 경주시 외동읍,경상사고,0,0,1,0,차대차 - 측면충돌,안전운전불이행,젖음/습기,비,단일로 - 기타,이륜,남,66세,경상,승용,남,66세,상해없음
2023050600100093,2023년 5월 6일 09시,토요일,경상북도 구미시 송정동,경상사고,0,0,1,1,차대차 - 측면충돌,신호위반,젖음/습기,비,교차로 - 교차로안,승용,여,63세,부상신고,승용,남,48세,경상
2023050600100106,2023년 5월 6일 10시,토요일,경상북도 경산시 중방동,경상사고,0,0,1,0,차대사람 - 보도통행중,기타,젖음/습기,비,단일로 - 기타,이륜,남,47세,상해없음,보행자,남,36세,경상
2023050600100107,2023년 5월 6일 10시,토요일,경상북도 포항시 남구 오천읍,경상사고,0,0,1,0,차대차 - 측면충돌,교차로운행방법위반,건조,맑음,교차로 - 교차로안,승용,여,50세,상해없음,이륜,남,41세,경상
2023050600100141,2023년 5월 6일 11시,토요일,경상북도 상주시 낙양동,경상사고,0,0,1,0,차대차 - 후진중충돌,안전운전불이행,젖음/습기,비,단일로 - 기타,승용,여,44세,상해없음,이륜,남,50세,경상
2023050600100142,2023년 5월 6일 11시,토요일,경상북도 의성군 금성면,중상사고,0,1,1,0,차대차 - 정면충돌,안전운전불이행,젖음/습기,비,교차로 - 교차로부근,승용,남,24세,상해없음,승용,남,64세,경상
2023050600100143,2023년 5월 6일 11시,토요일,경상북도 경산시 와촌면,경상사고,0,0,1,0,차대차 - 추돌,안전운전불이행,젖음/습기,비,단일로 - 터널,승용,여,31세,상해없음,승용,남,29세,경상
2023050600100174,2023년 5월 6일 12시,토요일,경상북도 포항시 남구 해도동,경상사고,0,0,1,0,차대차 - 측면충돌,안전운전불이행,건조,맑음,단일로 - 기타,화물,남,68세,상해없음,승용,여,60세,경상
2023050600100207,2023년 5월 6일 13시,토요일,경상북도 영천시 금호읍,부상신고사고,0,0,0,1,차대사람 - 횡단중,안전운전불이행,젖음/습기,비,교차로 - 교차로안,화물,남,47세,상해없음,보행자,남,75세,부상신고
2023050600100208,2023년 5월 6일 13시,토요일,경상북도 성주군 초전면,경상사고,0,0,2,0,차대차 - 측면충돌,안전운전불이행,젖음/습기,비,교차로 - 교차로안,승용,여,59세,상해없음,승용,남,29세,경상
2023050600100270,2023년 5월 6일 15시,토요일,경상북도 포항시 북구 두호동,경상사고,0,0,1,0,차량단독 - 기타,안전운전불이행,젖음/습기,비,교차로 - 교차로부근,승합,남,40세,상해없음,,,,
2023050600100271,2023년 5월 6일 15시,토요일,경상북도 영주시 가흥동,경상사고,0,0,1,0,차대사람 - 기타,안전운전불이행,건조,맑음,단일로 - 기타,승용,남,78세,상해없음,보행자,남,23세,경상
2023050600100304,2023년 5월 6일 16시,토요일,경상북도 영주시 휴천동,경상사고,0,0,3,0,차대차 - 후진중충돌,안전운전불이행,건조,맑음,교차로 - 교차로부근,화물,남,52세,기타불명,승용,남,34세,경상
2023050600100305,2023년 5월 6일 16시,토요일,경상북도 포항시 남구 송도동,중상사고,0,1,0,0,차대차 - 기타,안전운전불이행,젖음/습기,비,단일로 - 기타,자전거,남,78세,중상,승용,남,52세,상해없음
2023050600100333,2023년 5월 6일 17시,토요일,경상북도 경주시 황성동,경상사고,0,0,1,0,차대차 - 측면충돌,중앙선침범,젖음/습기,비,기타 - 기타,승용,남,21세,상해없음,승용,남,58세,경상
2023050600100334,2023년 5월 6일 17시,토요일,경상북도 안동시 수상동,경상사고,0,0,2,0,차대차 - 추돌,안전운전불이행,젖음/습기,비,단일로 - 기타,승용,남,61세,상해없음,승용,남,41세,경상
2023050600100335,2023년 5월 6일 17시,토요일,경상북도 포항시 남구 오천읍,경상사고,0,0,1,0,차대차 - 추돌,안전운전불이행,젖음/습기,비,단일로 - 기타,승용,남,38세,상해없음,이륜,남,42세,경상
2023050600100357,2023년 5월 6일 18시,토요일,경상북도 경주시 천군동,중상사고,0,1,0,0,차대차 - 추돌,안전거리미확보,젖음/습기,비,단일로 - 기타,승용,남,31세,상해없음,승용,여,55세,중상
2023050600100358,2023년 5월 6일 18시,토요일,경상북도 김천시 평화동,중상사고,0,1,0,0,차대사람 - 기타,기타,건조,맑음,교차로 - 교차로부근,승용,남,73세,상해없음,보행자,여,54세,중상
2023050600100377,2023년 5월 6일 19시,토요일,경상북도 경주시 천군동,경상사고,0,0,2,0,차대차 - 측면충돌,신호위반,젖음/습기,비,교차로 - 교차로안,승용,여,53세,상해없음,승용,남,35세,경상
2023050600100378,2023년 5월 6일 19시,토요일,경상북도 안동시 옥동,경상사고,0,0,1,0,차대사람 - 횡단중,보행자보호의무위반,건조,맑음,교차로 - 교차로횡단보도내,승용,남,56세,상해없음,보행자,남,46세,경상
2023050600100410,2023년 5월 6일 20시,토요일,경상북도 안동시 동부동,경상사고,0,0,2,0,차대차 - 측면충돌,교차로운행방법위반,건조,맑음,교차로 - 교차로안,승용,남,62세,기타불명,승용,여,44세,경상
2023050600100483,2023년 5월 6일 23시,토요일,경상북도 경주시 안강읍,경상사고,0,0,1,0,차대사람 - 기타,안전운전불이행,건조,맑음,교차로 - 교차로부근,승용,남,61세,상해없음,보행자,여,43세,경상
2023050700100006,2023년 5월 7일 00시,일요일,경상북도 영주시 가흥동,경상사고,0,0,2,0,차대차 - 추돌,안전운전불이행,건조,맑음,교차로 - 교차로부근,승용,남,30세,상해없음,승용,여,54세,경상
2023050700100007,2023년 5월 7일 00시,일요일,경상북도 경산시 옥산동,경상사고,0,0,2,0,차대차 - 측면충돌,중앙선침범,건조,맑음,교차로 - 교차로부근,승용,남,57세,상해없음,승용,여,27세,경상
2023050700100028,2023년 5월 7일 02시,일요일,경상북도 상주시 남성동,경상사고,0,0,2,0,차대차 - 측면충돌,안전운전불이행,건조,맑음,교차로 - 교차로안,승용,남,22세,상해없음,승용,남,34세,경상
2023050700100049,2023년 5월 7일 05시,일요일,경상북도 구미시 비산동,중상사고,0,1,0,0,차대사람 - 기타,안전운전불이행,건조,맑음,기타 - 기타,승용,남,62세,상해없음,보행자,여,76세,중상
2023050700100054,2023년 5월 7일 06시,일요일,경상북도 봉화군 법전면,경상사고,0,0,4,0,차량단독 - 전도전복 - 전도,안전운전불이행,건조,맑음,단일로 - 기타,화물,남,73세,경상,,,,
2023050700100055,2023년 5월 7일 06시,일요일,경상북도 포항시 남구 송내동,경상사고,0,0,2,0,차대차 - 측면충돌,안전운전불이행,건조,맑음,단일로 - 기타,이륜,남,64세,경상,승용,남,27세,경상
2023050700100064,2023년 5월 7일 08시,일요일,경상북도 의성군 다인면,중상사고,0,1,0,0,차대차 - 정면충돌,직진우회전진행방해,건조,흐림,교차로 - 교차로안,화물,남,69세,상해없음,승용,여,62세,중상
2023050700100065,2023년 5월 7일 08시,일요일,경상북도 구미시 광평동,경상사고,0,0,1,0,차대차 - 측면충돌,안전거리미확보,건조,맑음,교차로 - 교차로부근,승용,여,54세,상해없음,승용,남,30세,경상
2023050700100083,2023년 5월 7일 09시,일요일,경상북도 군위군 의흥면,중상사고,0,1,0,0,차량단독 - 전도전복 - 전도,안전운전불이행,건조,맑음,단일로 - 기타,사륜오토바이(ATV),여,79세,중상,,,,
2023050700100105,2023년 5월 7일 10시,일요일,경상북도 봉화군 물야면,중상사고,0,1,0,0,차대차 - 추돌,중앙선침범,건조,맑음,단일로 - 기타,화물,남,81세,상해없음,승용,여,66세,상해없음
2023050700100133,2023년 5월 7일 11시,일요일,경상북도 김천시 아포읍,경상사고,0,0,1,0,차대차 - 추돌,안전운전불이행,건조,맑음,기타 - 기타,승용,남,73세,상해없음,승용,여,39세,경상
2023050700100195,2023년 5월 7일 13시,일요일,경상북도 영덕군 축산면,중상사고,0,1,2,0,차대차 - 측면충돌,중앙선침범,젖음/습기,비,단일로 - 기타,화물,남,66세,상해없음,승용,남,50세,경상
2023050700100196,2023년 5월 7일 13시,일요일,경상북도 고령군 성산면,경상사고,0,0,1,0,차대차 - 추돌,안전운전불이행,건조,맑음,교차로 - 교차로안,승용,여,65세,상해없음,승용,여,61세,경상
2023050700100197,2023년 5월 7일 13시,일요일,경상북도 포항시 남구 대잠동,경상사고,0,0,1,0,차대차 - 측면충돌,안전거리미확보,젖음/습기,비,교차로 - 교차로안,승용,여,69세,상해없음,승용,남,25세,경상
2023050700100230,2023년 5월 7일 14시,일요일,경상북도 경주시 사정동,경상사고,0,0,4,0,차대차 - 추돌,안전운전불이행,젖음/습기,비,교차로 - 교차로부근,승용,남,44세,상해없음,승용,남,33세,경상
2023050700100256,2023년 5월 7일 15시,일요일,경상북도 영천시 화룡동,경상사고,0,0,2,0,차대차 - 측면충돌,안전운전불이행,건조,맑음,교차로 - 교차로안,승용,남,70세,상해없음,승용,남,46세,경상
2023050700100299,2023년 5월 7일 17시,일요일,경상북도 김천시 율곡동,경상사고,0,0,1,0,차대차 - 기타,신호위반,건조,맑음,교차로 - 교차로안,이륜,남,21세,상해없음,승용,남,63세,상해없음
2023050700100300,2023년 5월 7일 17시,일요일,경상북도 영천시 금호읍,경상사고,0,0,1,0,차대차 - 측면충돌,안전운전불이행,건조,맑음,교차로 - 교차로안,승용,남,75세,상해없음,승용,여,63세,경상
2023050700100357,2023년 5월 7일 19시,일요일,경상북도 영주시 영주동,경상사고,0,0,1,0,차대사람 - 횡단중,보행자보호의무위반,건조,맑음,단일로 - 기타,화물,남,69세,상해없음,보행자,남,57세,경상
2023050800100010,2023년 5월 8일 01시,월요일,경상북도 안동시 안기동,중상사고,0,1,0,0,차대사람 - 횡단중,안전운전불이행,건조,맑음,교차로 - 교차로부근,승용,여,59세,상해없음,보행자,남,54세,중상
2023050800100044,2023년 5월 8일 06시,월요일,경상북도 상주시 신봉동,중상사고,0,1,1,0,차대차 - 측면충돌,신호위반,젖음/습기,안개,교차로 - 교차로안,승용,남,23세,상해없음,화물,남,73세,경상
2023050800100074,2023년 5월 8일 07시,월요일,경상북도 포항시 북구 대흥동,경상사고,0,0,1,0,차대차 - 기타,안전운전불이행,건조,맑음,교차로 - 교차로부근,자전거,남,63세,경상,승용,남,23세,상해없음
2023050800100075,2023년 5월 8일 07시,월요일,경상북도 성주군 초전면,경상사고,0,0,2,0,차대차 - 측면충돌,안전운전불이행,기타,안개,단일로 - 기타,화물,남,63세,경상,건설기계,남,39세,경상
2023050800100076,2023년 5월 8일 07시,월요일,경상북도 구미시 옥계동,경상사고,0,0,1,0,차대차 - 측면충돌,안전거리미확보,건조,맑음,단일로 - 기타,승용,남,33세,상해없음,승합,남,51세,경상
2023050800100115,2023년 5월 8일 08시,월요일,경상북도 상주시 서성동,경상사고,0,0,2,0,차대차 - 추돌,안전운전불이행,건조,맑음,교차로 - 교차로부근,승용,남,32세,상해없음,승용,남,30세,경상
2023050800100116,2023년 5월 8일 08시,월요일,경상북도 포항시 남구 지곡동,경상사고,0,0,2,0,차대차 - 측면충돌,안전운전불이행,건조,맑음,교차로 - 교차로안,승용,남,37세,경상,승용,남,38세,경상
2023050800100117,2023년 5월 8일 08시,월요일,경상북도 포항시 남구 이동,경상사고,0,0,2,0,차대차 - 기타,안전운전불이행,건조,맑음,단일로 - 고가도로위,승용,여,23세,상해없음,승용,여,43세,경상
2023050800100158,2023년 5월 8일 09시,월요일,경상북도 문경시 흥덕동,경상사고,0,0,1,0,차대사람 - 기타,안전운전불이행,건조,맑음,주차장 - 주차장,승용,여,63세,상해없음,보행자,여,58세,경상
2023050800100159,2023년 5월 8일 09시,월요일,경상북도 구미시 구포동,중상사고,0,2,2,0,차대차 - 추돌,안전운전불이행,건조,맑음,단일로 - 터널,승용,남,44세,중상,화물,남,47세,경상
2023050800100196,2023년 5월 8일 10시,월요일,경상북도 경주시 황성동,부상신고사고,0,0,0,1,차대차 - 기타,신호위반,건조,맑음,교차로 - 교차로안,자전거,남,88세,부상신고,승용,여,34세,상해없음
2023050800100197,2023년 5월 8일 10시,월요일,경상북도 상주시 서문동,중상사고,0,1,0,0,차대차 - 측면충돌,안전운전불이행,건조,맑음,교차로 - 교차로안,승용,여,42세,상해없음,자전거,여,51세,중상
2023050800100198,2023년 5월 8일 10시,월요일,경상북도 예천군 용문면,중상사고,0,1,0,0,차대차 - 측면충돌,안전운전불이행,건조,맑음,교차로 - 교차로안,승용,남,72세,상해없음,이륜,남,22세,중상
2023050800100199,2023년 5월 8일 10시,월요일,경상북도 포항시 남구 송내동,중상사고,0,1,0,0,차대차 - 측면충돌,안전운전불이행,건조,맑음,단일로 - 기타,승용,남,68세,상해없음,승용,여,47세,중상
2023050800100236,2023년 5월 8일 11시,월요일,경상북도 경주시 성건동,부상신고사고,0,0,0,1,차대사람 - 횡단중,안전운전불이행,건조,맑음,교차로 - 교차로부근,승용,남,49세,기타불명,보행자,여,69세,부상신고
2023050800100237,2023년 5월 8일 11시,월요일,경상북도 포항시 북구 장성동,경상사고,0,0,2,0,차대차 - 측면충돌,교차로운행방법위반,건조,맑음,교차로 - 교차로안,승용,남,63세,경상,승용,여,59세,경상
2023050800100238,2023년 5월 8일 11시,월요일,경상북도 경산시 조영동,경상사고,0,0,1,0,차대사람 - 기타,안전운전불이행,건조,맑음,단일로 - 기타,승용,여,46세,상해없음,보행자,여,19세,경상
2023050800100239,2023년 5월 8일 11시,월요일,경상북도 경산시 압량읍,경상사고,0,0,1,0,차대차 - 추돌,안전운전불이행,건조,맑음,단일로 - 기타,승용,남,65세,상해없음,승합,남,67세,경상
2023050800100308,2023년 5월 8일 13시,월요일,경상북도 경주시 안강읍,경상사고,0,0,1,0,차대사람 - 기타,안전운전불이행,건조,맑음,단일로 - 기타,승용,남,74세,상해없음,보행자,여,74세,경상
2023050800100309,2023년 5월 8일 13시,월요일,경상북도 포항시 북구 청하면,경상사고,0,0,2,1,차대차 - 측면충돌,안전운전불이행,건조,맑음,교차로 - 교차로안,화물,남,61세,상해없음,승용,남,64세,부상신고
2023050800100310,2023년 5월 8일 13시,월요일,경상북도 김천시 평화동,경상사고,0,0,1,0,차대차 - 추돌,안전운전불이행,건조,맑음,교차로 - 교차로부근,승용,여,63세,상해없음,승용,여,68세,경상
2023050800100353,2023년 5월 8일 14시,월요일,경상북도 의성군 의성읍,경상사고,0,0,1,0,차대사람 - 기타,안전운전불이행,건조,맑음,기타 - 기타,승용,여,55세,상해없음,보행자,여,75세,경상
2023050800100354,2023년 5월 8일 14시,월요일,경상북도 경산시 와촌면,중상사고,0,1,1,0,차대차 - 추돌,안전운전불이행,건조,맑음,단일로 - 기타,건설기계,남,62세,중상,화물,남,55세,경상
2023050800100355,2023년 5월 8일 14시,월요일,경상북도 청도군 화양읍,중상사고,0,1,0,0,차대차 - 측면충돌,차로위반,건조,맑음,교차로 - 교차로부근,승용,남,78세,상해없음,승용,남,39세,중상
2023050800100391,2023년 5월 8일 15시,월요일,경상북도 포항시 북구 죽도동,경상사고,0,0,1,0,차대차 - 측면충돌,안전운전불이행,건조,맑음,기타 - 기타,승용,여,55세,기타불명,승용,여,63세,경상
2023050800100392,2023년 5월 8일 15시,월요일,경상북도 군위군 소보면,경상사고,0,0,1,0,차대차 - 측면충돌,중앙선침범,건조,맑음,단일로 - 기타,승용,남,61세,기타불명,승용,여,73세,경상
2023050800100393,2023년 5월 8일 15시,월요일,경상북도 구미시 공단동,경상사고,0,0,1,0,차대차 - 기타,안전운전불이행,건조,맑음,교차로 - 교차로안,화물,남,68세,상해없음,승용,남,59세,경상
2023050800100394,2023년 5월 8일 15시,월요일,경상북도 포항시 남구 오천읍,경상사고,0,0,2,0,차대차 - 정면충돌,중앙선침범,건조,맑음,교차로 - 교차로부근,승용,남,58세,상해없음,승용,남,23세,경상
2023050800100438,2023년 5월 8일 16시,월요일,경상북도 영덕군 영해면,경상사고,0,0,1,1,차대차 - 측면충돌,교차로운행방법위반,건조,맑음,교차로 - 교차로안,화물,남,55세,부상신고,승용,여,43세,경상
2023050800100538,2023년 5월 8일 18시,월요일,경상북도 포항시 북구 죽도동,중상사고,0,1,0,0,차대사람 - 횡단중,안전운전불이행,건조,맑음,교차로 - 교차로안,원동기,여,26세,상해없음,보행자,여,62세,중상
2023050800100539,2023년 5월 8일 18시,월요일,경상북도 구미시 송정동,경상사고,0,0,3,1,차대차 - 측면충돌,신호위반,건조,맑음,교차로 - 교차로안,이륜,남,15세,부상신고,승용,남,58세,경상
2023050800100540,2023년 5월 8일 18시,월요일,경상북도 구미시 선산읍,경상사고,0,0,1,0,차대차 - 기타,교차로운행방법위반,건조,맑음,교차로 - 교차로안,승용,여,61세,상해없음,승용,여,28세,경상
2023050800100541,2023년 5월 8일 18시,월요일,경상북도 포항시 남구 오천읍,부상신고사고,0,0,0,1,차량단독 - 기타,안전운전불이행,건조,맑음,단일로 - 기타,이륜,남,49세,부상신고,,,,
2023050800100542,2023년 5월 8일 18시,월요일,경상북도 포항시 남구 대잠동,부상신고사고,0,0,0,1,차대차 - 추돌,안전운전불이행,건조,맑음,단일로 - 기타,승용,남,57세,상해없음,승용,여,65세,부상신고
2023050800100570,2023년 5월 8일 19시,월요일,경상북도 포항시 북구 창포동,경상사고,0,0,1,0,차대차 - 기타,안전운전불이행,건조,맑음,단일로 - 기타,승용,여,67세,상해없음,승용,남,35세,경상
2023050800100571,2023년 5월 8일 19시,월요일,경상북도 영천시 작산동,중상사고,0,1,0,0,차대차 - 측면충돌,안전운전불이행,건조,맑음,단일로 - 기타,이륜,남,76세,중상,특수,남,56세,상해없음
2023050800100599,2023년 5월 8일 20시,월요일,경상북도 칠곡군 가산면,경상사고,0,0,1,0,차대차 - 측면충돌,안전운전불이행,건조,맑음,단일로 - 기타,승용,여,52세,기타불명,승용,남,22세,경상
2023050800100600,2023년 5월 8일 20시,월요일,경상북도 경산시 진량읍,경상사고,0,0,1,0,차대차 - 측면충돌,안전운전불이행,건조,맑음,단일로 - 기타,승용,여,39세,상해없음,이륜,남,29세,경상
2023050800100628,2023년 5월 8일 21시,월요일,경상북도 영천시 청통면,경상사고,0,0,1,0,차대차 - 추돌,안전운전불이행,건조,맑음,단일로 - 기타,화물,남,40세,상해없음,승용,남,31세,경상
2023050800100667,2023년 5월 8일 23시,월요일,경상북도 포항시 남구 대잠동,중상사고,0,1,1,0,차대차 - 측면충돌,직진우회전진행방해,건조,맑음,교차로 - 교차로안,승용,남,59세,경상,승용,남,30세,중상
2023050900100009,2023년 5월 9일 00시,화요일,경상북도 포항시 북구 두호동,중상사고,0,1,0,0,차대차 - 기타,불법유턴,건조,맑음,단일로 - 기타,승용,남,25세,상해없음,이륜,남,57세,중상
2023050900100010,2023년 5월 9일 00시,화요일,경상북도 구미시 구평동,중상사고,0,1,0,0,차량단독 - 기타,안전운전불이행,건조,맑음,교차로 - 교차로부근,개인형이동수단(PM),여,33세,중상,,,,
2023050900100025,2023년 5월 9일 02시,화요일,경상북도 구미시 지산동,중상사고,0,1,0,0,차대차 - 추돌,안전운전불이행,건조,맑음,교차로 - 교차로부근,승용,남,41세,기타불명,승용,남,38세,중상
2023050900100036,2023년 5월 9일 04시,화요일,경상북도 군위군 효령면,경상사고,0,0,1,0,차량단독 - 전도전복 - 전도,안전운전불이행,건조,맑음,단일로 - 기타,이륜,남,21세,경상,,,,
2023050900100075,2023년 5월 9일 07시,화요일,경상북도 경주시 외동읍,중상사고,0,1,1,0,차대차 - 측면충돌,신호위반,건조,맑음,교차로 - 교차로안,승합,남,41세,상해없음,승용,남,39세,중상
2023050900100076,2023년 5월 9일 07시,화요일,경상북도 구미시 선기동,경상사고,0,0,1,0,차대차 - 측면충돌,신호위반,건조,맑음,교차로 - 교차로횡단보도내,승용,여,47세,상해없음,자전거,남,16세,경상
2023050900100077,2023년 5월 9일 07시,화요일,경상북도 포항시 남구 오천읍,경상사고,0,0,1,1,차대차 - 측면충돌,직진우회전진행방해,건조,맑음,교차로 - 교차로안,화물,남,53세,부상신고,화물,남,54세,경상
2023050900100103,2023년 5월 9일 08시,화요일,경상북도 포항시 북구 용흥동,중상사고,0,1,0,0,차대차 - 측면충돌,중앙선침범,건조,맑음,단일로 - 기타,승용,남,51세,상해없음,승용,여,20세,중상
2023050900100104,2023년 5월 9일 08시,화요일,경상북도 김천시 대덕면,경상사고,0,0,2,0,차대차 - 측면충돌,차로위반,건조,맑음,교차로 - 교차로부근,화물,남,68세,상해없음,화물,여,32세,경상
2023050900100105,2023년 5월 9일 08시,화요일,경상북도 포항시 남구 송내동,경상사고,0,0,1,0,차대차 - 측면충돌,교차로운행방법위반,건조,맑음,교차로 - 교차로안,화물,남,71세,상해없음,승용,남,26세,경상
2023050900100142,2023년 5월 9일 09시,화요일,경상북도 문경시 농암면,경상사고,0,0,1,0,차대차 - 측면충돌,중앙선침범,건조,맑음,교차로 - 교차로안,화물,남,61세,상해없음,승용,여,62세,경상
2023050900100143,2023년 5월 9일 09시,화요일,경상북도 청송군 청송읍,중상사고,0,1,0,0,차대사람 - 횡단중,안전운전불이행,건조,맑음,단일로 - 기타,승용,남,72세,상해없음,보행자,여,97세,중상
2023050900100144,2023년 5월 9일 09시,화요일,경상북도 구미시 사곡동,경상사고,0,0,3,0,차대차 - 측면충돌,교차로운행방법위반,건조,맑음,교차로 - 교차로안,승용,여,37세,경상,승용,남,48세,경상
2023050900100145,2023년 5월 9일 09시,화요일,경상북도 경산시 진량읍,경상사고,0,0,1,0,차대차 - 측면충돌,안전운전불이행,건조,맑음,단일로 - 기타,화물,남,56세,상해없음,승용,여,64세,경상
2023050900100177,2023년 5월 9일 10시,화요일,경상북도 경산시 하양읍,경상사고,0,0,1,0,차대차 - 추돌,안전거리미확보,건조,맑음,교차로 - 교차로안,승용,남,66세,상해없음,이륜,남,35세,경상
2023050900100178,2023년 5월 9일 10시,화요일,경상북도 고령군 다산면,중상사고,0,1,0,0,차대차 - 정면충돌,중앙선침범,건조,맑음,단일로 - 기타,승용,여,65세,중상,화물,남,46세,상해없음