사고번호,사고일시,요일,시군구,사고내용,사망자수,중상자수,경상자수,부상신고자수,사고유형,법규위반,노면상태,기상상태,도로형태,가해운전자 차종,가해운전자 성별,가해운전자 연령,가해운전자 상해정도,피해운전자 차종,피해운전자 성별,피해운전자 연령,피해운전자 상해정도
2023050900100214,2023년 5월 9일 11시,화요일,경상북도 경주시 건천읍,중상사고,0,1,0,0,차대차 - 추돌,안전운전불이행,건조,맑음,단일로 - 기타,화물,남,61세,상해없음,화물,남,62세,중상
2023050900100215,2023년 5월 9일 11시,화요일,경상북도 포항시 북구 죽도동,경상사고,0,0,1,0,차대사람 - 보도통행중,기타,건조,맑음,단일로 - 기타,자전거,여,66세,경상,보행자,여,51세,상해없음
2023050900100244,2023년 5월 9일 12시,화요일,경상북도 안동시 옥동,경상사고,0,0,2,0,차대차 - 측면충돌,안전거리미확보,건조,맑음,단일로 - 기타,승용,여,31세,경상,승용,남,85세,경상
2023050900100245,2023년 5월 9일 12시,화요일,경상북도 영주시 단산면,경상사고,0,0,1,0,차대차 - 기타,안전운전불이행,건조,맑음,교차로 - 교차로안,승용,남,41세,상해없음,이륜,남,53세,경상
2023050900100246,2023년 5월 9일 12시,화요일,경상북도 경산시 하양읍,경상사고,0,0,1,0,차대차 - 측면충돌,안전운전불이행,건조,맑음,교차로 - 교차로안,승용,여,61세,기타불명,승용,남,22세,경상
2023050900100247,2023년 5월 9일 12시,화요일,경상북도 청송군 청송읍,부상신고사고,0,0,0,1,차량단독 - 전도전복 - 전도,안전운전불이행,건조,맑음,단일로 - 기타,이륜,남,79세,부상신고,,,,
2023050900100271,2023년 5월 9일 13시,화요일,경상북도 김천시 양천동,중상사고,0,1,0,0,차대사람 - 차도통행중,안전운전불이행,건조,맑음,단일로 - 기타,승용,여,52세,상해없음,보행자,여,84세,중상
2023050900100272,2023년 5월 9일 13시,화요일,경상북도 칠곡군 가산면,경상사고,0,0,3,0,차대차 - 측면충돌,안전운전불이행,젖음/습기,비,단일로 - 기타,승용,남,56세,상해없음,승용,여,26세,경상
2023050900100312,2023년 5월 9일 14시,화요일,경상북도 포항시 남구 오천읍,부상신고사고,0,0,0,1,차대차 - 측면충돌,교차로운행방법위반,건조,맑음,교차로 - 교차로안,이륜,남,27세,부상신고,승용,남,73세,상해없음
2023050900100336,2023년 5월 9일 15시,화요일,경상북도 경산시 백천동,중상사고,0,1,1,0,차대차 - 측면충돌,안전운전불이행,건조,맑음,교차로 - 교차로부근,이륜,남,53세,중상,승용,남,61세,경상
2023050900100373,2023년 5월 9일 16시,화요일,경상북도 고령군 쌍림면,중상사고,0,1,1,0,차대사람 - 기타,중앙선침범,건조,맑음,단일로 - 기타,승용,남,42세,상해없음,보행자,남,30세,경상
2023050900100432,2023년 5월 9일 17시,화요일,경상북도 포항시 북구 덕산동,경상사고,0,0,1,0,차대차 - 기타,안전운전불이행,건조,맑음,단일로 - 기타,승용,남,58세,상해없음,승합,남,42세,경상
2023050900100433,2023년 5월 9일 17시,화요일,경상북도 안동시 풍산읍,경상사고,0,0,2,0,차대차 - 측면충돌,중앙선침범,건조,맑음,단일로 - 기타,화물,여,55세,경상,화물,남,47세,경상
2023050900100434,2023년 5월 9일 17시,화요일,경상북도 김천시 부곡동,사망사고,1,0,0,0,차대차 - 측면충돌,중앙선침범,건조,맑음,단일로 - 기타,이륜,남,78세,사망,승용,남,48세,상해없음
2023050900100435,2023년 5월 9일 17시,화요일,경상북도 영천시 조교동,경상사고,0,0,2,0,차대차 - 후진중충돌,안전운전불이행,건조,맑음,기타 - 기타,화물,남,62세,상해없음,승용,여,37세,경상
2023050900100475,2023년 5월 9일 18시,화요일,경상북도 포항시 북구 두호동,경상사고,0,0,2,0,차대차 - 기타,안전운전불이행,건조,맑음,교차로 - 교차로부근,승용,남,52세,경상,승용,남,26세,경상
2023050900100476,2023년 5월 9일 18시,화요일,경상북도 안동시 용상동,경상사고,0,0,1,0,차대차 - 측면충돌,안전운전불이행,건조,맑음,단일로 - 기타,승용,남,73세,상해없음,승용,남,39세,경상
2023050900100477,2023년 5월 9일 18시,화요일,경상북도 성주군 성주읍,경상사고,0,0,1,0,차대차 - 기타,신호위반,건조,맑음,교차로 - 교차로안,승용,여,53세,상해없음,이륜,남,48세,경상
2023050900100507,2023년 5월 9일 19시,화요일,경상북도 칠곡군 왜관읍,경상사고,0,0,1,0,차대차 - 측면충돌,기타,건조,맑음,단일로 - 기타,승용,남,48세,상해없음,자전거,남,62세,경상
2023051000100037,2023년 5월 10일 05시,수요일,경상북도 청도군 화양읍,중상사고,0,1,0,0,차대차 - 추돌,안전거리미확보,건조,맑음,단일로 - 터널,화물,남,47세,상해없음,승용,남,58세,중상
2023051000100047,2023년 5월 10일 06시,수요일,경상북도 상주시 낙양동,경상사고,0,0,6,0,차대차 - 측면충돌,교차로운행방법위반,건조,맑음,교차로 - 교차로안,승합,여,63세,상해없음,화물,남,67세,상해없음
2023051000100058,2023년 5월 10일 07시,수요일,경상북도 구미시 진평동,경상사고,0,0,1,0,차대차 - 추돌,안전운전불이행,건조,맑음,교차로 - 교차로부근,승용,남,35세,상해없음,승용,여,47세,경상
2023051000100110,2023년 5월 10일 08시,수요일,경상북도 경주시 안강읍,경상사고,0,0,1,0,차대차 - 후진중충돌,안전운전불이행,건조,맑음,주차장 - 주차장,승용,남,51세,상해없음,승용,여,45세,경상
2023051000100111,2023년 5월 10일 08시,수요일,경상북도 김천시 농소면,사망사고,1,0,0,0,차대차 - 측면충돌,중앙선침범,건조,맑음,교차로 - 교차로부근,건설기계,남,52세,상해없음,농기계,남,86세,사망
2023051000100112,2023년 5월 10일 08시,수요일,경상북도 의성군 다인면,중상사고,0,1,5,0,차대차 - 측면충돌,신호위반,건조,맑음,교차로 - 교차로안,승합,남,64세,상해없음,승용,남,29세,경상
2023051000100160,2023년 5월 10일 09시,수요일,경상북도 경주시 현곡면,경상사고,0,0,1,0,차대차 - 후진중충돌,안전운전불이행,건조,맑음,단일로 - 기타,승용,남,70세,기타불명,승용,여,38세,경상
2023051000100161,2023년 5월 10일 09시,수요일,경상북도 경주시 용강동,경상사고,0,0,1,0,차대차 - 측면충돌,안전운전불이행,건조,맑음,교차로 - 교차로부근,화물,남,76세,상해없음,승용,남,31세,경상
2023051000100163,2023년 5월 10일 09시,수요일,경상북도 포항시 남구 대도동,경상사고,0,0,1,0,차대차 - 정면충돌,중앙선침범,건조,맑음,단일로 - 기타,이륜,남,55세,기타불명,승용,여,81세,경상
2023051000100200,2023년 5월 10일 10시,수요일,경상북도 구미시 거의동,경상사고,0,0,1,0,차대차 - 측면충돌,교차로운행방법위반,건조,맑음,교차로 - 교차로안,승용,여,44세,상해없음,승용,남,51세,경상
2023051000100228,2023년 5월 10일 11시,수요일,경상북도 김천시 율곡동,경상사고,0,0,2,0,차대차 - 측면충돌,교차로운행방법위반,건조,맑음,교차로 - 교차로안,승용,여,65세,상해없음,승용,남,73세,경상
2023051000100264,2023년 5월 10일 12시,수요일,경상북도 안동시 태화동,경상사고,0,0,2,1,차대차 - 측면충돌,교차로운행방법위반,건조,맑음,교차로 - 교차로안,승용,여,49세,부상신고,승용,여,45세,경상
2023051000100265,2023년 5월 10일 12시,수요일,경상북도 군위군 의흥면,경상사고,0,0,3,0,차대차 - 측면충돌,직진우회전진행방해,건조,맑음,교차로 - 교차로안,화물,남,61세,경상,승용,남,66세,경상
2023051000100290,2023년 5월 10일 13시,수요일,경상북도 구미시 송정동,경상사고,0,0,1,0,차대차 - 후진중충돌,안전운전불이행,건조,맑음,주차장 - 주차장,승용,남,24세,상해없음,승용,여,42세,경상
2023051000100291,2023년 5월 10일 13시,수요일,경상북도 포항시 남구 연일읍,경상사고,0,0,4,0,차대차 - 추돌,안전운전불이행,건조,맑음,교차로 - 교차로부근,화물,남,60세,상해없음,승용,남,72세,경상
2023051000100328,2023년 5월 10일 14시,수요일,경상북도 경주시 진현동,경상사고,0,0,1,0,차대차 - 추돌,안전운전불이행,건조,맑음,교차로 - 교차로부근,화물,남,80세,상해없음,승용,남,61세,경상
2023051000100329,2023년 5월 10일 14시,수요일,경상북도 청도군 청도읍,경상사고,0,0,2,0,차대차 - 측면충돌,안전운전불이행,건조,맑음,교차로 - 교차로안,승용,남,44세,상해없음,화물,남,65세,경상
2023051000100369,2023년 5월 10일 15시,수요일,경상북도 경주시 성건동,경상사고,0,0,1,0,차대차 - 측면충돌,안전거리미확보,건조,맑음,교차로 - 교차로부근,승용,여,74세,상해없음,화물,남,50세,경상
2023051000100370,2023년 5월 10일 15시,수요일,경상북도 문경시 점촌동,중상사고,0,1,0,0,차대차 - 측면충돌,안전운전불이행,건조,맑음,교차로 - 교차로부근,승용,여,67세,상해없음,이륜,남,84세,중상
2023051000100412,2023년 5월 10일 16시,수요일,경상북도 포항시 남구 해도동,중상사고,0,1,0,0,차대차 - 측면충돌,안전운전불이행,건조,맑음,단일로 - 지하차도(도로)내,화물,남,71세,상해없음,승용,여,38세,기타불명
2023051000100469,2023년 5월 10일 17시,수요일,경상북도 경주시 신평동,경상사고,0,0,1,0,차량단독 - 전도전복 - 전도,안전운전불이행,건조,맑음,단일로 - 지하차도(도로)내,원동기,남,24세,경상,,,,
2023051000100470,2023년 5월 10일 17시,수요일,경상북도 김천시 평화동,중상사고,0,1,0,0,차대사람 - 차도통행중,안전운전불이행,건조,맑음,교차로 - 교차로안,승용,여,31세,상해없음,보행자,여,63세,중상
2023051000100471,2023년 5월 10일 17시,수요일,경상북도 상주시 무양동,경상사고,0,0,1,0,차대차 - 측면충돌,중앙선침범,건조,맑음,단일로 - 기타,화물,남,65세,상해없음,이륜,남,23세,경상
2023051000100472,2023년 5월 10일 17시,수요일,경상북도 성주군 성주읍,중상사고,0,1,0,0,차대차 - 기타,안전운전불이행,건조,맑음,단일로 - 기타,승용,여,42세,상해없음,자전거,여,71세,중상
2023051000100473,2023년 5월 10일 17시,수요일,경상북도 군위군 소보면,중상사고,0,1,1,0,차대차 - 정면충돌,중앙선침범,건조,맑음,단일로 - 기타,승용,여,57세,상해없음,승용,여,58세,경상
2023051000100474,2023년 5월 10일 17시,수요일,경상북도 구미시 공단동,부상신고사고,0,0,0,1,차대차 - 측면충돌,안전운전불이행,건조,맑음,교차로 - 교차로횡단보도내,자전거,남,18세,부상신고,승용,남,38세,상해없음
2023051000100513,2023년 5월 10일 18시,수요일,경상북도 포항시 북구 장성동,중상사고,0,1,1,2,차대차 - 측면충돌,안전운전불이행,건조,맑음,교차로 - 교차로안,승용,여,57세,중상,승용,남,68세,경상
2023051000100514,2023년 5월 10일 18시,수요일,경상북도 안동시 신안동,경상사고,0,0,1,0,차대차 - 측면충돌,중앙선침범,건조,맑음,단일로 - 기타,승용,남,30세,상해없음,승용,남,32세,경상
2023051000100515,2023년 5월 10일 18시,수요일,경상북도 구미시 송정동,경상사고,0,0,4,0,차대차 - 기타,안전거리미확보,건조,맑음,단일로 - 기타,승용,남,38세,상해없음,승합,남,63세,상해없음
2023051000100547,2023년 5월 10일 19시,수요일,경상북도 포항시 남구 오천읍,경상사고,0,0,1,0,차대차 - 기타,안전운전불이행,건조,맑음,단일로 - 고가도로위,승용,여,55세,상해없음,승합,남,54세,상해없음
2023051000100577,2023년 5월 10일 20시,수요일,경상북도 김천시 평화동,경상사고,0,0,1,0,차대사람 - 기타,안전운전불이행,건조,맑음,교차로 - 교차로안,승용,남,60세,상해없음,보행자,남,70세,경상
2023051000100578,2023년 5월 10일 20시,수요일,경상북도 상주시 화북면,경상사고,0,0,2,0,차대차 - 측면충돌,안전운전불이행,건조,맑음,단일로 - 기타,승용,남,19세,상해없음,화물,남,36세,경상
2023051000100606,2023년 5월 10일 21시,수요일,경상북도 구미시 사곡동,경상사고,0,0,1,0,차대차 - 기타,안전운전불이행,건조,맑음,교차로 - 교차로안,승용,여,42세,상해없음,이륜,남,59세,경상
2023051000100631,2023년 5월 10일 22시,수요일,경상북도 포항시 북구 장성동,경상사고,0,0,3,0,차대차 - 측면충돌,교차로운행방법위반,건조,맑음,교차로 - 교차로안,승용,남,53세,기타불명,승용,남,25세,경상
2023051100100023,2023년 5월 11일 02시,목요일,경상북도 포항시 남구 오천읍,경상사고,0,0,3,0,차대차 - 후진중충돌,안전운전불이행,건조,맑음,교차로 - 교차로안,승용,남,35세,상해없음,승용,남,30세,경상
2023051100100043,2023년 5월 11일 06시,목요일,경상북도 포항시 북구 기계면,중상사고,0,1,1,0,차대차 - 추돌,안전운전불이행,건조,맑음,단일로 - 기타,화물,남,26세,중상,화물,남,60세,경상
2023051100100072,2023년 5월 11일 07시,목요일,경상북도 경산시 진량읍,경상사고,0,0,4,0,차대차 - 정면충돌,중앙선침범,건조,맑음,단일로 - 기타,승용,남,24세,경상,승합,남,51세,경상
2023051100100073,2023년 5월 11일 07시,목요일,경상북도 성주군 선남면,경상사고,0,0,1,0,차대차 - 기타,안전운전불이행,건조,맑음,단일로 - 기타,화물,남,75세,상해없음,승용,여,59세,경상
2023051100100121,2023년 5월 11일 08시,목요일,경상북도 포항시 북구 흥해읍,중상사고,0,2,1,0,차대차 - 추돌,안전운전불이행,건조,맑음,단일로 - 기타,승용,남,63세,상해없음,승용,남,67세,중상
2023051100100122,2023년 5월 11일 08시,목요일,경상북도 포항시 북구 죽도동,경상사고,0,0,1,1,차대차 - 기타,안전운전불이행,건조,맑음,단일로 - 기타,승용,남,43세,부상신고,승용,여,32세,경상
2023051100100200,2023년 5월 11일 10시,목요일,경상북도 포항시 남구 오천읍,경상사고,0,0,1,0,차대차 - 측면충돌,차로위반,건조,맑음,단일로 - 기타,승합,남,53세,상해없음,승용,남,45세,경상
2023051100100258,2023년 5월 11일 12시,목요일,경상북도 경주시 조양동,중상사고,0,2,1,0,차량단독 - 공작물충돌,안전운전불이행,건조,맑음,단일로 - 기타,승용,남,23세,경상,,,,
2023051100100259,2023년 5월 11일 12시,목요일,경상북도 칠곡군 기산면,경상사고,0,0,1,0,차량단독 - 공작물충돌,안전운전불이행,건조,맑음,단일로 - 지하차도(도로)내,이륜,남,73세,경상,,,,
2023051100100289,2023년 5월 11일 13시,목요일,경상북도 상주시 신봉동,경상사고,0,0,1,0,차대차 - 추돌,안전운전불이행,건조,맑음,교차로 - 교차로안,승용,여,55세,상해없음,승용,여,30세,경상
2023051100100290,2023년 5월 11일 13시,목요일,경상북도 성주군 벽진면,중상사고,0,1,1,0,차대차 - 기타,직진우회전진행방해,건조,맑음,교차로 - 교차로안,이륜,남,84세,중상,승용,여,72세,경상
2023051100100323,2023년 5월 11일 14시,목요일,경상북도 영주시 풍기읍,경상사고,0,0,1,0,차대차 - 기타,교차로운행방법위반,건조,맑음,단일로 - 기타,승용,남,61세,상해없음,자전거,남,23세,경상
2023051100100324,2023년 5월 11일 14시,목요일,경상북도 포항시 남구 해도동,경상사고,0,0,1,0,차대차 - 정면충돌,안전운전불이행,건조,맑음,교차로 - 교차로안,승용,여,28세,기타불명,자전거,남,78세,경상
2023051100100349,2023년 5월 11일 15시,목요일,경상북도 상주시 외서면,사망사고,1,0,0,0,차대차 - 추돌,안전운전불이행,건조,맑음,단일로 - 기타,승용,남,33세,상해없음,화물,남,63세,사망
2023051100100350,2023년 5월 11일 15시,목요일,경상북도 구미시 송정동,경상사고,0,0,1,0,차대차 - 추돌,안전거리미확보,건조,맑음,단일로 - 기타,승용,여,46세,기타불명,승용,여,62세,경상
2023051100100390,2023년 5월 11일 16시,목요일,경상북도 김천시 남산동,경상사고,0,0,1,0,차대사람 - 횡단중,보행자보호의무위반,건조,맑음,교차로 - 교차로횡단보도내,승용,남,81세,상해없음,보행자,남,87세,경상
2023051100100391,2023년 5월 11일 16시,목요일,경상북도 구미시 송정동,경상사고,0,0,1,0,차대차 - 기타,안전운전불이행,건조,맑음,주차장 - 주차장,승용,남,65세,상해없음,승용,남,32세,경상
2023051100100435,2023년 5월 11일 17시,목요일,경상북도 경산시 하양읍,경상사고,0,0,1,0,차대사람 - 기타,안전운전불이행,건조,맑음,교차로 - 교차로부근,화물,여,68세,상해없음,보행자,남,46세,경상
2023051100100436,2023년 5월 11일 17시,목요일,경상북도 구미시 광평동,경상사고,0,0,1,0,차대차 - 측면충돌,신호위반,건조,맑음,단일로 - 기타,승용,여,31세,상해없음,승용,남,36세,경상
2023051100100437,2023년 5월 11일 17시,목요일,경상북도 구미시 봉곡동,경상사고,0,0,1,0,차대차 - 후진중충돌,안전운전불이행,건조,맑음,교차로 - 교차로안,승용,여,41세,기타불명,승합,남,33세,경상
2023051100100490,2023년 5월 11일 18시,목요일,경상북도 고령군 다산면,중상사고,0,1,1,0,차대차 - 추돌,안전거리미확보,건조,맑음,단일로 - 기타,승용,여,48세,상해없음,승용,남,28세,중상
2023051100100527,2023년 5월 11일 19시,목요일,경상북도 상주시 공성면,경상사고,0,0,3,0,차대차 - 측면충돌,불법유턴,건조,맑음,단일로 - 지하차도(도로)내,승용,여,57세,경상,승용,남,52세,경상
2023051100100565,2023년 5월 11일 20시,목요일,경상북도 포항시 북구 창포동,중상사고,0,1,0,0,차대사람 - 횡단중,신호위반,건조,맑음,교차로 - 교차로안,이륜,남,63세,상해없음,보행자,남,12세,중상
2023051100100566,2023년 5월 11일 20시,목요일,경상북도 영주시 영주동,경상사고,0,0,1,0,차대차 - 측면충돌,신호위반,건조,맑음,교차로 - 교차로부근,이륜,남,40세,상해없음,개인형이동수단(PM),남,17세,경상
2023051100100580,2023년 5월 11일 21시,목요일,경상북도 칠곡군 북삼읍,경상사고,0,0,1,0,차대차 - 측면충돌,안전운전불이행,건조,맑음,단일로 - 기타,승합,남,48세,상해없음,승용,여,47세,경상
2023051100100581,2023년 5월 11일 21시,목요일,경상북도 경산시 하양읍,경상사고,0,0,1,0,차대차 - 추돌,안전운전불이행,건조,맑음,단일로 - 기타,화물,남,28세,상해없음,승용,여,51세,경상
2023051100100582,2023년 5월 11일 21시,목요일,경상북도 청송군 청송읍,부상신고사고,0,0,0,1,차량단독 - 전도전복 - 전복,기타,건조,맑음,단일로 - 기타,승용,남,53세,부상신고,,,,
2023051100100599,2023년 5월 11일 22시,목요일,경상북도 안동시 옥동,경상사고,0,0,1,0,차대차 - 기타,신호위반,건조,맑음,교차로 - 교차로안,승용,여,44세,상해없음,승용,여,23세,경상
2023051100100600,2023년 5월 11일 22시,목요일,경상북도 포항시 남구 상도동,경상사고,0,0,1,0,차대사람 - 기타,안전운전불이행,건조,맑음,단일로 - 지하차도(도로)내,승합,남,57세,상해없음,보행자,여,18세,경상
2023051100100619,2023년 5월 11일 23시,목요일,경상북도 경산시 정평동,중상사고,0,1,0,0,차대차 - 정면충돌,직진우회전진행방해,건조,맑음,교차로 - 교차로안,승용,남,31세,상해없음,이륜,남,54세,중상
2023051200100067,2023년 5월 12일 07시,금요일,경상북도 경산시 하양읍,경상사고,0,0,4,0,차대차 - 측면충돌,안전운전불이행,건조,맑음,교차로 - 교차로안,화물,남,49세,상해없음,승용,남,22세,경상
2023051200100068,2023년 5월 12일 07시,금요일,경상북도 구미시 사곡동,경상사고,0,0,1,0,차대차 - 측면충돌,신호위반,건조,맑음,교차로 - 교차로부근,승용,여,33세,기타불명,승용,여,67세,경상
2023051200100106,2023년 5월 12일 08시,금요일,경상북도 경주시 현곡면,경상사고,0,0,1,0,차대차 - 추돌,안전운전불이행,건조,맑음,단일로 - 기타,승용,여,26세,상해없음,승용,여,27세,경상
2023051200100107,2023년 5월 12일 08시,금요일,경상북도 영천시 북안면,경상사고,0,0,1,0,차대차 - 측면충돌,안전운전불이행,건조,맑음,교차로 - 교차로안,승용,남,74세,상해없음,승용,여,52세,경상
2023051200100176,2023년 5월 12일 10시,금요일,경상북도 포항시 북구 용흥동,중상사고,0,1,0,0,차대차 - 기타,안전운전불이행,건조,맑음,교차로 - 교차로부근,자전거,남,78세,중상,승용,남,43세,상해없음
2023051200100177,2023년 5월 12일 10시,금요일,경상북도 영천시 완산동,경상사고,0,0,1,0,차대사람 - 차도통행중,안전운전불이행,건조,맑음,교차로 - 교차로부근,승용,남,62세,상해없음,보행자,여,54세,경상
2023051200100203,2023년 5월 12일 11시,금요일,경상북도 안동시 임하면,경상사고,0,0,3,0,차대차 - 정면충돌,중앙선침범,건조,맑음,단일로 - 기타,화물,남,26세,경상,화물,여,57세,경상
2023051200100204,2023년 5월 12일 11시,금요일,경상북도 상주시 공성면,경상사고,0,0,1,0,차량단독 - 도로외이탈 - 기타,안전운전불이행,건조,맑음,교차로 - 교차로부근,이륜,여,70세,경상,,,,
2023051200100205,2023년 5월 12일 11시,금요일,경상북도 의성군 의성읍,경상사고,0,0,1,0,차대차 - 측면충돌,직진우회전진행방해,건조,맑음,교차로 - 교차로안,자전거,여,73세,경상,승용,여,53세,상해없음
2023051200100206,2023년 5월 12일 11시,금요일,경상북도 봉화군 봉화읍,경상사고,0,0,2,0,차대차 - 정면충돌,안전운전불이행,건조,맑음,교차로 - 교차로안,승용,남,72세,상해없음,승용,남,80세,경상
2023051200100326,2023년 5월 12일 14시,금요일,경상북도 포항시 북구 용흥동,경상사고,0,0,1,0,차대차 - 측면충돌,안전운전불이행,건조,맑음,단일로 - 기타,승용,남,75세,상해없음,승용,남,27세,경상
2023051200100327,2023년 5월 12일 14시,금요일,경상북도 안동시 옥동,경상사고,0,0,1,0,차대차 - 기타,안전거리미확보,건조,맑음,단일로 - 기타,화물,남,56세,상해없음,승용,남,22세,경상
2023051200100328,2023년 5월 12일 14시,금요일,경상북도 칠곡군 석적읍,경상사고,0,0,1,0,차대차 - 측면충돌,안전운전불이행,건조,맑음,교차로 - 교차로안,이륜,남,46세,상해없음,승용,여,44세,경상
2023051200100329,2023년 5월 12일 14시,금요일,경상북도 군위군 군위읍,경상사고,0,0,2,0,차대차 - 측면충돌,안전운전불이행,건조,맑음,단일로 - 기타,승용,여,67세,상해없음,승용,남,68세,경상
2023051200100330,2023년 5월 12일 14시,금요일,경상북도 의성군 단밀면,경상사고,0,0,1,0,차대차 - 기타,안전운전불이행,건조,맑음,주차장 - 주차장,화물,남,57세,상해없음,승용,남,64세,경상
2023051200100395,2023년 5월 12일 16시,금요일,경상북도 포항시 북구 죽장면,중상사고,0,1,0,0,차대차 - 기타,안전운전불이행,건조,맑음,단일로 - 기타,이륜,남,59세,중상,화물,남,64세,기타불명
2023051200100396,2023년 5월 12일 16시,금요일,경상북도 영천시 완산동,경상사고,0,0,1,0,차대차 - 후진중충돌,안전운전불이행,건조,맑음,교차로 - 교차로부근,승용,남,41세,상해없음,승용,남,42세,경상
2023051200100397,2023년 5월 12일 16시,금요일,경상북도 구미시 송정동,경상사고,0,0,1,0,차대차 - 기타,안전운전불이행,건조,맑음,단일로 - 기타,승용,여,60세,상해없음,승용,남,28세,경상
2023051200100398,2023년 5월 12일 16시,금요일,경상북도 포항시 남구 장기면,경상사고,0,0,1,0,차대차 - 측면충돌,차로위반,건조,맑음,단일로 - 기타,화물,남,58세,상해없음,승용,남,31세,경상
2023051200100451,2023년 5월 12일 17시,금요일,경상북도 포항시 북구 창포동,경상사고,0,0,5,0,차대차 - 측면충돌,신호위반,건조,맑음,단일로 - 기타,승용,남,58세,경상,승용,여,48세,경상
2023051200100452,2023년 5월 12일 17시,금요일,경상북도 경산시 사동,중상사고,0,1,0,0,차대차 - 기타,안전운전불이행,건조,맑음,교차로 - 교차로안,기타불명,기타불명,미분류,기타불명,이륜,남,62세,중상
2023051200100453,2023년 5월 12일 17시,금요일,경상북도 구미시 비산동,중상사고,0,1,0,0,차대차 - 측면충돌,안전거리미확보,건조,맑음,교차로 - 교차로부근,승용,남,40세,상해없음,이륜,남,35세,중상
2023051200100500,2023년 5월 12일 18시,금요일,경상북도 포항시 북구 장성동,경상사고,0,0,3,0,차대차 - 측면충돌,교차로운행방법위반,건조,맑음,교차로 - 교차로안,승용,남,63세,상해없음,화물,남,66세,경상
2023051200100501,2023년 5월 12일 18시,금요일,경상북도 칠곡군 석적읍,경상사고,0,0,1,0,차대차 - 측면충돌,직진우회전진행방해,건조,맑음,교차로 - 교차로안,승용,남,37세,상해없음,승용,여,34세,경상
2023051200100502,2023년 5월 12일 18시,금요일,경상북도 영천시 금호읍,중상사고,0,1,0,0,차대차 - 측면충돌,안전운전불이행,건조,맑음,단일로 - 기타,이륜,남,66세,중상,승용,남,70세,상해없음
2023051200100541,2023년 5월 12일 19시,금요일,경상북도 포항시 북구 두호동,중상사고,0,1,0,0,차대차 - 측면충돌,안전운전불이행,건조,맑음,교차로 - 교차로안,원동기,남,42세,중상,승용,남,67세,상해없음
2023051200100542,2023년 5월 12일 19시,금요일,경상북도 포항시 북구 덕산동,부상신고사고,0,0,0,1,차대차 - 측면충돌,교차로운행방법위반,건조,맑음,교차로 - 교차로안,화물,남,55세,상해없음,이륜,남,49세,부상신고
2023051200100594,2023년 5월 12일 21시,금요일,경상북도 포항시 북구 동빈2가,중상사고,0,1,1,0,차대사람 - 길가장자리구역통행중,안전운전불이행,건조,맑음,단일로 - 기타,이륜,남,29세,중상,보행자,남,60세,경상
2023051200100622,2023년 5월 12일 22시,금요일,경상북도 김천시 삼락동,경상사고,0,0,1,0,차대차 - 후진중충돌,안전운전불이행,건조,맑음,주차장 - 주차장,승용,남,71세,상해없음,승용,여,30세,경상
2023051200100650,2023년 5월 12일 23시,금요일,경상북도 상주시 남성동,경상사고,0,0,1,0,차대차 - 측면충돌,안전운전불이행,건조,맑음,교차로 - 교차로안,승용,여,31세,상해없음,자전거,남,57세,경상
2023051300100017,2023년 5월 13일 01시,토요일,경상북도 포항시 남구 동해면,중상사고,0,2,0,0,차량단독 - 공작물충돌,안전운전불이행,건조,맑음,교차로 - 교차로안,승용,남,63세,중상,,,,
2023051300100026,2023년 5월 13일 02시,토요일,경상북도 포항시 북구 죽도동,경상사고,0,0,2,0,차대차 - 기타,안전운전불이행,건조,맑음,단일로 - 기타,승용,남,50세,기타불명,승용,남,41세,경상
2023051300100027,2023년 5월 13일 02시,토요일,경상북도 구미시 봉곡동,경상사고,0,0,1,0,차대차 - 추돌,안전운전불이행,건조,흐림,교차로 - 교차로부근,승용,남,32세,상해없음,승용,남,41세,경상
2023051300100099,2023년 5월 13일 08시,토요일,경상북도 포항시 북구 흥해읍,경상사고,0,0,1,0,차대사람 - 기타,안전운전불이행,건조,맑음,기타 - 기타,승용,남,73세,상해없음,보행자,여,74세,경상
2023051300100100,2023년 5월 13일 08시,토요일,경상북도 영덕군 남정면,경상사고,0,0,4,0,차대차 - 측면충돌,안전운전불이행,건조,맑음,단일로 - 기타,건설기계,남,37세,상해없음,승용,남,69세,경상
2023051300100101,2023년 5월 13일 08시,토요일,경상북도 구미시 임은동,경상사고,0,0,1,0,차대차 - 측면충돌,안전거리미확보,건조,맑음,교차로 - 교차로부근,승용,여,59세,상해없음,승용,남,50세,경상
2023051300100123,2023년 5월 13일 09시,토요일,경상북도 포항시 북구 두호동,부상신고사고,0,0,0,1,차대차 - 정면충돌,안전운전불이행,건조,맑음,단일로 - 기타,자전거,남,43세,부상신고,자전거,남,48세,상해없음
2023051300100124,2023년 5월 13일 09시,토요일,경상북도 경산시 압량읍,중상사고,0,1,0,0,차대차 - 추돌,안전거리미확보,건조,맑음,단일로 - 기타,이륜,남,46세,중상,승용,남,29세,상해없음
2023051300100196,2023년 5월 13일 11시,토요일,경상북도 포항시 남구 일월동,경상사고,0,0,3,0,차대차 - 기타,안전운전불이행,건조,맑음,단일로 - 기타,승용,여,67세,기타불명,승합,남,56세,경상
2023051300100197,2023년 5월 13일 11시,토요일,경상북도 청송군 진보면,경상사고,0,0,4,0,차대차 - 추돌,기타,건조,맑음,단일로 - 기타,승용,남,29세,상해없음,승합,남,38세,경상