사고번호,사고일시,요일,시군구,사고내용,사망자수,중상자수,경상자수,부상신고자수,사고유형,법규위반,노면상태,기상상태,도로형태,가해운전자 차종,가해운전자 성별,가해운전자 연령,가해운전자 상해정도,피해운전자 차종,피해운전자 성별,피해운전자 연령,피해운전자 상해정도
2023051300100235,2023년 5월 13일 12시,토요일,경상북도 포항시 북구 양덕동,경상사고,0,0,2,0,차대차 - 기타,안전운전불이행,건조,맑음,교차로 - 교차로안,승용,남,42세,경상,자전거,남,11세,경상
2023051300100274,2023년 5월 13일 13시,토요일,경상북도 경주시 신평동,중상사고,0,1,0,0,차대차 - 기타,안전운전불이행,건조,맑음,교차로 - 교차로부근,승용,여,27세,상해없음,승용,남,49세,중상
2023051300100328,2023년 5월 13일 14시,토요일,경상북도 상주시 남성동,경상사고,0,0,1,0,차대차 - 측면충돌,안전운전불이행,건조,맑음,단일로 - 기타,승용,여,47세,상해없음,자전거,남,51세,경상
2023051300100329,2023년 5월 13일 14시,토요일,경상북도 경산시 조영동,중상사고,0,1,0,0,차대사람 - 횡단중,안전운전불이행,건조,맑음,교차로 - 교차로부근,이륜,남,23세,상해없음,보행자,여,65세,중상
2023051300100366,2023년 5월 13일 15시,토요일,경상북도 상주시 모동면,경상사고,0,0,1,0,차대사람 - 차도통행중,안전운전불이행,건조,맑음,단일로 - 기타,화물,여,47세,상해없음,보행자,여,81세,경상
2023051300100367,2023년 5월 13일 15시,토요일,경상북도 문경시 농암면,경상사고,0,0,1,0,차대차 - 측면충돌,중앙선침범,건조,맑음,교차로 - 교차로부근,승용,남,66세,상해없음,이륜,남,22세,경상
2023051300100368,2023년 5월 13일 15시,토요일,경상북도 성주군 초전면,중상사고,0,2,2,0,차대차 - 정면충돌,중앙선침범,건조,맑음,단일로 - 기타,승용,여,56세,중상,승용,남,41세,경상
2023051300100390,2023년 5월 13일 16시,토요일,경상북도 상주시 함창읍,경상사고,0,0,1,0,차대차 - 측면충돌,교차로운행방법위반,건조,맑음,교차로 - 교차로안,승용,남,82세,상해없음,자전거,남,80세,경상
2023051300100391,2023년 5월 13일 16시,토요일,경상북도 울진군 후포면,중상사고,0,1,0,0,차대차 - 측면충돌,교차로운행방법위반,건조,맑음,단일로 - 기타,화물,남,46세,상해없음,이륜,남,56세,중상
2023051300100392,2023년 5월 13일 16시,토요일,경상북도 구미시 공단동,부상신고사고,0,0,0,1,차량단독 - 공작물충돌,안전운전불이행,건조,맑음,단일로 - 기타,원동기,남,38세,부상신고,,,,
2023051300100423,2023년 5월 13일 17시,토요일,경상북도 포항시 북구 양덕동,경상사고,0,0,2,0,차대차 - 측면충돌,안전운전불이행,건조,맑음,단일로 - 기타,이륜,남,47세,기타불명,승용,여,46세,경상
2023051300100424,2023년 5월 13일 17시,토요일,경상북도 안동시 옥야동,중상사고,0,1,0,0,차대차 - 기타,안전운전불이행,건조,맑음,교차로 - 교차로부근,승용,남,68세,상해없음,자전거,남,83세,중상
2023051300100425,2023년 5월 13일 17시,토요일,경상북도 김천시 덕곡동,경상사고,0,0,4,0,차대차 - 측면충돌,안전거리미확보,건조,맑음,단일로 - 기타,승용,남,53세,상해없음,승용,남,36세,경상
2023051300100426,2023년 5월 13일 17시,토요일,경상북도 구미시 오태동,중상사고,0,1,0,1,차대차 - 측면충돌,안전운전불이행,건조,맑음,단일로 - 기타,승용,남,30세,부상신고,승용,남,51세,기타불명
2023051300100427,2023년 5월 13일 17시,토요일,경상북도 구미시 산동읍,경상사고,0,0,1,0,차대차 - 측면충돌,안전운전불이행,건조,맑음,단일로 - 기타,화물,남,73세,상해없음,승용,여,71세,경상
2023051300100490,2023년 5월 13일 19시,토요일,경상북도 영천시 야사동,중상사고,0,1,0,0,차대차 - 측면충돌,중앙선침범,건조,맑음,교차로 - 교차로안,자전거,남,13세,중상,이륜,남,40세,상해없음
2023051300100539,2023년 5월 13일 21시,토요일,경상북도 상주시 낙양동,중상사고,0,1,0,0,차대차 - 측면충돌,안전운전불이행,건조,맑음,교차로 - 교차로부근,승용,남,40세,상해없음,이륜,남,30세,중상
2023051300100540,2023년 5월 13일 21시,토요일,경상북도 문경시 영신동,경상사고,0,0,1,0,차대사람 - 기타,안전운전불이행,건조,맑음,교차로 - 교차로부근,승용,여,57세,상해없음,보행자,여,37세,경상
2023051300100541,2023년 5월 13일 21시,토요일,경상북도 경산시 진량읍,중상사고,0,1,0,0,차대사람 - 횡단중,안전운전불이행,건조,맑음,단일로 - 기타,승용,남,62세,상해없음,보행자,남,50세,중상
2023051300100562,2023년 5월 13일 22시,토요일,경상북도 안동시 송현동,경상사고,0,0,3,0,차대차 - 기타,직진우회전진행방해,젖음/습기,맑음,교차로 - 교차로안,승용,여,20세,상해없음,승용,남,40세,경상
2023051300100581,2023년 5월 13일 23시,토요일,경상북도 포항시 북구 죽도동,경상사고,0,0,2,0,차대차 - 추돌,안전운전불이행,건조,맑음,교차로 - 교차로부근,화물,남,45세,상해없음,승용,남,75세,경상
2023051400100044,2023년 5월 14일 06시,일요일,경상북도 김천시 부곡동,경상사고,0,0,1,0,차대차 - 측면충돌,신호위반,건조,맑음,교차로 - 교차로안,이륜,남,15세,경상,승용,남,60세,상해없음
2023051400100093,2023년 5월 14일 10시,일요일,경상북도 경주시 안강읍,중상사고,0,1,0,0,차대사람 - 길가장자리구역통행중,안전운전불이행,건조,맑음,단일로 - 기타,화물,남,63세,상해없음,보행자,남,79세,중상
2023051400100094,2023년 5월 14일 10시,일요일,경상북도 경산시 하양읍,중상사고,0,1,0,0,차대사람 - 횡단중,안전운전불이행,건조,맑음,교차로 - 교차로안,화물,여,70세,상해없음,보행자,여,75세,중상
2023051400100095,2023년 5월 14일 10시,일요일,경상북도 포항시 남구 상도동,경상사고,0,0,5,0,차대차 - 측면충돌,신호위반,건조,맑음,교차로 - 교차로안,승용,여,38세,경상,승용,여,40세,경상
2023051400100113,2023년 5월 14일 11시,일요일,경상북도 경주시 탑동,경상사고,0,0,2,0,차대차 - 기타,안전운전불이행,건조,맑음,단일로 - 기타,이륜,남,43세,상해없음,승용,여,52세,경상
2023051400100142,2023년 5월 14일 12시,일요일,경상북도 안동시 풍천면,경상사고,0,0,1,0,차대차 - 측면충돌,신호위반,건조,맑음,교차로 - 교차로부근,승용,남,43세,상해없음,승용,남,42세,경상
2023051400100220,2023년 5월 14일 14시,일요일,경상북도 구미시 선산읍,경상사고,0,0,2,0,차대차 - 기타,안전운전불이행,건조,맑음,교차로 - 교차로안,승용,남,55세,상해없음,자전거,남,54세,경상
2023051400100256,2023년 5월 14일 15시,일요일,경상북도 경주시 내남면,중상사고,0,1,0,0,차량단독 - 공작물충돌,안전운전불이행,건조,맑음,단일로 - 지하차도(도로)내,승용,여,57세,중상,,,,
2023051400100257,2023년 5월 14일 15시,일요일,경상북도 경주시 안강읍,경상사고,0,0,4,0,차대차 - 추돌,안전운전불이행,건조,맑음,단일로 - 기타,화물,남,72세,상해없음,화물,남,32세,경상
2023051400100258,2023년 5월 14일 15시,일요일,경상북도 영천시 녹전동,경상사고,0,0,1,0,차대차 - 측면충돌,안전운전불이행,건조,맑음,단일로 - 기타,승용,남,81세,상해없음,승용,여,59세,경상
2023051400100259,2023년 5월 14일 15시,일요일,경상북도 경산시 유곡동,경상사고,0,0,2,1,차대차 - 추돌,안전거리미확보,건조,맑음,단일로 - 기타,승용,남,56세,부상신고,승용,여,49세,경상
2023051400100297,2023년 5월 14일 16시,일요일,경상북도 청도군 금천면,중상사고,0,3,0,0,차대차 - 추돌,안전운전불이행,건조,맑음,교차로 - 교차로부근,화물,남,69세,상해없음,승용,남,61세,중상
2023051400100298,2023년 5월 14일 16시,일요일,경상북도 청송군 주왕산면,부상신고사고,0,0,0,1,차대차 - 측면충돌,직진우회전진행방해,건조,맑음,교차로 - 교차로안,승용,남,66세,상해없음,승용,여,75세,부상신고
2023051400100333,2023년 5월 14일 17시,일요일,경상북도 문경시 흥덕동,경상사고,0,0,1,0,차대차 - 측면충돌,기타,건조,맑음,교차로 - 교차로안,승용,여,72세,상해없음,이륜,남,66세,경상
2023051400100356,2023년 5월 14일 18시,일요일,경상북도 영주시 부석면,경상사고,0,0,1,0,차대차 - 측면충돌,안전운전불이행,건조,맑음,단일로 - 기타,승합,남,61세,상해없음,농기계,남,41세,경상
2023051400100357,2023년 5월 14일 18시,일요일,경상북도 울진군 북면,부상신고사고,0,0,0,1,차대차 - 기타,안전운전불이행,건조,맑음,교차로 - 교차로부근,승용,남,34세,상해없음,자전거,남,63세,부상신고
2023051400100358,2023년 5월 14일 18시,일요일,경상북도 군위군 군위읍,경상사고,0,0,1,0,차량단독 - 도로외이탈 - 기타,안전운전불이행,건조,맑음,단일로 - 기타,이륜,남,63세,경상,,,,
2023051400100393,2023년 5월 14일 19시,일요일,경상북도 경주시 성건동,경상사고,0,0,1,0,차대차 - 기타,안전운전불이행,건조,맑음,교차로 - 교차로안,화물,남,57세,상해없음,자전거,남,75세,경상
2023051400100394,2023년 5월 14일 19시,일요일,경상북도 안동시 녹전면,부상신고사고,0,0,0,1,차대사람 - 기타,안전운전불이행,건조,맑음,교차로 - 교차로안,승용,남,32세,상해없음,보행자,여,76세,부상신고
2023051400100424,2023년 5월 14일 20시,일요일,경상북도 안동시 신안동,경상사고,0,0,1,0,차대차 - 추돌,안전운전불이행,건조,맑음,단일로 - 기타,승용,남,48세,상해없음,승용,남,50세,경상
2023051400100425,2023년 5월 14일 20시,일요일,경상북도 구미시 봉곡동,경상사고,0,0,1,0,차대차 - 후진중충돌,불법유턴,건조,맑음,단일로 - 기타,승용,남,34세,기타불명,자전거,여,57세,경상
2023051400100448,2023년 5월 14일 21시,일요일,경상북도 안동시 송천동,경상사고,0,0,1,0,차량단독 - 기타,안전운전불이행,건조,맑음,기타 - 기타,이륜,남,21세,경상,,,,
2023051400100449,2023년 5월 14일 21시,일요일,경상북도 구미시 거의동,중상사고,0,1,0,0,차량단독 - 공작물충돌,안전운전불이행,건조,맑음,단일로 - 기타,승용,남,24세,중상,,,,
2023051400100459,2023년 5월 14일 22시,일요일,경상북도 상주시 냉림동,경상사고,0,0,2,0,차대차 - 후진중충돌,안전운전불이행,건조,맑음,주차장 - 주차장,승용,남,51세,상해없음,승용,여,42세,경상
2023051400100460,2023년 5월 14일 22시,일요일,경상북도 청도군 금천면,중상사고,0,2,0,0,차대차 - 측면충돌,신호위반,건조,맑음,교차로 - 교차로안,화물,남,63세,상해없음,화물,남,35세,중상
2023051500100015,2023년 5월 15일 04시,월요일,경상북도 포항시 북구 죽도동,중상사고,0,1,0,0,차대사람 - 횡단중,보행자보호의무위반,건조,맑음,교차로 - 교차로횡단보도내,화물,남,68세,상해없음,보행자,여,64세,중상
2023051500100029,2023년 5월 15일 06시,월요일,경상북도 성주군 선남면,경상사고,0,0,3,0,차대차 - 측면충돌,안전운전불이행,건조,맑음,단일로 - 기타,승용,남,66세,경상,승용,여,46세,경상
2023051500100030,2023년 5월 15일 06시,월요일,경상북도 포항시 남구 인덕동,경상사고,0,0,1,0,차대차 - 기타,안전거리미확보,건조,맑음,교차로 - 교차로부근,승합,남,39세,상해없음,승용,남,64세,경상
2023051500100065,2023년 5월 15일 07시,월요일,경상북도 경주시 천북면,경상사고,0,0,4,0,차대차 - 추돌,안전운전불이행,건조,맑음,단일로 - 기타,승용,남,35세,상해없음,승합,남,69세,상해없음
2023051500100066,2023년 5월 15일 07시,월요일,경상북도 포항시 남구 지곡동,중상사고,0,1,0,0,차대사람 - 횡단중,보행자보호의무위반,건조,맑음,교차로 - 교차로횡단보도내,승용,남,64세,상해없음,보행자,남,14세,중상
2023051500100110,2023년 5월 15일 08시,월요일,경상북도 구미시 공단동,경상사고,0,0,2,0,차대차 - 기타,안전거리미확보,건조,맑음,교차로 - 교차로부근,승용,남,38세,상해없음,승용,여,29세,경상
2023051500100140,2023년 5월 15일 09시,월요일,경상북도 경산시 진량읍,경상사고,0,0,2,0,차대차 - 추돌,안전거리미확보,건조,맑음,교차로 - 교차로안,승용,남,59세,기타불명,승용,여,76세,경상
2023051500100141,2023년 5월 15일 09시,월요일,경상북도 구미시 지산동,중상사고,0,1,0,0,차대차 - 측면충돌,직진우회전진행방해,건조,맑음,교차로 - 교차로안,승용,여,48세,상해없음,농기계,남,84세,중상
2023051500100212,2023년 5월 15일 11시,월요일,경상북도 포항시 북구 송라면,경상사고,0,0,1,0,차대차 - 측면충돌,안전거리미확보,건조,맑음,교차로 - 교차로부근,화물,남,73세,상해없음,승용,남,63세,경상
2023051500100213,2023년 5월 15일 11시,월요일,경상북도 경산시 중산동,경상사고,0,0,1,0,차대차 - 추돌,안전운전불이행,건조,맑음,교차로 - 교차로부근,승용,여,48세,상해없음,승용,여,57세,경상
2023051500100214,2023년 5월 15일 11시,월요일,경상북도 구미시 도량동,경상사고,0,0,2,0,차대차 - 측면충돌,안전운전불이행,건조,맑음,교차로 - 교차로안,승용,남,42세,상해없음,승용,남,42세,경상
2023051500100315,2023년 5월 15일 14시,월요일,경상북도 포항시 북구 학산동,중상사고,0,1,0,0,차대사람 - 기타,안전운전불이행,건조,맑음,단일로 - 기타,승용,남,71세,상해없음,보행자,남,79세,중상
2023051500100316,2023년 5월 15일 14시,월요일,경상북도 포항시 북구 흥해읍,경상사고,0,0,1,0,차대사람 - 기타,안전운전불이행,건조,맑음,단일로 - 기타,승용,남,67세,상해없음,보행자,남,31세,경상
2023051500100317,2023년 5월 15일 14시,월요일,경상북도 구미시 오태동,경상사고,0,0,1,0,차대차 - 추돌,안전운전불이행,건조,맑음,교차로 - 교차로부근,화물,남,64세,상해없음,승용,남,26세,경상
2023051500100318,2023년 5월 15일 14시,월요일,경상북도 포항시 남구 인덕동,부상신고사고,0,0,0,4,차대차 - 측면충돌,기타,건조,맑음,교차로 - 교차로안,승용,여,32세,부상신고,화물,남,34세,부상신고
2023051500100352,2023년 5월 15일 15시,월요일,경상북도 청도군 풍각면,중상사고,0,1,0,0,차대차 - 측면충돌,중앙선침범,건조,맑음,단일로 - 기타,화물,남,61세,상해없음,화물,남,46세,중상
2023051500100387,2023년 5월 15일 16시,월요일,경상북도 경산시 사동,경상사고,0,0,2,0,차대차 - 추돌,안전운전불이행,건조,맑음,단일로 - 기타,승용,남,59세,상해없음,승용,남,52세,경상
2023051500100432,2023년 5월 15일 17시,월요일,경상북도 경산시 옥산동,경상사고,0,0,2,0,차대차 - 측면충돌,안전거리미확보,건조,맑음,교차로 - 교차로부근,승용,남,64세,상해없음,승용,남,27세,경상
2023051500100479,2023년 5월 15일 18시,월요일,경상북도 경주시 성동동,경상사고,0,0,1,0,차대사람 - 기타,안전운전불이행,건조,맑음,기타 - 기타,이륜,남,19세,상해없음,보행자,남,21세,경상
2023051500100480,2023년 5월 15일 18시,월요일,경상북도 영주시 봉현면,중상사고,0,1,0,0,차량단독 - 도로외이탈 - 추락,안전운전불이행,건조,맑음,기타 - 기타,승용,여,57세,상해없음,,,,
2023051500100481,2023년 5월 15일 18시,월요일,경상북도 영천시 완산동,경상사고,0,0,3,0,차대차 - 측면충돌,신호위반,건조,맑음,교차로 - 교차로안,원동기,남,17세,경상,승용,여,65세,경상
2023051500100482,2023년 5월 15일 18시,월요일,경상북도 경산시 하양읍,경상사고,0,0,1,0,차대차 - 추돌,안전운전불이행,건조,맑음,교차로 - 교차로횡단보도내,승용,남,25세,상해없음,화물,남,53세,경상
2023051500100509,2023년 5월 15일 19시,월요일,경상북도 영양군 영양읍,중상사고,0,1,1,0,차대차 - 기타,직진우회전진행방해,건조,맑음,교차로 - 교차로안,승용,남,30세,기타불명,승용,남,66세,중상
2023051600100009,2023년 5월 16일 00시,화요일,경상북도 구미시 형곡동,사망사고,1,0,0,0,차대사람 - 횡단중,안전운전불이행,건조,맑음,단일로 - 기타,승용,남,24세,상해없음,보행자,남,35세,사망
2023051600100020,2023년 5월 16일 02시,화요일,경상북도 영천시 문외동,경상사고,0,0,1,0,차대차 - 추돌,안전운전불이행,건조,맑음,단일로 - 기타,승용,남,58세,상해없음,승용,남,44세,경상
2023051600100062,2023년 5월 16일 07시,화요일,경상북도 김천시 응명동,중상사고,0,1,1,0,차대차 - 추돌,안전운전불이행,건조,맑음,단일로 - 기타,승용,남,48세,상해없음,승용,남,41세,중상
2023051600100063,2023년 5월 16일 07시,화요일,경상북도 성주군 대가면,경상사고,0,0,1,0,차대차 - 기타,안전운전불이행,건조,맑음,단일로 - 기타,승용,남,19세,상해없음,화물,남,52세,경상
2023051600100064,2023년 5월 16일 07시,화요일,경상북도 구미시 황상동,중상사고,0,1,0,0,차대차 - 기타,안전운전불이행,건조,맑음,교차로 - 교차로횡단보도내,승용,남,46세,상해없음,자전거,남,38세,중상
2023051600100065,2023년 5월 16일 07시,화요일,경상북도 포항시 남구 괴동동,경상사고,0,0,1,0,차대차 - 정면충돌,안전거리미확보,건조,맑음,교차로 - 교차로부근,승용,남,53세,상해없음,승용,남,44세,경상
2023051600100066,2023년 5월 16일 07시,화요일,경상북도 청도군 청도읍,부상신고사고,0,0,0,3,차대차 - 기타,안전운전불이행,건조,맑음,단일로 - 기타,화물,남,64세,상해없음,승용,여,35세,부상신고
2023051600100102,2023년 5월 16일 08시,화요일,경상북도 영덕군 영해면,경상사고,0,0,2,0,차대차 - 측면충돌,직진우회전진행방해,건조,맑음,교차로 - 교차로안,승용,여,58세,경상,승용,여,46세,경상
2023051600100103,2023년 5월 16일 08시,화요일,경상북도 포항시 남구 장기면,중상사고,0,1,1,0,차대차 - 측면충돌,중앙선침범,건조,맑음,단일로 - 고가도로위,승용,여,52세,경상,화물,남,42세,상해없음
2023051600100140,2023년 5월 16일 09시,화요일,경상북도 안동시 운흥동,경상사고,0,0,1,0,차대차 - 기타,신호위반,건조,맑음,교차로 - 교차로부근,승용,남,74세,상해없음,자전거,남,60세,경상
2023051600100141,2023년 5월 16일 09시,화요일,경상북도 포항시 남구 해도동,부상신고사고,0,0,0,1,차대차 - 기타,안전운전불이행,건조,맑음,교차로 - 교차로부근,승용,여,39세,부상신고,승용,여,71세,상해없음
2023051600100183,2023년 5월 16일 10시,화요일,경상북도 포항시 북구 대흥동,경상사고,0,0,2,0,차대차 - 기타,안전운전불이행,건조,맑음,단일로 - 기타,승용,남,51세,상해없음,승용,여,49세,경상
2023051600100184,2023년 5월 16일 10시,화요일,경상북도 영주시 가흥동,중상사고,0,1,0,0,차대차 - 측면충돌,안전운전불이행,건조,맑음,단일로 - 기타,화물,남,62세,상해없음,자전거,남,77세,중상
2023051600100251,2023년 5월 16일 12시,화요일,경상북도 포항시 북구 장성동,경상사고,0,0,2,0,차대차 - 측면충돌,신호위반,건조,맑음,교차로 - 교차로안,승용,남,80세,상해없음,화물,남,67세,경상
2023051600100252,2023년 5월 16일 12시,화요일,경상북도 칠곡군 동명면,경상사고,0,0,1,0,차대사람 - 기타,안전운전불이행,건조,맑음,기타 - 기타,원동기,남,84세,상해없음,보행자,남,76세,경상
2023051600100253,2023년 5월 16일 12시,화요일,경상북도 문경시 모전동,중상사고,0,1,0,0,차대사람 - 횡단중,보행자보호의무위반,건조,맑음,교차로 - 교차로횡단보도내,승용,여,60세,상해없음,보행자,여,64세,중상
2023051600100291,2023년 5월 16일 13시,화요일,경상북도 경주시 양남면,중상사고,0,2,0,0,차대차 - 측면충돌,중앙선침범,건조,맑음,단일로 - 기타,승용,여,42세,상해없음,승용,남,63세,중상
2023051600100292,2023년 5월 16일 13시,화요일,경상북도 구미시 원평동,경상사고,0,0,1,0,차대차 - 측면충돌,교차로운행방법위반,건조,맑음,교차로 - 교차로안,승용,남,64세,상해없음,화물,남,58세,경상
2023051600100293,2023년 5월 16일 13시,화요일,경상북도 구미시 선산읍,중상사고,0,1,0,0,차대차 - 기타,안전운전불이행,건조,맑음,주차장 - 주차장,승용,남,63세,상해없음,승용,여,47세,중상
2023051600100329,2023년 5월 16일 14시,화요일,경상북도 경주시 석장동,경상사고,0,0,1,0,차대차 - 기타,직진우회전진행방해,건조,맑음,교차로 - 교차로안,승용,남,36세,상해없음,이륜,남,24세,경상
2023051600100330,2023년 5월 16일 14시,화요일,경상북도 울진군 후포면,경상사고,0,0,1,0,차대사람 - 길가장자리구역통행중,안전운전불이행,건조,맑음,단일로 - 기타,승용,여,59세,상해없음,보행자,남,58세,경상
2023051600100383,2023년 5월 16일 15시,화요일,경상북도 경주시 성동동,경상사고,0,0,1,0,차대차 - 측면충돌,안전운전불이행,건조,맑음,단일로 - 기타,승용,여,69세,상해없음,승용,남,63세,경상
2023051600100384,2023년 5월 16일 15시,화요일,경상북도 경주시 황성동,경상사고,0,0,2,0,차대차 - 측면충돌,직진우회전진행방해,건조,맑음,교차로 - 교차로안,이륜,남,55세,경상,승용,여,61세,경상
2023051600100386,2023년 5월 16일 15시,화요일,경상북도 상주시 남성동,경상사고,0,0,1,0,차대차 - 측면충돌,안전운전불이행,건조,맑음,단일로 - 기타,승용,여,45세,상해없음,자전거,남,85세,경상
2023051600100387,2023년 5월 16일 15시,화요일,경상북도 영덕군 강구면,경상사고,0,0,2,0,차대차 - 측면충돌,교차로운행방법위반,건조,맑음,교차로 - 교차로안,승용,여,41세,경상,화물,남,54세,경상
2023051600100388,2023년 5월 16일 15시,화요일,경상북도 청송군 현동면,부상신고사고,0,0,0,1,차대차 - 측면충돌,안전운전불이행,건조,맑음,단일로 - 기타,농기계,남,66세,부상신고,화물,남,51세,상해없음
2023051600100389,2023년 5월 16일 15시,화요일,경상북도 구미시 고아읍,사망사고,1,0,1,0,차대차 - 기타,중앙선침범,건조,맑음,단일로 - 기타,승용,남,76세,사망,화물,남,55세,경상
2023051600100390,2023년 5월 16일 15시,화요일,경상북도 포항시 남구 상도동,경상사고,0,0,1,0,차대차 - 추돌,안전운전불이행,건조,맑음,단일로 - 기타,화물,남,56세,상해없음,승용,남,29세,경상
2023051600100423,2023년 5월 16일 16시,화요일,경상북도 경주시 안강읍,경상사고,0,0,1,0,차대차 - 측면충돌,안전운전불이행,건조,맑음,교차로 - 교차로안,승용,남,73세,상해없음,승용,여,38세,경상
2023051600100424,2023년 5월 16일 16시,화요일,경상북도 경산시 압량읍,경상사고,0,0,1,0,차대차 - 기타,신호위반,건조,맑음,교차로 - 교차로안,승용,여,32세,상해없음,화물,남,44세,경상
2023051600100425,2023년 5월 16일 16시,화요일,경상북도 경산시 하양읍,중상사고,0,1,0,0,차대차 - 추돌,안전운전불이행,건조,맑음,단일로 - 기타,승용,남,32세,상해없음,자전거,여,52세,중상
2023051600100426,2023년 5월 16일 16시,화요일,경상북도 청송군 주왕산면,경상사고,0,0,5,0,차대차 - 측면충돌,안전운전불이행,건조,맑음,교차로 - 교차로부근,화물,남,54세,경상,승용,여,54세,경상
2023051600100488,2023년 5월 16일 17시,화요일,경상북도 칠곡군 북삼읍,중상사고,0,1,0,0,차대차 - 측면충돌,안전운전불이행,건조,맑음,단일로 - 기타,화물,남,56세,상해없음,이륜,남,40세,중상
2023051600100489,2023년 5월 16일 17시,화요일,경상북도 포항시 남구 대도동,경상사고,0,0,2,0,차대차 - 기타,안전운전불이행,건조,맑음,기타 - 기타,이륜,남,71세,경상,승용,남,49세,경상
2023051600100545,2023년 5월 16일 18시,화요일,경상북도 의성군 안계면,경상사고,0,0,1,0,차대차 - 측면충돌,신호위반,건조,맑음,교차로 - 교차로안,승용,여,40세,상해없음,승용,여,30세,경상
2023051600100578,2023년 5월 16일 19시,화요일,경상북도 포항시 북구 두호동,경상사고,0,0,1,0,차대차 - 측면충돌,차로위반,건조,맑음,단일로 - 기타,승용,여,53세,상해없음,승용,남,36세,경상
2023051600100579,2023년 5월 16일 19시,화요일,경상북도 포항시 남구 대잠동,경상사고,0,0,1,0,차대차 - 측면충돌,차로위반,건조,맑음,단일로 - 기타,승용,남,67세,상해없음,승용,남,58세,상해없음
2023051600100610,2023년 5월 16일 20시,화요일,경상북도 포항시 북구 기계면,경상사고,0,0,2,0,차대차 - 추돌,안전거리미확보,건조,맑음,단일로 - 기타,승용,남,56세,상해없음,화물,남,71세,경상
2023051600100611,2023년 5월 16일 20시,화요일,경상북도 경산시 대평동,부상신고사고,0,0,0,1,차대차 - 기타,안전운전불이행,건조,맑음,단일로 - 기타,자전거,남,39세,부상신고,승용,남,35세,상해없음
2023051600100612,2023년 5월 16일 20시,화요일,경상북도 포항시 남구 대송면,경상사고,0,0,1,0,차대차 - 측면충돌,교차로운행방법위반,건조,맑음,교차로 - 교차로안,승용,남,58세,상해없음,이륜,남,55세,경상
2023051600100640,2023년 5월 16일 21시,화요일,경상북도 구미시 형곡동,경상사고,0,0,1,0,차대차 - 기타,불법유턴,건조,맑음,교차로 - 교차로안,승용,남,51세,상해없음,이륜,남,26세,경상
2023051700100003,2023년 5월 17일 00시,수요일,경상북도 영천시 임고면,중상사고,0,1,1,0,차대차 - 정면충돌,신호위반,건조,맑음,교차로 - 교차로안,승용,남,55세,경상,승용,여,59세,중상
2023051700100026,2023년 5월 17일 04시,수요일,경상북도 울진군 매화면,사망사고,1,0,0,0,차대차 - 추돌,안전운전불이행,건조,맑음,단일로 - 기타,화물,남,56세,사망,건설기계,남,68세,상해없음
2023051700100049,2023년 5월 17일 06시,수요일,경상북도 경주시 황성동,중상사고,0,1,1,1,차량단독 - 전도전복 - 전도,안전운전불이행,건조,맑음,단일로 - 기타,이륜,남,15세,부상신고,,,,
2023051700100122,2023년 5월 17일 08시,수요일,경상북도 구미시 봉곡동,경상사고,0,0,1,0,차대차 - 측면충돌,신호위반,건조,맑음,교차로 - 교차로안,승용,여,46세,상해없음,이륜,남,39세,경상
2023051700100171,2023년 5월 17일 09시,수요일,경상북도 포항시 북구 우현동,경상사고,0,0,1,0,차대차 - 측면충돌,안전거리미확보,건조,맑음,기타 - 기타,승합,남,55세,상해없음,화물,남,40세,경상
2023051700100172,2023년 5월 17일 09시,수요일,경상북도 안동시 송현동,경상사고,0,0,1,0,차대차 - 기타,안전운전불이행,건조,맑음,교차로 - 교차로부근,화물,남,68세,상해없음,이륜,남,77세,경상
2023051700100173,2023년 5월 17일 09시,수요일,경상북도 성주군 성주읍,경상사고,0,0,1,0,차대사람 - 기타,안전운전불이행,건조,맑음,단일로 - 기타,승용,남,64세,상해없음,보행자,남,68세,경상
2023051700100174,2023년 5월 17일 09시,수요일,경상북도 구미시 사곡동,경상사고,0,0,1,0,차대차 - 측면충돌,직진우회전진행방해,건조,맑음,교차로 - 교차로안,승용,여,49세,상해없음,자전거,남,32세,경상
2023051700100175,2023년 5월 17일 09시,수요일,경상북도 구미시 원평동,경상사고,0,0,1,0,차대차 - 측면충돌,안전운전불이행,건조,맑음,주차장 - 주차장,개인형이동수단(PM),남,30세,경상,승용,여,31세,기타불명
2023051700100222,2023년 5월 17일 10시,수요일,경상북도 포항시 북구 죽도동,중상사고,0,1,0,0,차대사람 - 기타,안전운전불이행,건조,맑음,교차로 - 교차로횡단보도내,화물,남,44세,상해없음,보행자,남,24세,중상
2023051700100223,2023년 5월 17일 10시,수요일,경상북도 예천군 호명면,경상사고,0,0,1,0,차대차 - 측면충돌,안전운전불이행,건조,맑음,단일로 - 기타,승용,남,54세,상해없음,이륜,남,28세,경상
2023051700100259,2023년 5월 17일 11시,수요일,경상북도 포항시 북구 용흥동,중상사고,0,1,0,0,차대사람 - 차도통행중,안전운전불이행,건조,맑음,단일로 - 기타,화물,남,64세,상해없음,보행자,여,58세,중상