사고번호,사고일시,요일,시군구,사고내용,사망자수,중상자수,경상자수,부상신고자수,사고유형,법규위반,노면상태,기상상태,도로형태,가해운전자 차종,가해운전자 성별,가해운전자 연령,가해운전자 상해정도,피해운전자 차종,피해운전자 성별,피해운전자 연령,피해운전자 상해정도
2023051700100260,2023년 5월 17일 11시,수요일,경상북도 구미시 공단동,경상사고,0,0,1,0,차대차 - 측면충돌,불법유턴,건조,맑음,단일로 - 기타,화물,남,53세,상해없음,개인형이동수단(PM),여,25세,경상
2023051700100294,2023년 5월 17일 12시,수요일,경상북도 안동시 용상동,경상사고,0,0,1,0,차대차 - 기타,안전운전불이행,건조,맑음,기타 - 기타,승용,남,22세,상해없음,이륜,남,26세,경상
2023051700100295,2023년 5월 17일 12시,수요일,경상북도 포항시 남구 오천읍,경상사고,0,0,2,0,차대차 - 측면충돌,기타,건조,맑음,교차로 - 교차로안,화물,남,67세,경상,승용,여,40세,경상
2023051700100342,2023년 5월 17일 13시,수요일,경상북도 영주시 봉현면,경상사고,0,0,1,0,차대차 - 측면충돌,교차로운행방법위반,건조,맑음,교차로 - 교차로안,승용,여,34세,상해없음,승용,남,52세,경상
2023051700100384,2023년 5월 17일 14시,수요일,경상북도 청송군 안덕면,경상사고,0,0,1,0,차대사람 - 기타,안전운전불이행,건조,맑음,단일로 - 기타,승용,남,75세,상해없음,보행자,여,80세,경상
2023051700100431,2023년 5월 17일 15시,수요일,경상북도 안동시 와룡면,경상사고,0,0,1,0,차대차 - 정면충돌,안전운전불이행,건조,맑음,단일로 - 기타,화물,남,63세,경상,승용,남,53세,상해없음
2023051700100432,2023년 5월 17일 15시,수요일,경상북도 상주시 화서면,경상사고,0,0,1,0,차량단독 - 공작물충돌,안전운전불이행,건조,맑음,단일로 - 기타,이륜,남,64세,경상,,,,
2023051700100433,2023년 5월 17일 15시,수요일,경상북도 문경시 호계면,사망사고,1,0,0,0,차량단독 - 공작물충돌,안전운전불이행,건조,맑음,단일로 - 기타,화물,남,67세,사망,,,,
2023051700100434,2023년 5월 17일 15시,수요일,경상북도 성주군 성주읍,중상사고,0,1,1,0,차대차 - 측면충돌,안전운전불이행,건조,맑음,단일로 - 기타,승용,남,61세,상해없음,승용,남,74세,경상
2023051700100470,2023년 5월 17일 16시,수요일,경상북도 칠곡군 북삼읍,중상사고,0,1,0,0,차대사람 - 횡단중,안전운전불이행,건조,맑음,단일로 - 지하차도(도로)내,화물,남,62세,상해없음,보행자,남,4세,중상
2023051700100471,2023년 5월 17일 16시,수요일,경상북도 구미시 양호동,경상사고,0,0,1,0,차대차 - 측면충돌,안전거리미확보,건조,맑음,단일로 - 교량,승용,여,30세,상해없음,승용,남,55세,경상
2023051700100523,2023년 5월 17일 17시,수요일,경상북도 상주시 모서면,경상사고,0,0,1,0,차대차 - 후진중충돌,안전운전불이행,건조,맑음,교차로 - 교차로안,화물,남,59세,상해없음,화물,남,69세,경상
2023051700100524,2023년 5월 17일 17시,수요일,경상북도 구미시 지산동,중상사고,0,1,0,0,차대차 - 기타,안전거리미확보,건조,맑음,단일로 - 기타,승용,남,28세,상해없음,승합,남,72세,상해없음
2023051700100578,2023년 5월 17일 18시,수요일,경상북도 포항시 북구 기계면,경상사고,0,0,1,0,차대차 - 측면충돌,안전운전불이행,건조,맑음,단일로 - 기타,승용,남,63세,상해없음,이륜,남,65세,경상
2023051700100579,2023년 5월 17일 18시,수요일,경상북도 상주시 공검면,경상사고,0,0,1,0,차대차 - 기타,안전운전불이행,건조,맑음,단일로 - 기타,특수,남,60세,상해없음,승용,남,66세,경상
2023051700100618,2023년 5월 17일 19시,수요일,경상북도 성주군 초전면,중상사고,0,1,0,0,차대차 - 측면충돌,안전운전불이행,건조,맑음,교차로 - 교차로안,화물,남,66세,상해없음,이륜,남,72세,중상
2023051700100619,2023년 5월 17일 19시,수요일,경상북도 포항시 남구 청림동,중상사고,0,1,0,0,차대차 - 측면충돌,안전운전불이행,건조,맑음,교차로 - 교차로안,승용,남,43세,상해없음,이륜,남,43세,중상
2023051700100647,2023년 5월 17일 20시,수요일,경상북도 영천시 완산동,경상사고,0,0,1,0,차대사람 - 횡단중,안전운전불이행,건조,맑음,교차로 - 교차로부근,승용,남,71세,상해없음,보행자,남,66세,경상
2023051700100648,2023년 5월 17일 20시,수요일,경상북도 구미시 도량동,경상사고,0,0,2,0,차대차 - 기타,교차로운행방법위반,건조,맑음,단일로 - 기타,승용,남,54세,상해없음,승용,남,24세,경상
2023051700100671,2023년 5월 17일 21시,수요일,경상북도 문경시 점촌동,중상사고,0,1,0,0,차대사람 - 횡단중,안전운전불이행,건조,맑음,교차로 - 교차로부근,화물,남,48세,상해없음,보행자,여,86세,중상
2023051700100689,2023년 5월 17일 22시,수요일,경상북도 구미시 광평동,경상사고,0,0,1,0,차량단독 - 공작물충돌,안전운전불이행,건조,흐림,교차로 - 교차로부근,원동기,남,35세,경상,,,,
2023051700100690,2023년 5월 17일 22시,수요일,경상북도 포항시 남구 장흥동,중상사고,0,1,0,0,차대차 - 측면충돌,신호위반,건조,맑음,교차로 - 교차로안,승용,남,51세,기타불명,승용,여,29세,중상
2023051800100061,2023년 5월 18일 06시,목요일,경상북도 군위군 효령면,중상사고,0,1,0,0,차대차 - 측면충돌,신호위반,건조,맑음,교차로 - 교차로안,농기계,남,80세,중상,승용,남,69세,상해없음
2023051800100085,2023년 5월 18일 07시,목요일,경상북도 청도군 매전면,경상사고,0,0,2,0,차대차 - 기타,중앙선침범,건조,맑음,단일로 - 기타,승용,여,65세,상해없음,화물,남,71세,경상
2023051800100086,2023년 5월 18일 07시,목요일,경상북도 포항시 남구 송도동,사망사고,1,0,0,0,차대사람 - 기타,안전운전불이행,건조,흐림,단일로 - 기타,특수,남,57세,상해없음,보행자,남,82세,사망
2023051800100122,2023년 5월 18일 08시,목요일,경상북도 의성군 의성읍,경상사고,0,0,1,0,차대차 - 측면충돌,중앙선침범,건조,흐림,교차로 - 교차로부근,농기계,남,72세,상해없음,승용,여,43세,경상
2023051800100123,2023년 5월 18일 08시,목요일,경상북도 고령군 대가야읍,경상사고,0,0,1,0,차대사람 - 기타,안전운전불이행,건조,맑음,단일로 - 기타,승합,남,32세,상해없음,보행자,여,71세,경상
2023051800100124,2023년 5월 18일 08시,목요일,경상북도 구미시 옥계동,경상사고,0,0,1,0,차대차 - 정면충돌,중앙선침범,젖음/습기,비,단일로 - 기타,화물,남,39세,상해없음,승용,남,28세,경상
2023051800100170,2023년 5월 18일 09시,목요일,경상북도 경주시 동천동,중상사고,0,1,0,0,차대차 - 측면충돌,안전운전불이행,젖음/습기,비,교차로 - 교차로안,승용,남,49세,상해없음,승용,여,40세,중상
2023051800100171,2023년 5월 18일 09시,목요일,경상북도 상주시 청리면,중상사고,0,1,0,0,차대차 - 측면충돌,안전운전불이행,건조,맑음,단일로 - 기타,승용,여,39세,상해없음,기타불명,여,52세,중상
2023051800100172,2023년 5월 18일 09시,목요일,경상북도 영천시 오미동,경상사고,0,0,1,0,차대사람 - 길가장자리구역통행중,안전운전불이행,건조,맑음,단일로 - 기타,승합,남,66세,상해없음,보행자,남,73세,경상
2023051800100173,2023년 5월 18일 09시,목요일,경상북도 영천시 고경면,중상사고,0,1,0,0,차대차 - 기타,안전운전불이행,젖음/습기,맑음,교차로 - 교차로안,농기계,남,81세,중상,승용,여,49세,상해없음
2023051800100174,2023년 5월 18일 09시,목요일,경상북도 포항시 남구 효자동,경상사고,0,0,1,0,차대차 - 측면충돌,안전운전불이행,젖음/습기,비,단일로 - 기타,이륜,남,64세,경상,승용,남,28세,상해없음
2023051800100196,2023년 5월 18일 10시,목요일,경상북도 안동시 송현동,사망사고,1,0,0,0,차량단독 - 기타,안전운전불이행,건조,흐림,단일로 - 교량,승용,여,42세,사망,,,,
2023051800100225,2023년 5월 18일 11시,목요일,경상북도 안동시 길안면,중상사고,0,1,1,0,차대차 - 측면충돌,안전운전불이행,젖음/습기,비,단일로 - 기타,특수,남,38세,경상,승용,여,65세,중상
2023051800100255,2023년 5월 18일 12시,목요일,경상북도 의성군 봉양면,경상사고,0,0,6,0,차대차 - 추돌,안전운전불이행,젖음/습기,흐림,교차로 - 교차로부근,승용,남,30세,상해없음,화물,남,73세,경상
2023051800100256,2023년 5월 18일 12시,목요일,경상북도 영천시 망정동,중상사고,0,1,1,0,차대사람 - 횡단중,안전운전불이행,젖음/습기,비,단일로 - 기타,이륜,남,26세,경상,보행자,여,69세,중상
2023051800100289,2023년 5월 18일 13시,목요일,경상북도 경주시 황성동,중상사고,0,1,0,0,차대차 - 측면충돌,안전운전불이행,젖음/습기,흐림,교차로 - 교차로안,승용,남,41세,상해없음,자전거,남,91세,중상
2023051800100290,2023년 5월 18일 13시,목요일,경상북도 포항시 남구 대잠동,경상사고,0,0,3,0,차대차 - 기타,신호위반,젖음/습기,비,교차로 - 교차로안,승용,남,64세,상해없음,승용,남,50세,경상
2023051800100330,2023년 5월 18일 14시,목요일,경상북도 경주시 동천동,경상사고,0,0,1,0,차대사람 - 횡단중,보행자보호의무위반,건조,맑음,교차로 - 교차로안,승용,남,56세,상해없음,보행자,여,79세,경상
2023051800100331,2023년 5월 18일 14시,목요일,경상북도 문경시 흥덕동,중상사고,0,1,0,0,차대사람 - 차도통행중,안전운전불이행,건조,맑음,단일로 - 기타,승용,남,67세,상해없음,보행자,여,85세,중상
2023051800100332,2023년 5월 18일 14시,목요일,경상북도 포항시 남구 연일읍,경상사고,0,0,1,0,차대사람 - 차도통행중,안전운전불이행,젖음/습기,흐림,단일로 - 지하차도(도로)내,승용,남,71세,상해없음,보행자,남,12세,경상
2023051800100367,2023년 5월 18일 15시,목요일,경상북도 영주시 상망동,중상사고,0,1,0,0,차대차 - 측면충돌,교차로운행방법위반,건조,맑음,교차로 - 교차로안,자전거,남,72세,중상,승용,여,51세,상해없음
2023051800100405,2023년 5월 18일 16시,목요일,경상북도 경주시 황성동,경상사고,0,0,1,0,차대차 - 기타,안전운전불이행,젖음/습기,비,교차로 - 교차로안,승용,여,46세,상해없음,자전거,남,17세,경상
2023051800100406,2023년 5월 18일 16시,목요일,경상북도 포항시 북구 흥해읍,경상사고,0,0,1,0,차대차 - 측면충돌,신호위반,젖음/습기,비,교차로 - 교차로안,화물,남,68세,상해없음,승용,남,35세,경상
2023051800100453,2023년 5월 18일 17시,목요일,경상북도 영천시 임고면,중상사고,0,1,1,0,차대차 - 측면충돌,신호위반,건조,맑음,교차로 - 교차로안,화물,남,81세,경상,승용,남,49세,중상
2023051800100454,2023년 5월 18일 17시,목요일,경상북도 포항시 남구 오천읍,중상사고,0,1,0,0,차대차 - 측면충돌,직진우회전진행방해,젖음/습기,흐림,교차로 - 교차로안,화물,여,64세,상해없음,승용,남,28세,중상
2023051800100503,2023년 5월 18일 18시,목요일,경상북도 영천시 고경면,경상사고,0,0,3,0,차대차 - 측면충돌,안전운전불이행,건조,맑음,교차로 - 교차로안,승용,남,75세,경상,승용,남,60세,경상
2023051800100504,2023년 5월 18일 18시,목요일,경상북도 울진군 북면,경상사고,0,0,1,0,차대차 - 측면충돌,직진우회전진행방해,건조,맑음,교차로 - 교차로안,승용,남,42세,경상,승용,남,50세,상해없음
2023051800100505,2023년 5월 18일 18시,목요일,경상북도 포항시 남구 대잠동,경상사고,0,0,3,0,차대차 - 측면충돌,차로위반,젖음/습기,비,단일로 - 기타,승용,남,51세,상해없음,승용,남,23세,경상
2023051800100538,2023년 5월 18일 19시,목요일,경상북도 경주시 용강동,중상사고,0,1,0,0,차대사람 - 차도통행중,안전운전불이행,젖음/습기,비,교차로 - 교차로안,승용,남,30세,상해없음,보행자,여,83세,중상
2023051800100539,2023년 5월 18일 19시,목요일,경상북도 김천시 율곡동,중상사고,0,1,0,0,차대차 - 측면충돌,교차로운행방법위반,젖음/습기,비,교차로 - 교차로안,승용,남,44세,상해없음,이륜,남,21세,중상
2023051800100540,2023년 5월 18일 19시,목요일,경상북도 칠곡군 석적읍,경상사고,0,0,1,0,차대차 - 측면충돌,안전운전불이행,젖음/습기,비,교차로 - 교차로부근,승용,남,38세,상해없음,승용,여,35세,경상
2023051800100541,2023년 5월 18일 19시,목요일,경상북도 경산시 중산동,경상사고,0,0,1,0,차대사람 - 기타,안전운전불이행,기타,흐림,단일로 - 기타,승용,여,65세,상해없음,보행자,남,53세,경상
2023051800100565,2023년 5월 18일 20시,목요일,경상북도 구미시 부곡동,경상사고,0,0,2,0,차대차 - 기타,안전운전불이행,젖음/습기,비,교차로 - 교차로안,승용,남,59세,상해없음,승용,남,36세,경상
2023051800100566,2023년 5월 18일 20시,목요일,경상북도 포항시 남구 상도동,경상사고,0,0,2,0,차대차 - 추돌,안전운전불이행,젖음/습기,비,단일로 - 기타,승용,남,67세,상해없음,승용,여,47세,경상
2023051800100567,2023년 5월 18일 20시,목요일,경상북도 포항시 남구 해도동,경상사고,0,0,4,0,차대차 - 기타,안전운전불이행,젖음/습기,비,단일로 - 기타,승용,여,57세,상해없음,승용,남,40세,경상
2023051800100584,2023년 5월 18일 21시,목요일,경상북도 포항시 남구 상도동,경상사고,0,0,2,0,차대차 - 추돌,안전운전불이행,젖음/습기,비,교차로 - 교차로부근,승용,남,54세,상해없음,승용,남,28세,경상
2023051800100610,2023년 5월 18일 22시,목요일,경상북도 경주시 시래동,중상사고,0,1,1,0,차대사람 - 횡단중,안전운전불이행,젖음/습기,비,교차로 - 교차로부근,승용,남,57세,경상,보행자,여,68세,중상
2023051900100039,2023년 5월 19일 05시,금요일,경상북도 경주시 황성동,경상사고,0,0,1,1,차대차 - 측면충돌,신호위반,젖음/습기,비,교차로 - 교차로안,화물,남,41세,부상신고,승합,남,66세,경상
2023051900100084,2023년 5월 19일 07시,금요일,경상북도 경주시 동천동,경상사고,0,0,1,0,차대사람 - 차도통행중,안전운전불이행,건조,맑음,교차로 - 교차로안,승용,남,60세,상해없음,보행자,남,67세,경상
2023051900100169,2023년 5월 19일 09시,금요일,경상북도 포항시 북구 청하면,사망사고,1,0,0,0,차량단독 - 공작물충돌,안전운전불이행,젖음/습기,비,단일로 - 기타,승용,남,33세,사망,,,,
2023051900100170,2023년 5월 19일 09시,금요일,경상북도 군위군 군위읍,중상사고,0,1,0,0,차대사람 - 기타,안전운전불이행,건조,맑음,주차장 - 주차장,승용,남,68세,상해없음,보행자,여,73세,중상
2023051900100256,2023년 5월 19일 11시,금요일,경상북도 경주시 외동읍,경상사고,0,0,1,0,차대차 - 추돌,안전운전불이행,젖음/습기,비,교차로 - 교차로부근,건설기계,남,53세,상해없음,승용,남,38세,경상
2023051900100257,2023년 5월 19일 11시,금요일,경상북도 성주군 성주읍,부상신고사고,0,0,0,1,차량단독 - 공작물충돌,안전운전불이행,건조,맑음,단일로 - 기타,승용,남,52세,부상신고,,,,
2023051900100258,2023년 5월 19일 11시,금요일,경상북도 구미시 고아읍,경상사고,0,0,1,0,차대차 - 측면충돌,안전운전불이행,건조,맑음,교차로 - 교차로안,화물,남,65세,상해없음,승용,남,68세,경상
2023051900100303,2023년 5월 19일 12시,금요일,경상북도 김천시 율곡동,경상사고,0,0,1,0,차대차 - 후진중충돌,중앙선침범,건조,맑음,교차로 - 교차로부근,승용,여,32세,상해없음,승용,남,37세,경상
2023051900100304,2023년 5월 19일 12시,금요일,경상북도 경산시 중산동,경상사고,0,0,1,0,차대사람 - 횡단중,신호위반,건조,맑음,단일로 - 기타,승용,여,42세,상해없음,보행자,남,6세,경상
2023051900100305,2023년 5월 19일 12시,금요일,경상북도 영덕군 영해면,중상사고,0,1,0,0,차대사람 - 기타,안전운전불이행,건조,맑음,단일로 - 기타,화물,남,69세,상해없음,보행자,여,87세,중상
2023051900100348,2023년 5월 19일 13시,금요일,경상북도 성주군 성주읍,경상사고,0,0,1,0,차대사람 - 기타,안전운전불이행,건조,맑음,교차로 - 교차로안,화물,남,59세,상해없음,보행자,남,42세,경상
2023051900100349,2023년 5월 19일 13시,금요일,경상북도 고령군 대가야읍,중상사고,0,1,0,0,차대차 - 정면충돌,중앙선침범,건조,맑음,교차로 - 교차로부근,승용,남,70세,상해없음,승합,여,62세,중상
2023051900100382,2023년 5월 19일 14시,금요일,경상북도 포항시 북구 죽도동,경상사고,0,0,1,0,차대차 - 기타,교차로운행방법위반,건조,맑음,단일로 - 기타,승용,남,67세,경상,승용,남,30세,상해없음
2023051900100383,2023년 5월 19일 14시,금요일,경상북도 의성군 봉양면,경상사고,0,0,1,0,차대차 - 추돌,안전운전불이행,건조,맑음,교차로 - 교차로부근,승용,여,58세,상해없음,승용,여,57세,경상
2023051900100384,2023년 5월 19일 14시,금요일,경상북도 칠곡군 동명면,중상사고,0,1,2,0,차대차 - 측면충돌,안전운전불이행,건조,맑음,기타 - 기타,화물,남,66세,상해없음,승용,남,22세,중상
2023051900100462,2023년 5월 19일 16시,금요일,경상북도 영천시 망정동,부상신고사고,0,0,0,1,차대사람 - 횡단중,안전운전불이행,건조,맑음,단일로 - 기타,승용,여,43세,상해없음,보행자,남,9세,부상신고
2023051900100511,2023년 5월 19일 17시,금요일,경상북도 포항시 북구 학산동,경상사고,0,0,1,0,차대사람 - 보도통행중,보행자보호의무위반,건조,맑음,교차로 - 교차로안,승용,남,38세,상해없음,보행자,여,16세,경상
2023051900100512,2023년 5월 19일 17시,금요일,경상북도 김천시 아포읍,경상사고,0,0,1,0,차대차 - 정면충돌,중앙선침범,건조,맑음,단일로 - 기타,승용,남,60세,기타불명,승용,여,42세,경상
2023051900100513,2023년 5월 19일 17시,금요일,경상북도 영주시 풍기읍,중상사고,0,1,0,0,차대차 - 측면충돌,신호위반,건조,맑음,교차로 - 교차로안,이륜,여,71세,중상,화물,남,54세,상해없음
2023051900100514,2023년 5월 19일 17시,금요일,경상북도 청도군 이서면,중상사고,0,1,0,0,차대차 - 측면충돌,안전운전불이행,건조,맑음,단일로 - 기타,승합,여,67세,상해없음,이륜,여,70세,중상
2023051900100515,2023년 5월 19일 17시,금요일,경상북도 구미시 인의동,중상사고,0,1,0,0,차대차 - 기타,교차로운행방법위반,건조,맑음,교차로 - 교차로안,이륜,남,41세,중상,승용,남,54세,상해없음
2023051900100568,2023년 5월 19일 18시,금요일,경상북도 경주시 용강동,경상사고,0,0,2,0,차대차 - 추돌,안전거리미확보,건조,맑음,교차로 - 교차로부근,특수,남,64세,상해없음,승용,남,25세,경상
2023051900100569,2023년 5월 19일 18시,금요일,경상북도 경산시 하양읍,경상사고,0,0,1,0,차대사람 - 기타,안전운전불이행,건조,맑음,단일로 - 기타,승용,남,22세,상해없음,보행자,남,22세,경상
2023051900100570,2023년 5월 19일 18시,금요일,경상북도 구미시 형곡동,경상사고,0,0,1,0,차대사람 - 길가장자리구역통행중,안전운전불이행,건조,맑음,단일로 - 기타,승용,남,39세,상해없음,보행자,남,79세,경상
2023051900100571,2023년 5월 19일 18시,금요일,경상북도 포항시 남구 연일읍,경상사고,0,0,1,0,차대차 - 기타,안전운전불이행,건조,맑음,교차로 - 교차로안,승용,남,24세,상해없음,승용,여,40세,경상
2023051900100647,2023년 5월 19일 20시,금요일,경상북도 경산시 백천동,경상사고,0,0,1,0,차대사람 - 횡단중,보행자보호의무위반,건조,맑음,단일로 - 기타,승용,남,47세,기타불명,보행자,여,53세,경상
2023051900100648,2023년 5월 19일 20시,금요일,경상북도 영덕군 남정면,경상사고,0,0,3,0,차대차 - 추돌,안전거리미확보,건조,맑음,단일로 - 기타,특수,남,40세,상해없음,승용,남,69세,경상
2023051900100672,2023년 5월 19일 21시,금요일,경상북도 상주시 낙양동,경상사고,0,0,1,0,차대차 - 측면충돌,안전거리미확보,건조,맑음,단일로 - 기타,승용,여,24세,상해없음,승용,여,51세,경상
2023051900100673,2023년 5월 19일 21시,금요일,경상북도 구미시 선산읍,중상사고,0,1,0,0,차대차 - 측면충돌,안전운전불이행,건조,맑음,단일로 - 기타,승용,남,61세,상해없음,자전거,남,68세,중상
2023051900100674,2023년 5월 19일 21시,금요일,경상북도 구미시 산동읍,경상사고,0,0,1,0,차대사람 - 기타,안전운전불이행,건조,맑음,교차로 - 교차로안,승용,남,65세,상해없음,보행자,남,60세,경상
2023051900100730,2023년 5월 19일 23시,금요일,경상북도 포항시 북구 장성동,경상사고,0,0,1,0,차대사람 - 횡단중,안전운전불이행,건조,맑음,기타 - 기타,승용,남,41세,상해없음,보행자,여,40세,경상
2023052000100009,2023년 5월 20일 00시,토요일,경상북도 포항시 북구 득량동,중상사고,0,1,0,0,차량단독 - 기타,안전운전불이행,건조,맑음,단일로 - 기타,자전거,남,36세,중상,,,,
2023052000100049,2023년 5월 20일 04시,토요일,경상북도 포항시 북구 항구동,중상사고,0,1,0,0,차대차 - 측면충돌,안전거리미확보,건조,맑음,단일로 - 기타,승용,남,69세,상해없음,이륜,남,66세,중상
2023052000100067,2023년 5월 20일 06시,토요일,경상북도 울릉군 울릉읍,경상사고,0,0,1,0,차대사람 - 기타,안전운전불이행,건조,맑음,주차장 - 주차장,승합,남,60세,상해없음,보행자,여,55세,경상
2023052000100121,2023년 5월 20일 09시,토요일,경상북도 경주시 성건동,경상사고,0,0,2,0,차대차 - 추돌,안전거리미확보,건조,맑음,교차로 - 교차로부근,건설기계,남,49세,상해없음,승용,여,60세,경상
2023052000100122,2023년 5월 20일 09시,토요일,경상북도 안동시 안흥동,중상사고,0,1,0,0,차대사람 - 횡단중,안전운전불이행,건조,맑음,단일로 - 기타,승용,여,64세,상해없음,보행자,여,85세,중상
2023052000100165,2023년 5월 20일 10시,토요일,경상북도 포항시 북구 흥해읍,경상사고,0,0,1,0,차대차 - 기타,신호위반,건조,맑음,교차로 - 교차로안,승합,남,60세,상해없음,자전거,남,40세,경상
2023052000100166,2023년 5월 20일 10시,토요일,경상북도 칠곡군 동명면,경상사고,0,0,1,0,차대차 - 기타,안전운전불이행,건조,맑음,단일로 - 기타,승용,남,50세,상해없음,승용,여,38세,상해없음
2023052000100167,2023년 5월 20일 10시,토요일,경상북도 군위군 군위읍,부상신고사고,0,0,0,1,차대차 - 측면충돌,안전운전불이행,건조,맑음,단일로 - 기타,자전거,남,7세,부상신고,승용,여,29세,상해없음
2023052000100254,2023년 5월 20일 12시,토요일,경상북도 포항시 북구 장성동,중상사고,0,1,0,0,차대차 - 측면충돌,안전운전불이행,건조,맑음,교차로 - 교차로부근,승용,여,35세,상해없음,이륜,남,38세,중상
2023052000100255,2023년 5월 20일 12시,토요일,경상북도 포항시 북구 장성동,경상사고,0,0,3,0,차대차 - 후진중충돌,안전운전불이행,건조,맑음,단일로 - 기타,승용,남,61세,상해없음,승용,여,31세,경상
2023052000100256,2023년 5월 20일 12시,토요일,경상북도 포항시 북구 죽도동,경상사고,0,0,1,0,차대차 - 측면충돌,안전운전불이행,건조,맑음,교차로 - 교차로횡단보도내,승용,남,39세,상해없음,자전거,남,73세,경상
2023052000100257,2023년 5월 20일 12시,토요일,경상북도 영덕군 영덕읍,중상사고,0,1,1,0,차대차 - 측면충돌,직진우회전진행방해,건조,맑음,교차로 - 교차로안,승용,여,49세,상해없음,승용,남,65세,경상
2023052000100305,2023년 5월 20일 13시,토요일,경상북도 군위군 의흥면,중상사고,0,1,1,0,차대사람 - 기타,안전운전불이행,건조,맑음,단일로 - 기타,승용,남,54세,상해없음,보행자,여,80세,중상
2023052000100348,2023년 5월 20일 14시,토요일,경상북도 경주시 조양동,중상사고,0,2,0,1,차대차 - 추돌,안전운전불이행,건조,맑음,단일로 - 기타,승합,남,45세,부상신고,승용,남,54세,중상
2023052000100349,2023년 5월 20일 14시,토요일,경상북도 의성군 의성읍,경상사고,0,0,1,0,차대차 - 측면충돌,직진우회전진행방해,건조,맑음,교차로 - 교차로안,승용,여,62세,상해없음,승용,여,41세,경상
2023052000100350,2023년 5월 20일 14시,토요일,경상북도 칠곡군 석적읍,중상사고,0,2,0,0,차대차 - 측면충돌,기타,건조,맑음,교차로 - 교차로안,화물,남,55세,상해없음,승용,여,58세,중상
2023052000100396,2023년 5월 20일 15시,토요일,경상북도 상주시 남성동,경상사고,0,0,1,0,차대차 - 기타,안전운전불이행,건조,맑음,교차로 - 교차로부근,이륜,여,56세,상해없음,자전거,여,57세,경상
2023052000100397,2023년 5월 20일 15시,토요일,경상북도 봉화군 소천면,중상사고,0,2,0,0,차대차 - 측면충돌,안전운전불이행,건조,맑음,단일로 - 기타,승용,남,67세,중상,화물,여,50세,중상
2023052000100398,2023년 5월 20일 15시,토요일,경상북도 봉화군 봉화읍,경상사고,0,0,1,0,차대차 - 기타,안전운전불이행,건조,맑음,단일로 - 기타,자전거,남,12세,경상,승용,여,55세,상해없음
2023052000100399,2023년 5월 20일 15시,토요일,경상북도 포항시 남구 오천읍,경상사고,0,0,1,0,차대차 - 기타,안전운전불이행,건조,맑음,단일로 - 기타,승합,남,52세,경상,승용,남,69세,상해없음
2023052000100437,2023년 5월 20일 16시,토요일,경상북도 경주시 외동읍,사망사고,1,0,0,0,차량단독 - 기타,안전운전불이행,건조,맑음,단일로 - 기타,이륜,남,34세,사망,,,,
2023052000100473,2023년 5월 20일 17시,토요일,경상북도 구미시 원평동,경상사고,0,0,1,0,차대사람 - 횡단중,보행자보호의무위반,건조,맑음,단일로 - 기타,승용,남,25세,상해없음,보행자,남,42세,경상
2023052000100474,2023년 5월 20일 17시,토요일,경상북도 구미시 봉곡동,경상사고,0,0,1,0,차대차 - 추돌,안전운전불이행,건조,맑음,단일로 - 기타,승용,남,48세,상해없음,승용,남,42세,경상
2023052000100496,2023년 5월 20일 18시,토요일,경상북도 영덕군 영덕읍,경상사고,0,0,2,1,차대차 - 측면충돌,안전운전불이행,건조,맑음,단일로 - 기타,화물,남,55세,상해없음,승용,남,53세,경상
2023052000100497,2023년 5월 20일 18시,토요일,경상북도 포항시 남구 오천읍,경상사고,0,0,1,2,차대차 - 정면충돌,신호위반,건조,맑음,교차로 - 교차로안,승용,남,53세,경상,승용,남,62세,부상신고
2023052000100526,2023년 5월 20일 19시,토요일,경상북도 경주시 안강읍,부상신고사고,0,0,0,1,차대사람 - 기타,중앙선침범,건조,맑음,교차로 - 교차로부근,승용,남,50세,상해없음,보행자,남,54세,부상신고
2023052000100560,2023년 5월 20일 20시,토요일,경상북도 경산시 중방동,경상사고,0,0,1,0,차대사람 - 기타,안전운전불이행,건조,맑음,단일로 - 기타,승용,남,26세,상해없음,보행자,남,37세,경상
2023052000100561,2023년 5월 20일 20시,토요일,경상북도 구미시 황상동,중상사고,0,1,0,0,차대사람 - 기타,안전운전불이행,건조,흐림,교차로 - 교차로부근,승용,남,57세,상해없음,보행자,남,70세,중상
2023052000100562,2023년 5월 20일 20시,토요일,경상북도 예천군 보문면,경상사고,0,0,1,0,차대차 - 추돌,안전운전불이행,건조,맑음,단일로 - 기타,화물,남,69세,상해없음,승용,남,61세,경상
2023052000100592,2023년 5월 20일 21시,토요일,경상북도 포항시 북구 죽도동,중상사고,0,1,0,0,차대차 - 추돌,안전운전불이행,건조,맑음,단일로 - 기타,이륜,남,34세,중상,승용,남,64세,상해없음
2023052000100593,2023년 5월 20일 21시,토요일,경상북도 구미시 공단동,경상사고,0,0,1,0,차대차 - 측면충돌,신호위반,건조,맑음,교차로 - 교차로안,승용,남,54세,상해없음,승용,여,34세,경상
2023052000100627,2023년 5월 20일 23시,토요일,경상북도 칠곡군 북삼읍,경상사고,0,0,1,0,차대차 - 측면충돌,교차로운행방법위반,건조,맑음,교차로 - 교차로부근,승용,남,49세,상해없음,승용,남,34세,경상
2023052100100043,2023년 5월 21일 05시,일요일,경상북도 경산시 임당동,경상사고,0,0,1,0,차대차 - 기타,안전운전불이행,건조,맑음,교차로 - 교차로안,이륜,남,36세,상해없음,이륜,남,16세,경상