사고번호,사고일시,요일,시군구,사고내용,사망자수,중상자수,경상자수,부상신고자수,사고유형,법규위반,노면상태,기상상태,도로형태,가해운전자 차종,가해운전자 성별,가해운전자 연령,가해운전자 상해정도,피해운전자 차종,피해운전자 성별,피해운전자 연령,피해운전자 상해정도
2023052500100014,2023년 5월 25일 01시,목요일,경상북도 경산시 압량읍,경상사고,0,0,1,0,차대차 - 측면충돌,안전운전불이행,건조,맑음,단일로 - 기타,승용,남,27세,상해없음,승용,남,48세,경상
2023052500100031,2023년 5월 25일 04시,목요일,경상북도 김천시 농소면,경상사고,0,0,1,0,차대차 - 측면충돌,안전운전불이행,건조,맑음,단일로 - 기타,화물,남,67세,상해없음,화물,남,35세,경상
2023052500100066,2023년 5월 25일 07시,목요일,경상북도 경주시 외동읍,경상사고,0,0,1,0,차대차 - 측면충돌,안전운전불이행,건조,맑음,교차로 - 교차로안,원동기,여,70세,경상,승용,남,40세,상해없음
2023052500100067,2023년 5월 25일 07시,목요일,경상북도 김천시 어모면,경상사고,0,0,2,0,차대차 - 측면충돌,교차로운행방법위반,건조,맑음,교차로 - 교차로안,승용,여,49세,경상,건설기계,남,60세,경상
2023052500100068,2023년 5월 25일 07시,목요일,경상북도 구미시 원평동,경상사고,0,0,1,0,차대차 - 추돌,안전운전불이행,건조,맑음,교차로 - 교차로안,승용,남,52세,상해없음,승용,여,28세,경상
2023052500100105,2023년 5월 25일 08시,목요일,경상북도 경주시 노서동,경상사고,0,0,1,0,차대차 - 측면충돌,안전운전불이행,건조,맑음,교차로 - 교차로안,승용,남,26세,상해없음,자전거,여,73세,경상
2023052500100148,2023년 5월 25일 09시,목요일,경상북도 상주시 공검면,경상사고,0,0,1,0,차대차 - 측면충돌,안전운전불이행,건조,맑음,단일로 - 기타,승용,여,72세,상해없음,사륜오토바이(ATV),여,70세,경상
2023052500100149,2023년 5월 25일 09시,목요일,경상북도 의성군 비안면,경상사고,0,0,3,0,차대차 - 후진중충돌,안전운전불이행,건조,맑음,주차장 - 주차장,화물,남,68세,상해없음,승용,여,62세,경상
2023052500100150,2023년 5월 25일 09시,목요일,경상북도 영주시 가흥동,중상사고,0,1,0,0,차대차 - 기타,안전운전불이행,건조,맑음,단일로 - 교량,이륜,남,47세,중상,승용,남,46세,상해없음
2023052500100151,2023년 5월 25일 09시,목요일,경상북도 경산시 대평동,경상사고,0,0,1,0,차대사람 - 길가장자리구역통행중,안전운전불이행,건조,맑음,기타 - 기타,자전거,남,75세,상해없음,보행자,남,80세,경상
2023052500100152,2023년 5월 25일 09시,목요일,경상북도 포항시 남구 상도동,경상사고,0,0,1,0,차대차 - 추돌,안전거리미확보,건조,맑음,단일로 - 기타,승합,남,57세,상해없음,승용,여,52세,경상
2023052500100153,2023년 5월 25일 09시,목요일,경상북도 포항시 남구 오천읍,경상사고,0,0,2,0,차대차 - 후진중충돌,안전운전불이행,건조,맑음,교차로 - 교차로부근,특수,남,62세,상해없음,승용,여,39세,경상
2023052500100154,2023년 5월 25일 09시,목요일,경상북도 포항시 남구 연일읍,중상사고,0,1,0,0,차대차 - 기타,신호위반,건조,맑음,교차로 - 교차로횡단보도내,승용,남,61세,상해없음,자전거,남,45세,중상
2023052500100185,2023년 5월 25일 10시,목요일,경상북도 김천시 아포읍,경상사고,0,0,1,0,차대차 - 측면충돌,안전운전불이행,건조,맑음,교차로 - 교차로안,승용,남,64세,상해없음,이륜,남,28세,경상
2023052500100186,2023년 5월 25일 10시,목요일,경상북도 김천시 남면,경상사고,0,0,2,0,차대차 - 추돌,안전운전불이행,건조,맑음,단일로 - 기타,특수,남,59세,경상,건설기계,남,31세,경상
2023052500100212,2023년 5월 25일 11시,목요일,경상북도 김천시 신음동,중상사고,0,1,0,0,차대차 - 추돌,안전거리미확보,건조,맑음,단일로 - 기타,화물,남,62세,상해없음,이륜,남,64세,중상
2023052500100213,2023년 5월 25일 11시,목요일,경상북도 영천시 금호읍,중상사고,0,2,3,0,차대차 - 정면충돌,안전운전불이행,건조,맑음,교차로 - 교차로안,화물,남,70세,중상,승용,남,27세,경상
2023052500100214,2023년 5월 25일 11시,목요일,경상북도 포항시 남구 상도동,경상사고,0,0,2,0,차대차 - 기타,신호위반,건조,맑음,교차로 - 교차로안,승용,여,41세,상해없음,승용,남,65세,경상
2023052500100215,2023년 5월 25일 11시,목요일,경상북도 포항시 남구 오천읍,경상사고,0,0,1,0,차대사람 - 기타,안전운전불이행,건조,맑음,기타 - 기타,기타불명,기타불명,미분류,기타불명,보행자,여,78세,경상
2023052500100271,2023년 5월 25일 13시,목요일,경상북도 경주시 천북면,사망사고,1,0,0,0,차대사람 - 횡단중,보행자보호의무위반,건조,맑음,교차로 - 교차로횡단보도내,승용,남,59세,상해없음,보행자,여,64세,사망
2023052500100272,2023년 5월 25일 13시,목요일,경상북도 안동시 정하동,경상사고,0,0,1,0,차대사람 - 횡단중,안전운전불이행,건조,맑음,교차로 - 교차로안,승용,남,46세,상해없음,보행자,여,6세,경상
2023052500100273,2023년 5월 25일 13시,목요일,경상북도 영주시 영주동,경상사고,0,0,1,0,차대차 - 측면충돌,안전운전불이행,건조,맑음,교차로 - 교차로부근,승용,여,74세,상해없음,자전거,남,53세,경상
2023052500100274,2023년 5월 25일 13시,목요일,경상북도 칠곡군 왜관읍,경상사고,0,0,1,0,차대사람 - 횡단중,보행자보호의무위반,건조,맑음,교차로 - 교차로횡단보도내,승용,남,60세,상해없음,보행자,여,51세,경상
2023052500100275,2023년 5월 25일 13시,목요일,경상북도 칠곡군 약목면,경상사고,0,0,1,0,차대차 - 추돌,안전거리미확보,건조,맑음,교차로 - 교차로부근,승합,남,52세,상해없음,승용,여,39세,경상
2023052500100276,2023년 5월 25일 13시,목요일,경상북도 경산시 자인면,경상사고,0,0,1,0,차대사람 - 기타,안전운전불이행,건조,맑음,기타 - 기타,승용,여,29세,상해없음,보행자,여,20세,경상
2023052500100310,2023년 5월 25일 14시,목요일,경상북도 칠곡군 석적읍,경상사고,0,0,1,0,차대차 - 정면충돌,안전운전불이행,건조,맑음,단일로 - 기타,승용,여,55세,상해없음,화물,남,40세,경상
2023052500100311,2023년 5월 25일 14시,목요일,경상북도 포항시 남구 대잠동,경상사고,0,0,1,0,차대차 - 측면충돌,안전운전불이행,건조,맑음,교차로 - 교차로안,승용,남,71세,상해없음,승용,남,36세,경상
2023052500100312,2023년 5월 25일 14시,목요일,경상북도 칠곡군 석적읍,부상신고사고,0,0,0,1,차량단독 - 기타,안전운전불이행,건조,맑음,단일로 - 기타,화물,남,63세,부상신고,,,,
2023052500100348,2023년 5월 25일 15시,목요일,경상북도 청도군 청도읍,경상사고,0,0,1,0,차대차 - 정면충돌,안전운전불이행,건조,맑음,교차로 - 교차로안,승용,여,57세,기타불명,화물,남,43세,경상
2023052500100349,2023년 5월 25일 15시,목요일,경상북도 영양군 일월면,중상사고,0,1,0,0,차대차 - 측면충돌,기타,건조,맑음,단일로 - 기타,승용,여,64세,상해없음,이륜,여,65세,중상
2023052500100350,2023년 5월 25일 15시,목요일,경상북도 포항시 남구 오천읍,경상사고,0,0,1,0,차대사람 - 차도통행중,안전운전불이행,건조,맑음,교차로 - 교차로부근,화물,남,67세,상해없음,보행자,남,71세,경상
2023052500100396,2023년 5월 25일 16시,목요일,경상북도 경주시 노서동,경상사고,0,0,2,0,차대차 - 추돌,안전운전불이행,건조,맑음,교차로 - 교차로부근,승용,남,50세,상해없음,승용,남,62세,상해없음
2023052500100435,2023년 5월 25일 17시,목요일,경상북도 영천시 금호읍,경상사고,0,0,1,0,차대차 - 정면충돌,중앙선침범,건조,맑음,단일로 - 기타,화물,남,74세,상해없음,승용,남,73세,경상
2023052500100436,2023년 5월 25일 17시,목요일,경상북도 구미시 황상동,경상사고,0,0,1,0,차대차 - 측면충돌,직진우회전진행방해,건조,맑음,교차로 - 교차로안,승용,남,28세,상해없음,개인형이동수단(PM),여,20세,경상
2023052500100437,2023년 5월 25일 17시,목요일,경상북도 구미시 형곡동,경상사고,0,0,1,0,차대차 - 기타,안전운전불이행,건조,맑음,교차로 - 교차로안,화물,남,70세,상해없음,화물,남,52세,경상
2023052500100472,2023년 5월 25일 18시,목요일,경상북도 경산시 상방동,경상사고,0,0,1,0,차대차 - 기타,안전운전불이행,건조,맑음,기타 - 기타,승용,여,38세,상해없음,자전거,남,23세,경상
2023052500100473,2023년 5월 25일 18시,목요일,경상북도 포항시 남구 동해면,경상사고,0,0,2,0,차대차 - 기타,안전운전불이행,건조,맑음,교차로 - 교차로부근,승용,여,29세,상해없음,승용,여,40세,경상
2023052500100514,2023년 5월 25일 19시,목요일,경상북도 영천시 금호읍,경상사고,0,0,1,0,차대차 - 측면충돌,안전운전불이행,건조,맑음,교차로 - 교차로부근,화물,남,63세,상해없음,승용,여,56세,경상
2023052500100515,2023년 5월 25일 19시,목요일,경상북도 포항시 남구 오천읍,경상사고,0,0,2,0,차대차 - 측면충돌,신호위반,건조,맑음,교차로 - 교차로안,이륜,남,20세,경상,이륜,남,42세,경상
2023052500100538,2023년 5월 25일 20시,목요일,경상북도 경주시 외동읍,경상사고,0,0,1,0,차대차 - 후진중충돌,안전운전불이행,건조,맑음,주차장 - 주차장,화물,남,65세,상해없음,승용,남,67세,경상
2023052500100539,2023년 5월 25일 20시,목요일,경상북도 영천시 완산동,경상사고,0,0,1,0,차대차 - 측면충돌,안전운전불이행,건조,맑음,교차로 - 교차로안,승용,남,76세,상해없음,승용,남,27세,경상
2023052500100540,2023년 5월 25일 20시,목요일,경상북도 예천군 예천읍,중상사고,0,1,0,0,차대차 - 측면충돌,안전운전불이행,건조,맑음,교차로 - 교차로부근,화물,남,42세,상해없음,이륜,남,19세,상해없음
2023052500100541,2023년 5월 25일 20시,목요일,경상북도 구미시 공단동,경상사고,0,0,1,0,차대차 - 측면충돌,안전거리미확보,건조,맑음,단일로 - 기타,승용,남,59세,상해없음,승용,남,27세,경상
2023052500100542,2023년 5월 25일 20시,목요일,경상북도 성주군 초전면,경상사고,0,0,1,0,차대차 - 기타,안전거리미확보,건조,맑음,단일로 - 기타,화물,남,44세,상해없음,승용,남,31세,경상
2023052500100577,2023년 5월 25일 21시,목요일,경상북도 경주시 황성동,경상사고,0,0,1,0,차대차 - 기타,안전운전불이행,건조,맑음,단일로 - 지하차도(도로)내,이륜,남,33세,상해없음,승용,여,31세,경상
2023052500100578,2023년 5월 25일 21시,목요일,경상북도 문경시 점촌동,경상사고,0,0,2,0,차대차 - 추돌,안전운전불이행,건조,맑음,교차로 - 교차로부근,승용,남,20세,상해없음,승용,남,56세,경상
2023052500100579,2023년 5월 25일 21시,목요일,경상북도 성주군 성주읍,경상사고,0,0,5,1,차대차 - 측면충돌,신호위반,건조,맑음,교차로 - 교차로안,승용,여,61세,부상신고,승용,여,56세,경상
2023052500100580,2023년 5월 25일 21시,목요일,경상북도 구미시 원평동,경상사고,0,0,1,0,차대차 - 측면충돌,교차로운행방법위반,건조,맑음,교차로 - 교차로안,승용,남,65세,상해없음,승용,여,40세,경상
2023052500100619,2023년 5월 25일 23시,목요일,경상북도 경산시 사정동,경상사고,0,0,2,0,차대차 - 측면충돌,안전운전불이행,건조,맑음,교차로 - 교차로부근,승용,남,54세,상해없음,승용,남,18세,경상
2023052600100024,2023년 5월 26일 02시,금요일,경상북도 영천시 금호읍,중상사고,0,1,0,0,차대사람 - 기타,기타,건조,맑음,단일로 - 기타,승합,남,55세,상해없음,보행자,여,70세,중상
2023052600100039,2023년 5월 26일 04시,금요일,경상북도 포항시 북구 장성동,경상사고,0,0,2,0,차대차 - 기타,신호위반,건조,맑음,교차로 - 교차로안,화물,남,47세,상해없음,화물,남,29세,경상
2023052600100040,2023년 5월 26일 04시,금요일,경상북도 경산시 계양동,중상사고,0,1,0,0,차대사람 - 횡단중,안전운전불이행,건조,맑음,교차로 - 교차로횡단보도내,승용,남,64세,상해없음,보행자,남,19세,중상
2023052600100046,2023년 5월 26일 05시,금요일,경상북도 포항시 북구 송라면,경상사고,0,0,1,0,차대차 - 측면충돌,안전운전불이행,건조,맑음,단일로 - 기타,승용,여,55세,상해없음,승용,여,49세,경상
2023052600100051,2023년 5월 26일 06시,금요일,경상북도 포항시 남구 동촌동,경상사고,0,0,4,1,차대차 - 추돌,안전운전불이행,건조,맑음,단일로 - 기타,승용,남,56세,부상신고,화물,남,52세,경상
2023052600100067,2023년 5월 26일 07시,금요일,경상북도 경주시 강동면,경상사고,0,0,2,0,차대차 - 기타,신호위반,건조,맑음,교차로 - 교차로부근,승용,남,70세,상해없음,승용,여,23세,경상
2023052600100068,2023년 5월 26일 07시,금요일,경상북도 경산시 남천면,경상사고,0,0,1,0,차대차 - 기타,안전운전불이행,건조,흐림,단일로 - 기타,승용,남,49세,상해없음,개인형이동수단(PM),남,48세,경상
2023052600100069,2023년 5월 26일 07시,금요일,경상북도 포항시 남구 오천읍,경상사고,0,0,2,0,차대차 - 측면충돌,직진우회전진행방해,건조,맑음,교차로 - 교차로안,승용,남,65세,경상,승용,남,33세,경상
2023052600100115,2023년 5월 26일 08시,금요일,경상북도 경주시 용강동,경상사고,0,0,2,0,차대차 - 측면충돌,신호위반,건조,맑음,교차로 - 교차로안,승용,남,68세,경상,승용,남,29세,경상
2023052600100153,2023년 5월 26일 09시,금요일,경상북도 영주시 가흥동,부상신고사고,0,0,0,1,차량단독 - 기타,안전운전불이행,건조,맑음,기타 - 기타,승용,남,58세,부상신고,,,,
2023052600100188,2023년 5월 26일 10시,금요일,경상북도 청도군 운문면,경상사고,0,0,1,0,차대차 - 측면충돌,안전운전불이행,건조,맑음,단일로 - 기타,승용,남,69세,상해없음,승용,여,52세,경상
2023052600100189,2023년 5월 26일 10시,금요일,경상북도 구미시 해평면,중상사고,0,1,0,0,차대차 - 측면충돌,안전운전불이행,건조,맑음,단일로 - 기타,원동기,여,78세,중상,승용,남,75세,상해없음
2023052600100234,2023년 5월 26일 11시,금요일,경상북도 포항시 남구 구룡포읍,경상사고,0,0,2,0,차대차 - 측면충돌,직진우회전진행방해,건조,맑음,교차로 - 교차로안,승용,여,59세,기타불명,승용,남,52세,경상
2023052600100235,2023년 5월 26일 11시,금요일,경상북도 성주군 초전면,경상사고,0,0,1,0,차대차 - 기타,차로위반,건조,맑음,단일로 - 기타,승용,여,60세,상해없음,화물,남,46세,경상
2023052600100269,2023년 5월 26일 12시,금요일,경상북도 경주시 황성동,경상사고,0,0,1,0,차대차 - 측면충돌,신호위반,건조,맑음,교차로 - 교차로안,승용,남,53세,상해없음,화물,남,37세,경상
2023052600100270,2023년 5월 26일 12시,금요일,경상북도 의성군 봉양면,경상사고,0,0,1,0,차대차 - 정면충돌,안전운전불이행,건조,맑음,단일로 - 기타,승용,남,59세,경상,승용,남,73세,상해없음
2023052600100308,2023년 5월 26일 13시,금요일,경상북도 경주시 성건동,경상사고,0,0,1,0,차대사람 - 횡단중,안전운전불이행,건조,맑음,단일로 - 지하차도(도로)내,승용,남,69세,상해없음,보행자,여,60세,경상
2023052600100309,2023년 5월 26일 13시,금요일,경상북도 영주시 가흥동,중상사고,0,2,1,0,차대차 - 기타,교차로운행방법위반,건조,맑음,교차로 - 교차로안,승용,여,46세,상해없음,승용,여,59세,경상
2023052600100310,2023년 5월 26일 13시,금요일,경상북도 경산시 하양읍,경상사고,0,0,1,0,차대차 - 추돌,안전거리미확보,건조,맑음,단일로 - 기타,승용,남,68세,상해없음,승용,남,60세,경상
2023052600100346,2023년 5월 26일 14시,금요일,경상북도 영양군 영양읍,경상사고,0,0,1,0,차대차 - 측면충돌,신호위반,건조,맑음,교차로 - 교차로안,승용,여,52세,기타불명,승용,여,39세,경상
2023052600100387,2023년 5월 26일 15시,금요일,경상북도 안동시 옥동,중상사고,0,1,0,0,차대차 - 기타,안전운전불이행,건조,맑음,단일로 - 기타,화물,남,52세,상해없음,승용,여,56세,중상
2023052600100388,2023년 5월 26일 15시,금요일,경상북도 구미시 원평동,경상사고,0,0,1,0,차대차 - 추돌,안전운전불이행,건조,맑음,단일로 - 기타,화물,여,68세,상해없음,승합,남,36세,경상
2023052600100422,2023년 5월 26일 16시,금요일,경상북도 경주시 강동면,경상사고,0,0,2,0,차대차 - 측면충돌,안전운전불이행,건조,맑음,단일로 - 기타,특수,남,22세,상해없음,승용,남,55세,경상
2023052600100423,2023년 5월 26일 16시,금요일,경상북도 칠곡군 왜관읍,중상사고,0,3,1,1,차대차 - 정면충돌,안전운전불이행,건조,맑음,단일로 - 기타,승용,여,33세,경상,승용,여,49세,중상
2023052600100424,2023년 5월 26일 16시,금요일,경상북도 성주군 선남면,중상사고,0,1,0,1,차량단독 - 전도전복 - 전도,안전운전불이행,젖음/습기,흐림,단일로 - 기타,이륜,남,76세,부상신고,,,,
2023052600100425,2023년 5월 26일 16시,금요일,경상북도 구미시 형곡동,중상사고,0,1,0,0,차대사람 - 기타,안전운전불이행,건조,맑음,단일로 - 기타,승용,여,45세,기타불명,보행자,여,63세,중상
2023052600100426,2023년 5월 26일 16시,금요일,경상북도 포항시 남구 송도동,중상사고,0,1,0,0,차대차 - 측면충돌,안전운전불이행,건조,맑음,교차로 - 교차로부근,이륜,남,71세,중상,승용,남,74세,상해없음
2023052600100428,2023년 5월 26일 16시,금요일,경상북도 구미시 임은동,경상사고,0,0,4,1,차대차 - 기타,안전운전불이행,건조,맑음,단일로 - 기타,승용,남,29세,경상,승용,여,46세,부상신고
2023052600100488,2023년 5월 26일 17시,금요일,경상북도 포항시 북구 장성동,경상사고,0,0,1,0,차대사람 - 횡단중,안전운전불이행,건조,맑음,단일로 - 기타,기타불명,기타불명,미분류,기타불명,보행자,여,52세,경상
2023052600100489,2023년 5월 26일 17시,금요일,경상북도 안동시 태화동,중상사고,0,1,0,0,차대사람 - 기타,안전운전불이행,건조,맑음,교차로 - 교차로부근,승용,여,61세,상해없음,보행자,여,11세,중상
2023052600100490,2023년 5월 26일 17시,금요일,경상북도 칠곡군 왜관읍,중상사고,0,1,0,0,차대사람 - 횡단중,안전운전불이행,건조,맑음,단일로 - 지하차도(도로)내,승용,남,62세,상해없음,보행자,여,4세,중상
2023052600100491,2023년 5월 26일 17시,금요일,경상북도 구미시 부곡동,중상사고,0,1,0,1,차대차 - 추돌,안전운전불이행,건조,맑음,단일로 - 기타,화물,남,61세,상해없음,승용,여,25세,부상신고
2023052600100492,2023년 5월 26일 17시,금요일,경상북도 포항시 남구 해도동,중상사고,0,1,0,0,차대차 - 측면충돌,교차로운행방법위반,건조,맑음,교차로 - 교차로안,승용,남,28세,상해없음,이륜,남,47세,중상
2023052600100540,2023년 5월 26일 18시,금요일,경상북도 경산시 하양읍,중상사고,0,1,0,0,차대사람 - 횡단중,안전운전불이행,건조,맑음,단일로 - 기타,승용,여,21세,상해없음,보행자,여,77세,중상
2023052600100541,2023년 5월 26일 18시,금요일,경상북도 영덕군 영해면,경상사고,0,0,2,0,차대차 - 측면충돌,안전운전불이행,건조,맑음,교차로 - 교차로안,승용,여,56세,경상,승용,여,65세,경상
2023052600100542,2023년 5월 26일 18시,금요일,경상북도 구미시 상모동,경상사고,0,0,1,0,차대사람 - 차도통행중,안전운전불이행,건조,맑음,단일로 - 기타,승용,남,39세,기타불명,보행자,남,47세,경상
2023052600100543,2023년 5월 26일 18시,금요일,경상북도 구미시 진평동,경상사고,0,0,1,0,차대차 - 기타,신호위반,건조,맑음,교차로 - 교차로부근,승용,남,65세,상해없음,승용,여,46세,경상
2023052600100544,2023년 5월 26일 18시,금요일,경상북도 포항시 남구 인덕동,부상신고사고,0,0,0,1,차량단독 - 전도전복 - 전도,안전운전불이행,건조,흐림,교차로 - 교차로안,이륜,남,74세,부상신고,,,,
2023052600100624,2023년 5월 26일 20시,금요일,경상북도 포항시 북구 죽도동,경상사고,0,0,4,0,차량단독 - 기타,안전운전불이행,건조,맑음,단일로 - 기타,승용,남,71세,상해없음,,,,
2023052600100673,2023년 5월 26일 22시,금요일,경상북도 포항시 북구 흥해읍,경상사고,0,0,1,0,차대차 - 측면충돌,안전운전불이행,건조,맑음,단일로 - 기타,승용,남,71세,상해없음,승용,여,52세,경상
2023052600100686,2023년 5월 26일 23시,금요일,경상북도 포항시 북구 죽도동,경상사고,0,0,1,0,차대차 - 추돌,안전운전불이행,건조,맑음,교차로 - 교차로부근,이륜,남,60세,상해없음,승용,여,61세,경상
2023052700100030,2023년 5월 27일 02시,토요일,경상북도 울진군 평해읍,경상사고,0,0,2,0,차대차 - 추돌,안전운전불이행,건조,맑음,교차로 - 교차로부근,승용,여,33세,상해없음,승용,여,50세,경상
2023052700100114,2023년 5월 27일 09시,토요일,경상북도 포항시 북구 덕산동,경상사고,0,0,1,0,차대차 - 기타,안전운전불이행,건조,맑음,교차로 - 교차로안,승용,여,33세,상해없음,승용,남,67세,상해없음
2023052700100137,2023년 5월 27일 10시,토요일,경상북도 구미시 옥계동,경상사고,0,0,3,0,차대차 - 측면충돌,안전운전불이행,건조,맑음,교차로 - 교차로안,화물,남,77세,상해없음,승용,여,39세,경상
2023052700100175,2023년 5월 27일 11시,토요일,경상북도 포항시 북구 흥해읍,경상사고,0,0,1,0,차대사람 - 횡단중,보행자보호의무위반,건조,흐림,교차로 - 교차로횡단보도내,승용,남,75세,상해없음,보행자,남,9세,경상
2023052700100176,2023년 5월 27일 11시,토요일,경상북도 김천시 아포읍,경상사고,0,0,1,0,차대차 - 측면충돌,안전거리미확보,건조,맑음,단일로 - 기타,승용,남,64세,상해없음,승용,남,43세,경상
2023052700100177,2023년 5월 27일 11시,토요일,경상북도 영천시 완산동,경상사고,0,0,1,0,차대차 - 측면충돌,안전운전불이행,건조,맑음,단일로 - 기타,화물,남,65세,상해없음,승용,남,44세,기타불명
2023052700100178,2023년 5월 27일 11시,토요일,경상북도 경산시 대평동,경상사고,0,0,1,0,차대차 - 측면충돌,중앙선침범,건조,맑음,단일로 - 기타,자전거,여,58세,경상,승용,남,62세,상해없음
2023052700100179,2023년 5월 27일 11시,토요일,경상북도 영양군 일월면,중상사고,0,2,0,0,차대차 - 정면충돌,중앙선침범,건조,맑음,단일로 - 기타,승용,남,65세,기타불명,화물,여,62세,중상
2023052700100261,2023년 5월 27일 13시,토요일,경상북도 경주시 진현동,경상사고,0,0,1,0,차대사람 - 기타,안전운전불이행,건조,맑음,기타 - 기타,승용,남,27세,상해없음,보행자,여,6세,경상
2023052700100293,2023년 5월 27일 14시,토요일,경상북도 영주시 휴천동,경상사고,0,0,1,0,차대차 - 후진중충돌,안전운전불이행,건조,맑음,주차장 - 주차장,승용,남,71세,상해없음,자전거,남,44세,경상
2023052700100294,2023년 5월 27일 14시,토요일,경상북도 영천시 봉동,경상사고,0,0,2,0,차대차 - 측면충돌,안전운전불이행,건조,맑음,교차로 - 교차로안,승용,남,68세,상해없음,승용,남,34세,경상
2023052700100295,2023년 5월 27일 14시,토요일,경상북도 영천시 청통면,중상사고,0,2,1,0,차대차 - 측면충돌,안전운전불이행,건조,맑음,단일로 - 기타,승용,남,67세,중상,화물,남,66세,경상
2023052700100334,2023년 5월 27일 15시,토요일,경상북도 경주시 문무대왕면,경상사고,0,0,2,0,차대차 - 추돌,안전운전불이행,건조,맑음,교차로 - 교차로부근,화물,남,60세,상해없음,승용,남,71세,경상
2023052700100365,2023년 5월 27일 16시,토요일,경상북도 안동시 용상동,경상사고,0,0,1,0,차대차 - 기타,안전운전불이행,건조,맑음,단일로 - 기타,개인형이동수단(PM),남,16세,경상,승용,여,27세,상해없음
2023052700100366,2023년 5월 27일 16시,토요일,경상북도 청도군 운문면,중상사고,0,1,6,0,차대차 - 측면충돌,중앙선침범,건조,맑음,단일로 - 기타,승용,남,45세,경상,승용,남,43세,상해없음
2023052700100367,2023년 5월 27일 16시,토요일,경상북도 구미시 지산동,중상사고,0,1,1,0,차대차 - 추돌,안전운전불이행,건조,맑음,교차로 - 교차로안,승용,여,75세,경상,승용,남,38세,중상
2023052700100368,2023년 5월 27일 16시,토요일,경상북도 구미시 원평동,경상사고,0,0,1,0,차대차 - 기타,안전운전불이행,건조,맑음,단일로 - 기타,원동기,남,19세,상해없음,승용,남,58세,경상
2023052700100404,2023년 5월 27일 17시,토요일,경상북도 포항시 북구 기계면,경상사고,0,0,2,0,차대차 - 추돌,안전거리미확보,건조,맑음,단일로 - 기타,승용,여,33세,상해없음,승용,남,26세,경상
2023052700100433,2023년 5월 27일 18시,토요일,경상북도 포항시 북구 여천동,경상사고,0,0,1,0,차대차 - 측면충돌,안전운전불이행,건조,맑음,교차로 - 교차로부근,승용,여,43세,상해없음,자전거,남,71세,경상
2023052700100434,2023년 5월 27일 18시,토요일,경상북도 안동시 옥동,중상사고,0,1,1,0,차대차 - 기타,안전거리미확보,건조,맑음,교차로 - 교차로부근,승용,남,53세,경상,원동기,남,47세,중상
2023052700100435,2023년 5월 27일 18시,토요일,경상북도 문경시 산양면,중상사고,0,1,0,0,차대차 - 측면충돌,교차로운행방법위반,건조,맑음,교차로 - 교차로안,승용,남,57세,상해없음,승용,남,63세,중상
2023052700100436,2023년 5월 27일 18시,토요일,경상북도 포항시 남구 동해면,경상사고,0,0,2,0,차대차 - 측면충돌,안전운전불이행,건조,맑음,교차로 - 교차로안,승용,남,79세,상해없음,화물,남,27세,경상
2023052700100466,2023년 5월 27일 19시,토요일,경상북도 김천시 대항면,중상사고,0,1,0,0,차대사람 - 기타,기타,건조,맑음,단일로 - 기타,승용,남,74세,상해없음,보행자,남,65세,중상
2023052700100467,2023년 5월 27일 19시,토요일,경상북도 경산시 압량읍,경상사고,0,0,1,0,차대차 - 측면충돌,신호위반,건조,맑음,교차로 - 교차로안,승용,여,53세,상해없음,이륜,남,25세,경상
2023052700100468,2023년 5월 27일 19시,토요일,경상북도 포항시 남구 해도동,경상사고,0,0,4,0,차대차 - 측면충돌,안전운전불이행,건조,맑음,단일로 - 기타,승용,남,64세,상해없음,승용,남,39세,경상
2023052700100508,2023년 5월 27일 20시,토요일,경상북도 경주시 강동면,경상사고,0,0,2,0,차대차 - 측면충돌,신호위반,건조,맑음,단일로 - 교량,승용,여,50세,경상,승용,여,30세,경상
2023052700100509,2023년 5월 27일 20시,토요일,경상북도 포항시 남구 대도동,경상사고,0,0,2,0,차대차 - 측면충돌,신호위반,건조,맑음,교차로 - 교차로안,승용,남,30세,상해없음,승용,남,49세,경상
2023052700100550,2023년 5월 27일 21시,토요일,경상북도 포항시 남구 해도동,중상사고,0,1,1,0,차대차 - 측면충돌,기타,건조,맑음,단일로 - 고가도로위,승용,남,62세,상해없음,자전거,여,39세,중상
2023052700100551,2023년 5월 27일 21시,토요일,경상북도 포항시 남구 연일읍,경상사고,0,0,1,0,차대차 - 측면충돌,차로위반,건조,맑음,단일로 - 기타,승용,남,65세,상해없음,승용,남,32세,경상
2023052700100581,2023년 5월 27일 22시,토요일,경상북도 포항시 남구 대잠동,경상사고,0,0,2,0,차대차 - 기타,안전거리미확보,건조,맑음,단일로 - 기타,승용,남,64세,경상,승용,여,26세,경상
2023052700100582,2023년 5월 27일 22시,토요일,경상북도 포항시 남구 해도동,경상사고,0,0,2,0,차대차 - 후진중충돌,안전운전불이행,건조,맑음,단일로 - 기타,승용,남,45세,상해없음,개인형이동수단(PM),남,20세,경상
2023052700100594,2023년 5월 27일 23시,토요일,경상북도 경산시 사동,경상사고,0,0,1,0,차대차 - 측면충돌,신호위반,건조,맑음,교차로 - 교차로부근,이륜,남,31세,상해없음,승용,남,31세,경상