사고번호,사고일시,요일,시군구,사고내용,사망자수,중상자수,경상자수,부상신고자수,사고유형,법규위반,노면상태,기상상태,도로형태,가해운전자 차종,가해운전자 성별,가해운전자 연령,가해운전자 상해정도,피해운전자 차종,피해운전자 성별,피해운전자 연령,피해운전자 상해정도
2023052800100016,2023년 5월 28일 00시,일요일,경상북도 구미시 구평동,부상신고사고,0,0,0,1,차대차 - 측면충돌,안전운전불이행,건조,맑음,단일로 - 기타,원동기,남,17세,부상신고,승용,남,52세,기타불명
2023052800100053,2023년 5월 28일 04시,일요일,경상북도 경주시 안강읍,부상신고사고,0,0,0,1,차량단독 - 기타,안전운전불이행,건조,맑음,교차로 - 교차로부근,승용,여,33세,부상신고,,,,
2023052800100061,2023년 5월 28일 06시,일요일,경상북도 경주시 성건동,중상사고,0,1,0,0,차량단독 - 공작물충돌,안전운전불이행,젖음/습기,비,교차로 - 교차로안,화물,남,33세,중상,,,,
2023052800100099,2023년 5월 28일 09시,일요일,경상북도 포항시 북구 장성동,경상사고,0,0,2,0,차대차 - 측면충돌,신호위반,젖음/습기,비,교차로 - 교차로안,승용,남,45세,상해없음,승용,남,72세,경상
2023052800100100,2023년 5월 28일 09시,일요일,경상북도 영주시 문정동,중상사고,0,2,2,0,차대차 - 추돌,안전운전불이행,젖음/습기,비,단일로 - 기타,승용,여,33세,상해없음,승용,남,44세,중상
2023052800100158,2023년 5월 28일 12시,일요일,경상북도 포항시 북구 송라면,경상사고,0,0,4,0,차대차 - 추돌,안전운전불이행,젖음/습기,비,교차로 - 교차로부근,승용,남,53세,상해없음,승용,남,48세,경상
2023052800100186,2023년 5월 28일 13시,일요일,경상북도 포항시 남구 구룡포읍,경상사고,0,0,1,0,차대차 - 정면충돌,안전운전불이행,건조,맑음,주차장 - 주차장,승용,남,30세,상해없음,승용,남,59세,상해없음
2023052800100219,2023년 5월 28일 14시,일요일,경상북도 문경시 호계면,경상사고,0,0,6,4,차대차 - 추돌,안전운전불이행,젖음/습기,비,교차로 - 교차로부근,특수,남,62세,기타불명,승용,남,52세,부상신고
2023052800100250,2023년 5월 28일 15시,일요일,경상북도 포항시 북구 양덕동,경상사고,0,0,1,0,차대차 - 추돌,안전운전불이행,건조,맑음,단일로 - 기타,승용,남,59세,상해없음,승용,남,46세,경상
2023052800100251,2023년 5월 28일 15시,일요일,경상북도 안동시 용상동,중상사고,0,1,0,0,차대차 - 측면충돌,신호위반,건조,맑음,교차로 - 교차로부근,승용,여,30세,상해없음,이륜,남,52세,중상
2023052800100252,2023년 5월 28일 15시,일요일,경상북도 예천군 호명면,경상사고,0,0,1,0,차대차 - 정면충돌,안전운전불이행,젖음/습기,비,교차로 - 교차로안,화물,남,77세,상해없음,승용,남,61세,경상
2023052800100253,2023년 5월 28일 15시,일요일,경상북도 성주군 선남면,부상신고사고,0,0,0,1,차량단독 - 기타,안전운전불이행,젖음/습기,비,단일로 - 기타,이륜,남,45세,부상신고,,,,
2023052800100254,2023년 5월 28일 15시,일요일,경상북도 성주군 성주읍,중상사고,0,1,0,0,차대차 - 후진중충돌,안전운전불이행,건조,맑음,단일로 - 지하차도(도로)내,승용,남,56세,상해없음,승합,남,58세,중상
2023052800100255,2023년 5월 28일 15시,일요일,경상북도 포항시 남구 오천읍,경상사고,0,0,1,0,차대차 - 기타,안전운전불이행,젖음/습기,흐림,주차장 - 주차장,승용,여,49세,상해없음,승용,남,57세,경상
2023052800100326,2023년 5월 28일 18시,일요일,경상북도 경주시 황남동,경상사고,0,0,2,0,차대차 - 측면충돌,안전운전불이행,건조,맑음,교차로 - 교차로안,승용,남,29세,상해없음,승용,여,31세,경상
2023052800100347,2023년 5월 28일 19시,일요일,경상북도 경주시 동천동,중상사고,0,1,0,0,차대차 - 측면충돌,안전운전불이행,건조,맑음,교차로 - 교차로안,승용,여,27세,상해없음,이륜,남,53세,중상
2023052800100348,2023년 5월 28일 19시,일요일,경상북도 성주군 선남면,경상사고,0,0,2,0,차대차 - 측면충돌,안전운전불이행,건조,맑음,단일로 - 기타,승용,남,70세,상해없음,승용,여,35세,경상
2023052800100349,2023년 5월 28일 19시,일요일,경상북도 구미시 도량동,경상사고,0,0,1,0,차대차 - 측면충돌,직진우회전진행방해,젖음/습기,비,교차로 - 교차로안,승용,남,36세,상해없음,이륜,남,26세,경상
2023052800100380,2023년 5월 28일 20시,일요일,경상북도 영천시 작산동,중상사고,0,1,0,0,차량단독 - 기타,안전운전불이행,젖음/습기,흐림,단일로 - 기타,승합,남,54세,상해없음,,,,
2023052800100381,2023년 5월 28일 20시,일요일,경상북도 울진군 죽변면,중상사고,0,1,2,0,차대차 - 정면충돌,중앙선침범,젖음/습기,비,단일로 - 기타,승용,남,50세,상해없음,승용,여,39세,중상
2023052800100382,2023년 5월 28일 20시,일요일,경상북도 포항시 남구 괴동동,경상사고,0,0,1,0,차대차 - 측면충돌,안전운전불이행,건조,맑음,단일로 - 기타,승용,남,75세,상해없음,승용,남,51세,경상
2023052800100419,2023년 5월 28일 21시,일요일,경상북도 포항시 남구 상도동,경상사고,0,0,2,0,차대차 - 기타,안전운전불이행,건조,맑음,기타 - 기타,개인형이동수단(PM),남,15세,경상,원동기,남,46세,경상
2023052800100444,2023년 5월 28일 22시,일요일,경상북도 구미시 옥계동,경상사고,0,0,2,0,차대차 - 측면충돌,안전운전불이행,젖음/습기,비,단일로 - 기타,승용,남,65세,상해없음,승용,여,28세,경상
2023052900100033,2023년 5월 29일 03시,월요일,경상북도 포항시 남구 대잠동,경상사고,0,0,1,0,차대사람 - 기타,안전운전불이행,젖음/습기,비,단일로 - 기타,승용,남,54세,상해없음,보행자,남,42세,경상
2023052900100057,2023년 5월 29일 06시,월요일,경상북도 의성군 단북면,중상사고,0,1,1,0,차대차 - 측면충돌,직진우회전진행방해,젖음/습기,비,교차로 - 교차로안,화물,남,75세,경상,화물,남,74세,중상
2023052900100067,2023년 5월 29일 07시,월요일,경상북도 상주시 내서면,부상신고사고,0,0,0,1,차대차 - 측면충돌,교차로운행방법위반,젖음/습기,비,교차로 - 교차로안,승용,여,54세,부상신고,화물,남,53세,상해없음
2023052900100075,2023년 5월 29일 08시,월요일,경상북도 상주시 모서면,경상사고,0,0,2,0,차대차 - 측면충돌,교차로운행방법위반,젖음/습기,비,교차로 - 교차로안,화물,남,55세,상해없음,화물,남,48세,경상
2023052900100076,2023년 5월 29일 08시,월요일,경상북도 경산시 백천동,경상사고,0,0,1,0,차대차 - 기타,안전운전불이행,젖음/습기,비,교차로 - 교차로안,화물,남,58세,상해없음,승용,남,56세,경상
2023052900100110,2023년 5월 29일 10시,월요일,경상북도 영천시 화산면,경상사고,0,0,3,0,차대차 - 후진중충돌,안전운전불이행,젖음/습기,비,교차로 - 교차로부근,승용,남,74세,상해없음,승용,남,69세,경상
2023052900100111,2023년 5월 29일 10시,월요일,경상북도 경산시 하양읍,경상사고,0,0,2,0,차대차 - 측면충돌,안전운전불이행,젖음/습기,비,교차로 - 교차로안,승용,남,63세,상해없음,승용,여,48세,경상
2023052900100112,2023년 5월 29일 10시,월요일,경상북도 군위군 효령면,중상사고,0,1,0,0,차대차 - 기타,안전운전불이행,젖음/습기,비,단일로 - 기타,화물,남,55세,상해없음,농기계,남,74세,상해없음
2023052900100128,2023년 5월 29일 11시,월요일,경상북도 경주시 천북면,경상사고,0,0,1,1,차대차 - 기타,안전운전불이행,젖음/습기,비,단일로 - 기타,승용,남,33세,상해없음,승용,남,26세,부상신고
2023052900100151,2023년 5월 29일 12시,월요일,경상북도 칠곡군 북삼읍,경상사고,0,0,1,0,차대차 - 측면충돌,교차로운행방법위반,건조,맑음,교차로 - 교차로안,승용,남,48세,상해없음,화물,남,59세,경상
2023052900100175,2023년 5월 29일 13시,월요일,경상북도 경산시 자인면,경상사고,0,0,3,0,차대차 - 기타,안전운전불이행,건조,맑음,교차로 - 교차로부근,화물,남,56세,상해없음,승용,여,55세,경상
2023052900100176,2023년 5월 29일 13시,월요일,경상북도 경산시 진량읍,경상사고,0,0,1,0,차대차 - 측면충돌,신호위반,젖음/습기,비,교차로 - 교차로안,승용,여,41세,상해없음,승용,남,66세,경상
2023052900100210,2023년 5월 29일 14시,월요일,경상북도 경산시 압량읍,중상사고,0,2,0,0,차대차 - 측면충돌,신호위반,젖음/습기,비,교차로 - 교차로안,승용,남,73세,상해없음,승용,남,56세,중상
2023052900100211,2023년 5월 29일 14시,월요일,경상북도 영덕군 영덕읍,경상사고,0,0,2,0,차대차 - 측면충돌,안전거리미확보,젖음/습기,비,단일로 - 기타,승합,남,72세,상해없음,승합,남,62세,상해없음
2023052900100212,2023년 5월 29일 14시,월요일,경상북도 청도군 화양읍,경상사고,0,0,1,0,차대차 - 측면충돌,중앙선침범,젖음/습기,비,단일로 - 기타,화물,남,43세,상해없음,승용,여,60세,경상
2023052900100281,2023년 5월 29일 16시,월요일,경상북도 경산시 하양읍,중상사고,0,1,0,0,차대사람 - 횡단중,보행자보호의무위반,젖음/습기,비,교차로 - 교차로횡단보도내,이륜,남,22세,상해없음,보행자,여,67세,중상
2023052900100282,2023년 5월 29일 16시,월요일,경상북도 구미시 고아읍,부상신고사고,0,0,0,1,차대차 - 기타,안전운전불이행,젖음/습기,비,단일로 - 기타,이륜,남,18세,부상신고,승용,남,62세,상해없음
2023052900100319,2023년 5월 29일 17시,월요일,경상북도 포항시 북구 양덕동,경상사고,0,0,1,0,차대차 - 측면충돌,안전운전불이행,건조,맑음,교차로 - 교차로부근,승용,남,44세,상해없음,이륜,남,42세,경상
2023052900100320,2023년 5월 29일 17시,월요일,경상북도 안동시 송현동,경상사고,0,0,2,1,차대차 - 기타,교차로운행방법위반,건조,맑음,교차로 - 교차로안,승용,여,55세,부상신고,승용,여,60세,경상
2023052900100321,2023년 5월 29일 17시,월요일,경상북도 구미시 송정동,중상사고,0,1,0,0,차대차 - 기타,차로위반,건조,맑음,단일로 - 기타,승용,남,30세,상해없음,원동기,남,38세,중상
2023052900100322,2023년 5월 29일 17시,월요일,경상북도 구미시 광평동,중상사고,0,3,0,0,차대차 - 측면충돌,기타,젖음/습기,비,단일로 - 기타,화물,남,37세,상해없음,승용,남,63세,중상
2023052900100366,2023년 5월 29일 18시,월요일,경상북도 경주시 황성동,경상사고,0,0,4,0,차대차 - 측면충돌,안전운전불이행,젖음/습기,비,교차로 - 교차로안,승용,남,50세,경상,승용,남,65세,경상
2023052900100367,2023년 5월 29일 18시,월요일,경상북도 예천군 호명면,경상사고,0,0,1,0,차대차 - 측면충돌,신호위반,건조,맑음,교차로 - 교차로안,승용,여,60세,상해없음,이륜,남,46세,경상
2023052900100368,2023년 5월 29일 18시,월요일,경상북도 고령군 쌍림면,경상사고,0,0,2,0,차대차 - 추돌,기타,젖음/습기,비,단일로 - 기타,승합,남,56세,상해없음,승용,남,47세,경상
2023052900100369,2023년 5월 29일 18시,월요일,경상북도 구미시 임은동,경상사고,0,0,3,0,차대차 - 기타,안전운전불이행,젖음/습기,비,교차로 - 교차로부근,승용,여,42세,상해없음,승용,남,47세,경상
2023052900100394,2023년 5월 29일 19시,월요일,경상북도 영주시 안정면,중상사고,0,1,4,0,차대차 - 측면충돌,신호위반,젖음/습기,흐림,교차로 - 교차로안,화물,남,80세,경상,승용,남,35세,경상
2023052900100395,2023년 5월 29일 19시,월요일,경상북도 군위군 군위읍,중상사고,0,1,0,0,차대차 - 정면충돌,안전운전불이행,건조,맑음,단일로 - 기타,화물,남,55세,상해없음,자전거,남,60세,중상
2023052900100396,2023년 5월 29일 19시,월요일,경상북도 구미시 신평동,경상사고,0,0,1,0,차대차 - 후진중충돌,안전운전불이행,젖음/습기,비,교차로 - 교차로부근,승용,여,41세,상해없음,승용,남,21세,경상
2023052900100417,2023년 5월 29일 20시,월요일,경상북도 안동시 임하면,중상사고,0,1,0,0,차대사람 - 기타,안전운전불이행,건조,맑음,단일로 - 기타,원동기,남,55세,중상,보행자,남,60세,상해없음
2023052900100418,2023년 5월 29일 20시,월요일,경상북도 경산시 하양읍,경상사고,0,0,1,0,차대차 - 후진중충돌,안전운전불이행,건조,맑음,단일로 - 지하차도(도로)내,승용,남,40세,상해없음,승용,남,40세,경상
2023052900100437,2023년 5월 29일 21시,월요일,경상북도 성주군 성주읍,부상신고사고,0,0,0,1,차량단독 - 공작물충돌,안전운전불이행,건조,맑음,단일로 - 기타,승용,남,28세,부상신고,,,,
2023052900100457,2023년 5월 29일 22시,월요일,경상북도 경주시 외동읍,중상사고,0,1,0,0,차대사람 - 횡단중,보행자보호의무위반,젖음/습기,비,단일로 - 기타,승용,남,51세,상해없음,보행자,남,55세,중상
2023053000100051,2023년 5월 30일 07시,화요일,경상북도 김천시 대광동,경상사고,0,0,1,0,차대차 - 추돌,안전운전불이행,건조,맑음,단일로 - 기타,승용,남,29세,상해없음,승용,남,37세,경상
2023053000100100,2023년 5월 30일 08시,화요일,경상북도 안동시 당북동,경상사고,0,0,2,1,차대차 - 추돌,안전운전불이행,건조,맑음,단일로 - 기타,승용,남,41세,부상신고,승용,여,45세,경상
2023053000100144,2023년 5월 30일 09시,화요일,경상북도 문경시 산북면,경상사고,0,0,1,0,차대차 - 측면충돌,직진우회전진행방해,건조,맑음,교차로 - 교차로안,승용,남,77세,경상,화물,남,61세,상해없음
2023053000100145,2023년 5월 30일 09시,화요일,경상북도 구미시 산동읍,경상사고,0,0,1,0,차대사람 - 횡단중,보행자보호의무위반,건조,흐림,교차로 - 교차로부근,승용,남,23세,상해없음,보행자,여,68세,경상
2023053000100210,2023년 5월 30일 11시,화요일,경상북도 포항시 북구 흥해읍,경상사고,0,0,1,0,차대차 - 측면충돌,안전운전불이행,건조,맑음,교차로 - 교차로부근,승용,여,41세,상해없음,승합,남,54세,경상
2023053000100211,2023년 5월 30일 11시,화요일,경상북도 안동시 와룡면,사망사고,1,0,0,0,차량단독 - 전도전복 - 전도,안전운전불이행,건조,맑음,기타 - 기타,사륜오토바이(ATV),여,80세,사망,,,,
2023053000100253,2023년 5월 30일 12시,화요일,경상북도 경주시 충효동,중상사고,0,1,0,0,차대차 - 측면충돌,안전운전불이행,건조,맑음,교차로 - 교차로안,승용,남,61세,상해없음,승용,남,65세,중상
2023053000100254,2023년 5월 30일 12시,화요일,경상북도 성주군 수륜면,경상사고,0,0,1,0,차대차 - 측면충돌,안전운전불이행,건조,맑음,교차로 - 교차로안,승용,남,54세,상해없음,화물,남,76세,경상
2023053000100284,2023년 5월 30일 13시,화요일,경상북도 경주시 서면,사망사고,1,0,0,0,차대차 - 측면충돌,안전운전불이행,건조,맑음,교차로 - 교차로안,화물,남,30세,상해없음,이륜,남,63세,사망
2023053000100285,2023년 5월 30일 13시,화요일,경상북도 안동시 옥동,중상사고,0,1,0,1,차대차 - 측면충돌,안전운전불이행,건조,맑음,교차로 - 교차로안,이륜,남,56세,중상,승용,남,62세,부상신고
2023053000100286,2023년 5월 30일 13시,화요일,경상북도 포항시 남구 오천읍,경상사고,0,0,1,0,차대차 - 기타,안전운전불이행,젖음/습기,비,교차로 - 교차로부근,승용,여,68세,상해없음,승용,여,55세,경상
2023053000100287,2023년 5월 30일 13시,화요일,경상북도 포항시 남구 청림동,경상사고,0,0,1,0,차대차 - 측면충돌,차로위반,건조,맑음,교차로 - 교차로안,건설기계,남,62세,상해없음,승용,여,47세,경상
2023053000100324,2023년 5월 30일 14시,화요일,경상북도 경산시 옥산동,경상사고,0,0,1,0,차대차 - 정면충돌,중앙선침범,건조,맑음,단일로 - 기타,승용,남,45세,상해없음,승용,남,52세,경상
2023053000100397,2023년 5월 30일 16시,화요일,경상북도 경주시 성건동,경상사고,0,0,1,0,차대차 - 기타,안전운전불이행,젖음/습기,비,교차로 - 교차로부근,개인형이동수단(PM),여,23세,경상,승용,남,28세,상해없음
2023053000100398,2023년 5월 30일 16시,화요일,경상북도 의성군 의성읍,경상사고,0,0,1,0,차대사람 - 길가장자리구역통행중,안전운전불이행,건조,맑음,단일로 - 기타,승용,여,66세,상해없음,보행자,여,80세,경상
2023053000100399,2023년 5월 30일 16시,화요일,경상북도 영천시 금호읍,경상사고,0,0,1,0,차대차 - 추돌,안전운전불이행,건조,맑음,교차로 - 교차로안,승용,남,33세,상해없음,승용,여,65세,경상
2023053000100400,2023년 5월 30일 16시,화요일,경상북도 문경시 마성면,경상사고,0,0,1,0,차대차 - 측면충돌,안전운전불이행,건조,맑음,교차로 - 교차로안,화물,남,70세,상해없음,승용,여,59세,경상
2023053000100401,2023년 5월 30일 16시,화요일,경상북도 군위군 삼국유사면,중상사고,0,1,0,0,차대사람 - 기타,안전운전불이행,건조,맑음,단일로 - 기타,화물,남,72세,상해없음,보행자,여,72세,중상
2023053000100437,2023년 5월 30일 17시,화요일,경상북도 경산시 백천동,경상사고,0,0,1,0,차대차 - 측면충돌,안전거리미확보,건조,맑음,단일로 - 기타,승용,남,59세,상해없음,화물,남,43세,경상
2023053000100486,2023년 5월 30일 18시,화요일,경상북도 경주시 신평동,경상사고,0,0,2,0,차대차 - 측면충돌,신호위반,건조,맑음,교차로 - 교차로안,승용,남,70세,상해없음,승용,남,47세,경상
2023053000100487,2023년 5월 30일 18시,화요일,경상북도 김천시 지좌동,중상사고,0,1,0,0,차량단독 - 전도전복 - 전도,기타,건조,맑음,단일로 - 기타,이륜,여,71세,중상,,,,
2023053000100488,2023년 5월 30일 18시,화요일,경상북도 칠곡군 북삼읍,경상사고,0,0,1,0,차대차 - 측면충돌,안전운전불이행,건조,맑음,주차장 - 주차장,승용,남,73세,상해없음,승용,남,58세,경상
2023053000100489,2023년 5월 30일 18시,화요일,경상북도 구미시 산동읍,경상사고,0,0,1,0,차대사람 - 기타,안전운전불이행,건조,맑음,주차장 - 주차장,승용,남,35세,상해없음,보행자,남,6세,경상
2023053000100490,2023년 5월 30일 18시,화요일,경상북도 구미시 고아읍,경상사고,0,0,1,0,차량단독 - 기타,안전운전불이행,건조,맑음,단일로 - 기타,이륜,남,63세,경상,,,,
2023053000100517,2023년 5월 30일 19시,화요일,경상북도 영덕군 영덕읍,경상사고,0,0,1,0,차대차 - 측면충돌,직진우회전진행방해,건조,맑음,교차로 - 교차로안,이륜,남,53세,경상,승용,여,48세,상해없음
2023053000100559,2023년 5월 30일 21시,화요일,경상북도 포항시 북구 흥해읍,경상사고,0,0,1,0,차대차 - 정면충돌,중앙선침범,건조,맑음,단일로 - 기타,승용,남,45세,상해없음,승용,남,29세,경상
2023053000100560,2023년 5월 30일 21시,화요일,경상북도 구미시 고아읍,경상사고,0,0,1,0,차대차 - 측면충돌,직진우회전진행방해,건조,흐림,교차로 - 교차로안,승합,남,61세,상해없음,이륜,남,63세,경상
2023053100100013,2023년 5월 31일 01시,수요일,경상북도 상주시 화산동,중상사고,0,1,1,0,차대차 - 측면충돌,기타,건조,맑음,교차로 - 교차로안,승용,남,65세,경상,승용,남,60세,중상
2023053100100021,2023년 5월 31일 04시,수요일,경상북도 문경시 공평동,경상사고,0,0,1,0,차대차 - 기타,기타,건조,맑음,단일로 - 기타,특수,남,64세,경상,승용,남,25세,상해없음
2023053100100028,2023년 5월 31일 05시,수요일,경상북도 포항시 북구 창포동,중상사고,0,1,0,0,차대차 - 추돌,안전거리미확보,건조,맑음,교차로 - 교차로부근,승용,남,32세,상해없음,승용,여,31세,중상
2023053100100029,2023년 5월 31일 05시,수요일,경상북도 영천시 화북면,경상사고,0,0,1,0,차대차 - 추돌,안전운전불이행,건조,맑음,단일로 - 기타,화물,남,65세,상해없음,농기계,남,71세,경상
2023053100100030,2023년 5월 31일 05시,수요일,경상북도 울진군 후포면,중상사고,0,1,2,0,차대차 - 추돌,기타,건조,맑음,단일로 - 기타,승용,남,23세,상해없음,승용,남,28세,경상
2023053100100057,2023년 5월 31일 07시,수요일,경상북도 봉화군 명호면,경상사고,0,0,1,0,차대차 - 기타,안전운전불이행,건조,맑음,단일로 - 기타,승용,여,57세,경상,화물,남,63세,상해없음
2023053100100094,2023년 5월 31일 08시,수요일,경상북도 경주시 천북면,경상사고,0,0,1,0,차대차 - 기타,안전거리미확보,건조,맑음,단일로 - 기타,화물,남,35세,상해없음,승용,남,56세,상해없음
2023053100100131,2023년 5월 31일 09시,수요일,경상북도 경주시 황오동,중상사고,0,1,0,0,차대차 - 측면충돌,안전운전불이행,건조,맑음,교차로 - 교차로안,자전거,남,81세,중상,승용,남,52세,상해없음
2023053100100132,2023년 5월 31일 09시,수요일,경상북도 경주시 황성동,경상사고,0,0,1,0,차대차 - 기타,안전운전불이행,건조,맑음,교차로 - 교차로부근,승용,여,49세,상해없음,화물,남,57세,경상
2023053100100165,2023년 5월 31일 10시,수요일,경상북도 경주시 건천읍,경상사고,0,0,2,0,차대차 - 기타,안전운전불이행,건조,맑음,교차로 - 교차로안,승용,여,21세,상해없음,승용,남,63세,경상
2023053100100166,2023년 5월 31일 10시,수요일,경상북도 상주시 모서면,중상사고,0,1,3,0,차대차 - 추돌,안전운전불이행,건조,맑음,단일로 - 지하차도(도로)내,기타불명,여,23세,상해없음,기타불명,여,49세,중상
2023053100100168,2023년 5월 31일 10시,수요일,경상북도 포항시 남구 효자동,경상사고,0,0,1,0,차량단독 - 공작물충돌,안전운전불이행,건조,맑음,단일로 - 기타,화물,남,61세,기타불명,,,,
2023053100100215,2023년 5월 31일 12시,수요일,경상북도 경주시 성건동,중상사고,0,1,0,0,차대차 - 추돌,안전운전불이행,건조,맑음,교차로 - 교차로부근,승용,남,47세,상해없음,이륜,남,85세,중상
2023053100100252,2023년 5월 31일 13시,수요일,경상북도 김천시 지례면,경상사고,0,0,1,0,차대차 - 측면충돌,안전운전불이행,건조,맑음,기타 - 기타,승용,남,61세,상해없음,승용,여,59세,경상
2023053100100253,2023년 5월 31일 13시,수요일,경상북도 의성군 안계면,중상사고,0,2,0,0,차대차 - 기타,신호위반,건조,맑음,교차로 - 교차로안,화물,남,56세,상해없음,화물,남,72세,중상
2023053100100254,2023년 5월 31일 13시,수요일,경상북도 성주군 수륜면,중상사고,0,2,0,0,차대차 - 기타,안전운전불이행,건조,맑음,교차로 - 교차로부근,승합,남,65세,상해없음,화물,남,57세,중상
2023053100100255,2023년 5월 31일 13시,수요일,경상북도 구미시 고아읍,경상사고,0,0,1,1,차대차 - 측면충돌,안전운전불이행,건조,맑음,단일로 - 기타,이륜,남,38세,부상신고,승용,여,70세,경상
2023053100100294,2023년 5월 31일 14시,수요일,경상북도 포항시 북구 환호동,중상사고,0,1,0,0,차대차 - 측면충돌,신호위반,건조,맑음,교차로 - 교차로안,승용,남,73세,상해없음,이륜,남,48세,중상
2023053100100295,2023년 5월 31일 14시,수요일,경상북도 안동시 법흥동,경상사고,0,0,2,0,차대차 - 기타,중앙선침범,건조,맑음,단일로 - 기타,화물,남,65세,상해없음,승용,남,37세,경상
2023053100100332,2023년 5월 31일 15시,수요일,경상북도 청송군 청송읍,중상사고,0,1,0,0,차대사람 - 횡단중,안전운전불이행,건조,맑음,단일로 - 기타,승용,여,63세,상해없음,보행자,여,7세,중상
2023053100100374,2023년 5월 31일 16시,수요일,경상북도 포항시 남구 오천읍,부상신고사고,0,0,0,1,차대차 - 추돌,안전운전불이행,건조,맑음,교차로 - 교차로안,승용,남,55세,상해없음,승합,남,40세,상해없음
2023053100100420,2023년 5월 31일 17시,수요일,경상북도 포항시 북구 흥해읍,경상사고,0,0,1,0,차대사람 - 차도통행중,안전운전불이행,건조,맑음,단일로 - 기타,승용,남,62세,상해없음,보행자,남,45세,경상
2023053100100421,2023년 5월 31일 17시,수요일,경상북도 안동시 용상동,중상사고,0,1,1,0,차대차 - 추돌,안전거리미확보,건조,맑음,단일로 - 기타,승용,남,81세,상해없음,화물,남,30세,중상
2023053100100422,2023년 5월 31일 17시,수요일,경상북도 경산시 중산동,경상사고,0,0,1,0,차대차 - 기타,안전거리미확보,건조,맑음,단일로 - 기타,화물,남,61세,상해없음,승용,여,22세,상해없음
2023053100100423,2023년 5월 31일 17시,수요일,경상북도 경산시 남산면,경상사고,0,0,3,0,차대차 - 추돌,안전운전불이행,젖음/습기,맑음,교차로 - 교차로부근,승용,여,44세,상해없음,승용,여,57세,경상
2023053100100424,2023년 5월 31일 17시,수요일,경상북도 울진군 울진읍,경상사고,0,0,2,0,차대차 - 측면충돌,직진우회전진행방해,건조,맑음,교차로 - 교차로안,승용,여,43세,상해없음,승용,여,41세,경상
2023053100100425,2023년 5월 31일 17시,수요일,경상북도 포항시 남구 해도동,경상사고,0,0,1,0,차대차 - 정면충돌,안전운전불이행,건조,맑음,교차로 - 교차로횡단보도내,승용,남,75세,상해없음,개인형이동수단(PM),남,23세,경상
2023053100100468,2023년 5월 31일 18시,수요일,경상북도 의성군 의성읍,경상사고,0,0,1,0,차대차 - 기타,중앙선침범,건조,맑음,교차로 - 교차로부근,자전거,남,12세,경상,승용,여,60세,상해없음
2023053100100470,2023년 5월 31일 18시,수요일,경상북도 봉화군 봉화읍,경상사고,0,0,1,0,차대사람 - 기타,안전운전불이행,건조,맑음,기타 - 기타,화물,남,58세,상해없음,보행자,남,29세,경상
2023053100100471,2023년 5월 31일 18시,수요일,경상북도 고령군 대가야읍,경상사고,0,0,1,0,차대차 - 측면충돌,안전운전불이행,건조,맑음,교차로 - 교차로안,화물,남,61세,기타불명,승용,여,42세,경상
2023053100100530,2023년 5월 31일 20시,수요일,경상북도 구미시 봉곡동,경상사고,0,0,2,0,차대차 - 측면충돌,신호위반,건조,맑음,교차로 - 교차로안,이륜,남,36세,경상,승용,여,62세,경상
2023053100100531,2023년 5월 31일 20시,수요일,경상북도 구미시 형곡동,경상사고,0,0,1,0,차대차 - 측면충돌,신호위반,건조,맑음,교차로 - 교차로부근,이륜,남,54세,경상,승용,여,57세,상해없음
2023053100100558,2023년 5월 31일 21시,수요일,경상북도 포항시 북구 장성동,중상사고,0,1,0,0,차대사람 - 차도통행중,신호위반,건조,맑음,교차로 - 교차로안,승용,여,46세,상해없음,보행자,여,60세,중상
2023053100100579,2023년 5월 31일 22시,수요일,경상북도 포항시 북구 용흥동,경상사고,0,0,1,0,차대차 - 기타,안전운전불이행,건조,맑음,교차로 - 교차로안,승용,남,70세,상해없음,이륜,남,29세,경상
2023053100100580,2023년 5월 31일 22시,수요일,경상북도 포항시 북구 장성동,경상사고,0,0,2,0,차대차 - 추돌,안전운전불이행,건조,맑음,교차로 - 교차로부근,승용,남,40세,상해없음,승용,여,52세,경상
2023053100100581,2023년 5월 31일 22시,수요일,경상북도 안동시 풍산읍,경상사고,0,0,2,0,차량단독 - 기타,안전운전불이행,건조,맑음,단일로 - 기타,승용,남,33세,상해없음,,,,
2023053100100582,2023년 5월 31일 22시,수요일,경상북도 영주시 문정동,경상사고,0,0,2,1,차대차 - 추돌,안전운전불이행,건조,맑음,교차로 - 교차로안,승용,여,52세,상해없음,승용,남,29세,경상
2023053100100583,2023년 5월 31일 22시,수요일,경상북도 경산시 자인면,중상사고,0,1,3,3,차대차 - 정면충돌,신호위반,건조,맑음,교차로 - 교차로안,승용,남,62세,상해없음,승용,남,48세,경상
2023053100100602,2023년 5월 31일 23시,수요일,경상북도 포항시 북구 죽도동,중상사고,0,1,0,0,차대사람 - 기타,안전운전불이행,건조,맑음,단일로 - 기타,승용,남,64세,상해없음,보행자,남,62세,중상
2023060100100054,2023년 6월 1일 07시,목요일,경상북도 경산시 용성면,부상신고사고,0,0,0,1,차량단독 - 기타,안전운전불이행,건조,맑음,기타 - 기타,승합,남,51세,상해없음,,,,