사고번호,사고일시,요일,시군구,사고내용,사망자수,중상자수,경상자수,부상신고자수,사고유형,법규위반,노면상태,기상상태,도로형태,가해운전자 차종,가해운전자 성별,가해운전자 연령,가해운전자 상해정도,피해운전자 차종,피해운전자 성별,피해운전자 연령,피해운전자 상해정도
2023060500100147,2023년 6월 5일 10시,월요일,경상북도 포항시 북구 동빈1가,경상사고,0,0,1,0,차대차 - 정면충돌,안전운전불이행,건조,맑음,교차로 - 교차로안,승용,여,39세,상해없음,승용,남,46세,경상
2023060500100148,2023년 6월 5일 10시,월요일,경상북도 영주시 가흥동,부상신고사고,0,0,0,1,차대차 - 측면충돌,안전운전불이행,건조,맑음,교차로 - 교차로안,이륜,남,81세,부상신고,화물,남,64세,상해없음
2023060500100149,2023년 6월 5일 10시,월요일,경상북도 군위군 군위읍,중상사고,0,1,1,0,차대차 - 측면충돌,직진우회전진행방해,건조,맑음,교차로 - 교차로안,승용,여,42세,중상,승용,여,61세,경상
2023060500100188,2023년 6월 5일 11시,월요일,경상북도 경주시 양남면,경상사고,0,0,1,0,차대사람 - 차도통행중,안전운전불이행,건조,맑음,단일로 - 기타,승용,남,62세,상해없음,보행자,남,66세,경상
2023060500100189,2023년 6월 5일 11시,월요일,경상북도 안동시 일직면,중상사고,0,1,2,0,차대차 - 추돌,안전운전불이행,건조,맑음,교차로 - 교차로부근,승용,남,80세,경상,승용,여,64세,경상
2023060500100190,2023년 6월 5일 11시,월요일,경상북도 포항시 남구 오천읍,중상사고,0,1,0,0,차대사람 - 횡단중,안전운전불이행,건조,맑음,단일로 - 기타,승용,여,71세,기타불명,보행자,여,61세,중상
2023060500100297,2023년 6월 5일 14시,월요일,경상북도 포항시 남구 효자동,중상사고,0,1,0,0,차대차 - 측면충돌,안전운전불이행,건조,맑음,단일로 - 고가도로위,승용,남,41세,상해없음,이륜,남,55세,중상
2023060500100340,2023년 6월 5일 15시,월요일,경상북도 경산시 정평동,경상사고,0,0,1,0,차대차 - 기타,중앙선침범,건조,맑음,단일로 - 기타,화물,남,57세,상해없음,자전거,남,60세,경상
2023060500100341,2023년 6월 5일 15시,월요일,경상북도 청송군 청송읍,경상사고,0,0,1,0,차대차 - 측면충돌,안전운전불이행,건조,맑음,기타 - 기타,승용,남,75세,상해없음,승용,남,73세,경상
2023060500100342,2023년 6월 5일 15시,월요일,경상북도 구미시 인의동,중상사고,0,1,0,0,차대차 - 기타,교차로운행방법위반,건조,맑음,교차로 - 교차로부근,승용,남,70세,상해없음,이륜,남,45세,중상
2023060500100381,2023년 6월 5일 16시,월요일,경상북도 울진군 평해읍,경상사고,0,0,2,0,차대차 - 측면충돌,직진우회전진행방해,건조,맑음,교차로 - 교차로안,승용,여,57세,경상,승용,남,59세,경상
2023060500100422,2023년 6월 5일 17시,월요일,경상북도 안동시 풍산읍,경상사고,0,0,1,0,차대차 - 추돌,안전운전불이행,건조,맑음,단일로 - 기타,화물,남,41세,상해없음,승용,여,47세,경상
2023060500100423,2023년 6월 5일 17시,월요일,경상북도 구미시 고아읍,경상사고,0,0,1,1,차대차 - 측면충돌,신호위반,건조,맑음,교차로 - 교차로안,승용,여,47세,부상신고,승용,여,48세,경상
2023060500100424,2023년 6월 5일 17시,월요일,경상북도 구미시 원평동,경상사고,0,0,1,0,차대차 - 측면충돌,신호위반,건조,맑음,교차로 - 교차로안,승용,여,62세,상해없음,개인형이동수단(PM),남,43세,경상
2023060500100472,2023년 6월 5일 18시,월요일,경상북도 안동시 남후면,경상사고,0,0,1,0,차대차 - 추돌,안전운전불이행,건조,맑음,단일로 - 교량,화물,남,76세,상해없음,화물,남,67세,경상
2023060500100473,2023년 6월 5일 18시,월요일,경상북도 포항시 남구 장기면,부상신고사고,0,0,0,3,차대차 - 측면충돌,신호위반,건조,맑음,교차로 - 교차로안,승용,여,59세,상해없음,승용,남,58세,부상신고
2023060500100516,2023년 6월 5일 19시,월요일,경상북도 포항시 북구 흥해읍,중상사고,0,1,0,0,차량단독 - 공작물충돌,안전운전불이행,건조,맑음,교차로 - 교차로부근,승용,여,56세,중상,,,,
2023060500100517,2023년 6월 5일 19시,월요일,경상북도 영주시 이산면,경상사고,0,0,1,0,차대차 - 측면충돌,중앙선침범,건조,맑음,단일로 - 기타,승용,여,48세,상해없음,승용,남,75세,경상
2023060500100518,2023년 6월 5일 19시,월요일,경상북도 포항시 남구 상도동,경상사고,0,0,1,0,차대차 - 측면충돌,차로위반,건조,맑음,단일로 - 기타,승용,여,44세,상해없음,원동기,남,28세,경상
2023060500100538,2023년 6월 5일 20시,월요일,경상북도 칠곡군 북삼읍,경상사고,0,0,2,0,차대차 - 측면충돌,안전운전불이행,건조,맑음,단일로 - 기타,화물,남,62세,기타불명,승합,여,64세,경상
2023060500100539,2023년 6월 5일 20시,월요일,경상북도 칠곡군 왜관읍,경상사고,0,0,1,0,차대사람 - 기타,안전운전불이행,건조,맑음,단일로 - 기타,승용,남,66세,상해없음,보행자,남,73세,경상
2023060500100540,2023년 6월 5일 20시,월요일,경상북도 포항시 남구 호미곶면,경상사고,0,0,1,0,차대사람 - 기타,안전운전불이행,건조,맑음,단일로 - 기타,승용,여,50세,기타불명,보행자,남,5세,경상
2023060500100572,2023년 6월 5일 21시,월요일,경상북도 칠곡군 석적읍,사망사고,1,1,0,0,차대차 - 측면충돌,신호위반,건조,맑음,교차로 - 교차로안,자전거,남,17세,사망,승용,남,65세,상해없음
2023060500100573,2023년 6월 5일 21시,월요일,경상북도 포항시 남구 효자동,부상신고사고,0,0,0,1,차대차 - 측면충돌,교차로운행방법위반,건조,맑음,교차로 - 교차로부근,이륜,남,40세,부상신고,승용,남,31세,상해없음
2023060500100604,2023년 6월 5일 22시,월요일,경상북도 포항시 남구 대도동,중상사고,0,1,0,0,차대차 - 추돌,안전운전불이행,건조,맑음,교차로 - 교차로부근,승용,남,22세,상해없음,자전거,남,50세,중상
2023060500100628,2023년 6월 5일 23시,월요일,경상북도 칠곡군 왜관읍,경상사고,0,0,4,0,차대차 - 추돌,안전운전불이행,건조,맑음,단일로 - 기타,승용,여,63세,상해없음,승용,남,43세,경상
2023060600100055,2023년 6월 6일 06시,화요일,경상북도 구미시 원평동,경상사고,0,0,1,0,차대차 - 기타,안전운전불이행,건조,맑음,단일로 - 기타,승용,남,32세,상해없음,자전거,여,71세,경상
2023060600100096,2023년 6월 6일 09시,화요일,경상북도 포항시 북구 대흥동,중상사고,0,1,0,0,차대차 - 측면충돌,신호위반,건조,맑음,교차로 - 교차로안,사륜오토바이(ATV),여,80세,중상,승용,남,63세,상해없음
2023060600100097,2023년 6월 6일 09시,화요일,경상북도 포항시 남구 괴동동,경상사고,0,0,2,0,차대차 - 측면충돌,안전거리미확보,건조,맑음,교차로 - 교차로부근,특수,남,66세,상해없음,승용,남,28세,경상
2023060600100120,2023년 6월 6일 10시,화요일,경상북도 김천시 지좌동,경상사고,0,0,2,0,차대차 - 추돌,신호위반,건조,맑음,단일로 - 기타,이륜,남,33세,상해없음,승용,남,57세,경상
2023060600100121,2023년 6월 6일 10시,화요일,경상북도 의성군 의성읍,중상사고,0,1,1,0,차대차 - 측면충돌,신호위반,건조,맑음,교차로 - 교차로안,승용,여,66세,상해없음,원동기,남,80세,경상
2023060600100122,2023년 6월 6일 10시,화요일,경상북도 영덕군 강구면,경상사고,0,0,1,0,차대차 - 측면충돌,안전운전불이행,건조,맑음,교차로 - 교차로부근,승용,남,63세,상해없음,이륜,여,68세,경상
2023060600100123,2023년 6월 6일 10시,화요일,경상북도 울진군 후포면,중상사고,0,1,0,0,차대차 - 정면충돌,안전운전불이행,건조,맑음,단일로 - 기타,승용,여,68세,상해없음,이륜,남,60세,중상
2023060600100154,2023년 6월 6일 11시,화요일,경상북도 울진군 금강송면,부상신고사고,0,0,0,1,차량단독 - 공작물충돌,안전운전불이행,건조,맑음,단일로 - 기타,승용,남,58세,부상신고,,,,
2023060600100155,2023년 6월 6일 11시,화요일,경상북도 구미시 사곡동,경상사고,0,0,1,0,차대차 - 기타,안전거리미확보,건조,맑음,교차로 - 교차로안,이륜,남,83세,경상,승용,남,48세,상해없음
2023060600100180,2023년 6월 6일 12시,화요일,경상북도 포항시 북구 대흥동,경상사고,0,0,2,0,차대차 - 측면충돌,신호위반,건조,맑음,교차로 - 교차로안,승용,여,62세,경상,개인형이동수단(PM),남,42세,경상
2023060600100181,2023년 6월 6일 12시,화요일,경상북도 의성군 춘산면,중상사고,0,2,0,0,차량단독 - 공작물충돌,안전운전불이행,건조,맑음,단일로 - 기타,화물,남,72세,중상,,,,
2023060600100182,2023년 6월 6일 12시,화요일,경상북도 포항시 남구 송내동,경상사고,0,0,1,0,차대차 - 추돌,안전거리미확보,건조,맑음,교차로 - 교차로안,승용,남,35세,상해없음,승용,여,53세,경상
2023060600100216,2023년 6월 6일 13시,화요일,경상북도 경주시 성건동,중상사고,0,1,0,0,차대차 - 측면충돌,신호위반,건조,맑음,교차로 - 교차로안,승용,여,45세,상해없음,승용,남,70세,중상
2023060600100217,2023년 6월 6일 13시,화요일,경상북도 경주시 석장동,중상사고,0,1,0,0,차대차 - 후진중충돌,안전운전불이행,건조,맑음,기타 - 기타,승용,남,28세,상해없음,이륜,남,24세,중상
2023060600100218,2023년 6월 6일 13시,화요일,경상북도 성주군 성주읍,경상사고,0,0,1,0,차대차 - 후진중충돌,안전운전불이행,건조,맑음,주차장 - 주차장,승용,남,40세,상해없음,승용,남,30세,상해없음
2023060600100219,2023년 6월 6일 13시,화요일,경상북도 고령군 운수면,경상사고,0,0,5,0,차대차 - 정면충돌,중앙선침범,건조,맑음,단일로 - 기타,승용,남,47세,상해없음,승용,남,49세,경상
2023060600100220,2023년 6월 6일 13시,화요일,경상북도 포항시 남구 상도동,중상사고,0,2,1,0,차대차 - 측면충돌,신호위반,건조,맑음,교차로 - 교차로안,승용,남,53세,경상,승용,남,71세,중상
2023060600100247,2023년 6월 6일 14시,화요일,경상북도 포항시 북구 신흥동,중상사고,0,1,0,0,차대차 - 측면충돌,안전운전불이행,건조,맑음,단일로 - 기타,승용,여,45세,상해없음,자전거,남,76세,중상
2023060600100248,2023년 6월 6일 14시,화요일,경상북도 봉화군 명호면,중상사고,0,1,0,0,차량단독 - 공작물충돌,안전운전불이행,건조,맑음,기타 - 기타,농기계,남,82세,중상,,,,
2023060600100271,2023년 6월 6일 15시,화요일,경상북도 안동시 용상동,경상사고,0,0,1,0,차대차 - 기타,직진우회전진행방해,건조,맑음,교차로 - 교차로안,승용,남,47세,상해없음,이륜,여,62세,경상
2023060600100272,2023년 6월 6일 15시,화요일,경상북도 문경시 모전동,부상신고사고,0,0,0,1,차대차 - 측면충돌,안전운전불이행,건조,맑음,교차로 - 교차로안,자전거,남,11세,부상신고,승용,남,77세,상해없음
2023060600100273,2023년 6월 6일 15시,화요일,경상북도 포항시 남구 해도동,중상사고,0,1,0,0,차대사람 - 보도통행중,안전운전불이행,건조,맑음,단일로 - 기타,승용,여,76세,상해없음,보행자,여,51세,중상
2023060600100309,2023년 6월 6일 16시,화요일,경상북도 김천시 교동,경상사고,0,0,1,0,차대사람 - 차도통행중,안전운전불이행,건조,맑음,단일로 - 기타,승용,여,37세,상해없음,보행자,남,54세,경상
2023060600100310,2023년 6월 6일 16시,화요일,경상북도 포항시 남구 송도동,중상사고,0,1,0,0,차대차 - 측면충돌,안전운전불이행,건조,맑음,교차로 - 교차로안,승용,남,21세,상해없음,자전거,여,69세,중상
2023060600100344,2023년 6월 6일 17시,화요일,경상북도 경주시 외동읍,경상사고,0,0,1,0,차대차 - 측면충돌,중앙선침범,건조,맑음,단일로 - 기타,화물,남,53세,상해없음,승용,남,43세,경상
2023060600100345,2023년 6월 6일 17시,화요일,경상북도 안동시 용상동,경상사고,0,0,2,0,차대사람 - 횡단중,안전운전불이행,건조,맑음,단일로 - 기타,이륜,남,43세,경상,보행자,남,28세,경상
2023060600100346,2023년 6월 6일 17시,화요일,경상북도 칠곡군 약목면,중상사고,0,1,0,0,차량단독 - 전도전복 - 전도,안전운전불이행,건조,맑음,단일로 - 기타,이륜,남,87세,중상,,,,
2023060600100347,2023년 6월 6일 17시,화요일,경상북도 청도군 화양읍,경상사고,0,0,1,0,차대차 - 측면충돌,안전운전불이행,건조,맑음,교차로 - 교차로안,승용,여,34세,상해없음,사륜오토바이(ATV),남,85세,경상
2023060600100348,2023년 6월 6일 17시,화요일,경상북도 구미시 공단동,경상사고,0,0,2,0,차대차 - 측면충돌,안전운전불이행,건조,맑음,교차로 - 교차로부근,승용,남,61세,상해없음,승용,남,24세,경상
2023060600100349,2023년 6월 6일 17시,화요일,경상북도 포항시 남구 해도동,경상사고,0,0,1,1,차대차 - 측면충돌,신호위반,건조,맑음,교차로 - 교차로안,승용,남,49세,상해없음,승용,남,45세,부상신고
2023060600100350,2023년 6월 6일 17시,화요일,경상북도 포항시 남구 오천읍,경상사고,0,0,1,0,차대차 - 기타,신호위반,건조,맑음,교차로 - 교차로부근,승용,여,60세,상해없음,이륜,남,23세,경상
2023060600100385,2023년 6월 6일 18시,화요일,경상북도 상주시 남성동,경상사고,0,0,2,0,차대차 - 측면충돌,직진우회전진행방해,건조,맑음,교차로 - 교차로안,승용,여,33세,상해없음,화물,남,64세,경상
2023060600100386,2023년 6월 6일 18시,화요일,경상북도 경산시 삼북동,경상사고,0,0,1,0,차대차 - 측면충돌,안전운전불이행,건조,맑음,교차로 - 교차로안,화물,남,82세,상해없음,승합,남,30세,경상
2023060600100432,2023년 6월 6일 20시,화요일,경상북도 구미시 도량동,경상사고,0,0,1,0,차대차 - 기타,안전거리미확보,건조,맑음,교차로 - 교차로부근,승용,여,63세,상해없음,승용,여,31세,경상
2023060600100458,2023년 6월 6일 21시,화요일,경상북도 경주시 성건동,중상사고,0,2,0,0,차대사람 - 횡단중,보행자보호의무위반,건조,맑음,단일로 - 기타,승용,여,50세,상해없음,보행자,여,21세,중상
2023060600100459,2023년 6월 6일 21시,화요일,경상북도 예천군 감천면,중상사고,0,1,1,0,차대차 - 측면충돌,안전운전불이행,건조,맑음,단일로 - 기타,화물,남,56세,상해없음,화물,남,49세,중상
2023060700100056,2023년 6월 7일 07시,수요일,경상북도 구미시 거의동,경상사고,0,0,1,0,차대차 - 정면충돌,안전운전불이행,건조,맑음,단일로 - 기타,승용,남,23세,상해없음,승용,남,42세,경상
2023060700100093,2023년 6월 7일 08시,수요일,경상북도 포항시 북구 두호동,중상사고,0,1,0,0,차대사람 - 길가장자리구역통행중,안전운전불이행,건조,맑음,단일로 - 기타,승용,여,62세,상해없음,보행자,남,74세,중상
2023060700100095,2023년 6월 7일 08시,수요일,경상북도 포항시 남구 해도동,부상신고사고,0,0,0,1,차대차 - 측면충돌,안전운전불이행,건조,맑음,교차로 - 교차로안,자전거,남,14세,부상신고,승용,여,50세,상해없음
2023060700100141,2023년 6월 7일 09시,수요일,경상북도 경산시 삼풍동,경상사고,0,0,1,0,차대차 - 기타,신호위반,건조,맑음,교차로 - 교차로횡단보도내,승용,여,52세,상해없음,자전거,남,72세,경상
2023060700100142,2023년 6월 7일 09시,수요일,경상북도 포항시 남구 장흥동,중상사고,0,1,0,0,차대차 - 기타,안전운전불이행,건조,맑음,단일로 - 기타,화물,남,62세,중상,화물,남,59세,상해없음
2023060700100173,2023년 6월 7일 10시,수요일,경상북도 상주시 사벌국면,사망사고,1,0,0,0,차대차 - 측면충돌,기타,건조,맑음,교차로 - 교차로안,승용,여,55세,상해없음,이륜,남,85세,사망
2023060700100174,2023년 6월 7일 10시,수요일,경상북도 상주시 낙동면,부상신고사고,0,0,0,1,차대차 - 추돌,교차로운행방법위반,건조,맑음,교차로 - 교차로부근,승용,남,28세,상해없음,이륜,남,63세,부상신고
2023060700100175,2023년 6월 7일 10시,수요일,경상북도 영주시 휴천동,중상사고,0,1,0,0,차대차 - 기타,교차로운행방법위반,건조,맑음,교차로 - 교차로안,승용,여,67세,상해없음,이륜,남,69세,중상
2023060700100176,2023년 6월 7일 10시,수요일,경상북도 문경시 모전동,경상사고,0,0,1,0,차대차 - 기타,안전운전불이행,건조,맑음,교차로 - 교차로부근,자전거,남,74세,경상,승용,남,29세,상해없음
2023060700100177,2023년 6월 7일 10시,수요일,경상북도 구미시 송정동,경상사고,0,0,1,0,차대차 - 정면충돌,신호위반,건조,맑음,교차로 - 교차로안,승용,남,79세,상해없음,승용,남,62세,경상
2023060700100213,2023년 6월 7일 11시,수요일,경상북도 영덕군 영덕읍,중상사고,0,1,0,0,차대차 - 추돌,기타,건조,맑음,단일로 - 기타,승용,남,62세,중상,화물,남,66세,상해없음
2023060700100246,2023년 6월 7일 12시,수요일,경상북도 안동시 옥동,중상사고,0,1,0,0,차대차 - 측면충돌,안전운전불이행,건조,맑음,주차장 - 주차장,승합,남,51세,상해없음,승용,남,50세,중상
2023060700100247,2023년 6월 7일 12시,수요일,경상북도 의성군 다인면,중상사고,0,1,0,0,차대차 - 측면충돌,안전운전불이행,건조,맑음,단일로 - 기타,화물,남,52세,상해없음,사륜오토바이(ATV),여,68세,중상
2023060700100248,2023년 6월 7일 12시,수요일,경상북도 영천시 과전동,중상사고,0,1,1,0,차대차 - 측면충돌,기타,건조,맑음,교차로 - 교차로안,이륜,남,32세,중상,승용,남,49세,경상
2023060700100249,2023년 6월 7일 12시,수요일,경상북도 청송군 청송읍,사망사고,1,0,0,0,차대차 - 정면충돌,안전운전불이행,건조,맑음,단일로 - 기타,승용,남,78세,사망,승용,남,48세,기타불명
2023060700100274,2023년 6월 7일 13시,수요일,경상북도 상주시 낙동면,중상사고,0,1,0,0,차대차 - 측면충돌,교차로운행방법위반,건조,맑음,교차로 - 교차로안,사륜오토바이(ATV),여,76세,중상,승용,남,63세,상해없음
2023060700100275,2023년 6월 7일 13시,수요일,경상북도 포항시 남구 대송면,경상사고,0,0,1,0,차대차 - 측면충돌,직진우회전진행방해,건조,맑음,교차로 - 교차로안,승용,여,67세,기타불명,승용,남,62세,경상
2023060700100276,2023년 6월 7일 13시,수요일,경상북도 고령군 성산면,경상사고,0,0,3,0,차대차 - 측면충돌,안전운전불이행,건조,맑음,단일로 - 기타,승용,여,54세,경상,승용,여,59세,경상
2023060700100345,2023년 6월 7일 15시,수요일,경상북도 경주시 성건동,중상사고,0,1,0,0,차대사람 - 차도통행중,안전운전불이행,건조,맑음,기타 - 기타,승용,남,38세,상해없음,보행자,여,71세,중상
2023060700100346,2023년 6월 7일 15시,수요일,경상북도 김천시 구성면,경상사고,0,0,4,0,차대차 - 추돌,안전운전불이행,건조,맑음,단일로 - 기타,화물,남,75세,상해없음,승용,남,40세,경상
2023060700100347,2023년 6월 7일 15시,수요일,경상북도 포항시 남구 해도동,경상사고,0,0,1,0,차대차 - 측면충돌,중앙선침범,건조,맑음,단일로 - 기타,개인형이동수단(PM),여,14세,경상,승용,남,48세,상해없음
2023060700100348,2023년 6월 7일 15시,수요일,경상북도 칠곡군 지천면,경상사고,0,0,1,1,차대차 - 추돌,안전운전불이행,건조,맑음,단일로 - 기타,건설기계,남,43세,부상신고,화물,남,57세,경상
2023060700100394,2023년 6월 7일 16시,수요일,경상북도 영주시 문정동,중상사고,0,1,1,0,차대차 - 추돌,안전운전불이행,건조,맑음,단일로 - 기타,자전거,남,77세,중상,개인형이동수단(PM),여,66세,경상
2023060700100395,2023년 6월 7일 16시,수요일,경상북도 봉화군 춘양면,중상사고,0,1,0,0,차대차 - 측면충돌,안전운전불이행,건조,맑음,단일로 - 기타,이륜,남,87세,중상,승용,남,81세,상해없음
2023060700100396,2023년 6월 7일 16시,수요일,경상북도 봉화군 춘양면,경상사고,0,0,1,0,차대사람 - 기타,안전운전불이행,건조,맑음,단일로 - 기타,이륜,남,18세,상해없음,보행자,여,16세,경상
2023060700100397,2023년 6월 7일 16시,수요일,경상북도 구미시 원평동,경상사고,0,0,2,0,차대차 - 측면충돌,직진우회전진행방해,건조,맑음,교차로 - 교차로안,승용,여,44세,상해없음,승용,여,58세,경상
2023060700100438,2023년 6월 7일 17시,수요일,경상북도 봉화군 봉성면,중상사고,0,1,0,0,차대차 - 추돌,안전운전불이행,건조,맑음,교차로 - 교차로부근,승용,여,36세,상해없음,화물,남,70세,중상
2023060700100474,2023년 6월 7일 18시,수요일,경상북도 경주시 안강읍,경상사고,0,0,1,0,차대차 - 측면충돌,안전운전불이행,건조,맑음,기타 - 기타,이륜,남,17세,경상,승용,여,49세,상해없음
2023060700100475,2023년 6월 7일 18시,수요일,경상북도 김천시 평화동,경상사고,0,0,1,0,차대차 - 측면충돌,안전운전불이행,건조,맑음,교차로 - 교차로안,승용,여,68세,상해없음,이륜,여,68세,경상
2023060700100477,2023년 6월 7일 18시,수요일,경상북도 구미시 구평동,경상사고,0,0,1,1,차대차 - 측면충돌,신호위반,건조,맑음,교차로 - 교차로안,원동기,남,35세,부상신고,승용,남,42세,경상
2023060700100515,2023년 6월 7일 19시,수요일,경상북도 경주시 충효동,경상사고,0,0,1,0,차대사람 - 차도통행중,신호위반,건조,맑음,교차로 - 교차로횡단보도내,이륜,남,17세,상해없음,보행자,여,48세,경상
2023060700100516,2023년 6월 7일 19시,수요일,경상북도 안동시 옥동,중상사고,0,1,0,0,차대사람 - 횡단중,보행자보호의무위반,건조,맑음,단일로 - 기타,승용,여,39세,상해없음,보행자,여,82세,중상
2023060700100517,2023년 6월 7일 19시,수요일,경상북도 구미시 봉곡동,경상사고,0,0,1,0,차대차 - 측면충돌,교차로운행방법위반,건조,맑음,교차로 - 교차로안,화물,남,55세,상해없음,자전거,여,11세,경상
2023060700100518,2023년 6월 7일 19시,수요일,경상북도 포항시 남구 대잠동,경상사고,0,0,1,0,차대차 - 측면충돌,교차로운행방법위반,건조,맑음,교차로 - 교차로부근,승용,남,75세,기타불명,승용,여,49세,경상
2023060700100545,2023년 6월 7일 20시,수요일,경상북도 포항시 북구 장성동,경상사고,0,0,1,0,차대차 - 측면충돌,안전운전불이행,건조,맑음,기타 - 기타,이륜,여,17세,경상,승용,남,47세,기타불명
2023060700100546,2023년 6월 7일 20시,수요일,경상북도 성주군 선남면,사망사고,1,0,1,1,차대차 - 추돌,기타,건조,맑음,단일로 - 교량,화물,여,56세,경상,농기계,남,58세,사망
2023060700100547,2023년 6월 7일 20시,수요일,경상북도 구미시 형곡동,경상사고,0,0,1,0,차대차 - 측면충돌,신호위반,건조,맑음,교차로 - 교차로안,승용,남,69세,상해없음,승용,남,31세,경상
2023060700100548,2023년 6월 7일 20시,수요일,경상북도 포항시 남구 오천읍,경상사고,0,0,1,0,차대차 - 측면충돌,직진우회전진행방해,건조,맑음,교차로 - 교차로부근,승용,여,60세,상해없음,승용,여,48세,경상
2023060700100569,2023년 6월 7일 21시,수요일,경상북도 포항시 북구 장성동,중상사고,0,1,0,0,차대사람 - 보도통행중,기타,건조,맑음,단일로 - 기타,개인형이동수단(PM),남,16세,상해없음,보행자,여,71세,중상
2023060700100570,2023년 6월 7일 21시,수요일,경상북도 안동시 태화동,중상사고,0,1,0,0,차대사람 - 횡단중,보행자보호의무위반,건조,맑음,교차로 - 교차로부근,승합,남,77세,상해없음,보행자,여,28세,중상
2023060700100613,2023년 6월 7일 23시,수요일,경상북도 경산시 진량읍,중상사고,0,1,0,0,차대사람 - 차도통행중,안전운전불이행,건조,맑음,단일로 - 기타,이륜,남,20세,상해없음,보행자,여,64세,중상
2023060800100107,2023년 6월 8일 08시,목요일,경상북도 안동시 송현동,경상사고,0,0,1,0,차대차 - 기타,안전운전불이행,건조,맑음,교차로 - 교차로안,승용,남,24세,상해없음,승용,여,31세,경상
2023060800100108,2023년 6월 8일 08시,목요일,경상북도 영천시 화룡동,경상사고,0,0,3,0,차대차 - 추돌,안전운전불이행,건조,맑음,교차로 - 교차로안,승용,남,76세,경상,승용,여,64세,경상
2023060800100109,2023년 6월 8일 08시,목요일,경상북도 포항시 남구 해도동,부상신고사고,0,0,0,1,차대차 - 측면충돌,안전운전불이행,건조,맑음,단일로 - 지하차도(도로)내,자전거,남,71세,부상신고,승용,여,39세,상해없음
2023060800100143,2023년 6월 8일 09시,목요일,경상북도 안동시 정하동,경상사고,0,0,1,0,차대차 - 기타,직진우회전진행방해,건조,맑음,교차로 - 교차로안,이륜,남,80세,경상,화물,남,48세,상해없음
2023060800100144,2023년 6월 8일 09시,목요일,경상북도 안동시 금곡동,중상사고,0,1,0,0,차대차 - 기타,안전운전불이행,건조,맑음,교차로 - 교차로안,화물,여,62세,상해없음,승용,남,60세,중상
2023060800100145,2023년 6월 8일 09시,목요일,경상북도 경산시 와촌면,중상사고,0,1,0,0,차량단독 - 공작물충돌,안전운전불이행,건조,맑음,단일로 - 기타,원동기,여,75세,중상,,,,
2023060800100146,2023년 6월 8일 09시,목요일,경상북도 청도군 이서면,중상사고,0,1,5,0,차대차 - 측면충돌,안전운전불이행,건조,맑음,교차로 - 교차로안,승합,남,63세,상해없음,건설기계,남,57세,상해없음
2023060800100147,2023년 6월 8일 09시,목요일,경상북도 군위군 삼국유사면,경상사고,0,0,1,0,차대차 - 추돌,안전운전불이행,건조,맑음,단일로 - 기타,화물,남,66세,경상,화물,남,49세,상해없음
2023060800100179,2023년 6월 8일 10시,목요일,경상북도 안동시 운흥동,중상사고,0,1,1,0,차대차 - 기타,안전거리미확보,건조,맑음,단일로 - 기타,승용,여,64세,경상,승합,남,52세,상해없음
2023060800100180,2023년 6월 8일 10시,목요일,경상북도 칠곡군 왜관읍,경상사고,0,0,2,0,차대차 - 추돌,안전운전불이행,건조,맑음,단일로 - 지하차도(도로)내,승용,남,45세,기타불명,화물,남,50세,경상
2023060800100226,2023년 6월 8일 12시,목요일,경상북도 경산시 옥산동,경상사고,0,0,1,0,차대차 - 측면충돌,안전운전불이행,건조,맑음,기타 - 기타,이륜,남,52세,경상,승용,남,51세,기타불명
2023060800100227,2023년 6월 8일 12시,목요일,경상북도 경산시 진량읍,경상사고,0,0,1,0,차대차 - 측면충돌,차로위반,건조,맑음,단일로 - 기타,화물,남,35세,상해없음,승용,여,27세,경상
2023060800100228,2023년 6월 8일 12시,목요일,경상북도 영덕군 강구면,경상사고,0,0,2,0,차대차 - 추돌,안전거리미확보,건조,맑음,단일로 - 기타,승용,남,44세,상해없음,화물,남,70세,경상
2023060800100230,2023년 6월 8일 12시,목요일,경상북도 구미시 봉곡동,경상사고,0,0,1,0,차대사람 - 기타,안전운전불이행,건조,맑음,교차로 - 교차로부근,승용,여,61세,상해없음,보행자,여,20세,경상
2023060800100259,2023년 6월 8일 13시,목요일,경상북도 안동시 평화동,경상사고,0,0,1,0,차대차 - 기타,교차로운행방법위반,건조,맑음,교차로 - 교차로안,승용,남,56세,상해없음,이륜,남,38세,경상
2023060800100260,2023년 6월 8일 13시,목요일,경상북도 영천시 금호읍,경상사고,0,0,2,0,차대차 - 정면충돌,안전운전불이행,건조,맑음,교차로 - 교차로부근,승용,남,80세,상해없음,승용,남,27세,경상
2023060800100288,2023년 6월 8일 14시,목요일,경상북도 포항시 남구 오천읍,경상사고,0,0,1,0,차대차 - 측면충돌,기타,건조,맑음,교차로 - 교차로안,화물,남,38세,상해없음,승용,여,34세,경상
2023060800100350,2023년 6월 8일 16시,목요일,경상북도 김천시 어모면,중상사고,0,1,1,0,차대차 - 측면충돌,교차로운행방법위반,젖음/습기,비,교차로 - 교차로안,승용,남,45세,상해없음,승합,남,33세,중상
2023060800100351,2023년 6월 8일 16시,목요일,경상북도 상주시 만산동,경상사고,0,0,1,0,차대차 - 측면충돌,직진우회전진행방해,젖음/습기,비,교차로 - 교차로안,승용,여,54세,상해없음,승용,남,67세,경상
2023060800100352,2023년 6월 8일 16시,목요일,경상북도 문경시 마성면,경상사고,0,0,1,0,차대차 - 정면충돌,안전운전불이행,건조,맑음,단일로 - 기타,이륜,남,87세,경상,화물,남,51세,상해없음