사고번호,사고일시,요일,시군구,사고내용,사망자수,중상자수,경상자수,부상신고자수,사고유형,법규위반,노면상태,기상상태,도로형태,가해운전자 차종,가해운전자 성별,가해운전자 연령,가해운전자 상해정도,피해운전자 차종,피해운전자 성별,피해운전자 연령,피해운전자 상해정도
2023060800100390,2023년 6월 8일 17시,목요일,경상북도 상주시 만산동,중상사고,0,1,0,0,차대사람 - 기타,안전운전불이행,젖음/습기,흐림,단일로 - 지하차도(도로)내,승용,여,52세,상해없음,보행자,남,51세,중상
2023060800100391,2023년 6월 8일 17시,목요일,경상북도 의성군 의성읍,중상사고,0,1,1,0,차대차 - 정면충돌,중앙선침범,건조,흐림,단일로 - 기타,승용,여,62세,중상,화물,남,44세,경상
2023060800100425,2023년 6월 8일 18시,목요일,경상북도 구미시 상모동,경상사고,0,0,1,0,차대차 - 측면충돌,직진우회전진행방해,건조,맑음,교차로 - 교차로안,승용,여,24세,상해없음,자전거,남,14세,경상
2023060800100426,2023년 6월 8일 18시,목요일,경상북도 구미시 옥계동,경상사고,0,0,1,0,차대차 - 기타,안전운전불이행,건조,맑음,단일로 - 기타,승용,여,32세,기타불명,승용,여,48세,경상
2023060800100427,2023년 6월 8일 18시,목요일,경상북도 포항시 남구 송내동,경상사고,0,0,1,0,차대차 - 측면충돌,안전운전불이행,건조,맑음,교차로 - 교차로안,승합,남,71세,상해없음,승용,남,28세,경상
2023060800100454,2023년 6월 8일 19시,목요일,경상북도 경주시 석장동,중상사고,0,1,0,0,차대차 - 추돌,안전운전불이행,건조,맑음,교차로 - 교차로부근,승용,남,25세,상해없음,이륜,남,48세,중상
2023060800100455,2023년 6월 8일 19시,목요일,경상북도 포항시 남구 연일읍,경상사고,0,0,1,0,차대사람 - 횡단중,보행자보호의무위반,건조,맑음,교차로 - 교차로횡단보도내,승용,여,31세,상해없음,보행자,여,74세,경상
2023060800100484,2023년 6월 8일 20시,목요일,경상북도 포항시 남구 해도동,중상사고,0,1,1,0,차대차 - 측면충돌,안전운전불이행,건조,맑음,교차로 - 교차로안,승용,남,18세,상해없음,화물,남,26세,경상
2023060800100525,2023년 6월 8일 21시,목요일,경상북도 영천시 완산동,경상사고,0,0,1,0,차대사람 - 횡단중,보행자보호의무위반,건조,맑음,단일로 - 기타,승용,남,70세,상해없음,보행자,여,50세,경상
2023060800100526,2023년 6월 8일 21시,목요일,경상북도 포항시 남구 연일읍,중상사고,0,1,0,0,차대차 - 측면충돌,안전운전불이행,건조,맑음,교차로 - 교차로부근,승용,남,27세,상해없음,이륜,남,35세,중상
2023060900100016,2023년 6월 9일 00시,금요일,경상북도 포항시 북구 죽도동,경상사고,0,0,1,0,차대차 - 기타,교차로운행방법위반,건조,맑음,교차로 - 교차로부근,승용,남,55세,상해없음,이륜,남,35세,경상
2023060900100040,2023년 6월 9일 05시,금요일,경상북도 문경시 산북면,부상신고사고,0,0,0,1,차량단독 - 공작물충돌,안전운전불이행,젖음/습기,비,단일로 - 기타,승용,남,27세,부상신고,,,,
2023060900100041,2023년 6월 9일 05시,금요일,경상북도 구미시 고아읍,경상사고,0,0,1,0,차대차 - 기타,신호위반,건조,맑음,교차로 - 교차로안,이륜,남,63세,경상,승용,남,83세,상해없음
2023060900100065,2023년 6월 9일 07시,금요일,경상북도 구미시 오태동,경상사고,0,0,1,0,차대차 - 측면충돌,중앙선침범,건조,맑음,단일로 - 기타,승용,여,30세,상해없음,특수,남,46세,경상
2023060900100096,2023년 6월 9일 08시,금요일,경상북도 칠곡군 약목면,경상사고,0,0,2,0,차대차 - 추돌,안전운전불이행,건조,맑음,교차로 - 교차로부근,승용,남,41세,경상,승용,남,24세,경상
2023060900100136,2023년 6월 9일 09시,금요일,경상북도 울릉군 북면,중상사고,0,1,0,0,차대차 - 측면충돌,안전운전불이행,건조,맑음,단일로 - 기타,이륜,남,69세,중상,승용,여,63세,상해없음
2023060900100137,2023년 6월 9일 09시,금요일,경상북도 포항시 남구 호미곶면,경상사고,0,0,1,0,차대차 - 기타,안전운전불이행,건조,맑음,교차로 - 교차로부근,승용,남,68세,상해없음,승합,남,47세,경상
2023060900100170,2023년 6월 9일 10시,금요일,경상북도 포항시 북구 흥해읍,중상사고,0,1,3,0,차대차 - 추돌,안전운전불이행,건조,맑음,기타 - 기타,승용,여,47세,경상,승용,여,55세,경상
2023060900100171,2023년 6월 9일 10시,금요일,경상북도 경산시 하양읍,경상사고,0,0,1,0,차대사람 - 기타,안전운전불이행,건조,맑음,단일로 - 지하차도(도로)내,화물,남,62세,상해없음,보행자,남,58세,경상
2023060900100172,2023년 6월 9일 10시,금요일,경상북도 포항시 남구 인덕동,부상신고사고,0,0,0,1,차대차 - 정면충돌,기타,건조,맑음,교차로 - 교차로부근,자전거,남,37세,부상신고,승용,남,67세,상해없음
2023060900100208,2023년 6월 9일 11시,금요일,경상북도 칠곡군 지천면,중상사고,0,2,0,0,차대차 - 기타,기타,건조,맑음,단일로 - 기타,화물,남,44세,상해없음,승용,남,31세,중상
2023060900100209,2023년 6월 9일 11시,금요일,경상북도 영덕군 영덕읍,경상사고,0,0,2,0,차대차 - 측면충돌,안전운전불이행,건조,맑음,단일로 - 기타,화물,남,45세,상해없음,승용,남,72세,경상
2023060900100210,2023년 6월 9일 11시,금요일,경상북도 영양군 영양읍,경상사고,0,0,2,0,차대차 - 측면충돌,직진우회전진행방해,건조,맑음,교차로 - 교차로안,원동기,남,86세,경상,승용,여,29세,경상
2023060900100211,2023년 6월 9일 11시,금요일,경상북도 포항시 남구 지곡동,경상사고,0,0,1,1,차대차 - 측면충돌,안전운전불이행,건조,맑음,교차로 - 교차로안,승용,여,29세,부상신고,이륜,남,37세,경상
2023060900100252,2023년 6월 9일 12시,금요일,경상북도 포항시 북구 흥해읍,경상사고,0,0,1,0,차대차 - 측면충돌,안전운전불이행,건조,맑음,단일로 - 기타,승용,여,52세,상해없음,승용,남,67세,경상
2023060900100253,2023년 6월 9일 12시,금요일,경상북도 청송군 안덕면,경상사고,0,0,2,0,차대차 - 후진중충돌,안전운전불이행,건조,맑음,단일로 - 기타,승용,남,71세,경상,화물,남,64세,경상
2023060900100275,2023년 6월 9일 13시,금요일,경상북도 영주시 문정동,경상사고,0,0,1,0,차대차 - 추돌,안전운전불이행,건조,맑음,교차로 - 교차로안,이륜,남,66세,상해없음,화물,남,56세,경상
2023060900100304,2023년 6월 9일 14시,금요일,경상북도 영천시 완산동,경상사고,0,0,2,0,차대차 - 후진중충돌,안전운전불이행,건조,맑음,단일로 - 기타,승용,남,67세,상해없음,승용,남,37세,경상
2023060900100305,2023년 6월 9일 14시,금요일,경상북도 구미시 사곡동,경상사고,0,0,1,1,차대차 - 측면충돌,직진우회전진행방해,건조,맑음,교차로 - 교차로안,승용,여,47세,부상신고,승용,남,30세,경상
2023060900100306,2023년 6월 9일 14시,금요일,경상북도 포항시 남구 연일읍,중상사고,0,2,0,0,차대차 - 추돌,안전거리미확보,건조,맑음,단일로 - 기타,승용,남,25세,상해없음,승용,남,64세,중상
2023060900100338,2023년 6월 9일 15시,금요일,경상북도 경주시 황성동,부상신고사고,0,0,0,1,차대차 - 측면충돌,안전운전불이행,건조,맑음,교차로 - 교차로부근,승용,여,48세,상해없음,자전거,남,15세,부상신고
2023060900100339,2023년 6월 9일 15시,금요일,경상북도 포항시 북구 흥해읍,경상사고,0,0,1,0,차대차 - 측면충돌,안전운전불이행,건조,맑음,단일로 - 터널,승용,남,22세,상해없음,승용,여,55세,경상
2023060900100340,2023년 6월 9일 15시,금요일,경상북도 경산시 중방동,경상사고,0,0,2,0,차대차 - 추돌,안전거리미확보,건조,맑음,단일로 - 기타,승용,남,61세,경상,승용,남,31세,경상
2023060900100341,2023년 6월 9일 15시,금요일,경상북도 포항시 남구 지곡동,경상사고,0,0,2,0,차대차 - 기타,안전운전불이행,건조,맑음,교차로 - 교차로부근,승용,남,62세,상해없음,승용,남,27세,경상
2023060900100393,2023년 6월 9일 16시,금요일,경상북도 포항시 북구 우현동,중상사고,0,1,0,0,차대차 - 기타,신호위반,건조,맑음,교차로 - 교차로안,승용,남,23세,상해없음,승용,여,48세,중상
2023060900100394,2023년 6월 9일 16시,금요일,경상북도 안동시 풍천면,경상사고,0,0,2,0,차대차 - 기타,기타,건조,맑음,교차로 - 교차로안,승용,남,59세,경상,승용,남,28세,경상
2023060900100448,2023년 6월 9일 17시,금요일,경상북도 상주시 함창읍,경상사고,0,0,1,0,차대차 - 측면충돌,직진우회전진행방해,건조,맑음,교차로 - 교차로안,이륜,남,76세,상해없음,자전거,남,35세,경상
2023060900100449,2023년 6월 9일 17시,금요일,경상북도 칠곡군 기산면,중상사고,0,1,5,0,차대차 - 추돌,안전운전불이행,건조,맑음,단일로 - 기타,화물,남,23세,상해없음,승용,여,37세,경상
2023060900100507,2023년 6월 9일 18시,금요일,경상북도 울진군 북면,중상사고,0,2,1,0,차대차 - 측면충돌,교차로운행방법위반,건조,맑음,교차로 - 교차로안,승용,남,55세,중상,승합,남,70세,중상
2023060900100508,2023년 6월 9일 18시,금요일,경상북도 포항시 남구 오천읍,경상사고,0,0,1,0,차대차 - 측면충돌,신호위반,건조,맑음,단일로 - 고가도로위,승용,여,60세,상해없음,승용,남,28세,경상
2023060900100580,2023년 6월 9일 20시,금요일,경상북도 영양군 석보면,중상사고,0,1,0,0,차대차 - 추돌,안전운전불이행,건조,맑음,단일로 - 기타,승용,남,59세,상해없음,화물,남,54세,상해없음
2023060900100581,2023년 6월 9일 20시,금요일,경상북도 구미시 선산읍,중상사고,0,1,1,0,차량단독 - 주/정차차량 충돌,안전운전불이행,건조,맑음,단일로 - 기타,승용,여,56세,경상,,,,
2023060900100630,2023년 6월 9일 22시,금요일,경상북도 포항시 남구 연일읍,중상사고,0,1,0,0,차대사람 - 횡단중,안전운전불이행,건조,맑음,단일로 - 기타,승용,남,58세,상해없음,보행자,남,52세,중상
2023060900100646,2023년 6월 9일 23시,금요일,경상북도 경산시 백천동,경상사고,0,0,1,0,차대차 - 측면충돌,신호위반,건조,맑음,교차로 - 교차로안,승용,남,70세,상해없음,승용,여,30세,경상
2023061000100027,2023년 6월 10일 01시,토요일,경상북도 구미시 임은동,경상사고,0,0,2,0,차대차 - 측면충돌,중앙선침범,건조,맑음,교차로 - 교차로부근,화물,남,32세,상해없음,승용,남,56세,경상
2023061000100062,2023년 6월 10일 06시,토요일,경상북도 경주시 양남면,경상사고,0,0,1,0,차대차 - 측면충돌,중앙선침범,건조,맑음,단일로 - 기타,승용,남,24세,상해없음,건설기계,남,61세,경상
2023061000100083,2023년 6월 10일 08시,토요일,경상북도 군위군 의흥면,중상사고,0,1,0,0,차대차 - 측면충돌,안전운전불이행,건조,맑음,단일로 - 기타,화물,남,56세,상해없음,자전거,남,77세,중상
2023061000100084,2023년 6월 10일 08시,토요일,경상북도 군위군 군위읍,경상사고,0,0,1,0,차대사람 - 기타,안전운전불이행,건조,맑음,주차장 - 주차장,승합,남,68세,상해없음,보행자,여,61세,경상
2023061000100102,2023년 6월 10일 09시,토요일,경상북도 칠곡군 왜관읍,경상사고,0,0,1,0,차대차 - 측면충돌,안전운전불이행,건조,맑음,단일로 - 기타,승용,남,43세,기타불명,화물,남,53세,경상
2023061000100103,2023년 6월 10일 09시,토요일,경상북도 구미시 옥계동,경상사고,0,0,1,0,차대차 - 기타,안전운전불이행,건조,맑음,단일로 - 기타,승용,여,28세,상해없음,승용,여,31세,경상
2023061000100104,2023년 6월 10일 09시,토요일,경상북도 포항시 남구 호미곶면,경상사고,0,0,1,0,차대차 - 기타,중앙선침범,건조,맑음,단일로 - 기타,승용,여,65세,기타불명,승합,남,47세,경상
2023061000100168,2023년 6월 10일 11시,토요일,경상북도 포항시 북구 항구동,경상사고,0,0,1,0,차대차 - 측면충돌,신호위반,건조,맑음,교차로 - 교차로안,승용,남,53세,상해없음,승용,남,31세,경상
2023061000100169,2023년 6월 10일 11시,토요일,경상북도 울진군 후포면,경상사고,0,0,1,0,차대차 - 기타,안전운전불이행,건조,맑음,교차로 - 교차로안,자전거,남,68세,경상,화물,남,51세,상해없음
2023061000100170,2023년 6월 10일 11시,토요일,경상북도 울진군 매화면,중상사고,0,1,0,0,차량단독 - 공작물충돌,안전운전불이행,건조,맑음,단일로 - 기타,승용,남,64세,상해없음,,,,
2023061000100171,2023년 6월 10일 11시,토요일,경상북도 울진군 울진읍,중상사고,0,1,0,0,차대사람 - 기타,안전운전불이행,건조,맑음,주차장 - 주차장,승용,여,69세,상해없음,보행자,남,81세,중상
2023061000100205,2023년 6월 10일 12시,토요일,경상북도 김천시 개령면,중상사고,0,1,0,0,차대차 - 측면충돌,안전거리미확보,건조,맑음,교차로 - 교차로부근,화물,남,69세,상해없음,승용,남,54세,중상
2023061000100206,2023년 6월 10일 12시,토요일,경상북도 포항시 남구 대잠동,경상사고,0,0,2,0,차대차 - 측면충돌,교차로운행방법위반,건조,맑음,교차로 - 교차로안,승용,여,40세,상해없음,승용,남,53세,경상
2023061000100236,2023년 6월 10일 13시,토요일,경상북도 문경시 문경읍,부상신고사고,0,0,0,1,차대차 - 정면충돌,안전운전불이행,건조,맑음,단일로 - 기타,화물,남,42세,부상신고,화물,남,66세,상해없음
2023061000100237,2023년 6월 10일 13시,토요일,경상북도 구미시 황상동,경상사고,0,0,1,0,차대사람 - 기타,안전운전불이행,건조,맑음,교차로 - 교차로안,승용,여,67세,상해없음,보행자,여,74세,경상
2023061000100238,2023년 6월 10일 13시,토요일,경상북도 포항시 남구 이동,경상사고,0,0,1,0,차대차 - 측면충돌,직진우회전진행방해,건조,맑음,교차로 - 교차로안,이륜,남,39세,상해없음,승용,여,54세,경상
2023061000100239,2023년 6월 10일 13시,토요일,경상북도 포항시 남구 오천읍,경상사고,0,0,1,1,차대차 - 기타,안전운전불이행,건조,맑음,교차로 - 교차로안,승용,남,62세,상해없음,승용,남,41세,상해없음
2023061000100279,2023년 6월 10일 14시,토요일,경상북도 경주시 노서동,중상사고,0,1,0,0,차대사람 - 차도통행중,안전운전불이행,건조,맑음,교차로 - 교차로부근,승합,남,57세,상해없음,보행자,남,23세,중상
2023061000100280,2023년 6월 10일 14시,토요일,경상북도 안동시 임동면,경상사고,0,0,1,0,차량단독 - 기타,안전운전불이행,건조,맑음,기타 - 기타,농기계,남,65세,경상,,,,
2023061000100281,2023년 6월 10일 14시,토요일,경상북도 포항시 남구 지곡동,경상사고,0,0,2,0,차대차 - 측면충돌,신호위반,건조,맑음,교차로 - 교차로안,승용,남,44세,상해없음,개인형이동수단(PM),남,13세,경상
2023061000100315,2023년 6월 10일 15시,토요일,경상북도 영덕군 강구면,중상사고,0,1,0,0,차량단독 - 공작물충돌,안전운전불이행,건조,맑음,교차로 - 교차로부근,화물,남,59세,중상,,,,
2023061000100346,2023년 6월 10일 16시,토요일,경상북도 포항시 북구 죽도동,경상사고,0,0,1,0,차대차 - 측면충돌,안전운전불이행,건조,맑음,단일로 - 기타,승용,남,79세,상해없음,승용,남,49세,경상
2023061000100381,2023년 6월 10일 17시,토요일,경상북도 경주시 동천동,경상사고,0,0,2,0,차대차 - 측면충돌,안전운전불이행,건조,맑음,교차로 - 교차로안,승용,남,41세,경상,승용,여,54세,경상
2023061000100382,2023년 6월 10일 17시,토요일,경상북도 경주시 양남면,사망사고,1,2,0,0,차대차 - 측면충돌,안전운전불이행,건조,맑음,교차로 - 교차로안,승용,남,62세,사망,승용,여,73세,중상
2023061000100383,2023년 6월 10일 17시,토요일,경상북도 포항시 북구 창포동,경상사고,0,0,1,0,차대차 - 측면충돌,직진우회전진행방해,건조,맑음,교차로 - 교차로안,자전거,남,77세,경상,승용,여,46세,상해없음
2023061000100414,2023년 6월 10일 18시,토요일,경상북도 경주시 노동동,경상사고,0,0,1,0,차대차 - 측면충돌,안전운전불이행,건조,맑음,단일로 - 기타,승용,남,59세,상해없음,원동기,남,26세,경상
2023061000100415,2023년 6월 10일 18시,토요일,경상북도 포항시 북구 양덕동,경상사고,0,0,1,0,차대차 - 후진중충돌,기타,건조,맑음,기타 - 기타,승용,남,58세,상해없음,이륜,남,35세,경상
2023061000100488,2023년 6월 10일 21시,토요일,경상북도 경산시 대평동,경상사고,0,0,2,0,차대차 - 기타,신호위반,건조,흐림,교차로 - 교차로안,승용,여,42세,상해없음,승용,남,36세,경상
2023061000100489,2023년 6월 10일 21시,토요일,경상북도 포항시 남구 송도동,경상사고,0,0,2,1,차대사람 - 기타,안전운전불이행,건조,맑음,기타 - 기타,승용,남,52세,상해없음,보행자,여,45세,경상
2023061000100490,2023년 6월 10일 21시,토요일,경상북도 포항시 남구 동촌동,경상사고,0,0,1,1,차대차 - 측면충돌,안전운전불이행,건조,맑음,교차로 - 교차로부근,승용,여,44세,부상신고,승합,남,52세,경상
2023061000100518,2023년 6월 10일 22시,토요일,경상북도 경산시 자인면,사망사고,1,0,0,0,차대차 - 추돌,안전운전불이행,건조,맑음,단일로 - 기타,화물,남,68세,상해없음,농기계,남,84세,사망
2023061100100007,2023년 6월 11일 00시,일요일,경상북도 포항시 남구 연일읍,경상사고,0,0,1,0,차대차 - 측면충돌,신호위반,건조,맑음,교차로 - 교차로안,승용,남,21세,상해없음,승용,남,49세,경상
2023061100100023,2023년 6월 11일 01시,일요일,경상북도 포항시 북구 흥해읍,사망사고,1,0,0,0,차대차 - 정면충돌,안전운전불이행,건조,맑음,단일로 - 기타,승합,남,60세,상해없음,사륜오토바이(ATV),남,40세,사망
2023061100100024,2023년 6월 11일 01시,일요일,경상북도 구미시 송정동,경상사고,0,0,2,0,차대차 - 추돌,안전운전불이행,건조,맑음,교차로 - 교차로부근,승용,남,19세,상해없음,승용,남,51세,경상
2023061100100044,2023년 6월 11일 03시,일요일,경상북도 포항시 남구 해도동,중상사고,0,1,0,0,차대사람 - 횡단중,안전운전불이행,건조,맑음,단일로 - 기타,승용,여,61세,상해없음,보행자,남,65세,중상
2023061100100063,2023년 6월 11일 06시,일요일,경상북도 경주시 외동읍,경상사고,0,0,1,0,차대차 - 측면충돌,안전운전불이행,건조,맑음,교차로 - 교차로안,이륜,남,18세,상해없음,승용,남,51세,상해없음
2023061100100086,2023년 6월 11일 08시,일요일,경상북도 경주시 문무대왕면,중상사고,0,1,6,0,차대차 - 기타,중앙선침범,건조,맑음,단일로 - 기타,자전거,남,22세,중상,승용,남,35세,경상
2023061100100091,2023년 6월 11일 09시,일요일,경상북도 예천군 용문면,경상사고,0,0,1,0,차대차 - 측면충돌,안전운전불이행,건조,맑음,교차로 - 교차로안,화물,남,53세,상해없음,승용,여,56세,경상
2023061100100108,2023년 6월 11일 10시,일요일,경상북도 칠곡군 왜관읍,경상사고,0,0,1,0,차대사람 - 차도통행중,안전운전불이행,건조,맑음,교차로 - 교차로부근,승용,남,68세,상해없음,보행자,여,79세,경상
2023061100100109,2023년 6월 11일 10시,일요일,경상북도 칠곡군 북삼읍,경상사고,0,0,2,0,차대차 - 측면충돌,직진우회전진행방해,건조,맑음,교차로 - 교차로안,승용,남,63세,상해없음,화물,여,48세,경상
2023061100100127,2023년 6월 11일 11시,일요일,경상북도 칠곡군 석적읍,경상사고,0,0,1,0,차대차 - 측면충돌,직진우회전진행방해,건조,맑음,교차로 - 교차로안,승용,남,49세,상해없음,승용,남,26세,경상
2023061100100128,2023년 6월 11일 11시,일요일,경상북도 구미시 고아읍,부상신고사고,0,0,0,1,차대차 - 기타,안전운전불이행,건조,맑음,교차로 - 교차로부근,이륜,남,86세,부상신고,승합,남,42세,상해없음
2023061100100158,2023년 6월 11일 12시,일요일,경상북도 구미시 임수동,경상사고,0,0,1,1,차대차 - 측면충돌,신호위반,건조,맑음,교차로 - 교차로안,승용,여,27세,부상신고,승용,남,55세,경상
2023061100100159,2023년 6월 11일 12시,일요일,경상북도 상주시 함창읍,경상사고,0,0,4,1,차대차 - 기타,안전운전불이행,건조,맑음,단일로 - 기타,승용,남,62세,경상,화물,남,62세,부상신고
2023061100100160,2023년 6월 11일 12시,일요일,경상북도 영천시 청통면,경상사고,0,0,1,0,차대차 - 기타,안전운전불이행,건조,맑음,단일로 - 기타,승용,남,25세,상해없음,승용,남,72세,경상
2023061100100213,2023년 6월 11일 14시,일요일,경상북도 포항시 남구 오천읍,경상사고,0,0,2,0,차대차 - 측면충돌,안전운전불이행,건조,맑음,교차로 - 교차로안,승용,남,44세,상해없음,승용,남,41세,경상
2023061100100253,2023년 6월 11일 15시,일요일,경상북도 경주시 감포읍,경상사고,0,0,1,0,차대차 - 후진중충돌,안전운전불이행,건조,맑음,단일로 - 기타,승용,남,63세,상해없음,승용,남,30세,경상
2023061100100254,2023년 6월 11일 15시,일요일,경상북도 포항시 북구 학산동,중상사고,0,1,1,0,차대사람 - 횡단중,보행자보호의무위반,건조,맑음,교차로 - 교차로횡단보도내,화물,남,67세,상해없음,보행자,남,68세,중상
2023061100100255,2023년 6월 11일 15시,일요일,경상북도 예천군 은풍면,경상사고,0,0,1,0,차량단독 - 공작물충돌,안전운전불이행,건조,맑음,단일로 - 기타,이륜,남,62세,경상,,,,
2023061100100256,2023년 6월 11일 15시,일요일,경상북도 문경시 마성면,경상사고,0,0,2,0,차대차 - 기타,차로위반,건조,맑음,단일로 - 기타,화물,남,40세,상해없음,화물,남,23세,경상
2023061100100281,2023년 6월 11일 16시,일요일,경상북도 포항시 북구 죽도동,경상사고,0,0,4,0,차대차 - 후진중충돌,안전운전불이행,건조,맑음,단일로 - 기타,승용,여,31세,상해없음,승용,남,38세,경상
2023061100100282,2023년 6월 11일 16시,일요일,경상북도 영덕군 강구면,중상사고,0,2,1,0,차대차 - 추돌,안전운전불이행,건조,맑음,단일로 - 기타,화물,남,70세,상해없음,승용,남,53세,중상
2023061100100309,2023년 6월 11일 17시,일요일,경상북도 경주시 성건동,경상사고,0,0,1,0,차대차 - 기타,안전운전불이행,건조,맑음,교차로 - 교차로부근,이륜,남,58세,상해없음,자전거,남,12세,경상
2023061100100310,2023년 6월 11일 17시,일요일,경상북도 포항시 남구 상도동,경상사고,0,0,2,0,차대차 - 측면충돌,교차로운행방법위반,건조,맑음,단일로 - 기타,승용,남,63세,상해없음,화물,남,34세,경상
2023061100100337,2023년 6월 11일 18시,일요일,경상북도 칠곡군 석적읍,경상사고,0,0,1,0,차대차 - 측면충돌,안전운전불이행,건조,맑음,주차장 - 주차장,승합,남,50세,상해없음,자전거,남,7세,경상
2023061100100358,2023년 6월 11일 19시,일요일,경상북도 경주시 강동면,중상사고,0,2,0,0,차대차 - 측면충돌,안전운전불이행,건조,맑음,단일로 - 기타,승합,남,48세,상해없음,승용,여,38세,중상
2023061100100386,2023년 6월 11일 20시,일요일,경상북도 상주시 만산동,중상사고,0,1,2,0,차대차 - 추돌,안전운전불이행,건조,맑음,교차로 - 교차로안,승용,남,75세,상해없음,승용,여,56세,중상
2023061100100387,2023년 6월 11일 20시,일요일,경상북도 구미시 진평동,경상사고,0,0,1,0,차대차 - 후진중충돌,안전운전불이행,건조,맑음,단일로 - 기타,승용,여,27세,상해없음,이륜,남,34세,경상
2023061100100395,2023년 6월 11일 21시,일요일,경상북도 경주시 구황동,중상사고,0,1,1,0,차대차 - 측면충돌,신호위반,건조,맑음,교차로 - 교차로안,승용,남,22세,상해없음,승합,남,59세,중상
2023061100100396,2023년 6월 11일 21시,일요일,경상북도 안동시 풍산읍,경상사고,0,0,1,0,차대차 - 추돌,안전거리미확보,건조,맑음,교차로 - 교차로부근,화물,남,45세,상해없음,승용,여,75세,경상
2023061100100397,2023년 6월 11일 21시,일요일,경상북도 경산시 대동,경상사고,0,0,1,0,차대차 - 추돌,안전운전불이행,건조,맑음,교차로 - 교차로부근,승용,여,69세,상해없음,승용,남,29세,경상
2023061100100428,2023년 6월 11일 23시,일요일,경상북도 구미시 송정동,중상사고,0,2,0,0,차대차 - 기타,안전거리미확보,건조,맑음,단일로 - 기타,이륜,남,59세,중상,승용,남,29세,중상
2023061200100033,2023년 6월 12일 05시,월요일,경상북도 포항시 북구 용흥동,중상사고,0,1,0,0,차대차 - 측면충돌,중앙선침범,건조,맑음,단일로 - 기타,자전거,남,78세,중상,승용,남,73세,상해없음
2023061200100034,2023년 6월 12일 05시,월요일,경상북도 안동시 풍산읍,사망사고,1,0,0,0,차량단독 - 기타,안전운전불이행,건조,맑음,교차로 - 교차로부근,농기계,남,80세,사망,,,,
2023061200100042,2023년 6월 12일 06시,월요일,경상북도 예천군 예천읍,중상사고,0,1,0,0,차대차 - 정면충돌,중앙선침범,건조,맑음,단일로 - 기타,승용,남,75세,상해없음,승합,남,54세,중상
2023061200100105,2023년 6월 12일 08시,월요일,경상북도 칠곡군 기산면,경상사고,0,0,1,0,차대차 - 측면충돌,안전거리미확보,건조,맑음,단일로 - 교량,화물,남,50세,상해없음,승용,남,42세,경상
2023061200100106,2023년 6월 12일 08시,월요일,경상북도 구미시 장천면,경상사고,0,0,1,0,차대사람 - 길가장자리구역통행중,안전운전불이행,건조,맑음,단일로 - 기타,승용,남,66세,상해없음,보행자,여,88세,경상
2023061200100155,2023년 6월 12일 09시,월요일,경상북도 포항시 북구 덕산동,경상사고,0,0,1,0,차대차 - 측면충돌,신호위반,건조,맑음,교차로 - 교차로안,승용,남,71세,상해없음,승용,남,55세,경상
2023061200100156,2023년 6월 12일 09시,월요일,경상북도 경산시 진량읍,경상사고,0,0,1,0,차대차 - 측면충돌,안전운전불이행,건조,맑음,단일로 - 기타,승용,여,54세,상해없음,승용,남,38세,경상
2023061200100157,2023년 6월 12일 09시,월요일,경상북도 청도군 청도읍,중상사고,0,1,0,0,차량단독 - 기타,안전운전불이행,건조,맑음,단일로 - 기타,승용,남,68세,상해없음,,,,
2023061200100184,2023년 6월 12일 10시,월요일,경상북도 포항시 남구 상도동,경상사고,0,0,1,0,차대차 - 측면충돌,교차로운행방법위반,건조,맑음,교차로 - 교차로안,승용,남,68세,상해없음,승용,남,31세,경상
2023061200100281,2023년 6월 12일 13시,월요일,경상북도 경주시 외동읍,경상사고,0,0,1,0,차대차 - 측면충돌,안전운전불이행,건조,맑음,교차로 - 교차로부근,화물,남,65세,상해없음,승용,남,60세,경상
2023061200100282,2023년 6월 12일 13시,월요일,경상북도 성주군 월항면,중상사고,0,1,0,0,차대사람 - 횡단중,안전운전불이행,건조,맑음,교차로 - 교차로안,화물,남,63세,상해없음,보행자,여,75세,중상
2023061200100313,2023년 6월 12일 14시,월요일,경상북도 구미시 진평동,경상사고,0,0,1,0,차대차 - 측면충돌,안전운전불이행,건조,맑음,교차로 - 교차로부근,승용,남,42세,상해없음,화물,남,35세,경상
2023061200100346,2023년 6월 12일 15시,월요일,경상북도 구미시 선산읍,중상사고,0,1,0,0,차대차 - 측면충돌,안전운전불이행,건조,맑음,교차로 - 교차로부근,승용,여,62세,상해없음,자전거,남,69세,중상
2023061200100392,2023년 6월 12일 16시,월요일,경상북도 경주시 배반동,중상사고,0,1,0,0,차대차 - 측면충돌,안전운전불이행,건조,맑음,교차로 - 교차로부근,이륜,여,78세,중상,승용,여,72세,상해없음
2023061200100393,2023년 6월 12일 16시,월요일,경상북도 포항시 북구 죽도동,경상사고,0,0,2,0,차대차 - 측면충돌,안전거리미확보,건조,맑음,단일로 - 기타,승용,남,69세,경상,승용,남,33세,경상
2023061200100394,2023년 6월 12일 16시,월요일,경상북도 포항시 북구 흥해읍,경상사고,0,0,1,0,차대차 - 추돌,안전운전불이행,건조,맑음,교차로 - 교차로부근,건설기계,남,55세,상해없음,승용,여,68세,경상
2023061200100395,2023년 6월 12일 16시,월요일,경상북도 영천시 북안면,경상사고,0,0,1,0,차대사람 - 기타,안전운전불이행,건조,맑음,단일로 - 기타,승용,여,57세,상해없음,보행자,여,74세,경상