사고번호,사고일시,요일,시군구,사고내용,사망자수,중상자수,경상자수,부상신고자수,사고유형,법규위반,노면상태,기상상태,도로형태,가해운전자 차종,가해운전자 성별,가해운전자 연령,가해운전자 상해정도,피해운전자 차종,피해운전자 성별,피해운전자 연령,피해운전자 상해정도
2023061200100396,2023년 6월 12일 16시,월요일,경상북도 구미시 구평동,경상사고,0,0,1,0,차대차 - 측면충돌,안전운전불이행,건조,맑음,교차로 - 교차로횡단보도내,승합,여,57세,상해없음,자전거,남,11세,경상
2023061200100433,2023년 6월 12일 17시,월요일,경상북도 포항시 북구 장성동,경상사고,0,0,1,0,차대차 - 추돌,안전거리미확보,건조,맑음,단일로 - 기타,승용,남,68세,상해없음,승용,남,32세,경상
2023061200100434,2023년 6월 12일 17시,월요일,경상북도 경산시 중방동,경상사고,0,0,1,0,차대차 - 측면충돌,안전거리미확보,건조,맑음,교차로 - 교차로안,승용,남,55세,상해없음,승용,여,54세,경상
2023061200100477,2023년 6월 12일 18시,월요일,경상북도 문경시 동로면,중상사고,0,1,0,0,차량단독 - 공작물충돌,안전운전불이행,건조,맑음,단일로 - 기타,승용,여,29세,중상,,,,
2023061200100478,2023년 6월 12일 18시,월요일,경상북도 포항시 남구 해도동,경상사고,0,0,1,0,차대차 - 측면충돌,안전운전불이행,건조,맑음,단일로 - 기타,승합,남,65세,상해없음,승용,남,59세,경상
2023061200100545,2023년 6월 12일 20시,월요일,경상북도 김천시 평화동,중상사고,0,1,0,0,차대차 - 측면충돌,안전운전불이행,건조,맑음,단일로 - 기타,승용,여,64세,상해없음,이륜,여,79세,중상
2023061200100546,2023년 6월 12일 20시,월요일,경상북도 군위군 효령면,경상사고,0,0,1,0,차량단독 - 공작물충돌,안전운전불이행,젖음/습기,비,단일로 - 기타,승용,남,61세,경상,,,,
2023061200100547,2023년 6월 12일 20시,월요일,경상북도 구미시 산동읍,경상사고,0,0,2,0,차대차 - 기타,안전운전불이행,건조,흐림,교차로 - 교차로안,승용,남,38세,상해없음,승용,남,26세,경상
2023061200100548,2023년 6월 12일 20시,월요일,경상북도 포항시 남구 인덕동,경상사고,0,0,2,0,차대차 - 기타,직진우회전진행방해,젖음/습기,비,교차로 - 교차로안,승용,남,49세,상해없음,승용,남,33세,경상
2023061200100568,2023년 6월 12일 21시,월요일,경상북도 안동시 풍천면,경상사고,0,0,1,0,차대차 - 측면충돌,신호위반,건조,맑음,교차로 - 교차로안,개인형이동수단(PM),남,17세,상해없음,승용,여,23세,경상
2023061200100590,2023년 6월 12일 22시,월요일,경상북도 경주시 황오동,경상사고,0,0,1,0,차대차 - 측면충돌,안전운전불이행,젖음/습기,비,단일로 - 기타,화물,남,54세,상해없음,승용,남,30세,경상
2023061200100591,2023년 6월 12일 22시,월요일,경상북도 구미시 고아읍,중상사고,0,1,0,0,차대사람 - 횡단중,보행자보호의무위반,건조,맑음,교차로 - 교차로횡단보도내,승합,남,67세,상해없음,보행자,여,28세,중상
2023061200100604,2023년 6월 12일 23시,월요일,경상북도 경산시 하양읍,중상사고,0,1,0,0,차대차 - 기타,안전운전불이행,젖음/습기,흐림,교차로 - 교차로안,승용,남,57세,상해없음,이륜,남,41세,중상
2023061300100023,2023년 6월 13일 03시,화요일,경상북도 포항시 남구 장흥동,사망사고,1,0,0,0,차량단독 - 공작물충돌,안전운전불이행,젖음/습기,흐림,단일로 - 기타,승용,남,44세,사망,,,,
2023061300100047,2023년 6월 13일 06시,화요일,경상북도 성주군 용암면,경상사고,0,0,1,1,차대차 - 정면충돌,중앙선침범,건조,맑음,단일로 - 기타,승용,여,61세,부상신고,승용,남,46세,경상
2023061300100058,2023년 6월 13일 07시,화요일,경상북도 영천시 채신동,중상사고,0,1,0,0,차대차 - 기타,안전운전불이행,건조,맑음,교차로 - 교차로안,승용,남,42세,기타불명,승용,남,56세,중상
2023061300100059,2023년 6월 13일 07시,화요일,경상북도 영덕군 창수면,경상사고,0,0,2,0,차대차 - 측면충돌,중앙선침범,건조,맑음,교차로 - 교차로안,승용,여,64세,경상,승용,남,83세,상해없음
2023061300100101,2023년 6월 13일 08시,화요일,경상북도 안동시 태화동,중상사고,0,1,0,0,차대사람 - 횡단중,보행자보호의무위반,건조,맑음,교차로 - 교차로횡단보도내,승용,남,65세,상해없음,보행자,여,65세,중상
2023061300100238,2023년 6월 13일 12시,화요일,경상북도 영주시 휴천동,경상사고,0,0,1,0,차대차 - 기타,교차로운행방법위반,건조,맑음,교차로 - 교차로안,승용,남,35세,기타불명,원동기,남,60세,경상
2023061300100239,2023년 6월 13일 12시,화요일,경상북도 고령군 다산면,경상사고,0,0,1,0,차대차 - 측면충돌,교차로운행방법위반,건조,맑음,교차로 - 교차로안,승용,여,73세,상해없음,화물,남,30세,경상
2023061300100271,2023년 6월 13일 13시,화요일,경상북도 경주시 황성동,경상사고,0,0,1,0,차대차 - 기타,안전운전불이행,건조,맑음,교차로 - 교차로안,화물,남,49세,상해없음,자전거,여,51세,경상
2023061300100272,2023년 6월 13일 13시,화요일,경상북도 예천군 감천면,경상사고,0,0,1,0,차대차 - 측면충돌,안전운전불이행,건조,맑음,단일로 - 기타,화물,남,37세,상해없음,승용,여,60세,경상
2023061300100301,2023년 6월 13일 14시,화요일,경상북도 영천시 대창면,경상사고,0,0,1,0,차대차 - 측면충돌,중앙선침범,건조,맑음,단일로 - 기타,화물,남,74세,상해없음,승용,남,42세,경상
2023061300100302,2023년 6월 13일 14시,화요일,경상북도 고령군 다산면,중상사고,0,1,0,0,차량단독 - 공작물충돌,안전운전불이행,건조,맑음,단일로 - 기타,화물,남,56세,중상,,,,
2023061300100303,2023년 6월 13일 14시,화요일,경상북도 포항시 남구 오천읍,경상사고,0,0,2,0,차대차 - 측면충돌,중앙선침범,건조,맑음,단일로 - 기타,화물,여,63세,기타불명,승용,남,40세,경상
2023061300100335,2023년 6월 13일 15시,화요일,경상북도 포항시 북구 장성동,중상사고,0,1,0,0,차대사람 - 횡단중,보행자보호의무위반,건조,맑음,단일로 - 기타,승합,남,56세,상해없음,보행자,여,8세,중상
2023061300100336,2023년 6월 13일 15시,화요일,경상북도 안동시 정하동,중상사고,0,1,0,0,차대차 - 기타,안전운전불이행,건조,맑음,교차로 - 교차로안,승용,여,59세,상해없음,이륜,남,26세,중상
2023061300100337,2023년 6월 13일 15시,화요일,경상북도 경산시 서상동,경상사고,0,0,1,0,차대차 - 기타,안전운전불이행,건조,맑음,교차로 - 교차로안,승용,남,55세,상해없음,이륜,남,45세,경상
2023061300100338,2023년 6월 13일 15시,화요일,경상북도 포항시 남구 효자동,경상사고,0,0,1,0,차대차 - 추돌,안전운전불이행,건조,맑음,단일로 - 기타,화물,남,54세,상해없음,승용,여,60세,경상
2023061300100381,2023년 6월 13일 16시,화요일,경상북도 포항시 북구 상원동,부상신고사고,0,0,0,1,차대사람 - 길가장자리구역통행중,안전운전불이행,건조,맑음,기타 - 기타,승용,남,65세,상해없음,보행자,여,65세,부상신고
2023061300100382,2023년 6월 13일 16시,화요일,경상북도 칠곡군 가산면,경상사고,0,0,1,0,차대차 - 추돌,안전거리미확보,건조,맑음,단일로 - 터널,화물,남,63세,상해없음,승용,남,60세,경상
2023061300100433,2023년 6월 13일 17시,화요일,경상북도 칠곡군 석적읍,경상사고,0,0,1,0,차대사람 - 횡단중,보행자보호의무위반,건조,맑음,교차로 - 교차로횡단보도내,승용,여,45세,상해없음,보행자,남,18세,경상
2023061300100434,2023년 6월 13일 17시,화요일,경상북도 칠곡군 석적읍,중상사고,0,1,1,0,차대차 - 측면충돌,직진우회전진행방해,건조,맑음,교차로 - 교차로안,이륜,남,34세,중상,승용,남,52세,경상
2023061300100435,2023년 6월 13일 17시,화요일,경상북도 포항시 남구 오천읍,경상사고,0,0,3,0,차대차 - 추돌,안전운전불이행,젖음/습기,비,단일로 - 교량,이륜,남,71세,경상,승용,남,54세,경상
2023061300100436,2023년 6월 13일 17시,화요일,경상북도 포항시 남구 대도동,경상사고,0,0,3,0,차대차 - 후진중충돌,직진우회전진행방해,건조,맑음,교차로 - 교차로안,승용,여,66세,경상,승용,여,56세,경상
2023061300100494,2023년 6월 13일 18시,화요일,경상북도 포항시 북구 흥해읍,경상사고,0,0,1,0,차대차 - 측면충돌,직진우회전진행방해,건조,맑음,교차로 - 교차로안,승용,남,27세,상해없음,승용,남,37세,경상
2023061300100495,2023년 6월 13일 18시,화요일,경상북도 경산시 조영동,경상사고,0,0,1,0,차대차 - 측면충돌,안전운전불이행,건조,맑음,교차로 - 교차로부근,승합,남,61세,상해없음,이륜,남,41세,경상
2023061300100496,2023년 6월 13일 18시,화요일,경상북도 포항시 남구 오천읍,경상사고,0,0,1,0,차대사람 - 횡단중,신호위반,건조,맑음,교차로 - 교차로횡단보도내,이륜,남,60세,기타불명,보행자,여,34세,경상
2023061300100558,2023년 6월 13일 20시,화요일,경상북도 영덕군 영해면,중상사고,0,1,0,0,차대차 - 추돌,안전거리미확보,건조,맑음,교차로 - 교차로부근,화물,남,73세,상해없음,승용,여,55세,중상
2023061300100583,2023년 6월 13일 21시,화요일,경상북도 안동시 풍산읍,부상신고사고,0,0,0,1,차대차 - 기타,신호위반,건조,맑음,교차로 - 교차로안,승용,여,52세,상해없음,자전거,남,66세,부상신고
2023061300100584,2023년 6월 13일 21시,화요일,경상북도 구미시 산동읍,중상사고,0,1,0,0,차대차 - 기타,안전운전불이행,건조,맑음,교차로 - 교차로안,승용,남,30세,상해없음,이륜,남,35세,중상
2023061300100601,2023년 6월 13일 22시,화요일,경상북도 구미시 남통동,부상신고사고,0,0,0,1,차대사람 - 기타,안전운전불이행,건조,맑음,단일로 - 기타,개인형이동수단(PM),남,24세,상해없음,보행자,남,49세,부상신고
2023061400100023,2023년 6월 14일 04시,수요일,경상북도 포항시 북구 청하면,중상사고,0,2,0,0,차대차 - 측면충돌,안전운전불이행,건조,맑음,단일로 - 기타,특수,남,64세,상해없음,승용,남,63세,중상
2023061400100033,2023년 6월 14일 05시,수요일,경상북도 경산시 평산동,경상사고,0,0,1,0,차대차 - 후진중충돌,안전운전불이행,건조,맑음,교차로 - 교차로부근,화물,남,76세,상해없음,승용,남,44세,경상
2023061400100042,2023년 6월 14일 06시,수요일,경상북도 안동시 길안면,경상사고,0,0,1,0,차량단독 - 전도전복 - 전도,안전운전불이행,건조,맑음,교차로 - 교차로부근,승용,남,32세,경상,,,,
2023061400100043,2023년 6월 14일 06시,수요일,경상북도 상주시 공성면,중상사고,0,1,0,0,차대차 - 측면충돌,안전운전불이행,건조,맑음,단일로 - 기타,승합,여,43세,상해없음,이륜,여,75세,중상
2023061400100044,2023년 6월 14일 06시,수요일,경상북도 영천시 금호읍,경상사고,0,0,1,0,차량단독 - 공작물충돌,안전운전불이행,건조,맑음,단일로 - 기타,승용,여,70세,경상,,,,
2023061400100069,2023년 6월 14일 07시,수요일,경상북도 김천시 신음동,경상사고,0,0,1,0,차대차 - 측면충돌,안전운전불이행,건조,맑음,교차로 - 교차로안,승용,여,51세,상해없음,이륜,남,38세,경상
2023061400100104,2023년 6월 14일 08시,수요일,경상북도 포항시 북구 대신동,경상사고,0,0,2,0,차대차 - 측면충돌,신호위반,건조,맑음,교차로 - 교차로안,화물,남,66세,상해없음,승합,남,56세,경상
2023061400100105,2023년 6월 14일 08시,수요일,경상북도 안동시 안흥동,경상사고,0,0,1,0,차대차 - 기타,신호위반,건조,맑음,교차로 - 교차로안,승용,남,58세,상해없음,화물,남,80세,경상
2023061400100106,2023년 6월 14일 08시,수요일,경상북도 포항시 남구 이동,경상사고,0,0,1,0,차대차 - 측면충돌,안전운전불이행,건조,맑음,단일로 - 지하차도(도로)내,승용,남,58세,상해없음,승용,여,47세,경상
2023061400100149,2023년 6월 14일 09시,수요일,경상북도 포항시 북구 죽도동,중상사고,0,1,0,0,차대차 - 추돌,안전운전불이행,건조,맑음,기타 - 기타,승용,여,43세,상해없음,자전거,여,79세,중상
2023061400100150,2023년 6월 14일 09시,수요일,경상북도 구미시 임수동,경상사고,0,0,1,0,차대차 - 측면충돌,신호위반,건조,맑음,단일로 - 기타,승용,남,60세,상해없음,이륜,남,42세,경상
2023061400100179,2023년 6월 14일 10시,수요일,경상북도 칠곡군 왜관읍,부상신고사고,0,0,0,2,차대차 - 측면충돌,안전운전불이행,건조,맑음,단일로 - 기타,자전거,여,37세,부상신고,자전거,남,60세,부상신고
2023061400100180,2023년 6월 14일 10시,수요일,경상북도 청송군 안덕면,경상사고,0,0,1,0,차대차 - 측면충돌,중앙선침범,건조,맑음,교차로 - 교차로안,화물,남,64세,상해없음,이륜,남,48세,경상
2023061400100216,2023년 6월 14일 11시,수요일,경상북도 의성군 안평면,경상사고,0,0,1,0,차대차 - 기타,중앙선침범,건조,맑음,단일로 - 기타,승용,남,72세,상해없음,승합,남,46세,경상
2023061400100217,2023년 6월 14일 11시,수요일,경상북도 영양군 영양읍,중상사고,0,1,1,0,차대차 - 측면충돌,기타,건조,맑음,교차로 - 교차로안,승용,남,62세,경상,승용,남,45세,중상
2023061400100218,2023년 6월 14일 11시,수요일,경상북도 구미시 오태동,경상사고,0,0,1,0,차대차 - 추돌,안전운전불이행,건조,맑음,교차로 - 교차로부근,건설기계,남,70세,상해없음,승용,여,56세,경상
2023061400100257,2023년 6월 14일 12시,수요일,경상북도 경주시 감포읍,경상사고,0,0,1,0,차량단독 - 공작물충돌,안전운전불이행,건조,맑음,주차장 - 주차장,승용,남,66세,상해없음,,,,
2023061400100258,2023년 6월 14일 12시,수요일,경상북도 포항시 북구 두호동,경상사고,0,0,2,0,차대차 - 후진중충돌,안전운전불이행,건조,맑음,단일로 - 기타,승용,여,60세,상해없음,승용,여,62세,경상
2023061400100259,2023년 6월 14일 12시,수요일,경상북도 군위군 군위읍,중상사고,0,1,0,0,차대차 - 정면충돌,안전운전불이행,건조,맑음,단일로 - 기타,화물,남,57세,중상,화물,남,60세,상해없음
2023061400100260,2023년 6월 14일 12시,수요일,경상북도 구미시 선산읍,경상사고,0,0,3,0,차대차 - 추돌,안전운전불이행,건조,맑음,단일로 - 기타,화물,남,57세,상해없음,특수,남,32세,경상
2023061400100284,2023년 6월 14일 13시,수요일,경상북도 칠곡군 북삼읍,경상사고,0,0,1,0,차대사람 - 횡단중,보행자보호의무위반,건조,맑음,기타 - 기타,승용,여,40세,상해없음,보행자,남,11세,경상
2023061400100285,2023년 6월 14일 13시,수요일,경상북도 포항시 남구 효자동,경상사고,0,0,1,0,차대차 - 정면충돌,교차로운행방법위반,건조,맑음,교차로 - 교차로안,승용,남,81세,상해없음,승용,여,51세,경상
2023061400100314,2023년 6월 14일 14시,수요일,경상북도 안동시 광석동,중상사고,0,1,0,0,차대사람 - 횡단중,보행자보호의무위반,건조,맑음,교차로 - 교차로횡단보도내,승용,남,67세,상해없음,보행자,여,76세,중상
2023061400100315,2023년 6월 14일 14시,수요일,경상북도 구미시 옥계동,경상사고,0,0,2,0,차대차 - 측면충돌,안전운전불이행,건조,맑음,교차로 - 교차로안,승용,여,61세,경상,화물,남,42세,경상
2023061400100353,2023년 6월 14일 15시,수요일,경상북도 김천시 다수동,경상사고,0,0,1,0,차대차 - 기타,안전거리미확보,건조,맑음,단일로 - 기타,승용,여,49세,기타불명,승용,남,49세,경상
2023061400100354,2023년 6월 14일 15시,수요일,경상북도 상주시 냉림동,중상사고,0,1,0,0,차대차 - 측면충돌,교차로운행방법위반,젖음/습기,비,교차로 - 교차로안,승용,여,75세,상해없음,이륜,여,78세,중상
2023061400100355,2023년 6월 14일 15시,수요일,경상북도 영천시 망정동,부상신고사고,0,0,0,1,차대차 - 측면충돌,안전운전불이행,건조,맑음,교차로 - 교차로부근,자전거,남,84세,부상신고,승용,여,36세,상해없음
2023061400100388,2023년 6월 14일 16시,수요일,경상북도 구미시 봉곡동,경상사고,0,0,4,0,차대차 - 기타,안전운전불이행,건조,맑음,단일로 - 기타,이륜,남,28세,상해없음,승용,남,40세,경상
2023061400100486,2023년 6월 14일 18시,수요일,경상북도 구미시 고아읍,경상사고,0,0,1,0,차대차 - 측면충돌,직진우회전진행방해,건조,맑음,단일로 - 기타,승용,여,51세,상해없음,자전거,남,38세,경상
2023061400100487,2023년 6월 14일 18시,수요일,경상북도 포항시 남구 오천읍,경상사고,0,0,3,0,차대차 - 측면충돌,안전운전불이행,젖음/습기,흐림,단일로 - 고가도로위,승용,남,69세,상해없음,승용,여,47세,경상
2023061400100521,2023년 6월 14일 19시,수요일,경상북도 김천시 부곡동,중상사고,0,1,0,0,차대차 - 후진중충돌,중앙선침범,젖음/습기,비,단일로 - 기타,이륜,남,26세,상해없음,이륜,남,34세,중상
2023061400100522,2023년 6월 14일 19시,수요일,경상북도 경산시 옥산동,경상사고,0,0,1,0,차대차 - 후진중충돌,안전운전불이행,젖음/습기,비,교차로 - 교차로부근,승용,남,63세,상해없음,승용,여,50세,경상
2023061400100523,2023년 6월 14일 19시,수요일,경상북도 포항시 남구 해도동,중상사고,0,1,1,0,차대차 - 측면충돌,신호위반,젖음/습기,흐림,교차로 - 교차로부근,승용,여,34세,경상,승용,여,50세,중상
2023061400100575,2023년 6월 14일 21시,수요일,경상북도 경주시 동천동,중상사고,0,1,0,0,차대사람 - 기타,안전운전불이행,젖음/습기,비,단일로 - 기타,승용,여,29세,상해없음,보행자,여,31세,중상
2023061400100599,2023년 6월 14일 22시,수요일,경상북도 영천시 야사동,경상사고,0,0,1,0,차대차 - 측면충돌,신호위반,건조,맑음,교차로 - 교차로안,승용,여,42세,상해없음,이륜,남,30세,경상
2023061500100008,2023년 6월 15일 00시,목요일,경상북도 경주시 인왕동,중상사고,0,2,1,0,차대차 - 측면충돌,신호위반,젖음/습기,흐림,교차로 - 교차로안,승용,여,67세,중상,승용,남,31세,경상
2023061500100018,2023년 6월 15일 01시,목요일,경상북도 포항시 북구 대흥동,경상사고,0,0,3,1,차대차 - 측면충돌,교차로운행방법위반,건조,맑음,교차로 - 교차로안,승용,남,26세,상해없음,승용,남,72세,경상
2023061500100129,2023년 6월 15일 08시,목요일,경상북도 포항시 북구 장성동,경상사고,0,0,2,0,차대차 - 기타,안전거리미확보,건조,맑음,교차로 - 교차로부근,승용,여,68세,경상,승용,여,29세,경상
2023061500100130,2023년 6월 15일 08시,목요일,경상북도 예천군 예천읍,중상사고,0,1,0,0,차량단독 - 도로외이탈 - 추락,안전운전불이행,건조,맑음,단일로 - 기타,이륜,여,55세,중상,,,,
2023061500100131,2023년 6월 15일 08시,목요일,경상북도 구미시 공단동,중상사고,0,2,1,0,차대차 - 기타,안전운전불이행,건조,맑음,교차로 - 교차로안,승용,남,25세,상해없음,승용,남,69세,중상
2023061500100132,2023년 6월 15일 08시,목요일,경상북도 포항시 남구 오천읍,중상사고,0,1,1,0,차대차 - 기타,직진우회전진행방해,건조,맑음,교차로 - 교차로안,승용,여,54세,중상,승용,여,44세,경상
2023061500100164,2023년 6월 15일 09시,목요일,경상북도 경주시 성건동,중상사고,0,1,0,0,차대차 - 측면충돌,신호위반,건조,맑음,교차로 - 교차로부근,이륜,남,24세,상해없음,자전거,여,56세,중상
2023061500100165,2023년 6월 15일 09시,목요일,경상북도 김천시 아포읍,중상사고,0,1,0,0,차량단독 - 도로외이탈 - 추락,안전운전불이행,건조,맑음,기타 - 기타,농기계,남,78세,중상,,,,
2023061500100166,2023년 6월 15일 09시,목요일,경상북도 김천시 아포읍,중상사고,0,1,2,0,차대차 - 추돌,안전거리미확보,건조,맑음,단일로 - 기타,화물,남,55세,중상,승용,남,50세,경상
2023061500100193,2023년 6월 15일 10시,목요일,경상북도 문경시 마성면,경상사고,0,0,2,0,차대차 - 측면충돌,신호위반,건조,맑음,교차로 - 교차로부근,승용,남,29세,경상,승용,남,62세,경상
2023061500100224,2023년 6월 15일 11시,목요일,경상북도 구미시 도량동,경상사고,0,0,1,0,차대차 - 측면충돌,안전운전불이행,건조,맑음,교차로 - 교차로부근,건설기계,남,64세,상해없음,승용,여,43세,경상
2023061500100299,2023년 6월 15일 13시,목요일,경상북도 안동시 옥동,경상사고,0,0,1,0,차대차 - 측면충돌,직진우회전진행방해,건조,맑음,교차로 - 교차로안,승용,여,24세,상해없음,이륜,남,39세,경상
2023061500100300,2023년 6월 15일 13시,목요일,경상북도 포항시 남구 괴동동,경상사고,0,0,1,0,차대차 - 기타,차로위반,건조,맑음,단일로 - 기타,승용,남,58세,상해없음,승용,여,72세,경상
2023061500100329,2023년 6월 15일 14시,목요일,경상북도 포항시 북구 용흥동,경상사고,0,0,2,0,차대차 - 측면충돌,안전운전불이행,건조,맑음,주차장 - 주차장,화물,남,47세,상해없음,승용,남,66세,경상
2023061500100330,2023년 6월 15일 14시,목요일,경상북도 영천시 도남동,경상사고,0,0,1,0,차대차 - 후진중충돌,안전운전불이행,건조,맑음,교차로 - 교차로부근,승용,남,41세,상해없음,승용,남,59세,상해없음
2023061500100332,2023년 6월 15일 14시,목요일,경상북도 울진군 온정면,중상사고,0,1,0,1,차량단독 - 공작물충돌,안전운전불이행,젖음/습기,흐림,단일로 - 교량,승용,여,73세,기타불명,,,,
2023061500100374,2023년 6월 15일 15시,목요일,경상북도 포항시 북구 흥해읍,경상사고,0,0,2,0,차대차 - 측면충돌,안전거리미확보,건조,맑음,단일로 - 기타,승용,남,67세,상해없음,승용,남,32세,경상
2023061500100409,2023년 6월 15일 16시,목요일,경상북도 경주시 서부동,중상사고,0,1,1,0,차대사람 - 횡단중,보행자보호의무위반,건조,맑음,교차로 - 교차로안,승용,남,65세,상해없음,보행자,여,44세,경상
2023061500100410,2023년 6월 15일 16시,목요일,경상북도 경주시 양남면,중상사고,0,2,0,0,차대차 - 측면충돌,중앙선침범,건조,맑음,교차로 - 교차로안,이륜,남,50세,중상,승용,여,37세,중상
2023061500100411,2023년 6월 15일 16시,목요일,경상북도 포항시 북구 동빈1가,중상사고,0,2,0,0,차대차 - 기타,안전운전불이행,건조,맑음,교차로 - 교차로부근,승용,남,61세,상해없음,승용,여,43세,중상
2023061500100412,2023년 6월 15일 16시,목요일,경상북도 경산시 중산동,경상사고,0,0,1,0,차대차 - 후진중충돌,안전운전불이행,건조,맑음,교차로 - 교차로안,승용,남,66세,상해없음,승용,여,41세,경상
2023061500100413,2023년 6월 15일 16시,목요일,경상북도 포항시 남구 상도동,경상사고,0,0,3,0,차대차 - 추돌,안전운전불이행,건조,맑음,단일로 - 기타,승합,남,68세,기타불명,승용,남,24세,경상
2023061500100414,2023년 6월 15일 16시,목요일,경상북도 칠곡군 왜관읍,경상사고,0,0,2,0,차대차 - 기타,차로위반,건조,맑음,단일로 - 기타,승용,남,22세,상해없음,승용,남,26세,경상
2023061500100463,2023년 6월 15일 17시,목요일,경상북도 문경시 점촌동,경상사고,0,0,2,0,차대차 - 측면충돌,중앙선침범,건조,맑음,단일로 - 기타,승용,여,64세,경상,승용,여,24세,경상
2023061500100464,2023년 6월 15일 17시,목요일,경상북도 구미시 원평동,경상사고,0,0,1,0,차대사람 - 기타,안전운전불이행,건조,맑음,교차로 - 교차로부근,자전거,남,16세,상해없음,보행자,남,65세,경상
2023061500100465,2023년 6월 15일 17시,목요일,경상북도 포항시 남구 구룡포읍,경상사고,0,0,1,0,차대차 - 기타,신호위반,건조,맑음,교차로 - 교차로안,화물,남,59세,기타불명,승합,남,47세,경상
2023061500100500,2023년 6월 15일 18시,목요일,경상북도 경주시 동천동,중상사고,0,1,0,0,차대차 - 측면충돌,안전운전불이행,건조,맑음,교차로 - 교차로안,자전거,남,30세,상해없음,자전거,남,29세,중상
2023061500100501,2023년 6월 15일 18시,목요일,경상북도 고령군 개진면,중상사고,0,1,0,0,차대차 - 기타,안전운전불이행,건조,맑음,단일로 - 기타,승용,남,26세,상해없음,승용,여,54세,중상
2023061500100563,2023년 6월 15일 20시,목요일,경상북도 경주시 내남면,중상사고,0,1,0,0,차대사람 - 차도통행중,안전운전불이행,건조,맑음,단일로 - 지하차도(도로)내,승용,남,31세,상해없음,보행자,여,73세,중상
2023061500100564,2023년 6월 15일 20시,목요일,경상북도 안동시 옥야동,경상사고,0,0,1,0,차대사람 - 길가장자리구역통행중,안전운전불이행,건조,맑음,교차로 - 교차로부근,승용,남,46세,상해없음,보행자,남,62세,경상
2023061500100565,2023년 6월 15일 20시,목요일,경상북도 김천시 율곡동,경상사고,0,0,1,0,차대차 - 측면충돌,차로위반,건조,맑음,교차로 - 교차로안,승용,남,42세,상해없음,이륜,남,26세,경상
2023061500100566,2023년 6월 15일 20시,목요일,경상북도 포항시 남구 대잠동,중상사고,0,1,0,0,차대사람 - 보도통행중,보행자보호의무위반,건조,맑음,교차로 - 교차로횡단보도내,이륜,남,22세,상해없음,보행자,남,12세,중상
2023061500100567,2023년 6월 15일 20시,목요일,경상북도 포항시 남구 대잠동,경상사고,0,0,1,0,차대사람 - 기타,안전운전불이행,건조,맑음,단일로 - 기타,개인형이동수단(PM),남,16세,상해없음,보행자,여,50세,경상
2023061500100629,2023년 6월 15일 23시,목요일,경상북도 상주시 낙양동,경상사고,0,0,1,0,차대사람 - 횡단중,신호위반,건조,맑음,교차로 - 교차로횡단보도내,이륜,남,17세,상해없음,보행자,남,42세,경상
2023061600100015,2023년 6월 16일 01시,금요일,경상북도 구미시 옥계동,경상사고,0,0,1,0,차대사람 - 기타,안전운전불이행,건조,맑음,교차로 - 교차로부근,원동기,남,17세,상해없음,보행자,남,33세,경상
2023061600100030,2023년 6월 16일 04시,금요일,경상북도 구미시 선산읍,경상사고,0,0,2,0,차대차 - 추돌,안전운전불이행,건조,맑음,단일로 - 기타,화물,남,23세,상해없음,화물,남,64세,경상
2023061600100049,2023년 6월 16일 06시,금요일,경상북도 영천시 화남면,경상사고,0,0,1,0,차대차 - 측면충돌,안전운전불이행,건조,맑음,단일로 - 기타,화물,남,56세,상해없음,화물,남,69세,경상
2023061600100068,2023년 6월 16일 07시,금요일,경상북도 청도군 화양읍,경상사고,0,0,1,0,차대차 - 측면충돌,교차로운행방법위반,젖음/습기,안개,교차로 - 교차로안,승용,남,58세,경상,화물,남,72세,상해없음
2023061600100133,2023년 6월 16일 09시,금요일,경상북도 포항시 북구 기계면,중상사고,0,1,0,0,차대차 - 추돌,안전운전불이행,건조,맑음,단일로 - 기타,승용,남,48세,상해없음,승용,남,54세,중상
2023061600100161,2023년 6월 16일 10시,금요일,경상북도 상주시 가장동,경상사고,0,0,1,0,차대차 - 측면충돌,안전운전불이행,건조,맑음,단일로 - 지하차도(도로)내,화물,남,53세,상해없음,승용,여,65세,경상
2023061600100200,2023년 6월 16일 11시,금요일,경상북도 영양군 입암면,중상사고,0,2,2,0,차대차 - 측면충돌,신호위반,건조,맑음,교차로 - 교차로안,승용,남,46세,경상,승합,여,54세,중상
2023061600100201,2023년 6월 16일 11시,금요일,경상북도 구미시 도량동,경상사고,0,0,1,0,차대차 - 기타,교차로운행방법위반,건조,맑음,교차로 - 교차로안,승용,남,69세,상해없음,승합,남,57세,상해없음
2023061600100202,2023년 6월 16일 11시,금요일,경상북도 구미시 원평동,경상사고,0,0,1,0,차대차 - 측면충돌,안전운전불이행,건조,맑음,교차로 - 교차로부근,승합,남,78세,상해없음,승합,남,62세,경상
2023061600100203,2023년 6월 16일 11시,금요일,경상북도 포항시 남구 구룡포읍,경상사고,0,0,1,0,차대차 - 기타,안전운전불이행,건조,맑음,교차로 - 교차로부근,화물,남,64세,기타불명,이륜,남,68세,경상
2023061600100239,2023년 6월 16일 12시,금요일,경상북도 포항시 북구 환호동,경상사고,0,0,1,0,차량단독 - 기타,안전운전불이행,건조,맑음,단일로 - 기타,승용,남,40세,경상,,,,