사고번호,사고일시,요일,시군구,사고내용,사망자수,중상자수,경상자수,부상신고자수,사고유형,법규위반,노면상태,기상상태,도로형태,가해운전자 차종,가해운전자 성별,가해운전자 연령,가해운전자 상해정도,피해운전자 차종,피해운전자 성별,피해운전자 연령,피해운전자 상해정도
2023061600100240,2023년 6월 16일 12시,금요일,경상북도 포항시 북구 용흥동,경상사고,0,0,1,0,차대차 - 기타,안전운전불이행,건조,맑음,교차로 - 교차로안,승용,남,68세,상해없음,승합,남,52세,경상
2023061600100241,2023년 6월 16일 12시,금요일,경상북도 칠곡군 기산면,경상사고,0,0,1,0,차대차 - 측면충돌,직진우회전진행방해,건조,맑음,교차로 - 교차로안,승용,여,48세,상해없음,승용,여,48세,경상
2023061600100242,2023년 6월 16일 12시,금요일,경상북도 영천시 금호읍,중상사고,0,1,0,0,차대차 - 추돌,안전운전불이행,건조,맑음,교차로 - 교차로부근,승용,남,82세,중상,건설기계,남,52세,상해없음
2023061600100243,2023년 6월 16일 12시,금요일,경상북도 구미시 고아읍,중상사고,0,1,0,0,차대차 - 기타,안전운전불이행,건조,맑음,기타 - 기타,화물,남,43세,상해없음,이륜,여,65세,중상
2023061600100244,2023년 6월 16일 12시,금요일,경상북도 포항시 남구 효자동,경상사고,0,0,1,0,차대차 - 측면충돌,중앙선침범,건조,맑음,단일로 - 기타,승용,남,53세,상해없음,승용,남,44세,경상
2023061600100326,2023년 6월 16일 14시,금요일,경상북도 울진군 후포면,중상사고,0,1,0,0,차대차 - 기타,안전운전불이행,건조,맑음,단일로 - 기타,승용,여,63세,상해없음,자전거,남,53세,중상
2023061600100367,2023년 6월 16일 15시,금요일,경상북도 경주시 외동읍,경상사고,0,0,1,0,차대차 - 측면충돌,안전운전불이행,건조,맑음,단일로 - 터널,화물,남,58세,경상,화물,남,40세,상해없음
2023061600100418,2023년 6월 16일 16시,금요일,경상북도 포항시 북구 흥해읍,경상사고,0,0,4,0,차대차 - 추돌,안전운전불이행,건조,맑음,단일로 - 기타,화물,남,43세,상해없음,승용,여,39세,경상
2023061600100419,2023년 6월 16일 16시,금요일,경상북도 안동시 삼산동,중상사고,0,1,0,0,차대사람 - 기타,안전운전불이행,건조,맑음,단일로 - 기타,승용,여,59세,상해없음,보행자,여,66세,중상
2023061600100420,2023년 6월 16일 16시,금요일,경상북도 청송군 진보면,부상신고사고,0,0,0,1,차대차 - 측면충돌,안전운전불이행,건조,맑음,단일로 - 기타,화물,남,57세,상해없음,승용,남,36세,부상신고
2023061600100476,2023년 6월 16일 17시,금요일,경상북도 안동시 운안동,경상사고,0,0,1,0,차대차 - 기타,안전거리미확보,건조,맑음,단일로 - 기타,승합,남,52세,경상,기타불명,기타불명,미분류,기타불명
2023061600100477,2023년 6월 16일 17시,금요일,경상북도 김천시 모암동,경상사고,0,0,1,0,차대차 - 측면충돌,교차로운행방법위반,건조,맑음,교차로 - 교차로안,승용,남,68세,상해없음,자전거,여,81세,경상
2023061600100478,2023년 6월 16일 17시,금요일,경상북도 영주시 영주동,경상사고,0,0,1,0,차대차 - 측면충돌,신호위반,건조,맑음,교차로 - 교차로안,승용,남,60세,상해없음,자전거,남,61세,경상
2023061600100479,2023년 6월 16일 17시,금요일,경상북도 영천시 문외동,경상사고,0,0,2,0,차대차 - 측면충돌,안전운전불이행,건조,맑음,교차로 - 교차로부근,이륜,남,40세,경상,승용,여,47세,경상
2023061600100542,2023년 6월 16일 18시,금요일,경상북도 포항시 북구 남빈동,경상사고,0,0,4,0,차대차 - 측면충돌,교차로운행방법위반,건조,맑음,교차로 - 교차로안,승용,여,48세,상해없음,승합,남,56세,경상
2023061600100543,2023년 6월 16일 18시,금요일,경상북도 영주시 가흥동,경상사고,0,0,1,0,차대차 - 기타,안전운전불이행,건조,맑음,교차로 - 교차로안,승용,남,53세,상해없음,승용,남,54세,경상
2023061600100587,2023년 6월 16일 19시,금요일,경상북도 안동시 송현동,경상사고,0,0,4,1,차대차 - 측면충돌,안전운전불이행,건조,맑음,교차로 - 교차로안,승용,남,63세,부상신고,승용,남,45세,경상
2023061600100588,2023년 6월 16일 19시,금요일,경상북도 김천시 아포읍,경상사고,0,0,2,0,차대차 - 측면충돌,안전운전불이행,건조,맑음,단일로 - 기타,화물,남,51세,상해없음,승용,남,52세,경상
2023061600100623,2023년 6월 16일 20시,금요일,경상북도 경주시 성건동,중상사고,0,1,0,0,차대사람 - 횡단중,신호위반,건조,맑음,교차로 - 교차로안,승용,남,39세,상해없음,보행자,남,2세,중상
2023061600100624,2023년 6월 16일 20시,금요일,경상북도 안동시 신안동,경상사고,0,0,1,0,차대차 - 기타,중앙선침범,건조,맑음,단일로 - 기타,승합,남,59세,상해없음,이륜,남,34세,경상
2023061600100625,2023년 6월 16일 20시,금요일,경상북도 영천시 금노동,경상사고,0,0,1,0,차대사람 - 기타,안전운전불이행,건조,맑음,주차장 - 주차장,승용,남,42세,상해없음,보행자,남,47세,경상
2023061600100626,2023년 6월 16일 20시,금요일,경상북도 경산시 옥곡동,경상사고,0,0,1,0,차대차 - 측면충돌,안전운전불이행,건조,맑음,단일로 - 기타,승용,남,57세,상해없음,자전거,남,58세,경상
2023061600100698,2023년 6월 16일 23시,금요일,경상북도 포항시 남구 오천읍,중상사고,0,1,1,1,차대사람 - 차도통행중,안전운전불이행,건조,맑음,단일로 - 기타,승용,남,60세,상해없음,보행자,남,42세,중상
2023061700100087,2023년 6월 17일 07시,토요일,경상북도 안동시 용상동,중상사고,0,1,0,0,차대사람 - 횡단중,보행자보호의무위반,건조,맑음,교차로 - 교차로안,화물,남,53세,상해없음,보행자,여,83세,중상
2023061700100089,2023년 6월 17일 07시,토요일,경상북도 울진군 울진읍,중상사고,0,2,0,0,차량단독 - 도로외이탈 - 추락,안전운전불이행,건조,맑음,단일로 - 기타,승용,여,54세,중상,,,,
2023061700100178,2023년 6월 17일 10시,토요일,경상북도 포항시 북구 죽도동,경상사고,0,0,1,0,차대차 - 측면충돌,교차로운행방법위반,건조,맑음,교차로 - 교차로횡단보도내,승용,남,68세,상해없음,승용,남,29세,경상
2023061700100179,2023년 6월 17일 10시,토요일,경상북도 포항시 남구 송도동,경상사고,0,0,2,0,차대차 - 측면충돌,안전운전불이행,건조,맑음,단일로 - 기타,승용,남,34세,상해없음,승용,여,50세,경상
2023061700100221,2023년 6월 17일 11시,토요일,경상북도 영천시 야사동,경상사고,0,0,1,0,차대차 - 기타,안전운전불이행,건조,맑음,교차로 - 교차로안,이륜,남,39세,경상,승용,남,38세,상해없음
2023061700100222,2023년 6월 17일 11시,토요일,경상북도 문경시 점촌동,중상사고,0,1,0,0,차대차 - 측면충돌,교차로운행방법위반,건조,맑음,교차로 - 교차로안,승용,남,61세,상해없음,이륜,여,71세,중상
2023061700100223,2023년 6월 17일 11시,토요일,경상북도 포항시 남구 해도동,경상사고,0,0,3,0,차대차 - 측면충돌,교차로운행방법위반,건조,맑음,교차로 - 교차로안,이륜,남,53세,상해없음,승용,남,38세,경상
2023061700100263,2023년 6월 17일 12시,토요일,경상북도 포항시 북구 죽도동,경상사고,0,0,1,0,차대사람 - 기타,안전운전불이행,건조,맑음,단일로 - 기타,승용,남,65세,상해없음,보행자,남,52세,경상
2023061700100264,2023년 6월 17일 12시,토요일,경상북도 포항시 북구 죽도동,경상사고,0,0,1,0,차대차 - 기타,교차로운행방법위반,건조,맑음,교차로 - 교차로부근,승용,남,76세,상해없음,승용,남,65세,경상
2023061700100265,2023년 6월 17일 12시,토요일,경상북도 구미시 원평동,경상사고,0,0,1,0,차대차 - 측면충돌,불법유턴,건조,맑음,교차로 - 교차로부근,승용,여,26세,상해없음,승용,남,62세,경상
2023061700100266,2023년 6월 17일 12시,토요일,경상북도 구미시 사곡동,경상사고,0,0,1,0,차대차 - 측면충돌,안전운전불이행,건조,맑음,단일로 - 기타,이륜,남,36세,상해없음,이륜,남,30세,경상
2023061700100313,2023년 6월 17일 13시,토요일,경상북도 구미시 공단동,부상신고사고,0,0,0,1,차대차 - 기타,안전운전불이행,건조,맑음,교차로 - 교차로부근,개인형이동수단(PM),남,17세,부상신고,승합,남,56세,상해없음
2023061700100314,2023년 6월 17일 13시,토요일,경상북도 구미시 신평동,경상사고,0,0,2,0,차대차 - 측면충돌,안전운전불이행,건조,맑음,교차로 - 교차로안,승용,남,34세,상해없음,승용,남,30세,경상
2023061700100356,2023년 6월 17일 14시,토요일,경상북도 포항시 남구 연일읍,경상사고,0,0,1,1,차대차 - 측면충돌,교차로운행방법위반,건조,맑음,교차로 - 교차로안,승용,남,45세,부상신고,승용,여,43세,경상
2023061700100394,2023년 6월 17일 15시,토요일,경상북도 경산시 자인면,중상사고,0,5,0,0,차대차 - 정면충돌,안전운전불이행,건조,맑음,교차로 - 교차로안,승용,남,68세,상해없음,승합,남,53세,중상
2023061700100395,2023년 6월 17일 15시,토요일,경상북도 고령군 대가야읍,경상사고,0,0,2,0,차대차 - 측면충돌,안전운전불이행,건조,맑음,교차로 - 교차로안,승용,여,39세,상해없음,승용,여,37세,경상
2023061700100433,2023년 6월 17일 16시,토요일,경상북도 상주시 공검면,중상사고,0,1,4,0,차대차 - 측면충돌,안전운전불이행,건조,맑음,단일로 - 기타,이륜,남,79세,상해없음,승용,남,44세,경상
2023061700100434,2023년 6월 17일 16시,토요일,경상북도 구미시 오태동,중상사고,0,1,1,0,차대차 - 추돌,안전운전불이행,건조,맑음,교차로 - 교차로부근,승용,남,63세,중상,화물,남,48세,경상
2023061700100477,2023년 6월 17일 17시,토요일,경상북도 성주군 선남면,중상사고,0,4,2,0,차대차 - 측면충돌,직진우회전진행방해,건조,맑음,교차로 - 교차로안,화물,남,66세,경상,승용,여,63세,경상
2023061700100478,2023년 6월 17일 17시,토요일,경상북도 구미시 장천면,중상사고,0,1,0,0,차대차 - 측면충돌,차로위반,건조,맑음,교차로 - 교차로부근,이륜,남,81세,중상,승용,여,47세,상해없음
2023061700100509,2023년 6월 17일 18시,토요일,경상북도 경주시 안강읍,경상사고,0,0,1,0,차대차 - 기타,안전운전불이행,건조,맑음,교차로 - 교차로안,자전거,남,67세,경상,승용,남,73세,상해없음
2023061700100510,2023년 6월 17일 18시,토요일,경상북도 포항시 북구 죽도동,경상사고,0,0,1,0,차대차 - 기타,신호위반,건조,맑음,교차로 - 교차로안,승용,여,48세,상해없음,승용,남,71세,경상
2023061700100511,2023년 6월 17일 18시,토요일,경상북도 의성군 가음면,중상사고,0,1,0,0,차량단독 - 전도전복 - 전도,안전운전불이행,건조,맑음,단일로 - 기타,이륜,남,40세,중상,,,,
2023061700100536,2023년 6월 17일 19시,토요일,경상북도 경주시 서면,경상사고,0,0,1,0,차대차 - 정면충돌,안전운전불이행,건조,맑음,교차로 - 교차로안,화물,남,60세,상해없음,이륜,남,67세,경상
2023061700100537,2023년 6월 17일 19시,토요일,경상북도 영천시 화남면,중상사고,0,2,1,0,차대차 - 추돌,안전운전불이행,건조,흐림,단일로 - 기타,승용,남,66세,상해없음,승용,남,84세,중상
2023061700100556,2023년 6월 17일 20시,토요일,경상북도 포항시 북구 항구동,경상사고,0,0,1,0,차대사람 - 차도통행중,안전운전불이행,건조,맑음,단일로 - 기타,승용,남,20세,상해없음,보행자,남,30세,경상
2023061700100557,2023년 6월 17일 20시,토요일,경상북도 안동시 옥동,부상신고사고,0,0,0,1,차대사람 - 횡단중,안전운전불이행,건조,맑음,단일로 - 기타,승용,여,19세,상해없음,보행자,남,41세,부상신고
2023061700100558,2023년 6월 17일 20시,토요일,경상북도 군위군 삼국유사면,사망사고,1,0,0,0,차대사람 - 기타,안전운전불이행,건조,맑음,단일로 - 기타,화물,남,58세,상해없음,보행자,여,70세,사망
2023061700100581,2023년 6월 17일 21시,토요일,경상북도 청도군 이서면,중상사고,0,1,0,0,차대차 - 정면충돌,신호위반,건조,맑음,교차로 - 교차로안,승용,남,40세,상해없음,승용,남,33세,중상
2023061700100582,2023년 6월 17일 21시,토요일,경상북도 구미시 옥계동,경상사고,0,0,1,0,차대차 - 측면충돌,신호위반,건조,맑음,교차로 - 교차로안,승용,남,50세,상해없음,원동기,남,39세,경상
2023061700100619,2023년 6월 17일 23시,토요일,경상북도 경산시 조영동,경상사고,0,0,1,0,차대차 - 측면충돌,차로위반,건조,맑음,교차로 - 교차로안,승용,남,62세,상해없음,승용,남,32세,경상
2023061800100091,2023년 6월 18일 09시,일요일,경상북도 상주시 사벌국면,경상사고,0,0,1,0,차대차 - 측면충돌,교차로운행방법위반,건조,맑음,교차로 - 교차로안,승용,남,65세,상해없음,승용,여,47세,경상
2023061800100156,2023년 6월 18일 12시,일요일,경상북도 안동시 용상동,중상사고,0,1,0,0,차대차 - 기타,안전거리미확보,건조,맑음,단일로 - 기타,화물,남,66세,상해없음,이륜,남,30세,중상
2023061800100157,2023년 6월 18일 12시,일요일,경상북도 청도군 청도읍,경상사고,0,0,2,0,차대차 - 측면충돌,안전운전불이행,건조,맑음,교차로 - 교차로안,승용,남,25세,상해없음,승용,남,64세,경상
2023061800100196,2023년 6월 18일 13시,일요일,경상북도 포항시 북구 덕산동,경상사고,0,0,1,0,차대사람 - 기타,안전운전불이행,건조,맑음,단일로 - 기타,화물,여,43세,상해없음,보행자,여,80세,경상
2023061800100197,2023년 6월 18일 13시,일요일,경상북도 포항시 북구 죽도동,경상사고,0,0,1,0,차대차 - 추돌,안전운전불이행,건조,맑음,단일로 - 기타,승용,남,70세,상해없음,승용,여,31세,경상
2023061800100198,2023년 6월 18일 13시,일요일,경상북도 포항시 남구 동해면,경상사고,0,0,2,5,차대차 - 추돌,안전거리미확보,건조,맑음,교차로 - 교차로부근,승용,남,76세,상해없음,승용,여,36세,경상
2023061800100199,2023년 6월 18일 13시,일요일,경상북도 청도군 청도읍,경상사고,0,0,3,0,차대차 - 추돌,안전운전불이행,건조,맑음,단일로 - 기타,승용,남,55세,상해없음,승용,남,51세,경상
2023061800100221,2023년 6월 18일 14시,일요일,경상북도 영주시 가흥동,경상사고,0,0,1,0,차대차 - 측면충돌,교차로운행방법위반,건조,맑음,교차로 - 교차로안,승용,남,37세,상해없음,승용,여,56세,경상
2023061800100222,2023년 6월 18일 14시,일요일,경상북도 영천시 신녕면,중상사고,0,1,2,0,차량단독 - 공작물충돌,안전운전불이행,건조,맑음,주차장 - 주차장,승용,남,61세,경상,,,,
2023061800100253,2023년 6월 18일 15시,일요일,경상북도 포항시 북구 죽도동,경상사고,0,0,2,0,차대차 - 측면충돌,안전운전불이행,건조,맑음,교차로 - 교차로안,승용,남,75세,경상,승용,여,53세,경상
2023061800100254,2023년 6월 18일 15시,일요일,경상북도 안동시 법흥동,중상사고,0,2,2,0,차대차 - 기타,직진우회전진행방해,건조,맑음,교차로 - 교차로안,승용,여,52세,중상,승용,남,41세,중상
2023061800100255,2023년 6월 18일 15시,일요일,경상북도 김천시 어모면,경상사고,0,0,1,0,차대사람 - 기타,안전운전불이행,건조,맑음,단일로 - 기타,화물,남,73세,상해없음,보행자,남,46세,경상
2023061800100290,2023년 6월 18일 16시,일요일,경상북도 안동시 옥동,경상사고,0,0,2,0,차대차 - 기타,안전거리미확보,건조,맑음,교차로 - 교차로부근,승용,남,30세,경상,승용,남,31세,경상
2023061800100342,2023년 6월 18일 18시,일요일,경상북도 예천군 호명면,중상사고,0,1,0,0,차대사람 - 기타,안전운전불이행,건조,맑음,단일로 - 기타,승용,남,68세,상해없음,보행자,남,51세,중상
2023061800100343,2023년 6월 18일 18시,일요일,경상북도 구미시 비산동,중상사고,0,1,1,0,차대사람 - 횡단중,보행자보호의무위반,건조,맑음,단일로 - 기타,승용,남,68세,상해없음,보행자,남,37세,중상
2023061800100396,2023년 6월 18일 20시,일요일,경상북도 칠곡군 왜관읍,경상사고,0,0,1,0,차대사람 - 횡단중,안전운전불이행,건조,맑음,교차로 - 교차로횡단보도내,승용,남,72세,상해없음,보행자,여,54세,경상
2023061800100397,2023년 6월 18일 20시,일요일,경상북도 문경시 점촌동,경상사고,0,0,1,0,차대차 - 측면충돌,안전운전불이행,건조,맑음,단일로 - 기타,승용,남,68세,상해없음,승용,남,36세,경상
2023061800100398,2023년 6월 18일 20시,일요일,경상북도 경산시 하양읍,경상사고,0,0,1,0,차대사람 - 횡단중,안전운전불이행,건조,맑음,단일로 - 기타,승용,여,34세,상해없음,보행자,여,71세,경상
2023061800100399,2023년 6월 18일 20시,일요일,경상북도 포항시 남구 연일읍,경상사고,0,0,1,0,차대사람 - 횡단중,보행자보호의무위반,건조,맑음,교차로 - 교차로횡단보도내,승용,남,66세,상해없음,보행자,남,64세,경상
2023061800100431,2023년 6월 18일 22시,일요일,경상북도 포항시 북구 대흥동,중상사고,0,1,0,0,차대차 - 측면충돌,안전운전불이행,건조,맑음,단일로 - 기타,개인형이동수단(PM),남,20세,상해없음,이륜,남,25세,중상
2023061800100444,2023년 6월 18일 23시,일요일,경상북도 문경시 문경읍,중상사고,0,1,1,0,차량단독 - 공작물충돌,안전운전불이행,건조,맑음,단일로 - 기타,승용,남,39세,경상,,,,
2023061900100030,2023년 6월 19일 05시,월요일,경상북도 김천시 감문면,경상사고,0,0,1,0,차대차 - 측면충돌,안전운전불이행,건조,맑음,교차로 - 교차로안,이륜,여,68세,경상,승용,남,62세,상해없음
2023061900100046,2023년 6월 19일 06시,월요일,경상북도 영덕군 병곡면,중상사고,0,2,0,0,차대사람 - 기타,안전운전불이행,건조,맑음,단일로 - 기타,화물,남,70세,중상,보행자,여,65세,중상
2023061900100071,2023년 6월 19일 07시,월요일,경상북도 포항시 남구 오천읍,경상사고,0,0,2,0,차대차 - 측면충돌,직진우회전진행방해,건조,맑음,교차로 - 교차로안,승용,남,43세,경상,승용,남,43세,경상
2023061900100119,2023년 6월 19일 08시,월요일,경상북도 안동시 길안면,중상사고,0,1,1,0,차대차 - 측면충돌,안전운전불이행,건조,맑음,교차로 - 교차로안,승용,남,76세,경상,승용,여,47세,중상
2023061900100120,2023년 6월 19일 08시,월요일,경상북도 포항시 남구 연일읍,경상사고,0,0,2,0,차대차 - 정면충돌,중앙선침범,건조,맑음,단일로 - 기타,승용,남,60세,기타불명,승용,여,41세,경상
2023061900100164,2023년 6월 19일 09시,월요일,경상북도 의성군 금성면,중상사고,0,1,1,0,차대차 - 기타,직진우회전진행방해,건조,맑음,교차로 - 교차로안,승용,여,76세,중상,승용,남,60세,경상
2023061900100165,2023년 6월 19일 09시,월요일,경상북도 봉화군 춘양면,중상사고,0,1,0,0,차량단독 - 전도전복 - 전복,안전운전불이행,건조,기타,단일로 - 기타,사륜오토바이(ATV),남,86세,중상,,,,
2023061900100166,2023년 6월 19일 09시,월요일,경상북도 포항시 남구 연일읍,경상사고,0,0,2,0,차대차 - 기타,안전운전불이행,건조,맑음,교차로 - 교차로부근,승용,남,63세,경상,승용,여,50세,경상
2023061900100204,2023년 6월 19일 10시,월요일,경상북도 포항시 북구 죽도동,경상사고,0,0,1,0,차대차 - 후진중충돌,안전운전불이행,건조,맑음,단일로 - 기타,승용,남,85세,상해없음,승용,남,52세,경상
2023061900100205,2023년 6월 19일 10시,월요일,경상북도 청송군 안덕면,경상사고,0,0,1,0,차대차 - 후진중충돌,기타,건조,맑음,단일로 - 기타,화물,남,52세,상해없음,승용,남,36세,경상
2023061900100284,2023년 6월 19일 12시,월요일,경상북도 경산시 하양읍,경상사고,0,0,1,0,차대사람 - 횡단중,안전운전불이행,건조,맑음,교차로 - 교차로부근,화물,남,61세,상해없음,보행자,여,22세,경상
2023061900100285,2023년 6월 19일 12시,월요일,경상북도 포항시 남구 대잠동,경상사고,0,0,2,0,차대차 - 측면충돌,신호위반,건조,맑음,단일로 - 기타,이륜,남,24세,경상,승용,남,63세,경상
2023061900100318,2023년 6월 19일 13시,월요일,경상북도 경주시 현곡면,중상사고,0,1,0,0,차대차 - 추돌,안전운전불이행,건조,맑음,단일로 - 지하차도(도로)내,화물,남,72세,상해없음,농기계,남,69세,중상
2023061900100319,2023년 6월 19일 13시,월요일,경상북도 상주시 공성면,경상사고,0,0,1,0,차대차 - 추돌,안전운전불이행,건조,맑음,단일로 - 기타,승용,남,31세,상해없음,화물,남,34세,경상
2023061900100320,2023년 6월 19일 13시,월요일,경상북도 상주시 외서면,중상사고,0,1,0,0,차량단독 - 전도전복 - 전복,안전운전불이행,건조,맑음,단일로 - 기타,승용,남,60세,상해없음,,,,
2023061900100321,2023년 6월 19일 13시,월요일,경상북도 상주시 남성동,경상사고,0,0,2,0,차대차 - 측면충돌,직진우회전진행방해,건조,맑음,교차로 - 교차로안,승용,여,50세,상해없음,승용,남,44세,경상
2023061900100322,2023년 6월 19일 13시,월요일,경상북도 구미시 구포동,경상사고,0,0,1,0,차대차 - 기타,안전거리미확보,건조,맑음,단일로 - 기타,화물,남,58세,상해없음,승용,남,32세,경상
2023061900100357,2023년 6월 19일 14시,월요일,경상북도 포항시 북구 죽도동,경상사고,0,0,1,0,차대사람 - 차도통행중,안전운전불이행,건조,맑음,교차로 - 교차로부근,승용,여,25세,상해없음,보행자,여,65세,경상
2023061900100358,2023년 6월 19일 14시,월요일,경상북도 상주시 화서면,중상사고,0,1,0,0,차대차 - 측면충돌,안전운전불이행,건조,맑음,단일로 - 지하차도(도로)내,승용,남,66세,상해없음,이륜,남,82세,중상
2023061900100359,2023년 6월 19일 14시,월요일,경상북도 구미시 원평동,경상사고,0,0,1,0,차대차 - 기타,안전운전불이행,건조,맑음,교차로 - 교차로부근,화물,남,70세,상해없음,승용,여,57세,경상
2023061900100400,2023년 6월 19일 15시,월요일,경상북도 경주시 노서동,경상사고,0,0,1,0,차대차 - 기타,안전운전불이행,건조,맑음,교차로 - 교차로안,승용,남,77세,기타불명,자전거,여,13세,경상
2023061900100401,2023년 6월 19일 15시,월요일,경상북도 안동시 송천동,중상사고,0,1,0,0,차대차 - 측면충돌,안전운전불이행,건조,맑음,교차로 - 교차로부근,승용,남,22세,상해없음,승용,여,75세,중상
2023061900100402,2023년 6월 19일 15시,월요일,경상북도 포항시 남구 대도동,경상사고,0,0,1,0,차대차 - 측면충돌,안전거리미확보,건조,맑음,단일로 - 기타,승용,여,58세,상해없음,자전거,여,54세,경상
2023061900100464,2023년 6월 19일 16시,월요일,경상북도 구미시 형곡동,경상사고,0,0,1,0,차대차 - 기타,안전운전불이행,건조,맑음,단일로 - 기타,승용,남,48세,상해없음,승용,남,38세,경상
2023061900100507,2023년 6월 19일 17시,월요일,경상북도 포항시 북구 죽도동,경상사고,0,0,1,0,차대차 - 추돌,안전운전불이행,건조,맑음,단일로 - 기타,이륜,남,21세,경상,승용,여,44세,상해없음
2023061900100541,2023년 6월 19일 18시,월요일,경상북도 경주시 배반동,중상사고,0,1,0,2,차대차 - 추돌,안전운전불이행,건조,맑음,교차로 - 교차로부근,승용,남,59세,부상신고,승용,남,38세,중상
2023061900100615,2023년 6월 19일 20시,월요일,경상북도 영천시 화남면,중상사고,0,1,2,0,차대차 - 추돌,안전운전불이행,건조,맑음,단일로 - 기타,화물,남,63세,상해없음,화물,남,73세,경상
2023061900100616,2023년 6월 19일 20시,월요일,경상북도 군위군 소보면,중상사고,0,1,0,1,차대차 - 추돌,안전운전불이행,건조,맑음,단일로 - 기타,승용,여,62세,부상신고,농기계,남,70세,중상
2023061900100673,2023년 6월 19일 23시,월요일,경상북도 영주시 가흥동,중상사고,0,1,1,0,차대차 - 측면충돌,교차로운행방법위반,건조,맑음,교차로 - 교차로안,승용,남,21세,상해없음,승용,남,53세,중상
2023062000100012,2023년 6월 20일 01시,화요일,경상북도 포항시 북구 흥해읍,중상사고,0,1,1,0,차대차 - 정면충돌,안전운전불이행,건조,맑음,단일로 - 기타,승용,남,18세,상해없음,승용,남,26세,중상
2023062000100029,2023년 6월 20일 05시,화요일,경상북도 경주시 동천동,경상사고,0,0,1,0,차대차 - 정면충돌,신호위반,건조,맑음,교차로 - 교차로안,승용,여,55세,상해없음,승용,남,71세,경상
2023062000100030,2023년 6월 20일 05시,화요일,경상북도 포항시 북구 장성동,경상사고,0,0,2,1,차대차 - 측면충돌,직진우회전진행방해,건조,맑음,교차로 - 교차로안,승용,남,30세,경상,승용,여,49세,경상
2023062000100053,2023년 6월 20일 07시,화요일,경상북도 영주시 조암동,경상사고,0,0,1,0,차대차 - 측면충돌,안전운전불이행,건조,맑음,단일로 - 기타,승용,여,76세,상해없음,승용,남,26세,경상
2023062000100054,2023년 6월 20일 07시,화요일,경상북도 성주군 성주읍,경상사고,0,0,2,0,차대차 - 기타,중앙선침범,건조,맑음,기타 - 기타,승용,남,61세,경상,승용,여,50세,상해없음
2023062000100089,2023년 6월 20일 08시,화요일,경상북도 포항시 북구 항구동,경상사고,0,0,3,0,차대차 - 측면충돌,신호위반,건조,맑음,교차로 - 교차로안,건설기계,남,62세,상해없음,승용,남,41세,경상
2023062000100090,2023년 6월 20일 08시,화요일,경상북도 안동시 와룡면,경상사고,0,0,1,0,차대사람 - 기타,안전운전불이행,건조,맑음,단일로 - 기타,승용,남,23세,상해없음,보행자,남,71세,경상
2023062000100091,2023년 6월 20일 08시,화요일,경상북도 김천시 백옥동,경상사고,0,0,1,0,차대사람 - 차도통행중,안전운전불이행,건조,맑음,단일로 - 기타,건설기계,남,50세,상해없음,보행자,남,81세,경상
2023062000100092,2023년 6월 20일 08시,화요일,경상북도 영천시 야사동,중상사고,0,1,0,0,차대사람 - 횡단중,보행자보호의무위반,건조,맑음,단일로 - 기타,승용,남,74세,상해없음,보행자,여,75세,중상
2023062000100093,2023년 6월 20일 08시,화요일,경상북도 예천군 예천읍,경상사고,0,0,1,0,차대사람 - 기타,안전운전불이행,건조,맑음,단일로 - 기타,승용,남,78세,상해없음,보행자,남,21세,경상
2023062000100094,2023년 6월 20일 08시,화요일,경상북도 청도군 화양읍,경상사고,0,0,1,0,차대차 - 추돌,안전운전불이행,건조,맑음,교차로 - 교차로안,화물,남,45세,상해없음,승용,여,49세,경상
2023062000100195,2023년 6월 20일 11시,화요일,경상북도 포항시 북구 우현동,경상사고,0,0,1,0,차량단독 - 공작물충돌,안전운전불이행,건조,맑음,교차로 - 교차로부근,승용,남,44세,경상,,,,
2023062000100228,2023년 6월 20일 12시,화요일,경상북도 안동시 옥동,중상사고,0,1,0,0,차대사람 - 횡단중,보행자보호의무위반,건조,맑음,교차로 - 교차로안,승용,여,68세,상해없음,보행자,여,52세,중상
2023062000100229,2023년 6월 20일 12시,화요일,경상북도 경산시 사동,중상사고,0,1,0,0,차대사람 - 횡단중,보행자보호의무위반,건조,맑음,단일로 - 기타,이륜,남,29세,기타불명,보행자,여,69세,중상
2023062000100230,2023년 6월 20일 12시,화요일,경상북도 예천군 호명면,경상사고,0,0,2,0,차대차 - 추돌,교차로운행방법위반,건조,맑음,교차로 - 교차로안,승용,여,23세,상해없음,승용,여,40세,경상
2023062000100263,2023년 6월 20일 13시,화요일,경상북도 칠곡군 동명면,부상신고사고,0,0,0,1,차대차 - 추돌,안전거리미확보,건조,맑음,단일로 - 기타,승용,여,59세,부상신고,건설기계,남,57세,상해없음
2023062000100296,2023년 6월 20일 14시,화요일,경상북도 칠곡군 기산면,중상사고,0,1,0,0,차량단독 - 공작물충돌,안전운전불이행,건조,맑음,단일로 - 기타,승용,여,29세,중상,,,,
2023062000100334,2023년 6월 20일 15시,화요일,경상북도 경주시 안강읍,경상사고,0,0,2,0,차대차 - 측면충돌,안전운전불이행,건조,맑음,교차로 - 교차로안,사륜오토바이(ATV),여,81세,상해없음,승용,여,47세,경상
2023062000100369,2023년 6월 20일 16시,화요일,경상북도 포항시 북구 대신동,경상사고,0,0,1,0,차대차 - 기타,신호위반,건조,맑음,교차로 - 교차로안,승용,여,64세,상해없음,승합,남,50세,경상