사고번호,사고일시,요일,시군구,사고내용,사망자수,중상자수,경상자수,부상신고자수,사고유형,법규위반,노면상태,기상상태,도로형태,가해운전자 차종,가해운전자 성별,가해운전자 연령,가해운전자 상해정도,피해운전자 차종,피해운전자 성별,피해운전자 연령,피해운전자 상해정도
2023062800100256,2023년 6월 28일 13시,수요일,경상북도 영덕군 영해면,중상사고,0,1,1,0,차대차 - 측면충돌,중앙선침범,건조,맑음,단일로 - 기타,승용,남,76세,경상,승용,기타불명,미분류,기타불명
2023062800100257,2023년 6월 28일 13시,수요일,경상북도 구미시 산동읍,경상사고,0,0,2,0,차대차 - 측면충돌,직진우회전진행방해,건조,맑음,교차로 - 교차로안,승용,남,78세,상해없음,승용,남,70세,경상
2023062800100313,2023년 6월 28일 15시,수요일,경상북도 포항시 남구 대잠동,부상신고사고,0,0,0,3,차대차 - 측면충돌,차로위반,건조,맑음,교차로 - 교차로부근,승용,남,64세,상해없음,승합,여,55세,부상신고
2023062800100357,2023년 6월 28일 16시,수요일,경상북도 경주시 성동동,경상사고,0,0,1,0,차대차 - 기타,안전운전불이행,건조,맑음,교차로 - 교차로부근,승용,남,46세,상해없음,이륜,남,29세,경상
2023062800100358,2023년 6월 28일 16시,수요일,경상북도 포항시 북구 죽도동,경상사고,0,0,1,0,차대차 - 기타,안전운전불이행,건조,맑음,교차로 - 교차로부근,자전거,남,74세,경상,승용,남,55세,상해없음
2023062800100359,2023년 6월 28일 16시,수요일,경상북도 안동시 당북동,경상사고,0,0,3,11,차대차 - 추돌,안전운전불이행,건조,맑음,단일로 - 기타,승합,남,52세,상해없음,승합,남,65세,상해없음
2023062800100360,2023년 6월 28일 16시,수요일,경상북도 문경시 문경읍,경상사고,0,0,1,0,차대차 - 측면충돌,안전운전불이행,건조,맑음,단일로 - 기타,승용,여,52세,상해없음,자전거,남,68세,경상
2023062800100361,2023년 6월 28일 16시,수요일,경상북도 영덕군 남정면,경상사고,0,0,1,0,차대차 - 추돌,안전거리미확보,건조,맑음,교차로 - 교차로부근,특수,남,53세,상해없음,승용,남,39세,경상
2023062800100362,2023년 6월 28일 16시,수요일,경상북도 군위군 삼국유사면,경상사고,0,0,1,0,차대차 - 측면충돌,중앙선침범,건조,맑음,단일로 - 기타,화물,남,59세,상해없음,승용,여,49세,경상
2023062800100401,2023년 6월 28일 17시,수요일,경상북도 포항시 북구 득량동,경상사고,0,0,1,0,차대차 - 기타,교차로운행방법위반,건조,맑음,교차로 - 교차로안,승용,여,58세,상해없음,이륜,남,28세,경상
2023062800100402,2023년 6월 28일 17시,수요일,경상북도 칠곡군 지천면,중상사고,0,1,0,0,차대사람 - 기타,안전운전불이행,건조,맑음,단일로 - 지하차도(도로)내,화물,남,67세,상해없음,보행자,남,78세,중상
2023062800100403,2023년 6월 28일 17시,수요일,경상북도 경산시 진량읍,중상사고,0,1,0,0,차대사람 - 차도통행중,안전운전불이행,건조,맑음,교차로 - 교차로부근,승용,남,47세,상해없음,보행자,남,79세,중상
2023062800100453,2023년 6월 28일 18시,수요일,경상북도 김천시 평화동,중상사고,0,1,0,0,차대차 - 기타,신호위반,건조,맑음,교차로 - 교차로안,승용,남,62세,상해없음,이륜,남,16세,중상
2023062800100454,2023년 6월 28일 18시,수요일,경상북도 칠곡군 석적읍,경상사고,0,0,3,0,차대차 - 추돌,안전운전불이행,건조,맑음,단일로 - 기타,승용,남,42세,상해없음,승용,여,36세,경상
2023062800100455,2023년 6월 28일 18시,수요일,경상북도 울릉군 울릉읍,경상사고,0,0,1,0,차대사람 - 차도통행중,안전운전불이행,건조,맑음,단일로 - 기타,화물,남,21세,상해없음,보행자,남,82세,경상
2023062800100516,2023년 6월 28일 20시,수요일,경상북도 포항시 남구 장흥동,경상사고,0,0,1,0,차대차 - 기타,신호위반,건조,맑음,교차로 - 교차로안,승용,남,47세,상해없음,이륜,남,28세,경상
2023062800100546,2023년 6월 28일 21시,수요일,경상북도 경산시 진량읍,중상사고,0,1,0,0,차대사람 - 길가장자리구역통행중,안전운전불이행,건조,맑음,단일로 - 기타,승용,남,74세,상해없음,보행자,여,68세,중상
2023062800100547,2023년 6월 28일 21시,수요일,경상북도 포항시 남구 상도동,경상사고,0,0,2,2,차대차 - 측면충돌,신호위반,건조,맑음,단일로 - 기타,승용,남,68세,상해없음,승합,남,58세,부상신고
2023062800100582,2023년 6월 28일 23시,수요일,경상북도 구미시 황상동,경상사고,0,0,1,0,차대차 - 추돌,안전운전불이행,건조,맑음,교차로 - 교차로안,승용,남,60세,상해없음,승용,여,23세,경상
2023062900100049,2023년 6월 29일 06시,목요일,경상북도 김천시 부곡동,중상사고,0,1,0,0,차대차 - 측면충돌,교차로운행방법위반,건조,흐림,교차로 - 교차로안,승용,남,33세,상해없음,자전거,남,69세,중상
2023062900100099,2023년 6월 29일 08시,목요일,경상북도 칠곡군 약목면,경상사고,0,0,1,0,차대차 - 정면충돌,교차로운행방법위반,건조,맑음,교차로 - 교차로부근,자전거,여,41세,경상,승용,여,24세,상해없음
2023062900100100,2023년 6월 29일 08시,목요일,경상북도 경산시 진량읍,경상사고,0,0,2,0,차대차 - 측면충돌,신호위반,건조,맑음,교차로 - 교차로안,승용,남,53세,상해없음,승용,남,34세,경상
2023062900100101,2023년 6월 29일 08시,목요일,경상북도 포항시 남구 오천읍,경상사고,0,0,1,0,차대차 - 정면충돌,기타,건조,맑음,교차로 - 교차로안,이륜,남,40세,기타불명,승용,여,64세,경상
2023062900100132,2023년 6월 29일 09시,목요일,경상북도 문경시 모전동,중상사고,0,1,0,0,차대차 - 측면충돌,안전운전불이행,건조,맑음,교차로 - 교차로안,승용,남,67세,상해없음,이륜,남,68세,중상
2023062900100160,2023년 6월 29일 10시,목요일,경상북도 포항시 북구 우현동,경상사고,0,0,2,0,차대차 - 추돌,안전운전불이행,건조,맑음,교차로 - 교차로부근,건설기계,남,60세,상해없음,승용,남,50세,상해없음
2023062900100194,2023년 6월 29일 11시,목요일,경상북도 의성군 안계면,경상사고,0,0,1,0,차대차 - 측면충돌,중앙선침범,건조,흐림,교차로 - 교차로부근,이륜,여,70세,경상,화물,남,31세,상해없음
2023062900100233,2023년 6월 29일 12시,목요일,경상북도 상주시 무양동,경상사고,0,0,1,0,차대차 - 추돌,안전거리미확보,젖음/습기,비,교차로 - 교차로부근,화물,남,39세,상해없음,화물,남,40세,경상
2023062900100234,2023년 6월 29일 12시,목요일,경상북도 울진군 근남면,경상사고,0,0,1,0,차대차 - 측면충돌,기타,건조,맑음,단일로 - 기타,승용,남,67세,상해없음,승용,여,58세,경상
2023062900100279,2023년 6월 29일 13시,목요일,경상북도 칠곡군 왜관읍,경상사고,0,0,1,0,차대차 - 기타,안전운전불이행,젖음/습기,흐림,교차로 - 교차로안,승용,남,32세,상해없음,이륜,남,29세,경상
2023062900100280,2023년 6월 29일 13시,목요일,경상북도 영양군 영양읍,중상사고,0,1,0,0,차대차 - 측면충돌,기타,건조,흐림,교차로 - 교차로안,이륜,여,77세,중상,승용,남,59세,상해없음
2023062900100316,2023년 6월 29일 14시,목요일,경상북도 포항시 북구 죽도동,경상사고,0,0,1,0,차대차 - 후진중충돌,안전운전불이행,젖음/습기,비,단일로 - 기타,승용,남,27세,상해없음,승용,여,60세,경상
2023062900100317,2023년 6월 29일 14시,목요일,경상북도 상주시 공검면,경상사고,0,0,1,0,차대차 - 측면충돌,안전운전불이행,젖음/습기,비,단일로 - 기타,승합,남,45세,상해없음,승용,남,69세,경상
2023062900100379,2023년 6월 29일 16시,목요일,경상북도 경산시 남천면,경상사고,0,0,1,0,차대차 - 정면충돌,중앙선침범,건조,맑음,단일로 - 터널,승용,남,64세,상해없음,승용,여,29세,경상
2023062900100416,2023년 6월 29일 17시,목요일,경상북도 예천군 개포면,경상사고,0,0,3,0,차량단독 - 공작물충돌,안전운전불이행,젖음/습기,비,단일로 - 기타,승합,남,56세,상해없음,,,,
2023062900100417,2023년 6월 29일 17시,목요일,경상북도 구미시 인의동,경상사고,0,0,2,0,차대차 - 측면충돌,안전운전불이행,건조,흐림,단일로 - 기타,원동기,여,34세,경상,승용,남,30세,경상
2023062900100456,2023년 6월 29일 18시,목요일,경상북도 영주시 휴천동,중상사고,0,1,0,0,차대차 - 정면충돌,중앙선침범,젖음/습기,비,교차로 - 교차로부근,승용,남,68세,기타불명,이륜,남,64세,중상
2023062900100457,2023년 6월 29일 18시,목요일,경상북도 경산시 정평동,경상사고,0,0,2,0,차대차 - 추돌,안전운전불이행,젖음/습기,비,교차로 - 교차로부근,화물,남,56세,상해없음,승용,여,30세,경상
2023062900100483,2023년 6월 29일 19시,목요일,경상북도 영천시 야사동,경상사고,0,0,1,0,차대사람 - 차도통행중,안전운전불이행,젖음/습기,흐림,단일로 - 기타,승용,남,65세,상해없음,보행자,남,26세,경상
2023062900100484,2023년 6월 29일 19시,목요일,경상북도 구미시 산동읍,경상사고,0,0,1,0,차대차 - 기타,교차로운행방법위반,젖음/습기,맑음,교차로 - 교차로안,승용,남,31세,상해없음,승용,남,40세,경상
2023062900100515,2023년 6월 29일 20시,목요일,경상북도 안동시 금곡동,경상사고,0,0,1,0,차대차 - 기타,불법유턴,젖음/습기,비,교차로 - 교차로부근,승용,남,65세,상해없음,이륜,남,52세,경상
2023062900100516,2023년 6월 29일 20시,목요일,경상북도 구미시 진평동,부상신고사고,0,0,0,1,차대사람 - 기타,안전운전불이행,건조,맑음,교차로 - 교차로부근,승용,남,42세,상해없음,보행자,남,42세,부상신고
2023062900100539,2023년 6월 29일 21시,목요일,경상북도 포항시 남구 효자동,중상사고,0,1,1,0,차대차 - 기타,신호위반,젖음/습기,비,교차로 - 교차로안,승용,여,47세,경상,승용,여,58세,중상
2023063000100026,2023년 6월 30일 01시,금요일,경상북도 안동시 평화동,경상사고,0,0,1,0,차대차 - 기타,안전운전불이행,젖음/습기,비,교차로 - 교차로부근,승용,남,59세,상해없음,이륜,여,23세,경상
2023063000100056,2023년 6월 30일 06시,금요일,경상북도 포항시 남구 해도동,중상사고,0,1,0,0,차대차 - 측면충돌,안전거리미확보,건조,맑음,단일로 - 기타,승용,남,67세,상해없음,이륜,여,65세,중상
2023063000100057,2023년 6월 30일 06시,금요일,경상북도 포항시 남구 대잠동,중상사고,0,1,1,0,차량단독 - 공작물충돌,안전운전불이행,젖음/습기,비,단일로 - 기타,화물,남,64세,경상,,,,
2023063000100101,2023년 6월 30일 08시,금요일,경상북도 경주시 외동읍,경상사고,0,0,1,0,차대차 - 측면충돌,안전운전불이행,젖음/습기,비,교차로 - 교차로안,승용,남,52세,상해없음,승용,여,39세,경상
2023063000100102,2023년 6월 30일 08시,금요일,경상북도 칠곡군 석적읍,경상사고,0,0,1,0,차대차 - 측면충돌,안전운전불이행,젖음/습기,비,교차로 - 교차로부근,승용,여,63세,상해없음,승용,여,65세,경상
2023063000100103,2023년 6월 30일 08시,금요일,경상북도 포항시 남구 대잠동,경상사고,0,0,1,0,차대차 - 측면충돌,신호위반,젖음/습기,비,교차로 - 교차로안,승용,남,35세,상해없음,승용,여,40세,경상
2023063000100130,2023년 6월 30일 09시,금요일,경상북도 울진군 기성면,중상사고,0,1,0,0,차량단독 - 공작물충돌,안전운전불이행,젖음/습기,비,단일로 - 기타,승용,남,45세,중상,,,,
2023063000100155,2023년 6월 30일 10시,금요일,경상북도 경주시 성건동,경상사고,0,0,1,0,차대차 - 정면충돌,안전운전불이행,젖음/습기,비,단일로 - 기타,승용,남,59세,상해없음,승용,여,53세,경상
2023063000100156,2023년 6월 30일 10시,금요일,경상북도 경주시 황오동,중상사고,0,1,0,0,차대차 - 기타,안전운전불이행,젖음/습기,비,교차로 - 교차로안,승용,남,41세,상해없음,승용,남,22세,중상
2023063000100157,2023년 6월 30일 10시,금요일,경상북도 안동시 남후면,중상사고,0,1,0,0,차량단독 - 공작물충돌,안전운전불이행,젖음/습기,흐림,단일로 - 기타,화물,남,57세,중상,,,,
2023063000100158,2023년 6월 30일 10시,금요일,경상북도 영천시 오미동,경상사고,0,0,2,0,차대차 - 측면충돌,안전운전불이행,젖음/습기,비,단일로 - 기타,승용,남,25세,상해없음,승용,여,52세,경상
2023063000100159,2023년 6월 30일 10시,금요일,경상북도 예천군 예천읍,경상사고,0,0,4,0,차대차 - 측면충돌,안전운전불이행,젖음/습기,비,교차로 - 교차로안,승용,여,73세,상해없음,승용,남,46세,경상
2023063000100160,2023년 6월 30일 10시,금요일,경상북도 포항시 남구 이동,경상사고,0,0,1,0,차대차 - 측면충돌,안전운전불이행,젖음/습기,비,단일로 - 기타,승용,여,70세,기타불명,승용,여,30세,경상
2023063000100189,2023년 6월 30일 11시,금요일,경상북도 예천군 지보면,중상사고,0,3,0,0,차량단독 - 공작물충돌,안전운전불이행,젖음/습기,비,단일로 - 기타,승용,남,51세,상해없음,,,,
2023063000100216,2023년 6월 30일 12시,금요일,경상북도 봉화군 봉성면,경상사고,0,0,1,0,차대차 - 기타,중앙선침범,젖음/습기,비,단일로 - 기타,화물,남,58세,상해없음,승용,여,56세,경상
2023063000100217,2023년 6월 30일 12시,금요일,경상북도 청송군 부남면,경상사고,0,0,1,0,차량단독 - 공작물충돌,안전운전불이행,젖음/습기,흐림,단일로 - 터널,승용,남,34세,경상,,,,
2023063000100218,2023년 6월 30일 12시,금요일,경상북도 구미시 고아읍,부상신고사고,0,0,0,1,차량단독 - 공작물충돌,안전운전불이행,건조,맑음,단일로 - 기타,승용,남,28세,부상신고,,,,
2023063000100249,2023년 6월 30일 13시,금요일,경상북도 안동시 옥동,경상사고,0,0,1,0,차대차 - 후진중충돌,안전운전불이행,건조,맑음,교차로 - 교차로안,화물,여,65세,상해없음,이륜,남,39세,경상
2023063000100250,2023년 6월 30일 13시,금요일,경상북도 상주시 무양동,경상사고,0,0,1,0,차대차 - 추돌,안전거리미확보,건조,맑음,교차로 - 교차로횡단보도내,승합,남,52세,상해없음,승용,남,58세,경상
2023063000100251,2023년 6월 30일 13시,금요일,경상북도 구미시 원평동,경상사고,0,0,1,0,차대차 - 측면충돌,안전거리미확보,젖음/습기,맑음,교차로 - 교차로부근,승용,여,47세,상해없음,승용,남,26세,경상
2023063000100252,2023년 6월 30일 13시,금요일,경상북도 포항시 남구 해도동,경상사고,0,0,1,0,차대차 - 측면충돌,교차로운행방법위반,젖음/습기,비,교차로 - 교차로안,승용,남,74세,상해없음,승용,여,51세,경상
2023063000100281,2023년 6월 30일 14시,금요일,경상북도 포항시 북구 장성동,경상사고,0,0,1,0,차대차 - 측면충돌,신호위반,건조,맑음,교차로 - 교차로안,승용,여,56세,상해없음,승용,여,31세,경상
2023063000100315,2023년 6월 30일 15시,금요일,경상북도 김천시 덕곡동,경상사고,0,0,1,0,차대차 - 측면충돌,안전운전불이행,젖음/습기,비,교차로 - 교차로안,승용,여,61세,상해없음,자전거,남,21세,경상
2023063000100341,2023년 6월 30일 16시,금요일,경상북도 영덕군 영덕읍,경상사고,0,0,2,0,차대차 - 측면충돌,차로위반,젖음/습기,비,단일로 - 기타,승용,남,77세,상해없음,승용,여,30세,경상
2023063000100342,2023년 6월 30일 16시,금요일,경상북도 군위군 군위읍,경상사고,0,0,2,0,차대차 - 측면충돌,교차로운행방법위반,건조,맑음,교차로 - 교차로안,승합,남,66세,경상,승용,남,25세,경상
2023063000100373,2023년 6월 30일 17시,금요일,경상북도 포항시 북구 송라면,경상사고,0,0,1,0,차대차 - 기타,안전운전불이행,젖음/습기,비,단일로 - 기타,화물,남,61세,상해없음,승용,여,57세,경상
2023063000100374,2023년 6월 30일 17시,금요일,경상북도 구미시 상모동,경상사고,0,0,1,0,차대차 - 측면충돌,안전운전불이행,건조,맑음,교차로 - 교차로안,승용,남,28세,상해없음,이륜,남,23세,경상
2023063000100375,2023년 6월 30일 17시,금요일,경상북도 포항시 남구 해도동,경상사고,0,0,1,0,차대차 - 측면충돌,안전운전불이행,젖음/습기,비,단일로 - 기타,승합,남,71세,상해없음,승용,남,32세,경상
2023063000100417,2023년 6월 30일 18시,금요일,경상북도 경주시 문무대왕면,중상사고,0,1,0,0,차량단독 - 기타,안전운전불이행,건조,맑음,단일로 - 기타,원동기,남,83세,중상,,,,
2023063000100418,2023년 6월 30일 18시,금요일,경상북도 경산시 신교동,중상사고,0,1,2,0,차대차 - 측면충돌,직진우회전진행방해,건조,맑음,교차로 - 교차로안,화물,남,64세,경상,승용,남,71세,경상
2023063000100452,2023년 6월 30일 19시,금요일,경상북도 경주시 노서동,중상사고,0,1,0,0,차대차 - 추돌,안전운전불이행,건조,맑음,교차로 - 교차로안,승용,남,61세,상해없음,승용,여,45세,중상
2023063000100453,2023년 6월 30일 19시,금요일,경상북도 구미시 신평동,중상사고,0,1,0,0,차대차 - 측면충돌,신호위반,건조,맑음,교차로 - 교차로부근,승용,남,45세,상해없음,이륜,남,30세,중상
2023063000100485,2023년 6월 30일 20시,금요일,경상북도 영천시 금호읍,중상사고,0,1,0,0,차대사람 - 길가장자리구역통행중,안전운전불이행,건조,흐림,단일로 - 기타,승용,남,34세,상해없음,보행자,남,80세,중상
2023063000100532,2023년 6월 30일 22시,금요일,경상북도 경주시 외동읍,경상사고,0,0,3,0,차대차 - 측면충돌,안전운전불이행,건조,맑음,단일로 - 기타,승용,남,36세,상해없음,승용,남,42세,경상
2023063000100551,2023년 6월 30일 23시,금요일,경상북도 영천시 임고면,경상사고,0,0,3,0,차대차 - 추돌,안전운전불이행,건조,맑음,단일로 - 기타,승용,남,21세,상해없음,승용,남,30세,경상
2023070100100013,2023년 7월 1일 00시,토요일,경상북도 김천시 어모면,중상사고,0,1,0,0,차량단독 - 전도전복 - 전도,안전운전불이행,건조,맑음,단일로 - 기타,승용,여,60세,중상,,,,
2023070100100024,2023년 7월 1일 01시,토요일,경상북도 칠곡군 석적읍,경상사고,0,0,2,0,차대차 - 측면충돌,직진우회전진행방해,건조,맑음,교차로 - 교차로안,승용,남,33세,상해없음,승용,남,63세,경상
2023070100100085,2023년 7월 1일 07시,토요일,경상북도 경주시 안강읍,경상사고,0,0,1,0,차대차 - 정면충돌,신호위반,건조,맑음,교차로 - 교차로안,승용,남,79세,상해없음,화물,남,45세,경상
2023070100100086,2023년 7월 1일 07시,토요일,경상북도 안동시 송현동,경상사고,0,0,1,0,차대사람 - 기타,안전운전불이행,건조,맑음,기타 - 기타,승용,여,28세,기타불명,보행자,남,75세,경상
2023070100100087,2023년 7월 1일 07시,토요일,경상북도 영천시 임고면,경상사고,0,0,1,0,차대차 - 측면충돌,신호위반,건조,맑음,교차로 - 교차로안,승용,여,39세,상해없음,승용,여,72세,경상
2023070100100100,2023년 7월 1일 08시,토요일,경상북도 포항시 남구 구룡포읍,중상사고,0,1,0,0,차대차 - 측면충돌,안전운전불이행,건조,맑음,단일로 - 기타,자전거,남,68세,중상,승용,남,45세,상해없음
2023070100100139,2023년 7월 1일 10시,토요일,경상북도 경산시 중방동,경상사고,0,0,1,0,차대차 - 측면충돌,교차로운행방법위반,건조,맑음,교차로 - 교차로안,승용,여,54세,상해없음,승용,남,32세,경상
2023070100100140,2023년 7월 1일 10시,토요일,경상북도 구미시 황상동,중상사고,0,2,0,0,차대차 - 기타,중앙선침범,건조,맑음,단일로 - 기타,승용,남,41세,기타불명,승용,여,56세,중상
2023070100100210,2023년 7월 1일 12시,토요일,경상북도 안동시 용상동,중상사고,0,1,0,0,차대차 - 측면충돌,기타,건조,맑음,교차로 - 교차로횡단보도내,승용,여,22세,상해없음,자전거,남,13세,중상
2023070100100244,2023년 7월 1일 13시,토요일,경상북도 포항시 북구 죽도동,경상사고,0,0,2,0,차대차 - 측면충돌,신호위반,건조,맑음,교차로 - 교차로안,자전거,남,75세,경상,승용,남,42세,경상
2023070100100245,2023년 7월 1일 13시,토요일,경상북도 의성군 사곡면,중상사고,0,1,0,0,차대차 - 기타,직진우회전진행방해,건조,맑음,교차로 - 교차로부근,사륜오토바이(ATV),남,66세,중상,승용,남,48세,상해없음
2023070100100246,2023년 7월 1일 13시,토요일,경상북도 성주군 금수면,중상사고,0,1,0,0,차대차 - 정면충돌,중앙선침범,건조,맑음,단일로 - 기타,승용,남,36세,상해없음,이륜,남,39세,중상
2023070100100287,2023년 7월 1일 14시,토요일,경상북도 봉화군 석포면,경상사고,0,0,2,0,차대차 - 측면충돌,안전운전불이행,건조,맑음,단일로 - 기타,승용,남,83세,상해없음,승용,남,51세,상해없음
2023070100100288,2023년 7월 1일 14시,토요일,경상북도 청도군 화양읍,중상사고,0,1,0,0,차대차 - 측면충돌,신호위반,건조,맑음,교차로 - 교차로안,이륜,여,72세,중상,승용,여,40세,상해없음
2023070100100330,2023년 7월 1일 15시,토요일,경상북도 경주시 천군동,중상사고,0,2,0,0,차대차 - 정면충돌,안전운전불이행,건조,맑음,교차로 - 교차로안,승용,남,41세,상해없음,이륜,남,55세,중상
2023070100100376,2023년 7월 1일 16시,토요일,경상북도 영천시 서산동,사망사고,1,2,0,0,차대차 - 정면충돌,중앙선침범,건조,맑음,단일로 - 기타,승용,여,53세,사망,승용,여,52세,중상
2023070100100424,2023년 7월 1일 17시,토요일,경상북도 경주시 충효동,경상사고,0,0,3,0,차대차 - 측면충돌,안전운전불이행,건조,맑음,교차로 - 교차로안,승용,여,51세,상해없음,승용,여,50세,경상
2023070100100425,2023년 7월 1일 17시,토요일,경상북도 경산시 하양읍,중상사고,0,1,1,0,차대차 - 정면충돌,안전운전불이행,건조,맑음,단일로 - 기타,원동기,남,77세,경상,이륜,남,67세,중상
2023070100100426,2023년 7월 1일 17시,토요일,경상북도 포항시 남구 연일읍,중상사고,0,1,0,1,차대차 - 측면충돌,중앙선침범,건조,맑음,단일로 - 기타,승용,남,51세,부상신고,승용,여,54세,중상
2023070100100472,2023년 7월 1일 18시,토요일,경상북도 포항시 북구 학산동,경상사고,0,0,2,0,차대사람 - 차도통행중,안전운전불이행,건조,맑음,단일로 - 기타,이륜,남,30세,상해없음,보행자,남,27세,경상
2023070100100473,2023년 7월 1일 18시,토요일,경상북도 의성군 안사면,중상사고,0,1,0,0,차량단독 - 기타,안전운전불이행,건조,맑음,기타 - 기타,원동기,남,67세,중상,,,,
2023070100100508,2023년 7월 1일 19시,토요일,경상북도 안동시 수상동,중상사고,0,1,2,1,차대차 - 측면충돌,안전운전불이행,건조,맑음,교차로 - 교차로안,승용,남,25세,상해없음,승용,남,54세,중상
2023070100100529,2023년 7월 1일 20시,토요일,경상북도 안동시 태화동,중상사고,0,1,0,0,차대사람 - 차도통행중,안전운전불이행,건조,맑음,단일로 - 기타,승용,여,60세,상해없음,보행자,남,68세,중상
2023070100100530,2023년 7월 1일 20시,토요일,경상북도 영천시 금호읍,사망사고,1,0,0,0,차대사람 - 횡단중,기타,건조,맑음,단일로 - 기타,승용,남,52세,상해없음,보행자,여,83세,사망
2023070100100531,2023년 7월 1일 20시,토요일,경상북도 울진군 평해읍,경상사고,0,0,1,0,차량단독 - 공작물충돌,안전운전불이행,건조,맑음,단일로 - 기타,승용,여,39세,경상,,,,
2023070100100533,2023년 7월 1일 20시,토요일,경상북도 구미시 도량동,경상사고,0,0,1,0,차대차 - 측면충돌,안전운전불이행,건조,맑음,기타 - 기타,원동기,여,61세,경상,승용,남,54세,상해없음
2023070200100015,2023년 7월 2일 01시,일요일,경상북도 칠곡군 석적읍,부상신고사고,0,0,0,1,차대차 - 측면충돌,안전운전불이행,건조,맑음,교차로 - 교차로안,개인형이동수단(PM),남,18세,부상신고,승용,남,54세,상해없음
2023070200100021,2023년 7월 2일 02시,일요일,경상북도 경주시 탑동,경상사고,0,0,2,0,차대차 - 정면충돌,신호위반,건조,맑음,교차로 - 교차로안,승용,여,54세,상해없음,승용,여,47세,경상
2023070200100022,2023년 7월 2일 02시,일요일,경상북도 포항시 북구 죽도동,중상사고,0,1,0,0,차대차 - 측면충돌,교차로운행방법위반,건조,맑음,교차로 - 교차로안,승용,남,66세,상해없음,이륜,남,61세,중상
2023070200100023,2023년 7월 2일 02시,일요일,경상북도 칠곡군 동명면,경상사고,0,0,1,0,차대차 - 추돌,안전운전불이행,건조,맑음,단일로 - 터널,승용,남,46세,상해없음,화물,남,66세,경상
2023070200100041,2023년 7월 2일 05시,일요일,경상북도 경산시 조영동,경상사고,0,0,1,0,차대차 - 정면충돌,직진우회전진행방해,건조,맑음,교차로 - 교차로안,승용,남,20세,상해없음,이륜,여,44세,경상
2023070200100142,2023년 7월 2일 12시,일요일,경상북도 안동시 송현동,경상사고,0,0,1,0,차대사람 - 기타,안전운전불이행,건조,맑음,단일로 - 기타,승용,여,53세,상해없음,보행자,남,56세,경상
2023070200100143,2023년 7월 2일 12시,일요일,경상북도 상주시 모서면,경상사고,0,0,2,0,차대차 - 측면충돌,직진우회전진행방해,건조,맑음,교차로 - 교차로안,농기계,남,77세,경상,승용,여,48세,경상
2023070200100239,2023년 7월 2일 16시,일요일,경상북도 경주시 동천동,경상사고,0,0,2,0,차대차 - 측면충돌,안전운전불이행,건조,맑음,단일로 - 기타,승용,여,52세,상해없음,승용,남,34세,상해없음
2023070200100261,2023년 7월 2일 17시,일요일,경상북도 포항시 북구 송라면,중상사고,0,1,0,0,차대차 - 측면충돌,차로위반,건조,맑음,단일로 - 기타,이륜,남,65세,중상,승용,남,36세,상해없음
2023070200100262,2023년 7월 2일 17시,일요일,경상북도 구미시 원평동,경상사고,0,0,1,0,차대차 - 측면충돌,교차로운행방법위반,건조,맑음,교차로 - 교차로안,승용,남,70세,상해없음,승용,여,52세,경상
2023070200100289,2023년 7월 2일 18시,일요일,경상북도 경산시 진량읍,경상사고,0,0,1,0,차대차 - 추돌,안전운전불이행,건조,맑음,교차로 - 교차로부근,승용,남,48세,상해없음,승용,남,56세,경상
2023070200100290,2023년 7월 2일 18시,일요일,경상북도 포항시 남구 오천읍,경상사고,0,0,1,1,차대차 - 측면충돌,안전운전불이행,건조,맑음,단일로 - 기타,화물,여,66세,부상신고,승용,여,51세,경상
2023070200100320,2023년 7월 2일 19시,일요일,경상북도 경주시 강동면,경상사고,0,0,1,0,차대차 - 추돌,안전거리미확보,건조,맑음,단일로 - 기타,승용,남,33세,상해없음,승용,남,40세,상해없음
2023070200100321,2023년 7월 2일 19시,일요일,경상북도 영주시 가흥동,중상사고,0,1,0,0,차대사람 - 횡단중,신호위반,건조,맑음,교차로 - 교차로안,이륜,남,24세,상해없음,보행자,여,47세,중상
2023070200100322,2023년 7월 2일 19시,일요일,경상북도 구미시 옥계동,경상사고,0,0,1,0,차대차 - 후진중충돌,안전운전불이행,건조,맑음,단일로 - 기타,승용,남,54세,상해없음,원동기,남,29세,경상
2023070200100342,2023년 7월 2일 20시,일요일,경상북도 칠곡군 왜관읍,경상사고,0,0,1,0,차대차 - 측면충돌,중앙선침범,건조,맑음,교차로 - 교차로부근,승용,남,53세,상해없음,이륜,남,16세,경상
2023070200100343,2023년 7월 2일 20시,일요일,경상북도 청도군 이서면,경상사고,0,0,2,0,차대차 - 기타,안전운전불이행,건조,맑음,단일로 - 기타,승용,남,63세,상해없음,승용,남,54세,경상
2023070200100365,2023년 7월 2일 21시,일요일,경상북도 김천시 농소면,경상사고,0,0,1,0,차대차 - 추돌,기타,건조,맑음,단일로 - 기타,승용,남,68세,상해없음,승용,남,50세,경상
2023070200100366,2023년 7월 2일 21시,일요일,경상북도 칠곡군 석적읍,경상사고,0,0,1,0,차대차 - 측면충돌,안전운전불이행,건조,맑음,단일로 - 기타,승용,여,49세,상해없음,승용,여,45세,경상
2023070200100367,2023년 7월 2일 21시,일요일,경상북도 포항시 남구 이동,경상사고,0,0,1,0,차대차 - 기타,안전운전불이행,건조,맑음,단일로 - 기타,승용,남,73세,상해없음,화물,남,53세,경상