사고번호,사고일시,요일,시군구,사고내용,사망자수,중상자수,경상자수,부상신고자수,사고유형,법규위반,노면상태,기상상태,도로형태,가해운전자 차종,가해운전자 성별,가해운전자 연령,가해운전자 상해정도,피해운전자 차종,피해운전자 성별,피해운전자 연령,피해운전자 상해정도
2023070300100038,2023년 7월 3일 06시,월요일,경상북도 경주시 성건동,경상사고,0,0,1,0,차대차 - 측면충돌,안전운전불이행,건조,맑음,교차로 - 교차로안,승용,남,57세,상해없음,승용,남,31세,경상
2023070300100039,2023년 7월 3일 06시,월요일,경상북도 김천시 남면,경상사고,0,0,1,0,차대차 - 추돌,안전운전불이행,건조,맑음,단일로 - 기타,건설기계,남,31세,상해없음,승용,남,47세,경상
2023070300100065,2023년 7월 3일 07시,월요일,경상북도 구미시 형곡동,경상사고,0,0,1,0,차대사람 - 길가장자리구역통행중,안전운전불이행,건조,맑음,단일로 - 기타,승용,여,44세,상해없음,보행자,남,72세,경상
2023070300100104,2023년 7월 3일 08시,월요일,경상북도 영주시 가흥동,경상사고,0,0,1,0,차대차 - 측면충돌,중앙선침범,건조,맑음,단일로 - 기타,승용,남,65세,상해없음,화물,남,65세,경상
2023070300100105,2023년 7월 3일 08시,월요일,경상북도 영주시 가흥동,경상사고,0,0,1,0,차대차 - 후진중충돌,안전운전불이행,건조,맑음,단일로 - 기타,승용,여,42세,상해없음,승용,여,24세,경상
2023070300100106,2023년 7월 3일 08시,월요일,경상북도 칠곡군 왜관읍,중상사고,0,1,3,0,차대차 - 추돌,안전운전불이행,건조,맑음,단일로 - 기타,승합,남,55세,상해없음,승용,여,39세,중상
2023070300100186,2023년 7월 3일 10시,월요일,경상북도 영천시 대창면,경상사고,0,0,1,0,차대차 - 정면충돌,안전운전불이행,건조,맑음,교차로 - 교차로안,승용,여,63세,상해없음,승용,남,68세,경상
2023070300100225,2023년 7월 3일 11시,월요일,경상북도 영주시 가흥동,경상사고,0,0,1,0,차대차 - 기타,안전운전불이행,건조,맑음,단일로 - 기타,승용,남,22세,상해없음,이륜,남,18세,경상
2023070300100226,2023년 7월 3일 11시,월요일,경상북도 경산시 중방동,경상사고,0,0,1,0,차대차 - 측면충돌,직진우회전진행방해,건조,흐림,교차로 - 교차로횡단보도내,승용,여,61세,상해없음,이륜,남,54세,경상
2023070300100227,2023년 7월 3일 11시,월요일,경상북도 성주군 용암면,경상사고,0,0,1,0,차량단독 - 전도전복 - 전도,안전운전불이행,건조,맑음,단일로 - 기타,원동기,남,81세,경상,,,,
2023070300100249,2023년 7월 3일 12시,월요일,경상북도 경산시 옥산동,경상사고,0,0,3,0,차대차 - 추돌,안전거리미확보,건조,맑음,단일로 - 지하차도(도로)내,승용,남,23세,경상,승용,남,39세,경상
2023070300100286,2023년 7월 3일 13시,월요일,경상북도 포항시 북구 장성동,경상사고,0,0,3,0,차대차 - 추돌,안전거리미확보,건조,맑음,교차로 - 교차로부근,승합,남,46세,상해없음,승용,여,62세,상해없음
2023070300100287,2023년 7월 3일 13시,월요일,경상북도 영양군 영양읍,중상사고,0,1,1,0,차대차 - 정면충돌,안전운전불이행,건조,맑음,단일로 - 기타,승용,남,57세,경상,승용,남,51세,중상
2023070300100288,2023년 7월 3일 13시,월요일,경상북도 구미시 공단동,경상사고,0,0,1,1,차대차 - 측면충돌,교차로운행방법위반,건조,맑음,교차로 - 교차로안,승용,남,20세,부상신고,승용,남,43세,경상
2023070300100326,2023년 7월 3일 14시,월요일,경상북도 안동시 서후면,중상사고,0,1,0,0,차량단독 - 기타,안전운전불이행,건조,맑음,기타 - 기타,농기계,남,85세,중상,,,,
2023070300100327,2023년 7월 3일 14시,월요일,경상북도 영천시 화남면,중상사고,0,1,0,0,차량단독 - 공작물충돌,안전운전불이행,건조,맑음,단일로 - 기타,승용,여,73세,중상,,,,
2023070300100328,2023년 7월 3일 14시,월요일,경상북도 경산시 서상동,경상사고,0,0,1,0,차대사람 - 기타,안전운전불이행,건조,맑음,단일로 - 기타,화물,남,72세,상해없음,보행자,여,73세,경상
2023070300100329,2023년 7월 3일 14시,월요일,경상북도 봉화군 상운면,부상신고사고,0,0,0,1,차량단독 - 기타,안전운전불이행,건조,맑음,단일로 - 기타,이륜,남,83세,부상신고,,,,
2023070300100356,2023년 7월 3일 15시,월요일,경상북도 경주시 동천동,중상사고,0,1,0,0,차량단독 - 기타,안전운전불이행,건조,맑음,교차로 - 교차로부근,승합,남,65세,상해없음,,,,
2023070300100357,2023년 7월 3일 15시,월요일,경상북도 포항시 북구 장성동,경상사고,0,0,1,0,차대차 - 측면충돌,안전운전불이행,건조,맑음,교차로 - 교차로안,승용,여,31세,상해없음,승용,여,55세,경상
2023070300100396,2023년 7월 3일 16시,월요일,경상북도 경주시 천북면,중상사고,0,1,0,1,차대차 - 정면충돌,중앙선침범,건조,맑음,단일로 - 기타,승용,남,78세,부상신고,승용,남,31세,중상
2023070300100397,2023년 7월 3일 16시,월요일,경상북도 영천시 성내동,부상신고사고,0,0,0,1,차대차 - 측면충돌,안전운전불이행,건조,맑음,단일로 - 기타,승용,남,65세,상해없음,자전거,남,27세,부상신고
2023070300100398,2023년 7월 3일 16시,월요일,경상북도 경산시 옥산동,경상사고,0,0,1,0,차대차 - 측면충돌,안전운전불이행,건조,맑음,교차로 - 교차로안,승용,남,51세,상해없음,승용,남,34세,경상
2023070300100429,2023년 7월 3일 17시,월요일,경상북도 경주시 성건동,경상사고,0,0,1,0,차대차 - 측면충돌,안전운전불이행,건조,맑음,교차로 - 교차로부근,승용,여,64세,상해없음,승용,남,24세,경상
2023070300100430,2023년 7월 3일 17시,월요일,경상북도 안동시 남후면,중상사고,0,1,0,0,차대차 - 기타,기타,건조,맑음,단일로 - 기타,화물,남,51세,상해없음,농기계,남,75세,중상
2023070300100467,2023년 7월 3일 18시,월요일,경상북도 경주시 용강동,경상사고,0,0,1,0,차대사람 - 차도통행중,안전운전불이행,건조,맑음,단일로 - 기타,이륜,남,28세,상해없음,보행자,남,3세,경상
2023070300100468,2023년 7월 3일 18시,월요일,경상북도 의성군 점곡면,경상사고,0,0,1,3,차대차 - 측면충돌,직진우회전진행방해,건조,맑음,교차로 - 교차로안,승용,남,40세,상해없음,화물,남,62세,경상
2023070300100496,2023년 7월 3일 19시,월요일,경상북도 경산시 자인면,중상사고,0,1,0,0,차대사람 - 차도통행중,안전운전불이행,건조,맑음,교차로 - 교차로부근,화물,남,58세,상해없음,보행자,남,80세,중상
2023070300100497,2023년 7월 3일 19시,월요일,경상북도 고령군 성산면,중상사고,0,1,0,0,차량단독 - 공작물충돌,안전운전불이행,건조,맑음,기타 - 기타,건설기계,남,59세,중상,,,,
2023070300100498,2023년 7월 3일 19시,월요일,경상북도 포항시 남구 오천읍,경상사고,0,0,2,0,차대차 - 정면충돌,신호위반,젖음/습기,비,교차로 - 교차로안,승용,여,57세,경상,승용,여,37세,경상
2023070300100518,2023년 7월 3일 20시,월요일,경상북도 영주시 영주동,경상사고,0,0,1,0,차대차 - 측면충돌,안전운전불이행,건조,맑음,교차로 - 교차로안,자전거,남,85세,경상,화물,남,54세,상해없음
2023070300100567,2023년 7월 3일 23시,월요일,경상북도 포항시 남구 인덕동,중상사고,0,1,3,0,차대차 - 측면충돌,직진우회전진행방해,건조,맑음,교차로 - 교차로안,승용,남,22세,중상,승용,여,46세,경상
2023070400100011,2023년 7월 4일 00시,화요일,경상북도 포항시 남구 송도동,경상사고,0,0,1,0,차대차 - 측면충돌,직진우회전진행방해,건조,맑음,교차로 - 교차로안,승용,남,33세,상해없음,승용,남,27세,경상
2023070400100028,2023년 7월 4일 02시,화요일,경상북도 고령군 다산면,경상사고,0,0,1,0,차대차 - 측면충돌,안전운전불이행,건조,맑음,기타 - 기타,승용,남,75세,상해없음,승용,남,38세,경상
2023070400100055,2023년 7월 4일 06시,화요일,경상북도 포항시 남구 송내동,경상사고,0,0,1,0,차대차 - 기타,신호위반,건조,맑음,교차로 - 교차로횡단보도내,자전거,남,45세,경상,승용,남,66세,상해없음
2023070400100120,2023년 7월 4일 08시,화요일,경상북도 김천시 개령면,경상사고,0,0,1,0,차대차 - 측면충돌,교차로운행방법위반,건조,흐림,교차로 - 교차로안,승용,여,60세,상해없음,승용,남,29세,경상
2023070400100121,2023년 7월 4일 08시,화요일,경상북도 상주시 남성동,경상사고,0,0,1,0,차대차 - 측면충돌,안전운전불이행,건조,맑음,교차로 - 교차로안,승용,남,59세,상해없음,자전거,여,80세,경상
2023070400100189,2023년 7월 4일 10시,화요일,경상북도 상주시 화산동,경상사고,0,0,2,0,차대차 - 측면충돌,안전운전불이행,건조,맑음,교차로 - 교차로안,승용,여,44세,경상,화물,남,63세,경상
2023070400100190,2023년 7월 4일 10시,화요일,경상북도 봉화군 봉성면,중상사고,0,1,0,0,차량단독 - 도로외이탈 - 추락,안전운전불이행,건조,맑음,단일로 - 기타,화물,남,68세,상해없음,,,,
2023070400100215,2023년 7월 4일 11시,화요일,경상북도 포항시 남구 대잠동,경상사고,0,0,1,0,차대차 - 기타,안전운전불이행,건조,맑음,단일로 - 기타,승용,남,64세,상해없음,승용,여,53세,경상
2023070400100239,2023년 7월 4일 12시,화요일,경상북도 경주시 산내면,경상사고,0,0,2,0,차대차 - 후진중충돌,안전운전불이행,건조,맑음,단일로 - 기타,승용,남,48세,상해없음,승용,남,20세,경상
2023070400100240,2023년 7월 4일 12시,화요일,경상북도 안동시 옥야동,경상사고,0,0,1,0,차대차 - 측면충돌,안전운전불이행,건조,맑음,교차로 - 교차로부근,승용,여,72세,상해없음,이륜,남,61세,경상
2023070400100241,2023년 7월 4일 12시,화요일,경상북도 봉화군 봉성면,중상사고,0,1,0,0,차대사람 - 기타,안전운전불이행,건조,맑음,주차장 - 주차장,화물,남,41세,상해없음,보행자,남,55세,중상
2023070400100242,2023년 7월 4일 12시,화요일,경상북도 구미시 산동읍,중상사고,0,1,0,0,차대차 - 측면충돌,안전운전불이행,건조,맑음,교차로 - 교차로부근,승합,남,68세,상해없음,자전거,남,14세,중상
2023070400100243,2023년 7월 4일 12시,화요일,경상북도 포항시 남구 효자동,경상사고,0,0,1,0,차대차 - 측면충돌,신호위반,건조,맑음,교차로 - 교차로안,승용,남,66세,상해없음,승용,여,60세,경상
2023070400100268,2023년 7월 4일 13시,화요일,경상북도 포항시 남구 연일읍,경상사고,0,0,1,0,차대차 - 측면충돌,차로위반,건조,맑음,단일로 - 기타,화물,남,59세,기타불명,승용,남,74세,경상
2023070400100298,2023년 7월 4일 14시,화요일,경상북도 경주시 황성동,경상사고,0,0,1,0,차대차 - 측면충돌,안전운전불이행,건조,맑음,단일로 - 기타,승용,남,33세,상해없음,승용,여,52세,경상
2023070400100299,2023년 7월 4일 14시,화요일,경상북도 문경시 호계면,중상사고,0,1,1,0,차대차 - 추돌,안전거리미확보,건조,맑음,교차로 - 교차로부근,화물,남,68세,경상,화물,남,59세,중상
2023070400100300,2023년 7월 4일 14시,화요일,경상북도 예천군 효자면,경상사고,0,0,1,0,차대차 - 정면충돌,안전운전불이행,젖음/습기,비,교차로 - 교차로안,승용,여,63세,상해없음,화물,남,61세,경상
2023070400100301,2023년 7월 4일 14시,화요일,경상북도 구미시 송정동,경상사고,0,0,1,0,차대차 - 기타,신호위반,건조,맑음,교차로 - 교차로안,승용,여,60세,기타불명,승용,남,62세,경상
2023070400100367,2023년 7월 4일 16시,화요일,경상북도 포항시 북구 죽도동,경상사고,0,0,3,0,차대차 - 측면충돌,안전운전불이행,건조,맑음,교차로 - 교차로안,승용,남,44세,상해없음,승용,남,59세,경상
2023070400100368,2023년 7월 4일 16시,화요일,경상북도 김천시 신음동,경상사고,0,0,1,0,차대사람 - 횡단중,보행자보호의무위반,젖음/습기,비,교차로 - 교차로횡단보도내,승용,여,49세,상해없음,보행자,남,11세,경상
2023070400100369,2023년 7월 4일 16시,화요일,경상북도 칠곡군 석적읍,경상사고,0,0,2,0,차대사람 - 기타,보행자보호의무위반,젖음/습기,맑음,교차로 - 교차로횡단보도내,승합,남,56세,상해없음,보행자,여,37세,경상
2023070400100370,2023년 7월 4일 16시,화요일,경상북도 영덕군 강구면,경상사고,0,0,1,0,차대차 - 추돌,안전운전불이행,젖음/습기,흐림,단일로 - 기타,승용,남,41세,상해없음,승용,여,38세,경상
2023070400100371,2023년 7월 4일 16시,화요일,경상북도 포항시 남구 해도동,경상사고,0,0,2,0,차대차 - 측면충돌,안전운전불이행,건조,맑음,교차로 - 교차로부근,승용,남,71세,상해없음,승합,여,46세,경상
2023070400100406,2023년 7월 4일 17시,화요일,경상북도 포항시 남구 오천읍,경상사고,0,0,1,0,차대사람 - 횡단중,보행자보호의무위반,젖음/습기,비,단일로 - 기타,승용,남,33세,상해없음,보행자,남,62세,경상
2023070400100407,2023년 7월 4일 17시,화요일,경상북도 포항시 남구 청림동,경상사고,0,0,6,0,차대차 - 측면충돌,직진우회전진행방해,젖음/습기,흐림,교차로 - 교차로안,승용,남,45세,경상,화물,여,59세,경상
2023070400100451,2023년 7월 4일 18시,화요일,경상북도 경주시 외동읍,경상사고,0,0,1,0,차량단독 - 공작물충돌,안전운전불이행,건조,맑음,기타 - 기타,승용,여,31세,경상,,,,
2023070400100539,2023년 7월 4일 20시,화요일,경상북도 포항시 북구 용흥동,경상사고,0,0,1,0,차대사람 - 횡단중,보행자보호의무위반,젖음/습기,비,교차로 - 교차로횡단보도내,승용,여,36세,상해없음,보행자,여,75세,경상
2023070400100540,2023년 7월 4일 20시,화요일,경상북도 의성군 의성읍,경상사고,0,0,1,0,차대차 - 측면충돌,신호위반,젖음/습기,비,교차로 - 교차로안,승용,남,54세,상해없음,승용,여,51세,경상
2023070400100541,2023년 7월 4일 20시,화요일,경상북도 고령군 다산면,중상사고,0,1,0,0,차대사람 - 차도통행중,안전운전불이행,젖음/습기,비,단일로 - 기타,화물,남,69세,상해없음,보행자,여,80세,중상
2023070400100542,2023년 7월 4일 20시,화요일,경상북도 구미시 옥계동,중상사고,0,2,0,0,차대사람 - 횡단중,보행자보호의무위반,젖음/습기,비,교차로 - 교차로횡단보도내,이륜,남,37세,상해없음,보행자,여,3세,중상
2023070400100543,2023년 7월 4일 20시,화요일,경상북도 칠곡군 지천면,경상사고,0,0,1,0,차대차 - 추돌,안전운전불이행,젖음/습기,비,단일로 - 기타,화물,남,40세,상해없음,승용,여,22세,경상
2023070400100575,2023년 7월 4일 21시,화요일,경상북도 영천시 망정동,경상사고,0,0,1,0,차대차 - 측면충돌,안전운전불이행,젖음/습기,비,교차로 - 교차로안,승용,여,57세,상해없음,승용,남,60세,경상
2023070400100624,2023년 7월 4일 23시,화요일,경상북도 경산시 옥산동,경상사고,0,0,1,0,차대차 - 추돌,안전운전불이행,건조,맑음,교차로 - 교차로부근,승용,남,36세,상해없음,승용,여,31세,경상
2023070400100625,2023년 7월 4일 23시,화요일,경상북도 구미시 송정동,경상사고,0,0,1,0,차대사람 - 횡단중,신호위반,젖음/습기,비,교차로 - 교차로안,승용,남,20세,상해없음,보행자,남,33세,경상
2023070500100003,2023년 7월 5일 00시,수요일,경상북도 안동시 당북동,경상사고,0,0,3,0,차대차 - 기타,직진우회전진행방해,젖음/습기,비,교차로 - 교차로안,승용,남,61세,경상,승용,여,63세,경상
2023070500100004,2023년 7월 5일 00시,수요일,경상북도 경산시 옥산동,경상사고,0,0,2,0,차대차 - 측면충돌,안전운전불이행,건조,맑음,교차로 - 교차로안,승용,남,29세,상해없음,승용,남,51세,경상
2023070500100015,2023년 7월 5일 01시,수요일,경상북도 구미시 거의동,경상사고,0,0,1,0,차대차 - 기타,안전운전불이행,젖음/습기,비,교차로 - 교차로부근,승용,남,69세,상해없음,승용,여,27세,경상
2023070500100026,2023년 7월 5일 03시,수요일,경상북도 문경시 농암면,중상사고,0,1,1,0,차대사람 - 기타,안전운전불이행,젖음/습기,비,단일로 - 기타,승용,남,36세,중상,보행자,여,83세,경상
2023070500100031,2023년 7월 5일 04시,수요일,경상북도 구미시 인의동,경상사고,0,0,1,0,차대차 - 기타,기타,젖음/습기,비,단일로 - 기타,승용,남,27세,상해없음,승용,남,30세,경상
2023070500100044,2023년 7월 5일 06시,수요일,경상북도 영양군 석보면,경상사고,0,0,1,0,차량단독 - 기타,안전운전불이행,젖음/습기,맑음,단일로 - 기타,승용,여,59세,경상,,,,
2023070500100090,2023년 7월 5일 08시,수요일,경상북도 경주시 내남면,중상사고,0,1,0,0,차대차 - 측면충돌,안전운전불이행,건조,맑음,교차로 - 교차로안,자전거,여,83세,중상,화물,남,57세,상해없음
2023070500100091,2023년 7월 5일 08시,수요일,경상북도 포항시 북구 우현동,경상사고,0,0,1,0,차대차 - 측면충돌,중앙선침범,젖음/습기,맑음,단일로 - 기타,화물,남,58세,상해없음,승용,여,46세,경상
2023070500100092,2023년 7월 5일 08시,수요일,경상북도 구미시 원평동,경상사고,0,0,1,0,차대사람 - 횡단중,보행자보호의무위반,건조,맑음,교차로 - 교차로횡단보도내,승용,여,22세,상해없음,보행자,여,56세,경상
2023070500100161,2023년 7월 5일 10시,수요일,경상북도 상주시 남성동,경상사고,0,0,1,0,차대사람 - 기타,안전운전불이행,건조,맑음,단일로 - 지하차도(도로)내,승용,여,66세,상해없음,보행자,남,54세,경상
2023070500100162,2023년 7월 5일 10시,수요일,경상북도 청도군 청도읍,중상사고,0,1,1,0,차대차 - 추돌,안전운전불이행,건조,맑음,교차로 - 교차로부근,화물,남,47세,중상,화물,남,53세,경상
2023070500100163,2023년 7월 5일 10시,수요일,경상북도 울진군 울진읍,경상사고,0,0,1,0,차대사람 - 차도통행중,안전운전불이행,건조,맑음,단일로 - 기타,화물,남,33세,상해없음,보행자,여,94세,경상
2023070500100204,2023년 7월 5일 11시,수요일,경상북도 고령군 대가야읍,중상사고,0,1,0,0,차대차 - 추돌,안전거리미확보,건조,맑음,단일로 - 교량,건설기계,남,55세,상해없음,화물,남,56세,중상
2023070500100231,2023년 7월 5일 12시,수요일,경상북도 포항시 남구 효자동,경상사고,0,0,1,0,차대사람 - 차도통행중,안전운전불이행,건조,맑음,단일로 - 기타,승용,여,40세,상해없음,보행자,여,60세,경상
2023070500100264,2023년 7월 5일 13시,수요일,경상북도 상주시 모동면,중상사고,0,1,0,0,차대차 - 추돌,안전운전불이행,건조,맑음,단일로 - 기타,승용,남,47세,상해없음,이륜,남,77세,중상
2023070500100325,2023년 7월 5일 15시,수요일,경상북도 구미시 오태동,부상신고사고,0,0,0,1,차대차 - 기타,안전운전불이행,건조,맑음,단일로 - 기타,승용,여,46세,상해없음,승용,남,26세,상해없음
2023070500100326,2023년 7월 5일 15시,수요일,경상북도 포항시 남구 청림동,경상사고,0,0,1,0,차대차 - 측면충돌,차로위반,건조,맑음,교차로 - 교차로안,승용,남,73세,상해없음,승용,여,52세,경상
2023070500100361,2023년 7월 5일 16시,수요일,경상북도 안동시 평화동,경상사고,0,0,1,0,차대차 - 측면충돌,신호위반,건조,맑음,교차로 - 교차로안,개인형이동수단(PM),여,20세,경상,승용,여,36세,상해없음
2023070500100362,2023년 7월 5일 16시,수요일,경상북도 상주시 함창읍,중상사고,0,1,0,0,차대차 - 정면충돌,안전운전불이행,건조,맑음,단일로 - 기타,화물,남,61세,상해없음,승용,남,67세,상해없음
2023070500100363,2023년 7월 5일 16시,수요일,경상북도 상주시 외서면,경상사고,0,0,2,0,차대차 - 기타,중앙선침범,건조,맑음,단일로 - 기타,승용,여,59세,상해없음,승합,남,67세,경상
2023070500100364,2023년 7월 5일 16시,수요일,경상북도 영천시 망정동,경상사고,0,0,1,0,차대차 - 측면충돌,안전운전불이행,건조,맑음,교차로 - 교차로안,승용,남,53세,상해없음,화물,남,33세,경상
2023070500100365,2023년 7월 5일 16시,수요일,경상북도 경산시 진량읍,경상사고,0,0,1,0,차대차 - 추돌,안전운전불이행,건조,맑음,교차로 - 교차로부근,승용,남,25세,상해없음,화물,남,24세,경상
2023070500100366,2023년 7월 5일 16시,수요일,경상북도 구미시 옥계동,경상사고,0,0,1,0,차대차 - 측면충돌,교차로운행방법위반,건조,맑음,단일로 - 기타,승용,남,31세,상해없음,이륜,남,45세,경상
2023070500100414,2023년 7월 5일 17시,수요일,경상북도 김천시 농소면,중상사고,0,1,0,0,차대차 - 측면충돌,신호위반,건조,맑음,교차로 - 교차로안,승용,남,53세,상해없음,승용,여,54세,중상
2023070500100415,2023년 7월 5일 17시,수요일,경상북도 문경시 윤직동,경상사고,0,0,2,0,차대차 - 추돌,안전운전불이행,건조,맑음,단일로 - 기타,승용,남,75세,경상,승용,여,66세,경상
2023070500100416,2023년 7월 5일 17시,수요일,경상북도 경산시 백천동,경상사고,0,0,1,0,차대차 - 기타,안전거리미확보,건조,흐림,단일로 - 기타,승용,여,67세,상해없음,승용,남,58세,경상
2023070500100445,2023년 7월 5일 18시,수요일,경상북도 경산시 진량읍,중상사고,0,1,0,0,차대차 - 측면충돌,불법유턴,건조,맑음,교차로 - 교차로부근,자전거,남,77세,중상,승용,남,60세,상해없음
2023070500100480,2023년 7월 5일 19시,수요일,경상북도 포항시 북구 두호동,중상사고,0,2,0,0,차대차 - 정면충돌,안전운전불이행,건조,맑음,교차로 - 교차로안,승용,남,56세,상해없음,승용,남,63세,중상
2023070500100481,2023년 7월 5일 19시,수요일,경상북도 영주시 휴천동,중상사고,0,1,0,0,차대차 - 기타,교차로운행방법위반,건조,맑음,단일로 - 기타,승용,남,66세,상해없음,이륜,남,17세,중상
2023070500100532,2023년 7월 5일 21시,수요일,경상북도 구미시 인의동,경상사고,0,0,1,0,차대차 - 기타,안전거리미확보,건조,맑음,교차로 - 교차로부근,승용,남,61세,상해없음,승용,여,32세,경상
2023070600100008,2023년 7월 6일 00시,목요일,경상북도 포항시 북구 두호동,경상사고,0,0,1,0,차대차 - 기타,안전운전불이행,건조,맑음,교차로 - 교차로안,승용,남,22세,상해없음,승용,남,50세,상해없음
2023070600100072,2023년 7월 6일 07시,목요일,경상북도 안동시 풍산읍,중상사고,0,2,0,1,차대차 - 기타,직진우회전진행방해,건조,맑음,교차로 - 교차로안,화물,남,66세,부상신고,승용,남,65세,중상
2023070600100125,2023년 7월 6일 08시,목요일,경상북도 포항시 북구 죽도동,경상사고,0,0,1,0,차대차 - 측면충돌,기타,건조,맑음,교차로 - 교차로안,승용,남,31세,상해없음,화물,남,26세,경상
2023070600100126,2023년 7월 6일 08시,목요일,경상북도 포항시 북구 흥해읍,중상사고,0,2,0,0,차대차 - 측면충돌,안전운전불이행,건조,맑음,교차로 - 교차로안,승용,남,73세,상해없음,이륜,남,72세,중상
2023070600100127,2023년 7월 6일 08시,목요일,경상북도 포항시 북구 죽도동,경상사고,0,0,1,0,차대사람 - 차도통행중,안전운전불이행,건조,맑음,단일로 - 기타,승용,여,40세,상해없음,보행자,여,15세,경상
2023070600100128,2023년 7월 6일 08시,목요일,경상북도 안동시 금곡동,경상사고,0,0,1,0,차대차 - 추돌,안전운전불이행,건조,맑음,교차로 - 교차로부근,승용,남,77세,상해없음,승용,여,41세,경상
2023070600100129,2023년 7월 6일 08시,목요일,경상북도 영양군 청기면,경상사고,0,0,1,0,차대차 - 추돌,중앙선침범,건조,맑음,단일로 - 기타,화물,남,61세,상해없음,원동기,남,43세,경상
2023070600100164,2023년 7월 6일 09시,목요일,경상북도 영천시 고경면,중상사고,0,1,0,0,차대차 - 추돌,안전운전불이행,건조,맑음,단일로 - 기타,승용,여,61세,상해없음,농기계,남,81세,중상
2023070600100166,2023년 7월 6일 09시,목요일,경상북도 예천군 유천면,경상사고,0,0,3,0,차대차 - 측면충돌,안전운전불이행,건조,맑음,교차로 - 교차로안,승용,여,68세,상해없음,승용,여,33세,경상
2023070600100167,2023년 7월 6일 09시,목요일,경상북도 포항시 남구 해도동,경상사고,0,0,1,0,차대차 - 기타,신호위반,건조,맑음,교차로 - 교차로안,승용,남,68세,상해없음,승합,여,69세,경상
2023070600100168,2023년 7월 6일 09시,목요일,경상북도 포항시 남구 오천읍,경상사고,0,0,1,0,차대차 - 후진중충돌,안전운전불이행,건조,맑음,단일로 - 기타,승용,남,72세,상해없음,승용,남,37세,경상
2023070600100197,2023년 7월 6일 10시,목요일,경상북도 경주시 성동동,경상사고,0,0,1,0,차대차 - 측면충돌,안전운전불이행,건조,맑음,단일로 - 기타,승합,남,56세,상해없음,승용,여,56세,경상
2023070600100198,2023년 7월 6일 10시,목요일,경상북도 포항시 북구 흥해읍,경상사고,0,0,2,0,차대차 - 기타,안전운전불이행,건조,맑음,단일로 - 기타,승용,여,59세,상해없음,건설기계,남,64세,경상
2023070600100199,2023년 7월 6일 10시,목요일,경상북도 안동시 옥동,중상사고,0,2,0,1,차대차 - 기타,직진우회전진행방해,건조,맑음,교차로 - 교차로안,승용,남,60세,부상신고,승용,남,41세,중상
2023070600100200,2023년 7월 6일 10시,목요일,경상북도 구미시 형곡동,중상사고,0,1,0,0,차대사람 - 보도통행중,기타,건조,맑음,기타 - 기타,승용,여,62세,상해없음,보행자,여,79세,중상
2023070600100263,2023년 7월 6일 12시,목요일,경상북도 포항시 북구 흥해읍,경상사고,0,0,1,0,차대차 - 추돌,안전운전불이행,건조,맑음,교차로 - 교차로부근,화물,남,67세,상해없음,승용,남,59세,경상
2023070600100264,2023년 7월 6일 12시,목요일,경상북도 경산시 중산동,중상사고,0,1,0,0,차대차 - 측면충돌,신호위반,건조,맑음,교차로 - 교차로안,승용,여,41세,상해없음,승용,여,30세,중상
2023070600100288,2023년 7월 6일 13시,목요일,경상북도 상주시 낙동면,중상사고,0,1,0,0,차대사람 - 길가장자리구역통행중,안전운전불이행,건조,맑음,단일로 - 기타,화물,남,44세,상해없음,보행자,여,79세,중상
2023070600100289,2023년 7월 6일 13시,목요일,경상북도 포항시 남구 오천읍,부상신고사고,0,0,0,1,차대사람 - 기타,안전운전불이행,건조,맑음,단일로 - 기타,승용,여,30세,상해없음,보행자,여,49세,부상신고
2023070600100318,2023년 7월 6일 14시,목요일,경상북도 상주시 무양동,경상사고,0,0,1,0,차대차 - 추돌,안전운전불이행,건조,맑음,교차로 - 교차로부근,승용,여,53세,상해없음,승용,남,49세,상해없음
2023070600100320,2023년 7월 6일 14시,목요일,경상북도 경산시 하양읍,경상사고,0,0,1,0,차대차 - 기타,안전운전불이행,건조,맑음,단일로 - 기타,화물,남,60세,상해없음,자전거,남,70세,경상
2023070600100347,2023년 7월 6일 15시,목요일,경상북도 포항시 북구 환호동,경상사고,0,0,1,0,차대차 - 기타,안전운전불이행,건조,맑음,단일로 - 기타,자전거,남,73세,경상,승용,여,49세,상해없음
2023070600100348,2023년 7월 6일 15시,목요일,경상북도 안동시 녹전면,경상사고,0,0,2,0,차대차 - 기타,직진우회전진행방해,건조,맑음,교차로 - 교차로안,승용,여,67세,상해없음,화물,남,62세,경상
2023070600100389,2023년 7월 6일 16시,목요일,경상북도 문경시 가은읍,경상사고,0,0,1,0,차대차 - 측면충돌,안전운전불이행,건조,맑음,단일로 - 기타,자전거,남,46세,경상,승용,여,70세,상해없음
2023070600100390,2023년 7월 6일 16시,목요일,경상북도 포항시 남구 효자동,경상사고,0,0,1,0,차대차 - 측면충돌,안전운전불이행,건조,맑음,교차로 - 교차로부근,승용,남,51세,기타불명,승용,남,53세,경상
2023070600100469,2023년 7월 6일 18시,목요일,경상북도 영천시 북안면,중상사고,0,1,0,0,차대사람 - 기타,안전운전불이행,건조,맑음,주차장 - 주차장,승용,남,53세,상해없음,보행자,남,76세,중상
2023070600100470,2023년 7월 6일 18시,목요일,경상북도 구미시 진평동,경상사고,0,0,1,0,차대차 - 기타,안전운전불이행,건조,맑음,교차로 - 교차로안,승용,남,30세,상해없음,이륜,남,29세,경상