사고번호,사고일시,요일,시군구,사고내용,사망자수,중상자수,경상자수,부상신고자수,사고유형,법규위반,노면상태,기상상태,도로형태,가해운전자 차종,가해운전자 성별,가해운전자 연령,가해운전자 상해정도,피해운전자 차종,피해운전자 성별,피해운전자 연령,피해운전자 상해정도
2023070600100471,2023년 7월 6일 18시,목요일,경상북도 포항시 남구 대잠동,경상사고,0,0,1,0,차대차 - 측면충돌,차로위반,건조,맑음,단일로 - 지하차도(도로)내,승용,남,68세,상해없음,승용,남,25세,경상
2023070600100498,2023년 7월 6일 19시,목요일,경상북도 안동시 태화동,중상사고,0,1,0,0,차량단독 - 기타,안전운전불이행,건조,맑음,단일로 - 기타,이륜,남,33세,중상,,,,
2023070600100560,2023년 7월 6일 22시,목요일,경상북도 문경시 모전동,중상사고,0,1,0,0,차대사람 - 보도통행중,보행자보호의무위반,건조,맑음,교차로 - 교차로횡단보도내,승용,남,18세,상해없음,보행자,남,66세,중상
2023070700100001,2023년 7월 7일 00시,금요일,경상북도 구미시 남통동,경상사고,0,0,1,0,차대차 - 측면충돌,신호위반,건조,맑음,교차로 - 교차로안,승용,여,57세,상해없음,승용,남,32세,경상
2023070700100018,2023년 7월 7일 02시,금요일,경상북도 상주시 공검면,경상사고,0,0,1,0,차대차 - 기타,안전운전불이행,건조,맑음,단일로 - 기타,승합,남,23세,상해없음,승용,남,39세,상해없음
2023070700100066,2023년 7월 7일 07시,금요일,경상북도 포항시 북구 두호동,경상사고,0,0,1,0,차대차 - 측면충돌,안전운전불이행,건조,맑음,교차로 - 교차로안,이륜,남,35세,경상,승용,남,33세,상해없음
2023070700100067,2023년 7월 7일 07시,금요일,경상북도 포항시 북구 덕산동,경상사고,0,0,1,0,차대차 - 측면충돌,안전운전불이행,건조,맑음,교차로 - 교차로안,승용,남,51세,상해없음,화물,남,28세,경상
2023070700100068,2023년 7월 7일 07시,금요일,경상북도 상주시 개운동,경상사고,0,0,1,0,차대차 - 후진중충돌,안전운전불이행,건조,맑음,교차로 - 교차로안,화물,남,84세,상해없음,승합,남,64세,경상
2023070700100069,2023년 7월 7일 07시,금요일,경상북도 영천시 문외동,경상사고,0,0,1,0,차대사람 - 횡단중,보행자보호의무위반,건조,맑음,교차로 - 교차로횡단보도내,승용,남,56세,상해없음,보행자,여,68세,경상
2023070700100108,2023년 7월 7일 08시,금요일,경상북도 안동시 와룡면,경상사고,0,0,2,0,차대차 - 측면충돌,안전거리미확보,건조,맑음,기타 - 기타,화물,남,61세,경상,승용,남,44세,경상
2023070700100109,2023년 7월 7일 08시,금요일,경상북도 영천시 완산동,경상사고,0,0,1,0,차대사람 - 기타,안전운전불이행,건조,맑음,단일로 - 기타,승용,여,52세,상해없음,보행자,남,68세,경상
2023070700100139,2023년 7월 7일 09시,금요일,경상북도 포항시 북구 죽도동,중상사고,0,1,0,0,차대사람 - 기타,안전운전불이행,건조,맑음,단일로 - 기타,승용,남,71세,상해없음,보행자,여,82세,중상
2023070700100140,2023년 7월 7일 09시,금요일,경상북도 울진군 울진읍,중상사고,0,1,0,0,차대차 - 측면충돌,교차로운행방법위반,건조,맑음,교차로 - 교차로안,승용,남,62세,상해없음,승합,남,44세,상해없음
2023070700100167,2023년 7월 7일 10시,금요일,경상북도 포항시 북구 흥해읍,경상사고,0,0,1,0,차대사람 - 길가장자리구역통행중,안전운전불이행,젖음/습기,맑음,단일로 - 기타,승용,남,68세,상해없음,보행자,남,54세,경상
2023070700100168,2023년 7월 7일 10시,금요일,경상북도 상주시 인봉동,중상사고,0,1,0,0,차대차 - 측면충돌,안전운전불이행,건조,맑음,교차로 - 교차로부근,승용,여,53세,상해없음,자전거,여,66세,중상
2023070700100209,2023년 7월 7일 11시,금요일,경상북도 포항시 남구 구룡포읍,중상사고,0,1,0,0,차대차 - 기타,중앙선침범,건조,맑음,단일로 - 기타,화물,남,52세,상해없음,승용,남,66세,상해없음
2023070700100241,2023년 7월 7일 12시,금요일,경상북도 김천시 율곡동,중상사고,0,1,0,0,차대사람 - 횡단중,보행자보호의무위반,젖음/습기,비,단일로 - 기타,승용,여,38세,상해없음,보행자,남,18세,중상
2023070700100242,2023년 7월 7일 12시,금요일,경상북도 영주시 풍기읍,사망사고,1,0,0,0,차량단독 - 기타,안전운전불이행,젖음/습기,비,기타 - 기타,이륜,남,87세,사망,,,,
2023070700100243,2023년 7월 7일 12시,금요일,경상북도 문경시 산북면,중상사고,0,1,0,0,차대차 - 측면충돌,직진우회전진행방해,젖음/습기,흐림,교차로 - 교차로안,화물,여,62세,상해없음,이륜,여,70세,중상
2023070700100244,2023년 7월 7일 12시,금요일,경상북도 울진군 근남면,중상사고,0,3,1,0,차량단독 - 공작물충돌,안전운전불이행,건조,맑음,단일로 - 기타,승용,남,55세,경상,,,,
2023070700100245,2023년 7월 7일 12시,금요일,경상북도 구미시 선산읍,경상사고,0,0,1,0,차대차 - 측면충돌,안전운전불이행,젖음/습기,비,교차로 - 교차로안,승용,남,43세,기타불명,화물,남,64세,경상
2023070700100246,2023년 7월 7일 12시,금요일,경상북도 구미시 원평동,경상사고,0,0,1,0,차대차 - 후진중충돌,안전운전불이행,젖음/습기,비,단일로 - 기타,화물,남,75세,상해없음,승용,여,37세,경상
2023070700100286,2023년 7월 7일 13시,금요일,경상북도 경산시 삼풍동,중상사고,0,1,0,0,차대차 - 기타,안전운전불이행,젖음/습기,비,단일로 - 기타,승용,남,76세,상해없음,이륜,남,42세,중상
2023070700100287,2023년 7월 7일 13시,금요일,경상북도 포항시 남구 해도동,경상사고,0,0,1,0,차대차 - 측면충돌,안전운전불이행,젖음/습기,비,교차로 - 교차로안,승용,여,56세,상해없음,승용,남,28세,경상
2023070700100288,2023년 7월 7일 13시,금요일,경상북도 포항시 남구 대도동,부상신고사고,0,0,0,1,차대사람 - 차도통행중,안전운전불이행,건조,맑음,단일로 - 지하차도(도로)내,승용,남,80세,상해없음,보행자,남,49세,부상신고
2023070700100355,2023년 7월 7일 15시,금요일,경상북도 안동시 수상동,경상사고,0,0,3,15,차대차 - 추돌,안전운전불이행,젖음/습기,비,단일로 - 기타,승합,남,56세,부상신고,승용,여,31세,경상
2023070700100356,2023년 7월 7일 15시,금요일,경상북도 예천군 예천읍,경상사고,0,0,1,0,차대차 - 정면충돌,중앙선침범,젖음/습기,비,단일로 - 기타,승용,남,62세,상해없음,화물,남,47세,경상
2023070700100403,2023년 7월 7일 16시,금요일,경상북도 경주시 시래동,중상사고,0,1,0,0,차대차 - 측면충돌,안전운전불이행,젖음/습기,비,교차로 - 교차로안,화물,남,65세,상해없음,승용,남,63세,중상
2023070700100404,2023년 7월 7일 16시,금요일,경상북도 포항시 북구 죽도동,경상사고,0,0,1,0,차대차 - 기타,안전운전불이행,건조,맑음,교차로 - 교차로안,승용,여,50세,상해없음,이륜,남,42세,경상
2023070700100405,2023년 7월 7일 16시,금요일,경상북도 영주시 평은면,경상사고,0,0,1,0,차대차 - 측면충돌,안전운전불이행,젖음/습기,비,단일로 - 기타,화물,남,53세,경상,승합,남,51세,상해없음
2023070700100406,2023년 7월 7일 16시,금요일,경상북도 영주시 휴천동,경상사고,0,0,1,0,차대차 - 측면충돌,안전운전불이행,젖음/습기,비,단일로 - 기타,승용,여,57세,기타불명,승용,여,37세,경상
2023070700100407,2023년 7월 7일 16시,금요일,경상북도 영덕군 병곡면,경상사고,0,0,3,0,차대차 - 측면충돌,안전운전불이행,젖음/습기,비,단일로 - 기타,승용,남,37세,경상,화물,남,49세,경상
2023070700100586,2023년 7월 7일 20시,금요일,경상북도 상주시 냉림동,중상사고,0,1,0,0,차대사람 - 횡단중,보행자보호의무위반,젖음/습기,비,교차로 - 교차로안,승용,여,36세,상해없음,보행자,여,66세,중상
2023070700100587,2023년 7월 7일 20시,금요일,경상북도 경산시 옥산동,경상사고,0,0,1,0,차대사람 - 기타,안전운전불이행,건조,맑음,단일로 - 기타,승용,남,49세,상해없음,보행자,남,41세,경상
2023070700100617,2023년 7월 7일 21시,금요일,경상북도 경산시 사동,경상사고,0,0,3,0,차대차 - 후진중충돌,안전운전불이행,건조,맑음,교차로 - 교차로안,승용,남,61세,상해없음,승용,남,56세,경상
2023070700100618,2023년 7월 7일 21시,금요일,경상북도 구미시 신평동,중상사고,0,1,0,0,차대차 - 측면충돌,신호위반,젖음/습기,흐림,단일로 - 기타,승용,남,41세,상해없음,이륜,남,19세,중상
2023070800100079,2023년 7월 8일 07시,토요일,경상북도 포항시 남구 장흥동,경상사고,0,0,1,0,차대차 - 추돌,안전운전불이행,건조,맑음,교차로 - 교차로안,건설기계,남,53세,상해없음,승용,남,50세,경상
2023070800100092,2023년 7월 8일 08시,토요일,경상북도 경주시 성동동,중상사고,0,1,0,0,차량단독 - 공작물충돌,기타,건조,맑음,단일로 - 기타,화물,남,47세,상해없음,,,,
2023070800100093,2023년 7월 8일 08시,토요일,경상북도 영주시 풍기읍,부상신고사고,0,0,0,1,차대차 - 정면충돌,안전운전불이행,젖음/습기,흐림,교차로 - 교차로안,자전거,남,64세,부상신고,승용,여,55세,상해없음
2023070800100094,2023년 7월 8일 08시,토요일,경상북도 경산시 자인면,중상사고,0,1,1,0,차대차 - 측면충돌,안전운전불이행,건조,맑음,교차로 - 교차로안,승용,남,49세,기타불명,승용,여,48세,중상
2023070800100120,2023년 7월 8일 09시,토요일,경상북도 포항시 남구 오천읍,부상신고사고,0,0,0,1,차량단독 - 공작물충돌,안전운전불이행,건조,맑음,단일로 - 기타,승용,남,40세,부상신고,,,,
2023070800100141,2023년 7월 8일 10시,토요일,경상북도 포항시 남구 오천읍,경상사고,0,0,4,0,차대차 - 기타,중앙선침범,건조,맑음,단일로 - 기타,승용,여,66세,경상,승용,남,29세,경상
2023070800100174,2023년 7월 8일 11시,토요일,경상북도 포항시 남구 연일읍,경상사고,0,0,2,0,차대차 - 측면충돌,불법유턴,건조,맑음,교차로 - 교차로안,승용,남,57세,상해없음,승용,남,42세,경상
2023070800100205,2023년 7월 8일 12시,토요일,경상북도 경산시 정평동,경상사고,0,0,2,0,차대차 - 측면충돌,안전거리미확보,건조,맑음,단일로 - 기타,승합,남,55세,상해없음,승용,여,37세,경상
2023070800100247,2023년 7월 8일 13시,토요일,경상북도 영주시 가흥동,경상사고,0,0,1,0,차대차 - 추돌,교차로운행방법위반,건조,맑음,교차로 - 교차로안,승용,남,56세,상해없음,승용,남,58세,경상
2023070800100248,2023년 7월 8일 13시,토요일,경상북도 성주군 성주읍,경상사고,0,0,1,0,차대차 - 기타,안전운전불이행,건조,맑음,교차로 - 교차로안,승용,여,41세,상해없음,이륜,남,22세,경상
2023070800100249,2023년 7월 8일 13시,토요일,경상북도 구미시 송정동,경상사고,0,0,1,0,차대차 - 정면충돌,안전운전불이행,건조,맑음,교차로 - 교차로안,승용,여,46세,상해없음,승용,남,36세,경상
2023070800100250,2023년 7월 8일 13시,토요일,경상북도 구미시 인의동,중상사고,0,1,0,0,차대차 - 측면충돌,교차로운행방법위반,건조,맑음,교차로 - 교차로안,승용,남,27세,상해없음,자전거,남,12세,중상
2023070800100313,2023년 7월 8일 15시,토요일,경상북도 포항시 북구 죽장면,경상사고,0,0,2,0,차대차 - 측면충돌,안전운전불이행,건조,맑음,단일로 - 기타,화물,남,68세,상해없음,승용,여,22세,경상
2023070800100314,2023년 7월 8일 15시,토요일,경상북도 문경시 동로면,경상사고,0,0,1,0,차대차 - 기타,안전운전불이행,건조,맑음,단일로 - 기타,자전거,남,13세,경상,승용,남,58세,상해없음
2023070800100315,2023년 7월 8일 15시,토요일,경상북도 경산시 하양읍,경상사고,0,0,1,0,차대차 - 측면충돌,교차로운행방법위반,건조,맑음,교차로 - 교차로안,승용,남,48세,기타불명,승용,여,51세,경상
2023070800100316,2023년 7월 8일 15시,토요일,경상북도 포항시 남구 대도동,중상사고,0,1,0,0,차대사람 - 차도통행중,안전운전불이행,건조,맑음,교차로 - 교차로안,승용,남,31세,상해없음,보행자,여,83세,중상
2023070800100378,2023년 7월 8일 17시,토요일,경상북도 구미시 사곡동,중상사고,0,1,0,0,차대차 - 기타,안전운전불이행,건조,맑음,교차로 - 교차로안,승용,남,44세,상해없음,이륜,남,75세,중상
2023070800100412,2023년 7월 8일 18시,토요일,경상북도 경산시 조영동,경상사고,0,0,3,0,차대차 - 측면충돌,교차로운행방법위반,건조,맑음,교차로 - 교차로안,승용,남,24세,상해없음,승용,여,42세,경상
2023070800100437,2023년 7월 8일 19시,토요일,경상북도 포항시 북구 죽도동,경상사고,0,0,1,0,차대차 - 측면충돌,안전거리미확보,건조,맑음,교차로 - 교차로부근,승용,남,69세,상해없음,승합,남,52세,경상
2023070800100438,2023년 7월 8일 19시,토요일,경상북도 경산시 계양동,중상사고,0,1,0,0,차대사람 - 길가장자리구역통행중,안전운전불이행,건조,맑음,단일로 - 지하차도(도로)내,승용,남,55세,상해없음,보행자,남,74세,중상
2023070800100458,2023년 7월 8일 20시,토요일,경상북도 포항시 북구 흥해읍,중상사고,0,4,0,0,차대차 - 정면충돌,중앙선침범,젖음/습기,맑음,단일로 - 기타,승용,남,18세,상해없음,승용,남,38세,중상
2023070800100494,2023년 7월 8일 21시,토요일,경상북도 포항시 남구 구룡포읍,중상사고,0,1,0,0,차대사람 - 횡단중,안전운전불이행,건조,맑음,단일로 - 기타,승용,남,36세,상해없음,보행자,여,52세,중상
2023070800100509,2023년 7월 8일 22시,토요일,경상북도 안동시 송현동,경상사고,0,0,1,0,차대사람 - 기타,안전운전불이행,건조,맑음,기타 - 기타,승용,남,55세,상해없음,보행자,여,55세,경상
2023070800100510,2023년 7월 8일 22시,토요일,경상북도 김천시 부곡동,중상사고,0,1,0,0,차대사람 - 기타,안전운전불이행,건조,맑음,교차로 - 교차로안,승용,여,63세,상해없음,보행자,남,62세,중상
2023070800100534,2023년 7월 8일 23시,토요일,경상북도 구미시 구포동,중상사고,0,1,0,0,차대차 - 측면충돌,안전운전불이행,건조,맑음,단일로 - 기타,승용,남,55세,상해없음,이륜,남,35세,중상
2023070900100017,2023년 7월 9일 01시,일요일,경상북도 칠곡군 기산면,사망사고,1,0,0,0,차대차 - 추돌,안전운전불이행,건조,흐림,단일로 - 기타,승합,남,41세,상해없음,화물,남,63세,상해없음
2023070900100028,2023년 7월 9일 02시,일요일,경상북도 상주시 성하동,경상사고,0,0,1,0,차대차 - 추돌,안전운전불이행,건조,맑음,교차로 - 교차로부근,승용,남,72세,상해없음,승용,남,29세,경상
2023070900100029,2023년 7월 9일 02시,일요일,경상북도 영천시 청통면,중상사고,0,1,0,0,차량단독 - 기타,안전운전불이행,건조,맑음,단일로 - 기타,이륜,남,19세,중상,,,,
2023070900100070,2023년 7월 9일 09시,일요일,경상북도 구미시 진평동,경상사고,0,0,2,0,차대차 - 측면충돌,신호위반,건조,맑음,교차로 - 교차로안,승용,남,56세,경상,승용,남,45세,경상
2023070900100071,2023년 7월 9일 09시,일요일,경상북도 포항시 남구 구룡포읍,경상사고,0,0,1,0,차대차 - 측면충돌,안전운전불이행,건조,맑음,단일로 - 기타,화물,남,63세,상해없음,이륜,남,64세,경상
2023070900100121,2023년 7월 9일 11시,일요일,경상북도 경주시 율동,경상사고,0,0,4,0,차대차 - 추돌,안전운전불이행,건조,맑음,단일로 - 기타,화물,남,49세,상해없음,승용,남,32세,경상
2023070900100122,2023년 7월 9일 11시,일요일,경상북도 포항시 북구 대신동,경상사고,0,0,1,0,차대사람 - 길가장자리구역통행중,안전운전불이행,건조,맑음,교차로 - 교차로부근,승용,여,36세,상해없음,보행자,여,68세,경상
2023070900100123,2023년 7월 9일 11시,일요일,경상북도 포항시 북구 흥해읍,경상사고,0,0,1,0,차대차 - 기타,안전운전불이행,건조,맑음,교차로 - 교차로안,승용,여,62세,상해없음,화물,남,62세,경상
2023070900100124,2023년 7월 9일 11시,일요일,경상북도 청도군 이서면,경상사고,0,0,1,0,차량단독 - 전도전복 - 전도,안전운전불이행,건조,흐림,단일로 - 교량,자전거,여,69세,경상,,,,
2023070900100147,2023년 7월 9일 12시,일요일,경상북도 경주시 황오동,중상사고,0,1,0,0,차대차 - 측면충돌,안전운전불이행,건조,맑음,단일로 - 기타,승용,여,62세,상해없음,자전거,남,68세,중상
2023070900100178,2023년 7월 9일 13시,일요일,경상북도 경주시 안강읍,중상사고,0,1,0,0,차대차 - 정면충돌,직진우회전진행방해,건조,맑음,교차로 - 교차로안,승용,여,55세,상해없음,자전거,여,73세,중상
2023070900100179,2023년 7월 9일 13시,일요일,경상북도 상주시 함창읍,부상신고사고,0,0,0,3,차대차 - 측면충돌,직진우회전진행방해,건조,맑음,단일로 - 기타,승용,남,47세,부상신고,승합,남,59세,상해없음
2023070900100180,2023년 7월 9일 13시,일요일,경상북도 성주군 선남면,경상사고,0,0,3,0,차대차 - 측면충돌,안전운전불이행,건조,흐림,단일로 - 기타,화물,남,66세,상해없음,승용,여,33세,경상
2023070900100201,2023년 7월 9일 14시,일요일,경상북도 상주시 이안면,중상사고,0,1,1,0,차대차 - 정면충돌,중앙선침범,건조,흐림,단일로 - 기타,승용,남,61세,상해없음,승용,남,64세,경상
2023070900100256,2023년 7월 9일 16시,일요일,경상북도 경주시 양남면,중상사고,0,1,0,0,차대차 - 측면충돌,안전운전불이행,건조,맑음,교차로 - 교차로안,승용,여,74세,상해없음,화물,남,70세,중상
2023070900100257,2023년 7월 9일 16시,일요일,경상북도 경산시 중방동,경상사고,0,0,3,0,차대차 - 측면충돌,안전운전불이행,건조,맑음,교차로 - 교차로부근,승용,여,61세,경상,승합,남,61세,경상
2023070900100284,2023년 7월 9일 17시,일요일,경상북도 구미시 원평동,중상사고,0,1,0,0,차대사람 - 횡단중,신호위반,건조,맑음,단일로 - 기타,승용,남,46세,상해없음,보행자,여,33세,중상
2023070900100285,2023년 7월 9일 17시,일요일,경상북도 구미시 구평동,경상사고,0,0,1,0,차대사람 - 횡단중,보행자보호의무위반,건조,맑음,교차로 - 교차로안,승용,여,32세,상해없음,보행자,남,15세,경상
2023070900100286,2023년 7월 9일 17시,일요일,경상북도 포항시 남구 송도동,경상사고,0,0,3,0,차대차 - 측면충돌,직진우회전진행방해,건조,맑음,교차로 - 교차로안,승용,남,71세,경상,승용,남,30세,경상
2023070900100308,2023년 7월 9일 18시,일요일,경상북도 구미시 상모동,중상사고,0,1,0,0,차대차 - 측면충돌,중앙선침범,건조,맑음,단일로 - 기타,승용,여,53세,상해없음,이륜,남,28세,중상
2023070900100330,2023년 7월 9일 19시,일요일,경상북도 청송군 주왕산면,중상사고,0,1,0,0,차대차 - 측면충돌,안전운전불이행,건조,맑음,교차로 - 교차로안,승용,남,68세,상해없음,사륜오토바이(ATV),남,80세,중상
2023070900100385,2023년 7월 9일 22시,일요일,경상북도 청도군 청도읍,중상사고,0,1,0,0,차대사람 - 길가장자리구역통행중,보행자보호의무위반,건조,맑음,단일로 - 기타,승용,남,58세,상해없음,보행자,여,84세,중상
2023070900100386,2023년 7월 9일 22시,일요일,경상북도 구미시 사곡동,경상사고,0,0,1,0,차대차 - 측면충돌,안전운전불이행,건조,맑음,단일로 - 기타,승용,남,54세,상해없음,승용,여,41세,경상
2023071000100004,2023년 7월 10일 00시,월요일,경상북도 경주시 황성동,경상사고,0,0,1,0,차대사람 - 기타,안전운전불이행,건조,맑음,단일로 - 기타,이륜,남,61세,상해없음,보행자,여,21세,경상
2023071000100005,2023년 7월 10일 00시,월요일,경상북도 포항시 북구 두호동,경상사고,0,0,2,0,차대차 - 측면충돌,신호위반,건조,맑음,단일로 - 기타,이륜,남,47세,경상,승용,남,62세,경상
2023071000100031,2023년 7월 10일 05시,월요일,경상북도 영주시 평은면,중상사고,0,2,0,0,차대차 - 정면충돌,신호위반,건조,맑음,단일로 - 기타,화물,남,62세,중상,화물,남,51세,중상
2023071000100066,2023년 7월 10일 07시,월요일,경상북도 포항시 북구 흥해읍,중상사고,0,1,0,0,차대차 - 측면충돌,직진우회전진행방해,건조,맑음,교차로 - 교차로안,화물,남,65세,상해없음,이륜,남,71세,중상
2023071000100067,2023년 7월 10일 07시,월요일,경상북도 영주시 휴천동,경상사고,0,0,2,0,차대차 - 추돌,안전운전불이행,건조,맑음,단일로 - 기타,승용,남,57세,상해없음,승용,여,43세,경상
2023071000100097,2023년 7월 10일 08시,월요일,경상북도 포항시 북구 장성동,경상사고,0,0,1,0,차대차 - 측면충돌,안전운전불이행,건조,맑음,교차로 - 교차로안,승용,남,66세,상해없음,승용,남,23세,경상
2023071000100127,2023년 7월 10일 09시,월요일,경상북도 영천시 화남면,경상사고,0,0,1,0,차대차 - 기타,중앙선침범,건조,흐림,단일로 - 기타,승용,남,69세,상해없음,건설기계,남,37세,경상
2023071000100153,2023년 7월 10일 10시,월요일,경상북도 경주시 보문동,중상사고,0,1,0,0,차량단독 - 공작물충돌,안전운전불이행,건조,맑음,단일로 - 기타,승용,남,39세,상해없음,,,,
2023071000100154,2023년 7월 10일 10시,월요일,경상북도 구미시 황상동,중상사고,0,1,0,0,차대차 - 기타,안전운전불이행,건조,맑음,교차로 - 교차로안,승용,남,26세,상해없음,농기계,남,69세,중상
2023071000100181,2023년 7월 10일 11시,월요일,경상북도 안동시 당북동,경상사고,0,0,2,0,차대차 - 기타,안전운전불이행,건조,맑음,단일로 - 기타,승용,남,69세,경상,화물,남,79세,경상
2023071000100182,2023년 7월 10일 11시,월요일,경상북도 포항시 남구 오천읍,부상신고사고,0,0,0,1,차대차 - 추돌,안전거리미확보,건조,맑음,단일로 - 기타,이륜,여,28세,기타불명,이륜,남,32세,부상신고
2023071000100208,2023년 7월 10일 12시,월요일,경상북도 구미시 원평동,경상사고,0,0,1,0,차대사람 - 기타,안전운전불이행,건조,맑음,단일로 - 기타,승용,여,28세,상해없음,보행자,남,22세,경상
2023071000100235,2023년 7월 10일 13시,월요일,경상북도 경주시 양남면,사망사고,1,0,0,0,차량단독 - 도로외이탈 - 추락,안전운전불이행,건조,맑음,단일로 - 지하차도(도로)내,특수,남,59세,사망,,,,
2023071000100236,2023년 7월 10일 13시,월요일,경상북도 상주시 개운동,중상사고,0,1,0,0,차대차 - 측면충돌,직진우회전진행방해,건조,맑음,교차로 - 교차로안,승용,남,67세,상해없음,이륜,남,64세,중상
2023071000100237,2023년 7월 10일 13시,월요일,경상북도 포항시 남구 연일읍,중상사고,0,1,0,0,차대차 - 측면충돌,기타,건조,맑음,단일로 - 교량,승용,남,63세,상해없음,승용,남,34세,중상
2023071000100272,2023년 7월 10일 14시,월요일,경상북도 경주시 용강동,중상사고,0,1,0,0,차대차 - 기타,안전운전불이행,건조,맑음,교차로 - 교차로부근,승용,남,45세,상해없음,이륜,남,54세,중상
2023071000100273,2023년 7월 10일 14시,월요일,경상북도 포항시 북구 죽도동,경상사고,0,0,1,0,차대차 - 측면충돌,안전운전불이행,건조,맑음,교차로 - 교차로부근,이륜,남,31세,경상,승용,여,57세,상해없음
2023071000100274,2023년 7월 10일 14시,월요일,경상북도 영덕군 축산면,경상사고,0,0,1,0,차대차 - 측면충돌,직진우회전진행방해,건조,맑음,교차로 - 교차로안,화물,남,27세,상해없음,이륜,남,85세,경상
2023071000100275,2023년 7월 10일 14시,월요일,경상북도 예천군 예천읍,중상사고,0,1,0,0,차대차 - 측면충돌,신호위반,건조,맑음,단일로 - 기타,특수,남,40세,상해없음,원동기,남,87세,중상
2023071000100276,2023년 7월 10일 14시,월요일,경상북도 포항시 남구 대도동,경상사고,0,0,1,0,차대차 - 기타,신호위반,건조,맑음,교차로 - 교차로횡단보도내,승용,여,71세,기타불명,자전거,남,28세,경상
2023071000100277,2023년 7월 10일 14시,월요일,경상북도 포항시 남구 송도동,중상사고,0,1,0,0,차대차 - 측면충돌,안전운전불이행,건조,맑음,교차로 - 교차로안,이륜,남,63세,기타불명,화물,여,65세,중상
2023071000100305,2023년 7월 10일 15시,월요일,경상북도 김천시 율곡동,중상사고,0,2,0,0,차대차 - 측면충돌,교차로운행방법위반,건조,맑음,교차로 - 교차로횡단보도내,승용,남,25세,상해없음,화물,남,64세,중상
2023071000100306,2023년 7월 10일 15시,월요일,경상북도 영천시 야사동,중상사고,0,1,2,0,차대차 - 추돌,안전운전불이행,건조,맑음,교차로 - 교차로부근,승용,남,41세,중상,승합,남,67세,경상
2023071000100338,2023년 7월 10일 16시,월요일,경상북도 경주시 외동읍,경상사고,0,0,1,0,차대차 - 측면충돌,안전운전불이행,건조,맑음,단일로 - 기타,화물,남,57세,상해없음,농기계,남,70세,경상
2023071000100339,2023년 7월 10일 16시,월요일,경상북도 봉화군 봉화읍,중상사고,0,1,0,0,차량단독 - 전도전복 - 전도,안전운전불이행,건조,맑음,단일로 - 기타,개인형이동수단(PM),남,55세,중상,,,,
2023071000100394,2023년 7월 10일 17시,월요일,경상북도 문경시 흥덕동,경상사고,0,0,2,0,차대차 - 정면충돌,중앙선침범,건조,맑음,교차로 - 교차로부근,승용,남,67세,경상,승용,남,49세,경상
2023071000100395,2023년 7월 10일 17시,월요일,경상북도 영덕군 강구면,경상사고,0,0,3,0,차대차 - 추돌,안전거리미확보,건조,맑음,단일로 - 기타,화물,남,62세,상해없음,화물,남,63세,경상
2023071000100446,2023년 7월 10일 18시,월요일,경상북도 경주시 충효동,중상사고,0,1,0,0,차대사람 - 차도통행중,안전운전불이행,건조,맑음,단일로 - 기타,승용,남,78세,상해없음,보행자,여,52세,중상
2023071000100474,2023년 7월 10일 19시,월요일,경상북도 김천시 아포읍,경상사고,0,0,1,0,차대차 - 추돌,안전거리미확보,건조,맑음,교차로 - 교차로부근,승용,남,56세,상해없음,승용,여,55세,경상
2023071000100530,2023년 7월 10일 21시,월요일,경상북도 경산시 계양동,경상사고,0,0,1,0,차대차 - 기타,안전거리미확보,건조,흐림,교차로 - 교차로안,승용,여,30세,상해없음,승용,남,27세,상해없음
2023071000100547,2023년 7월 10일 22시,월요일,경상북도 포항시 북구 우현동,경상사고,0,0,1,0,차대차 - 추돌,안전운전불이행,건조,맑음,교차로 - 교차로안,승용,남,41세,상해없음,승용,남,62세,경상
2023071100100029,2023년 7월 11일 04시,화요일,경상북도 칠곡군 지천면,중상사고,0,1,0,0,차대차 - 기타,차로위반,건조,맑음,단일로 - 기타,화물,남,62세,상해없음,승용,남,56세,중상
2023071100100068,2023년 7월 11일 07시,화요일,경상북도 칠곡군 기산면,중상사고,0,1,0,0,차대차 - 추돌,안전운전불이행,건조,맑음,교차로 - 교차로안,화물,남,41세,상해없음,화물,남,54세,중상
2023071100100115,2023년 7월 11일 08시,화요일,경상북도 경주시 성건동,경상사고,0,0,1,0,차대차 - 측면충돌,안전운전불이행,건조,맑음,교차로 - 교차로안,승용,남,50세,상해없음,자전거,여,79세,경상
2023071100100116,2023년 7월 11일 08시,화요일,경상북도 경산시 옥산동,경상사고,0,0,2,0,차대차 - 측면충돌,안전거리미확보,건조,맑음,교차로 - 교차로부근,승용,여,52세,상해없음,화물,남,43세,경상
2023071100100117,2023년 7월 11일 08시,화요일,경상북도 구미시 인의동,경상사고,0,0,1,0,차대차 - 추돌,안전운전불이행,건조,맑음,교차로 - 교차로부근,승합,남,29세,상해없음,승용,여,29세,경상
2023071100100118,2023년 7월 11일 08시,화요일,경상북도 구미시 임은동,경상사고,0,0,1,0,차대차 - 추돌,안전운전불이행,건조,맑음,교차로 - 교차로부근,승용,남,29세,상해없음,승용,남,34세,경상
2023071100100119,2023년 7월 11일 08시,화요일,경상북도 포항시 남구 상도동,중상사고,0,1,0,3,차대차 - 추돌,안전거리미확보,건조,맑음,교차로 - 교차로부근,승용,남,66세,부상신고,화물,남,55세,부상신고
2023071100100155,2023년 7월 11일 09시,화요일,경상북도 경주시 안강읍,중상사고,0,1,0,0,차대차 - 측면충돌,신호위반,건조,맑음,교차로 - 교차로안,승용,여,66세,상해없음,승용,여,56세,중상