사고번호,사고일시,요일,시군구,사고내용,사망자수,중상자수,경상자수,부상신고자수,사고유형,법규위반,노면상태,기상상태,도로형태,가해운전자 차종,가해운전자 성별,가해운전자 연령,가해운전자 상해정도,피해운전자 차종,피해운전자 성별,피해운전자 연령,피해운전자 상해정도
2023071100100156,2023년 7월 11일 09시,화요일,경상북도 포항시 북구 송라면,중상사고,0,1,0,0,차대차 - 측면충돌,안전운전불이행,건조,맑음,기타 - 기타,승용,남,54세,상해없음,개인형이동수단(PM),남,81세,중상
2023071100100157,2023년 7월 11일 09시,화요일,경상북도 칠곡군 북삼읍,경상사고,0,0,1,0,차대차 - 기타,안전운전불이행,건조,흐림,기타 - 기타,화물,남,67세,상해없음,승용,여,39세,경상
2023071100100185,2023년 7월 11일 10시,화요일,경상북도 경주시 천군동,중상사고,0,1,0,0,차대차 - 측면충돌,안전운전불이행,건조,맑음,교차로 - 교차로안,승용,여,39세,상해없음,이륜,여,60세,중상
2023071100100186,2023년 7월 11일 10시,화요일,경상북도 청송군 현서면,중상사고,0,1,2,0,차대차 - 측면충돌,안전운전불이행,건조,맑음,단일로 - 기타,화물,남,63세,경상,승용,남,61세,중상
2023071100100217,2023년 7월 11일 11시,화요일,경상북도 경주시 외동읍,중상사고,0,1,0,0,차대차 - 기타,안전운전불이행,건조,맑음,교차로 - 교차로부근,이륜,남,46세,중상,승용,남,49세,상해없음
2023071100100218,2023년 7월 11일 11시,화요일,경상북도 경주시 외동읍,중상사고,0,1,1,0,차량단독 - 기타,안전운전불이행,건조,맑음,단일로 - 기타,승용,여,69세,상해없음,,,,
2023071100100219,2023년 7월 11일 11시,화요일,경상북도 포항시 북구 동빈2가,경상사고,0,0,1,0,차대차 - 측면충돌,신호위반,젖음/습기,비,교차로 - 교차로안,승용,남,80세,상해없음,승용,남,51세,경상
2023071100100220,2023년 7월 11일 11시,화요일,경상북도 고령군 다산면,경상사고,0,0,3,0,차대차 - 측면충돌,안전운전불이행,건조,맑음,단일로 - 기타,화물,남,41세,상해없음,승용,남,39세,경상
2023071100100254,2023년 7월 11일 12시,화요일,경상북도 포항시 북구 흥해읍,경상사고,0,0,1,0,차대차 - 측면충돌,직진우회전진행방해,건조,맑음,교차로 - 교차로부근,원동기,남,84세,경상,승용,남,69세,상해없음
2023071100100255,2023년 7월 11일 12시,화요일,경상북도 예천군 용문면,경상사고,0,0,1,0,차대차 - 정면충돌,안전운전불이행,건조,맑음,교차로 - 교차로안,화물,남,81세,상해없음,이륜,남,50세,경상
2023071100100295,2023년 7월 11일 13시,화요일,경상북도 구미시 봉곡동,경상사고,0,0,2,0,차대차 - 측면충돌,교차로운행방법위반,젖음/습기,비,교차로 - 교차로안,승용,남,27세,경상,승용,여,55세,경상
2023071100100296,2023년 7월 11일 13시,화요일,경상북도 구미시 원평동,경상사고,0,0,1,0,차대차 - 기타,안전운전불이행,건조,맑음,교차로 - 교차로부근,승용,남,65세,상해없음,승용,여,55세,경상
2023071100100297,2023년 7월 11일 13시,화요일,경상북도 포항시 남구 장흥동,중상사고,0,1,0,0,차대차 - 측면충돌,안전운전불이행,건조,맑음,교차로 - 교차로부근,화물,남,46세,상해없음,승용,여,57세,중상
2023071100100332,2023년 7월 11일 14시,화요일,경상북도 경산시 압량읍,경상사고,0,0,1,0,차대차 - 추돌,안전운전불이행,젖음/습기,비,교차로 - 교차로부근,승용,여,22세,상해없음,승용,여,37세,경상
2023071100100358,2023년 7월 11일 15시,화요일,경상북도 구미시 사곡동,중상사고,0,1,0,0,차대차 - 측면충돌,직진우회전진행방해,젖음/습기,비,교차로 - 교차로안,승용,남,53세,기타불명,승용,여,63세,중상
2023071100100392,2023년 7월 11일 16시,화요일,경상북도 김천시 율곡동,경상사고,0,0,1,0,차대사람 - 횡단중,안전운전불이행,젖음/습기,비,교차로 - 교차로부근,승용,여,27세,상해없음,보행자,남,7세,경상
2023071100100427,2023년 7월 11일 17시,화요일,경상북도 포항시 북구 신흥동,경상사고,0,0,3,0,차대차 - 추돌,안전운전불이행,젖음/습기,흐림,단일로 - 기타,승용,남,63세,상해없음,승용,여,20세,경상
2023071100100428,2023년 7월 11일 17시,화요일,경상북도 영천시 북안면,경상사고,0,0,2,0,차대차 - 추돌,안전거리미확보,젖음/습기,맑음,교차로 - 교차로부근,승용,남,72세,기타불명,화물,남,65세,경상
2023071100100429,2023년 7월 11일 17시,화요일,경상북도 포항시 남구 오천읍,경상사고,0,0,1,0,차대차 - 기타,안전운전불이행,젖음/습기,비,교차로 - 교차로부근,승용,남,68세,상해없음,승용,여,53세,경상
2023071100100474,2023년 7월 11일 18시,화요일,경상북도 포항시 북구 창포동,경상사고,0,0,1,0,차대사람 - 횡단중,안전운전불이행,건조,흐림,교차로 - 교차로안,승용,여,50세,상해없음,보행자,여,67세,경상
2023071100100507,2023년 7월 11일 19시,화요일,경상북도 구미시 도량동,중상사고,0,1,0,0,차대차 - 측면충돌,신호위반,젖음/습기,비,교차로 - 교차로안,이륜,남,38세,중상,승용,남,41세,상해없음
2023071100100539,2023년 7월 11일 20시,화요일,경상북도 구미시 공단동,경상사고,0,0,1,0,차대사람 - 기타,안전운전불이행,젖음/습기,비,교차로 - 교차로안,승용,여,33세,상해없음,보행자,남,24세,경상
2023071100100540,2023년 7월 11일 20시,화요일,경상북도 구미시 진평동,경상사고,0,0,1,0,차대차 - 측면충돌,안전운전불이행,건조,맑음,단일로 - 기타,승용,남,73세,상해없음,이륜,남,29세,경상
2023071100100589,2023년 7월 11일 22시,화요일,경상북도 포항시 북구 두호동,경상사고,0,0,1,0,차대사람 - 기타,안전운전불이행,건조,맑음,교차로 - 교차로부근,승용,여,56세,상해없음,보행자,남,57세,경상
2023071100100590,2023년 7월 11일 22시,화요일,경상북도 경산시 진량읍,중상사고,0,1,1,0,차대차 - 측면충돌,안전운전불이행,젖음/습기,흐림,단일로 - 기타,승용,여,55세,경상,이륜,남,33세,중상
2023071200100057,2023년 7월 12일 07시,수요일,경상북도 영주시 하망동,중상사고,0,1,0,0,차대차 - 기타,안전운전불이행,건조,맑음,교차로 - 교차로안,승용,남,74세,상해없음,자전거,남,84세,중상
2023071200100058,2023년 7월 12일 07시,수요일,경상북도 상주시 이안면,경상사고,0,0,1,0,차대차 - 추돌,안전운전불이행,젖음/습기,비,단일로 - 기타,승합,남,52세,상해없음,승용,남,53세,경상
2023071200100138,2023년 7월 12일 10시,수요일,경상북도 포항시 북구 우현동,경상사고,0,0,2,0,차대차 - 기타,신호위반,건조,맑음,교차로 - 교차로안,승용,남,61세,상해없음,승용,남,28세,경상
2023071200100139,2023년 7월 12일 10시,수요일,경상북도 영천시 대창면,중상사고,0,1,0,0,차대차 - 정면충돌,중앙선침범,건조,맑음,단일로 - 기타,화물,남,57세,상해없음,이륜,남,41세,중상
2023071200100165,2023년 7월 12일 11시,수요일,경상북도 포항시 북구 죽도동,경상사고,0,0,2,0,차대차 - 측면충돌,안전운전불이행,건조,맑음,교차로 - 교차로부근,승용,남,56세,상해없음,승용,남,43세,경상
2023071200100166,2023년 7월 12일 11시,수요일,경상북도 의성군 춘산면,경상사고,0,0,2,0,차대차 - 기타,기타,건조,맑음,교차로 - 교차로안,화물,남,64세,상해없음,승용,여,69세,경상
2023071200100167,2023년 7월 12일 11시,수요일,경상북도 칠곡군 왜관읍,경상사고,0,0,1,0,차대차 - 측면충돌,안전운전불이행,건조,맑음,주차장 - 주차장,화물,남,66세,상해없음,승용,남,35세,기타불명
2023071200100168,2023년 7월 12일 11시,수요일,경상북도 구미시 형곡동,경상사고,0,0,2,0,차대차 - 후진중충돌,안전운전불이행,건조,맑음,주차장 - 주차장,승용,여,71세,상해없음,승용,남,67세,경상
2023071200100205,2023년 7월 12일 12시,수요일,경상북도 포항시 북구 흥해읍,경상사고,0,0,1,0,차대차 - 측면충돌,중앙선침범,건조,맑음,기타 - 기타,이륜,남,33세,경상,승용,남,53세,상해없음
2023071200100249,2023년 7월 12일 14시,수요일,경상북도 예천군 호명면,경상사고,0,0,2,0,차대차 - 측면충돌,안전운전불이행,건조,맑음,단일로 - 기타,승용,여,59세,상해없음,승용,남,35세,경상
2023071200100250,2023년 7월 12일 14시,수요일,경상북도 고령군 대가야읍,경상사고,0,0,1,0,차대차 - 기타,교차로운행방법위반,건조,맑음,교차로 - 교차로안,승용,여,64세,상해없음,자전거,여,74세,경상
2023071200100252,2023년 7월 12일 14시,수요일,경상북도 포항시 남구 연일읍,경상사고,0,0,2,0,차대차 - 기타,안전운전불이행,건조,맑음,교차로 - 교차로안,화물,남,56세,상해없음,승용,여,62세,경상
2023071200100298,2023년 7월 12일 15시,수요일,경상북도 경산시 대동,경상사고,0,0,1,0,차대차 - 측면충돌,안전운전불이행,건조,맑음,단일로 - 기타,승용,남,64세,상해없음,승용,남,39세,경상
2023071200100299,2023년 7월 12일 15시,수요일,경상북도 청도군 화양읍,경상사고,0,0,1,0,차대차 - 측면충돌,교차로운행방법위반,건조,맑음,교차로 - 교차로안,승용,남,53세,상해없음,승용,여,42세,경상
2023071200100376,2023년 7월 12일 17시,수요일,경상북도 경주시 노서동,경상사고,0,0,1,0,차대사람 - 횡단중,보행자보호의무위반,건조,맑음,단일로 - 기타,승용,남,66세,상해없음,보행자,여,28세,경상
2023071200100377,2023년 7월 12일 17시,수요일,경상북도 김천시 황금동,중상사고,0,1,0,0,차대사람 - 횡단중,보행자보호의무위반,건조,맑음,교차로 - 교차로안,승용,남,66세,상해없음,보행자,여,78세,중상
2023071200100378,2023년 7월 12일 17시,수요일,경상북도 상주시 무양동,경상사고,0,0,1,0,차대차 - 측면충돌,안전운전불이행,건조,맑음,단일로 - 지하차도(도로)내,승합,남,24세,상해없음,승용,남,54세,경상
2023071200100379,2023년 7월 12일 17시,수요일,경상북도 영주시 휴천동,경상사고,0,0,1,0,차대차 - 측면충돌,안전운전불이행,젖음/습기,흐림,단일로 - 기타,화물,남,52세,상해없음,화물,남,62세,경상
2023071200100380,2023년 7월 12일 17시,수요일,경상북도 영천시 문외동,경상사고,0,0,1,0,차대사람 - 횡단중,보행자보호의무위반,건조,맑음,교차로 - 교차로횡단보도내,승용,남,46세,상해없음,보행자,여,41세,경상
2023071200100381,2023년 7월 12일 17시,수요일,경상북도 포항시 남구 오천읍,경상사고,0,0,1,0,차대차 - 측면충돌,신호위반,건조,맑음,교차로 - 교차로부근,승용,남,34세,기타불명,승용,남,32세,경상
2023071200100429,2023년 7월 12일 18시,수요일,경상북도 구미시 오태동,경상사고,0,0,1,0,차대차 - 기타,안전운전불이행,건조,맑음,교차로 - 교차로안,승용,남,25세,상해없음,승용,남,61세,경상
2023071200100430,2023년 7월 12일 18시,수요일,경상북도 포항시 남구 오천읍,경상사고,0,0,1,0,차대차 - 측면충돌,기타,건조,맑음,교차로 - 교차로안,이륜,남,22세,경상,승용,남,22세,상해없음
2023071200100456,2023년 7월 12일 19시,수요일,경상북도 경산시 압량읍,경상사고,0,0,2,0,차대차 - 기타,안전운전불이행,건조,맑음,단일로 - 기타,승용,남,33세,상해없음,승용,남,27세,경상
2023071200100489,2023년 7월 12일 20시,수요일,경상북도 영덕군 영해면,부상신고사고,0,0,0,1,차량단독 - 도로외이탈 - 추락,안전운전불이행,건조,맑음,단일로 - 기타,이륜,남,65세,부상신고,,,,
2023071200100490,2023년 7월 12일 20시,수요일,경상북도 구미시 봉곡동,경상사고,0,0,1,0,차대차 - 기타,안전운전불이행,젖음/습기,비,교차로 - 교차로안,승용,여,45세,상해없음,이륜,남,43세,경상
2023071200100514,2023년 7월 12일 21시,수요일,경상북도 경주시 현곡면,경상사고,0,0,1,0,차대차 - 측면충돌,안전운전불이행,건조,맑음,교차로 - 교차로안,화물,남,66세,상해없음,승용,남,54세,경상
2023071200100538,2023년 7월 12일 22시,수요일,경상북도 포항시 남구 오천읍,경상사고,0,0,2,0,차대차 - 정면충돌,중앙선침범,젖음/습기,맑음,기타 - 기타,승용,여,54세,경상,승용,남,51세,경상
2023071200100557,2023년 7월 12일 23시,수요일,경상북도 경산시 계양동,경상사고,0,0,1,0,차대차 - 후진중충돌,안전운전불이행,건조,맑음,교차로 - 교차로부근,승용,남,70세,상해없음,승용,여,22세,경상
2023071300100033,2023년 7월 13일 03시,목요일,경상북도 청송군 현서면,중상사고,0,1,0,0,차량단독 - 기타,안전운전불이행,젖음/습기,흐림,단일로 - 기타,승용,여,51세,중상,,,,
2023071300100095,2023년 7월 13일 08시,목요일,경상북도 포항시 북구 장성동,중상사고,0,1,0,0,차대차 - 기타,안전운전불이행,건조,맑음,교차로 - 교차로안,승용,여,41세,상해없음,승용,남,43세,중상
2023071300100096,2023년 7월 13일 08시,목요일,경상북도 영주시 영주동,경상사고,0,0,1,0,차대차 - 측면충돌,교차로운행방법위반,건조,맑음,교차로 - 교차로안,화물,여,62세,상해없음,승용,여,43세,경상
2023071300100097,2023년 7월 13일 08시,목요일,경상북도 경산시 백천동,경상사고,0,0,1,0,차대차 - 추돌,안전운전불이행,젖음/습기,비,교차로 - 교차로부근,건설기계,남,63세,상해없음,승용,여,51세,경상
2023071300100098,2023년 7월 13일 08시,목요일,경상북도 구미시 송정동,경상사고,0,0,1,0,차대차 - 추돌,안전운전불이행,젖음/습기,비,교차로 - 교차로안,승용,여,45세,경상,승용,남,44세,상해없음
2023071300100128,2023년 7월 13일 09시,목요일,경상북도 김천시 신음동,중상사고,0,1,0,0,차대사람 - 횡단중,신호위반,건조,맑음,교차로 - 교차로안,승용,남,69세,상해없음,보행자,여,66세,중상
2023071300100129,2023년 7월 13일 09시,목요일,경상북도 칠곡군 동명면,경상사고,0,0,1,0,차대차 - 측면충돌,안전운전불이행,건조,흐림,단일로 - 기타,승용,남,68세,상해없음,승용,남,67세,경상
2023071300100147,2023년 7월 13일 10시,목요일,경상북도 김천시 봉산면,경상사고,0,0,1,0,차대차 - 측면충돌,신호위반,젖음/습기,흐림,교차로 - 교차로안,승용,여,53세,상해없음,승용,남,42세,경상
2023071300100148,2023년 7월 13일 10시,목요일,경상북도 예천군 은풍면,경상사고,0,0,1,0,차대차 - 추돌,안전운전불이행,젖음/습기,비,교차로 - 교차로안,승용,여,56세,경상,승용,남,70세,상해없음
2023071300100149,2023년 7월 13일 10시,목요일,경상북도 포항시 남구 해도동,경상사고,0,0,1,0,차대차 - 측면충돌,교차로운행방법위반,젖음/습기,비,교차로 - 교차로안,승용,남,63세,상해없음,자전거,남,61세,경상
2023071300100174,2023년 7월 13일 11시,목요일,경상북도 칠곡군 석적읍,경상사고,0,0,1,0,차대차 - 측면충돌,직진우회전진행방해,젖음/습기,비,교차로 - 교차로안,승용,남,56세,상해없음,이륜,남,19세,경상
2023071300100175,2023년 7월 13일 11시,목요일,경상북도 포항시 남구 대도동,경상사고,0,0,1,0,차대차 - 측면충돌,기타,건조,맑음,교차로 - 교차로부근,이륜,남,22세,상해없음,승용,남,61세,경상
2023071300100210,2023년 7월 13일 12시,목요일,경상북도 안동시 남후면,중상사고,0,2,0,0,차대차 - 추돌,안전운전불이행,젖음/습기,비,단일로 - 기타,화물,남,66세,중상,화물,남,41세,중상
2023071300100229,2023년 7월 13일 13시,목요일,경상북도 경주시 석장동,경상사고,0,0,1,0,차대차 - 측면충돌,안전운전불이행,건조,흐림,단일로 - 기타,승용,남,66세,상해없음,승용,남,29세,경상
2023071300100230,2023년 7월 13일 13시,목요일,경상북도 경주시 성동동,중상사고,0,1,0,1,차대차 - 측면충돌,직진우회전진행방해,젖음/습기,비,교차로 - 교차로안,화물,남,65세,중상,승용,남,57세,부상신고
2023071300100231,2023년 7월 13일 13시,목요일,경상북도 안동시 정하동,경상사고,0,0,2,0,차대차 - 기타,차로위반,젖음/습기,비,교차로 - 교차로부근,승용,남,75세,경상,승용,여,55세,경상
2023071300100232,2023년 7월 13일 13시,목요일,경상북도 상주시 중동면,중상사고,0,1,0,0,차대사람 - 차도통행중,안전운전불이행,젖음/습기,비,단일로 - 지하차도(도로)내,화물,남,75세,상해없음,보행자,여,80세,중상
2023071300100255,2023년 7월 13일 14시,목요일,경상북도 김천시 평화동,중상사고,0,1,0,0,차대사람 - 차도통행중,교차로운행방법위반,건조,맑음,교차로 - 교차로안,승용,남,26세,상해없음,보행자,남,78세,중상
2023071300100256,2023년 7월 13일 14시,목요일,경상북도 경산시 하양읍,중상사고,0,1,0,0,차대사람 - 기타,안전운전불이행,건조,맑음,교차로 - 교차로부근,승합,남,53세,상해없음,보행자,여,73세,중상
2023071300100257,2023년 7월 13일 14시,목요일,경상북도 청송군 현서면,중상사고,0,1,2,0,차대차 - 측면충돌,안전운전불이행,건조,맑음,교차로 - 교차로안,승용,여,47세,상해없음,승용,남,54세,경상
2023071300100284,2023년 7월 13일 15시,목요일,경상북도 안동시 명륜동,경상사고,0,0,1,1,차대차 - 기타,직진우회전진행방해,젖음/습기,흐림,교차로 - 교차로안,화물,남,72세,부상신고,승용,남,64세,경상
2023071300100285,2023년 7월 13일 15시,목요일,경상북도 상주시 화동면,중상사고,0,1,0,0,차량단독 - 공작물충돌,안전운전불이행,건조,맑음,단일로 - 기타,승용,여,55세,상해없음,,,,
2023071300100286,2023년 7월 13일 15시,목요일,경상북도 칠곡군 북삼읍,중상사고,0,1,0,0,차대차 - 측면충돌,안전운전불이행,건조,맑음,기타 - 기타,승용,남,57세,상해없음,농기계,남,74세,중상
2023071300100287,2023년 7월 13일 15시,목요일,경상북도 경산시 하양읍,경상사고,0,0,1,0,차대차 - 기타,안전거리미확보,건조,맑음,단일로 - 기타,승합,남,53세,상해없음,승용,남,65세,상해없음
2023071300100347,2023년 7월 13일 17시,목요일,경상북도 경주시 감포읍,중상사고,0,1,0,0,차대사람 - 횡단중,기타,건조,맑음,단일로 - 기타,승용,남,73세,상해없음,보행자,여,78세,중상
2023071300100348,2023년 7월 13일 17시,목요일,경상북도 포항시 북구 두호동,경상사고,0,0,2,0,차대차 - 기타,안전거리미확보,건조,맑음,교차로 - 교차로부근,승용,남,30세,상해없음,승합,남,52세,경상
2023071300100349,2023년 7월 13일 17시,목요일,경상북도 상주시 남성동,경상사고,0,0,1,0,차대차 - 측면충돌,교차로운행방법위반,젖음/습기,비,단일로 - 기타,이륜,남,71세,상해없음,자전거,남,83세,경상
2023071300100445,2023년 7월 13일 20시,목요일,경상북도 포항시 북구 창포동,중상사고,0,1,0,0,차대사람 - 횡단중,안전운전불이행,건조,맑음,교차로 - 교차로부근,승용,여,52세,상해없음,보행자,남,64세,중상
2023071300100446,2023년 7월 13일 20시,목요일,경상북도 포항시 북구 양덕동,경상사고,0,0,2,0,차대차 - 추돌,안전운전불이행,건조,맑음,교차로 - 교차로안,승용,남,22세,상해없음,승용,남,54세,경상
2023071300100447,2023년 7월 13일 20시,목요일,경상북도 구미시 사곡동,중상사고,0,1,0,0,차대사람 - 횡단중,보행자보호의무위반,젖음/습기,흐림,교차로 - 교차로안,승용,남,41세,상해없음,보행자,여,54세,중상
2023071300100479,2023년 7월 13일 21시,목요일,경상북도 경주시 외동읍,경상사고,0,0,1,0,차대차 - 측면충돌,안전거리미확보,건조,맑음,단일로 - 기타,승용,여,58세,상해없음,승용,여,61세,경상
2023071300100509,2023년 7월 13일 22시,목요일,경상북도 칠곡군 석적읍,경상사고,0,0,3,0,차대차 - 추돌,안전운전불이행,젖음/습기,맑음,교차로 - 교차로부근,승용,남,67세,상해없음,승용,남,43세,경상
2023071300100510,2023년 7월 13일 22시,목요일,경상북도 구미시 원평동,경상사고,0,0,2,0,차대차 - 측면충돌,안전운전불이행,건조,맑음,교차로 - 교차로안,승용,남,43세,상해없음,승용,여,52세,경상
2023071400100027,2023년 7월 14일 01시,금요일,경상북도 상주시 낙양동,중상사고,0,1,0,0,차대사람 - 기타,기타,젖음/습기,비,교차로 - 교차로부근,승용,남,48세,상해없음,보행자,남,52세,중상
2023071400100051,2023년 7월 14일 05시,금요일,경상북도 고령군 성산면,사망사고,1,0,0,0,차대사람 - 횡단중,안전운전불이행,젖음/습기,흐림,기타 - 기타,승용,남,44세,상해없음,보행자,여,79세,사망
2023071400100106,2023년 7월 14일 08시,금요일,경상북도 경주시 건천읍,경상사고,0,0,1,0,차대차 - 기타,안전운전불이행,젖음/습기,비,단일로 - 기타,화물,남,41세,상해없음,승용,남,55세,경상
2023071400100107,2023년 7월 14일 08시,금요일,경상북도 포항시 북구 환호동,중상사고,0,1,0,0,차대차 - 측면충돌,안전운전불이행,건조,맑음,교차로 - 교차로부근,승용,남,64세,상해없음,승용,여,68세,중상
2023071400100164,2023년 7월 14일 10시,금요일,경상북도 포항시 북구 용흥동,경상사고,0,0,1,0,차대차 - 측면충돌,안전운전불이행,젖음/습기,비,교차로 - 교차로부근,이륜,남,52세,기타불명,승용,남,44세,경상
2023071400100186,2023년 7월 14일 11시,금요일,경상북도 포항시 남구 대잠동,경상사고,0,0,1,0,차대차 - 측면충돌,안전운전불이행,건조,맑음,교차로 - 교차로안,승용,남,30세,상해없음,승용,여,59세,경상
2023071400100254,2023년 7월 14일 13시,금요일,경상북도 경주시 서악동,부상신고사고,0,0,0,1,차량단독 - 기타,안전운전불이행,건조,맑음,단일로 - 교량,원동기,남,81세,부상신고,,,,
2023071400100255,2023년 7월 14일 13시,금요일,경상북도 안동시 목성동,경상사고,0,0,1,0,차대차 - 기타,안전운전불이행,젖음/습기,비,교차로 - 교차로안,이륜,남,19세,경상,승용,남,60세,상해없음
2023071400100256,2023년 7월 14일 13시,금요일,경상북도 구미시 공단동,경상사고,0,0,2,0,차대차 - 측면충돌,안전운전불이행,젖음/습기,비,단일로 - 기타,승용,남,40세,경상,승용,남,34세,경상
2023071400100292,2023년 7월 14일 14시,금요일,경상북도 영주시 문정동,경상사고,0,0,3,0,차대차 - 추돌,안전운전불이행,젖음/습기,비,교차로 - 교차로부근,화물,남,51세,상해없음,승합,남,51세,경상
2023071400100293,2023년 7월 14일 14시,금요일,경상북도 고령군 대가야읍,경상사고,0,0,1,0,차대차 - 기타,안전운전불이행,젖음/습기,비,교차로 - 교차로안,승합,남,66세,상해없음,화물,남,31세,경상
2023071400100328,2023년 7월 14일 15시,금요일,경상북도 구미시 인의동,경상사고,0,0,1,0,차대차 - 기타,직진우회전진행방해,젖음/습기,흐림,교차로 - 교차로안,원동기,남,54세,경상,승용,남,60세,상해없음
2023071400100364,2023년 7월 14일 16시,금요일,경상북도 포항시 북구 흥해읍,경상사고,0,0,1,0,차대차 - 추돌,안전운전불이행,젖음/습기,비,단일로 - 기타,화물,남,49세,상해없음,승용,남,36세,경상
2023071400100365,2023년 7월 14일 16시,금요일,경상북도 상주시 개운동,경상사고,0,0,1,0,차대차 - 기타,교차로운행방법위반,젖음/습기,비,교차로 - 교차로부근,승용,여,64세,상해없음,화물,남,46세,경상
2023071400100393,2023년 7월 14일 17시,금요일,경상북도 경주시 충효동,경상사고,0,0,1,0,차대차 - 기타,안전운전불이행,젖음/습기,비,교차로 - 교차로부근,승합,남,64세,상해없음,이륜,남,44세,경상
2023071400100394,2023년 7월 14일 17시,금요일,경상북도 포항시 북구 죽도동,중상사고,0,1,0,0,차대차 - 기타,안전운전불이행,젖음/습기,비,단일로 - 기타,자전거,남,64세,중상,승합,남,40세,기타불명
2023071400100395,2023년 7월 14일 17시,금요일,경상북도 안동시 옥동,경상사고,0,0,2,0,차대차 - 추돌,안전거리미확보,젖음/습기,비,단일로 - 기타,승용,남,45세,상해없음,승용,여,48세,경상
2023071400100396,2023년 7월 14일 17시,금요일,경상북도 포항시 남구 오천읍,경상사고,0,0,2,0,차대차 - 측면충돌,직진우회전진행방해,젖음/습기,맑음,교차로 - 교차로안,화물,남,61세,경상,승용,여,59세,경상
2023071400100441,2023년 7월 14일 18시,금요일,경상북도 안동시 옥야동,경상사고,0,0,1,0,차대차 - 추돌,안전거리미확보,건조,맑음,교차로 - 교차로부근,승용,남,19세,상해없음,승용,여,33세,경상
2023071400100442,2023년 7월 14일 18시,금요일,경상북도 구미시 선기동,경상사고,0,0,1,0,차대차 - 추돌,안전운전불이행,젖음/습기,비,교차로 - 교차로안,승용,남,28세,상해없음,승용,여,57세,경상
2023071400100513,2023년 7월 14일 20시,금요일,경상북도 문경시 문경읍,경상사고,0,0,1,0,차량단독 - 기타,안전운전불이행,건조,맑음,단일로 - 기타,승합,남,63세,상해없음,,,,
2023071400100514,2023년 7월 14일 20시,금요일,경상북도 구미시 고아읍,중상사고,0,1,0,0,차대차 - 기타,안전운전불이행,건조,맑음,교차로 - 교차로안,화물,남,56세,상해없음,이륜,남,48세,중상
2023071400100541,2023년 7월 14일 21시,금요일,경상북도 안동시 운흥동,경상사고,0,0,2,0,차대차 - 측면충돌,안전운전불이행,젖음/습기,비,교차로 - 교차로부근,승용,여,24세,경상,승용,남,52세,경상
2023071400100567,2023년 7월 14일 22시,금요일,경상북도 칠곡군 북삼읍,경상사고,0,0,1,0,차대차 - 측면충돌,안전운전불이행,건조,맑음,교차로 - 교차로부근,승용,남,45세,상해없음,승용,남,38세,경상
2023071400100568,2023년 7월 14일 22시,금요일,경상북도 문경시 점촌동,중상사고,0,1,0,0,차대사람 - 횡단중,기타,젖음/습기,비,교차로 - 교차로횡단보도내,이륜,남,31세,기타불명,보행자,남,59세,중상
2023071500100007,2023년 7월 15일 00시,토요일,경상북도 포항시 북구 장성동,경상사고,0,0,3,0,차대차 - 추돌,안전운전불이행,젖음/습기,비,교차로 - 교차로부근,승용,남,50세,상해없음,승용,남,76세,경상
2023071500100008,2023년 7월 15일 00시,토요일,경상북도 포항시 북구 덕산동,경상사고,0,0,1,1,차대차 - 추돌,안전운전불이행,젖음/습기,흐림,교차로 - 교차로부근,승용,여,55세,상해없음,승용,남,60세,경상
2023071500100050,2023년 7월 15일 03시,토요일,경상북도 상주시 청리면,중상사고,0,2,3,0,차대차 - 추돌,안전운전불이행,젖음/습기,비,단일로 - 고가도로위,승용,남,23세,상해없음,승합,남,49세,경상
2023071500100051,2023년 7월 15일 03시,토요일,경상북도 구미시 공단동,부상신고사고,0,0,0,1,차대차 - 추돌,안전운전불이행,젖음/습기,비,단일로 - 기타,승용,남,31세,부상신고,승용,남,31세,상해없음
2023071500100093,2023년 7월 15일 07시,토요일,경상북도 경산시 백천동,경상사고,0,0,1,0,차대차 - 측면충돌,안전운전불이행,건조,맑음,단일로 - 기타,승용,여,58세,상해없음,화물,남,57세,경상
2023071500100094,2023년 7월 15일 07시,토요일,경상북도 구미시 신평동,중상사고,0,1,0,0,차대사람 - 횡단중,보행자보호의무위반,젖음/습기,맑음,교차로 - 교차로횡단보도내,승용,남,41세,상해없음,보행자,여,57세,중상
2023071500100106,2023년 7월 15일 08시,토요일,경상북도 포항시 남구 해도동,중상사고,0,1,0,0,차대차 - 정면충돌,직진우회전진행방해,건조,맑음,교차로 - 교차로안,승용,남,64세,기타불명,자전거,여,64세,중상
2023071500100147,2023년 7월 15일 10시,토요일,경상북도 경주시 충효동,부상신고사고,0,0,0,1,차대차 - 측면충돌,중앙선침범,건조,맑음,교차로 - 교차로부근,이륜,남,81세,부상신고,승용,여,48세,상해없음
2023071500100148,2023년 7월 15일 10시,토요일,경상북도 영천시 북안면,경상사고,0,0,1,0,차대차 - 추돌,안전거리미확보,건조,맑음,단일로 - 기타,화물,남,66세,상해없음,승용,여,53세,경상
2023071500100149,2023년 7월 15일 10시,토요일,경상북도 구미시 송정동,경상사고,0,0,1,0,차대차 - 측면충돌,직진우회전진행방해,젖음/습기,비,교차로 - 교차로안,특수,남,55세,상해없음,이륜,남,62세,경상
2023071500100214,2023년 7월 15일 12시,토요일,경상북도 구미시 고아읍,경상사고,0,0,3,0,차대차 - 측면충돌,직진우회전진행방해,건조,흐림,교차로 - 교차로안,승용,남,55세,상해없음,승용,남,31세,경상