사고번호,사고일시,요일,시군구,사고내용,사망자수,중상자수,경상자수,부상신고자수,사고유형,법규위반,노면상태,기상상태,도로형태,가해운전자 차종,가해운전자 성별,가해운전자 연령,가해운전자 상해정도,피해운전자 차종,피해운전자 성별,피해운전자 연령,피해운전자 상해정도
2023071500100215,2023년 7월 15일 12시,토요일,경상북도 포항시 남구 대잠동,경상사고,0,0,3,0,차대차 - 기타,기타,건조,맑음,교차로 - 교차로부근,승용,남,43세,경상,승용,남,54세,경상
2023071500100245,2023년 7월 15일 13시,토요일,경상북도 김천시 성내동,중상사고,0,1,0,0,차대사람 - 횡단중,보행자보호의무위반,젖음/습기,비,교차로 - 교차로횡단보도내,승용,남,76세,상해없음,보행자,여,62세,중상
2023071500100278,2023년 7월 15일 14시,토요일,경상북도 칠곡군 석적읍,경상사고,0,0,1,0,차대차 - 측면충돌,직진우회전진행방해,젖음/습기,비,교차로 - 교차로안,승용,남,49세,상해없음,승용,남,37세,경상
2023071500100310,2023년 7월 15일 15시,토요일,경상북도 포항시 북구 죽도동,중상사고,0,1,1,0,차대차 - 측면충돌,교차로운행방법위반,기타,맑음,단일로 - 기타,승용,남,38세,상해없음,이륜,남,19세,중상
2023071500100401,2023년 7월 15일 18시,토요일,경상북도 구미시 송정동,경상사고,0,0,2,0,차대차 - 추돌,안전운전불이행,젖음/습기,비,교차로 - 교차로부근,승용,여,68세,상해없음,승용,남,44세,경상
2023071500100424,2023년 7월 15일 19시,토요일,경상북도 포항시 북구 죽도동,경상사고,0,0,1,0,차대사람 - 기타,안전운전불이행,젖음/습기,흐림,단일로 - 기타,승용,남,57세,상해없음,보행자,여,41세,경상
2023071500100457,2023년 7월 15일 20시,토요일,경상북도 김천시 아포읍,경상사고,0,0,1,0,차량단독 - 공작물충돌,안전운전불이행,젖음/습기,비,단일로 - 기타,화물,남,65세,경상,,,,
2023071500100509,2023년 7월 15일 22시,토요일,경상북도 영천시 문외동,경상사고,0,0,1,0,차대차 - 정면충돌,안전운전불이행,젖음/습기,비,단일로 - 기타,승용,남,57세,상해없음,승합,남,64세,경상
2023071500100510,2023년 7월 15일 22시,토요일,경상북도 문경시 윤직동,중상사고,0,1,0,0,차대차 - 기타,신호위반,침수,비,교차로 - 교차로안,이륜,남,35세,중상,승용,남,30세,상해없음
2023071600100007,2023년 7월 16일 00시,일요일,경상북도 구미시 인의동,경상사고,0,0,1,0,차대사람 - 기타,안전운전불이행,젖음/습기,비,단일로 - 기타,이륜,여,28세,상해없음,보행자,남,25세,경상
2023071600100020,2023년 7월 16일 01시,일요일,경상북도 안동시 안기동,중상사고,0,2,0,0,차대사람 - 횡단중,신호위반,건조,맑음,단일로 - 기타,승용,남,69세,상해없음,보행자,남,63세,중상
2023071600100046,2023년 7월 16일 04시,일요일,경상북도 포항시 남구 대잠동,사망사고,1,1,0,0,차대사람 - 횡단중,안전운전불이행,젖음/습기,흐림,단일로 - 기타,승용,여,52세,상해없음,보행자,남,80세,중상
2023071600100052,2023년 7월 16일 05시,일요일,경상북도 포항시 북구 용흥동,중상사고,0,1,0,0,차대사람 - 횡단중,기타,건조,맑음,교차로 - 교차로안,승용,남,69세,상해없음,보행자,여,74세,중상
2023071600100069,2023년 7월 16일 07시,일요일,경상북도 구미시 공단동,경상사고,0,0,2,0,차대차 - 측면충돌,기타,건조,맑음,교차로 - 교차로안,승용,남,26세,상해없음,승용,여,35세,경상
2023071600100118,2023년 7월 16일 11시,일요일,경상북도 포항시 북구 청하면,경상사고,0,0,2,2,차대차 - 측면충돌,교차로운행방법위반,젖음/습기,비,교차로 - 교차로안,화물,남,52세,부상신고,승용,남,68세,경상
2023071600100119,2023년 7월 16일 11시,일요일,경상북도 칠곡군 석적읍,경상사고,0,0,7,0,차대차 - 측면충돌,신호위반,건조,맑음,교차로 - 교차로안,승용,남,39세,경상,승용,남,39세,경상
2023071600100167,2023년 7월 16일 13시,일요일,경상북도 포항시 남구 청림동,중상사고,0,1,2,0,차대차 - 측면충돌,중앙선침범,젖음/습기,흐림,단일로 - 기타,승용,남,59세,중상,승용,남,67세,경상
2023071600100192,2023년 7월 16일 14시,일요일,경상북도 안동시 용상동,경상사고,0,0,1,0,차대차 - 기타,안전운전불이행,건조,맑음,기타 - 기타,승용,남,63세,상해없음,자전거,여,60세,경상
2023071600100216,2023년 7월 16일 15시,일요일,경상북도 경주시 광명동,경상사고,0,0,2,0,차대차 - 측면충돌,안전운전불이행,젖음/습기,비,교차로 - 교차로안,승용,여,27세,상해없음,화물,남,47세,경상
2023071600100233,2023년 7월 16일 16시,일요일,경상북도 경산시 하양읍,경상사고,0,0,1,0,차대차 - 기타,안전운전불이행,젖음/습기,맑음,교차로 - 교차로안,승용,남,54세,상해없음,승용,남,31세,경상
2023071600100234,2023년 7월 16일 16시,일요일,경상북도 경산시 진량읍,중상사고,0,1,0,0,차량단독 - 기타,안전운전불이행,젖음/습기,비,단일로 - 기타,이륜,남,50세,중상,,,,
2023071600100268,2023년 7월 16일 18시,일요일,경상북도 포항시 북구 기계면,경상사고,0,0,1,0,차대차 - 측면충돌,안전운전불이행,건조,맑음,교차로 - 교차로안,화물,남,65세,상해없음,승용,남,66세,경상
2023071600100269,2023년 7월 16일 18시,일요일,경상북도 영주시 조암동,중상사고,0,2,2,0,차대차 - 추돌,안전운전불이행,건조,맑음,단일로 - 교량,승용,남,26세,상해없음,승용,남,19세,경상
2023071600100327,2023년 7월 16일 21시,일요일,경상북도 울진군 온정면,중상사고,0,1,0,0,차대차 - 정면충돌,안전운전불이행,젖음/습기,비,단일로 - 기타,화물,남,65세,중상,농기계,남,70세,기타불명
2023071600100358,2023년 7월 16일 23시,일요일,경상북도 구미시 시미동,중상사고,0,1,0,0,차대차 - 기타,신호위반,건조,맑음,교차로 - 교차로안,승용,남,29세,상해없음,승용,남,60세,중상
2023071700100033,2023년 7월 17일 04시,월요일,경상북도 경주시 외동읍,중상사고,0,3,2,0,차대차 - 정면충돌,신호위반,건조,맑음,교차로 - 교차로안,승용,남,27세,중상,승용,남,44세,중상
2023071700100045,2023년 7월 17일 06시,월요일,경상북도 구미시 고아읍,경상사고,0,0,1,0,차량단독 - 공작물충돌,안전운전불이행,젖음/습기,맑음,교차로 - 교차로부근,승용,여,54세,경상,,,,
2023071700100069,2023년 7월 17일 07시,월요일,경상북도 경주시 감포읍,경상사고,0,0,1,0,차대차 - 측면충돌,중앙선침범,건조,맑음,교차로 - 교차로부근,승용,남,66세,상해없음,승용,남,46세,경상
2023071700100070,2023년 7월 17일 07시,월요일,경상북도 상주시 함창읍,경상사고,0,0,1,0,차량단독 - 도로외이탈 - 기타,안전운전불이행,건조,맑음,단일로 - 기타,화물,남,59세,경상,,,,
2023071700100071,2023년 7월 17일 07시,월요일,경상북도 영천시 도동,경상사고,0,0,2,0,차대차 - 기타,안전운전불이행,건조,맑음,교차로 - 교차로부근,승용,남,32세,경상,화물,남,77세,경상
2023071700100113,2023년 7월 17일 08시,월요일,경상북도 경주시 천북면,중상사고,0,1,0,0,차대차 - 측면충돌,교차로운행방법위반,건조,맑음,교차로 - 교차로안,승용,남,58세,상해없음,이륜,남,78세,중상
2023071700100155,2023년 7월 17일 09시,월요일,경상북도 청도군 화양읍,경상사고,0,0,4,0,차대차 - 측면충돌,차로위반,젖음/습기,비,단일로 - 기타,화물,남,70세,상해없음,승용,남,31세,경상
2023071700100189,2023년 7월 17일 10시,월요일,경상북도 경주시 황성동,중상사고,0,1,2,0,차대차 - 추돌,안전거리미확보,건조,맑음,교차로 - 교차로부근,화물,남,37세,상해없음,승용,남,27세,경상
2023071700100190,2023년 7월 17일 10시,월요일,경상북도 안동시 법흥동,경상사고,0,0,1,0,차대차 - 기타,안전운전불이행,건조,맑음,교차로 - 교차로횡단보도내,자전거,남,85세,경상,승용,남,65세,상해없음
2023071700100212,2023년 7월 17일 11시,월요일,경상북도 상주시 성동동,중상사고,0,1,0,0,차대차 - 기타,교차로운행방법위반,건조,맑음,교차로 - 교차로안,화물,남,63세,상해없음,자전거,남,73세,중상
2023071700100213,2023년 7월 17일 11시,월요일,경상북도 예천군 예천읍,중상사고,0,1,0,0,차대사람 - 길가장자리구역통행중,안전운전불이행,건조,맑음,주차장 - 주차장,승합,여,65세,상해없음,보행자,남,63세,중상
2023071700100240,2023년 7월 17일 12시,월요일,경상북도 포항시 북구 죽도동,경상사고,0,0,1,0,차대차 - 측면충돌,안전운전불이행,건조,맑음,교차로 - 교차로부근,승용,남,56세,상해없음,이륜,남,22세,경상
2023071700100241,2023년 7월 17일 12시,월요일,경상북도 안동시 풍천면,경상사고,0,0,2,0,차대차 - 기타,직진우회전진행방해,건조,맑음,교차로 - 교차로안,승용,남,31세,경상,승용,여,29세,경상
2023071700100242,2023년 7월 17일 12시,월요일,경상북도 경산시 중방동,경상사고,0,0,1,0,차대차 - 측면충돌,안전운전불이행,건조,맑음,단일로 - 기타,승용,여,73세,상해없음,승합,남,47세,경상
2023071700100243,2023년 7월 17일 12시,월요일,경상북도 구미시 옥계동,경상사고,0,0,2,0,차대차 - 추돌,안전운전불이행,건조,맑음,교차로 - 교차로부근,이륜,남,37세,상해없음,승용,남,27세,경상
2023071700100244,2023년 7월 17일 12시,월요일,경상북도 구미시 봉곡동,경상사고,0,0,1,0,차대차 - 측면충돌,안전운전불이행,건조,맑음,교차로 - 교차로안,승용,남,53세,상해없음,승용,여,51세,경상
2023071700100272,2023년 7월 17일 13시,월요일,경상북도 상주시 낙양동,중상사고,0,1,0,0,차대사람 - 차도통행중,안전운전불이행,건조,맑음,단일로 - 기타,승용,여,52세,상해없음,보행자,여,13세,중상
2023071700100273,2023년 7월 17일 13시,월요일,경상북도 칠곡군 왜관읍,중상사고,0,1,0,0,차대차 - 측면충돌,안전운전불이행,건조,맑음,교차로 - 교차로안,승용,여,49세,상해없음,자전거,남,26세,중상
2023071700100309,2023년 7월 17일 14시,월요일,경상북도 의성군 의성읍,경상사고,0,0,1,0,차대차 - 측면충돌,신호위반,건조,맑음,교차로 - 교차로안,이륜,남,52세,경상,화물,남,76세,상해없음
2023071700100343,2023년 7월 17일 15시,월요일,경상북도 칠곡군 왜관읍,경상사고,0,0,1,0,차대사람 - 기타,안전운전불이행,건조,맑음,단일로 - 기타,승용,여,28세,상해없음,보행자,여,48세,경상
2023071700100344,2023년 7월 17일 15시,월요일,경상북도 경산시 중방동,경상사고,0,0,1,0,차대차 - 정면충돌,안전운전불이행,건조,맑음,교차로 - 교차로안,승용,여,20세,상해없음,이륜,남,24세,경상
2023071700100373,2023년 7월 17일 16시,월요일,경상북도 의성군 비안면,경상사고,0,0,1,0,차량단독 - 공작물충돌,안전운전불이행,젖음/습기,비,단일로 - 기타,승용,여,48세,경상,,,,
2023071700100374,2023년 7월 17일 16시,월요일,경상북도 포항시 남구 송내동,경상사고,0,0,2,0,차대차 - 측면충돌,직진우회전진행방해,건조,맑음,교차로 - 교차로안,승용,남,64세,상해없음,승용,남,68세,경상
2023071700100453,2023년 7월 17일 18시,월요일,경상북도 안동시 임하면,중상사고,0,1,0,0,차대차 - 추돌,안전운전불이행,젖음/습기,맑음,단일로 - 기타,화물,남,50세,중상,화물,남,41세,상해없음
2023071700100454,2023년 7월 17일 18시,월요일,경상북도 영천시 대전동,경상사고,0,0,1,0,차대차 - 기타,안전운전불이행,건조,맑음,단일로 - 기타,화물,남,49세,상해없음,승용,여,73세,경상
2023071700100455,2023년 7월 17일 18시,월요일,경상북도 포항시 남구 효자동,경상사고,0,0,1,0,차대차 - 측면충돌,신호위반,건조,맑음,교차로 - 교차로횡단보도내,승용,여,41세,상해없음,개인형이동수단(PM),남,31세,경상
2023071700100456,2023년 7월 17일 18시,월요일,경상북도 포항시 남구 이동,경상사고,0,0,1,0,차대차 - 추돌,안전운전불이행,건조,맑음,교차로 - 교차로부근,화물,남,59세,상해없음,승용,여,43세,경상
2023071700100488,2023년 7월 17일 19시,월요일,경상북도 포항시 남구 오천읍,부상신고사고,0,0,0,3,차대차 - 후진중충돌,안전운전불이행,건조,흐림,단일로 - 기타,특수,남,68세,상해없음,승용,여,40세,부상신고
2023071700100511,2023년 7월 17일 20시,월요일,경상북도 안동시 옥동,중상사고,0,1,0,0,차대사람 - 기타,안전운전불이행,젖음/습기,비,교차로 - 교차로안,승용,여,77세,상해없음,보행자,남,77세,중상
2023071700100533,2023년 7월 17일 21시,월요일,경상북도 경산시 하양읍,경상사고,0,0,1,0,차대차 - 측면충돌,안전운전불이행,건조,맑음,교차로 - 교차로횡단보도내,승용,여,24세,상해없음,승용,여,23세,경상
2023071700100534,2023년 7월 17일 21시,월요일,경상북도 구미시 봉곡동,경상사고,0,0,1,0,차대사람 - 보도통행중,보행자보호의무위반,젖음/습기,비,교차로 - 교차로횡단보도내,승용,여,49세,상해없음,보행자,여,27세,경상
2023071700100555,2023년 7월 17일 22시,월요일,경상북도 포항시 북구 학산동,경상사고,0,0,1,0,차대차 - 측면충돌,안전운전불이행,젖음/습기,비,단일로 - 기타,승용,남,54세,상해없음,승용,남,27세,경상
2023071700100556,2023년 7월 17일 22시,월요일,경상북도 청도군 금천면,중상사고,0,1,0,0,차량단독 - 공작물충돌,안전운전불이행,건조,맑음,단일로 - 기타,승용,여,49세,상해없음,,,,
2023071700100557,2023년 7월 17일 22시,월요일,경상북도 구미시 봉곡동,경상사고,0,0,1,0,차대차 - 기타,중앙선침범,젖음/습기,비,단일로 - 기타,승용,남,54세,상해없음,승용,남,49세,경상
2023071800100012,2023년 7월 18일 00시,화요일,경상북도 포항시 북구 우현동,경상사고,0,0,1,0,차대차 - 기타,안전운전불이행,건조,맑음,단일로 - 기타,승용,여,60세,상해없음,승용,남,59세,상해없음
2023071800100025,2023년 7월 18일 02시,화요일,경상북도 구미시 옥계동,경상사고,0,0,1,1,차대차 - 기타,안전운전불이행,젖음/습기,비,단일로 - 기타,이륜,남,23세,부상신고,승용,남,43세,경상
2023071800100031,2023년 7월 18일 03시,화요일,경상북도 구미시 황상동,경상사고,0,0,1,0,차대사람 - 기타,안전운전불이행,건조,흐림,교차로 - 교차로횡단보도내,승용,남,24세,상해없음,보행자,남,29세,경상
2023071800100063,2023년 7월 18일 07시,화요일,경상북도 경산시 와촌면,중상사고,0,1,0,0,차대사람 - 기타,안전운전불이행,젖음/습기,흐림,기타 - 기타,자전거,여,51세,상해없음,보행자,여,90세,중상
2023071800100095,2023년 7월 18일 08시,화요일,경상북도 포항시 북구 대신동,경상사고,0,0,1,0,차대차 - 측면충돌,신호위반,건조,맑음,교차로 - 교차로안,승용,여,60세,상해없음,승용,여,56세,경상
2023071800100096,2023년 7월 18일 08시,화요일,경상북도 안동시 일직면,경상사고,0,0,1,0,차량단독 - 공작물충돌,안전운전불이행,젖음/습기,비,단일로 - 기타,승용,남,51세,경상,,,,
2023071800100135,2023년 7월 18일 09시,화요일,경상북도 포항시 북구 죽도동,경상사고,0,0,2,0,차대차 - 측면충돌,안전운전불이행,젖음/습기,흐림,교차로 - 교차로안,자전거,여,56세,경상,이륜,여,27세,경상
2023071800100189,2023년 7월 18일 11시,화요일,경상북도 포항시 북구 두호동,경상사고,0,0,1,1,차대차 - 측면충돌,교차로운행방법위반,건조,맑음,교차로 - 교차로안,승용,남,31세,경상,승용,여,54세,부상신고
2023071800100190,2023년 7월 18일 11시,화요일,경상북도 문경시 모전동,경상사고,0,0,1,0,차대차 - 기타,신호위반,젖음/습기,비,교차로 - 교차로안,화물,남,54세,상해없음,승용,여,63세,경상
2023071800100191,2023년 7월 18일 11시,화요일,경상북도 고령군 대가야읍,경상사고,0,0,1,0,차대사람 - 기타,안전운전불이행,젖음/습기,비,기타 - 기타,화물,남,56세,상해없음,보행자,남,45세,경상
2023071800100192,2023년 7월 18일 11시,화요일,경상북도 구미시 지산동,경상사고,0,0,1,0,차대차 - 추돌,안전운전불이행,젖음/습기,비,단일로 - 기타,승용,여,52세,상해없음,화물,남,40세,경상
2023071800100250,2023년 7월 18일 13시,화요일,경상북도 경주시 충효동,중상사고,0,1,0,0,차대차 - 측면충돌,안전운전불이행,젖음/습기,비,교차로 - 교차로안,승용,남,70세,상해없음,이륜,남,17세,중상
2023071800100251,2023년 7월 18일 13시,화요일,경상북도 포항시 북구 송라면,경상사고,0,0,3,0,차대차 - 기타,신호위반,젖음/습기,비,교차로 - 교차로안,승용,남,55세,상해없음,승용,여,57세,경상
2023071800100252,2023년 7월 18일 13시,화요일,경상북도 포항시 남구 연일읍,경상사고,0,0,1,0,차대차 - 측면충돌,차로위반,젖음/습기,비,단일로 - 교량,승용,여,30세,상해없음,승용,여,60세,경상
2023071800100284,2023년 7월 18일 14시,화요일,경상북도 봉화군 상운면,경상사고,0,0,2,0,차대차 - 기타,안전운전불이행,젖음/습기,비,교차로 - 교차로부근,화물,남,60세,상해없음,승용,여,39세,경상
2023071800100285,2023년 7월 18일 14시,화요일,경상북도 포항시 남구 대잠동,중상사고,0,1,1,0,차대차 - 정면충돌,교차로운행방법위반,젖음/습기,비,교차로 - 교차로부근,승용,여,22세,기타불명,화물,남,34세,중상
2023071800100286,2023년 7월 18일 14시,화요일,경상북도 구미시 원평동,중상사고,0,1,0,0,차대차 - 정면충돌,안전운전불이행,젖음/습기,비,단일로 - 기타,화물,남,61세,상해없음,승용,남,44세,중상
2023071800100287,2023년 7월 18일 14시,화요일,경상북도 영천시 화남면,중상사고,0,1,0,0,차대차 - 기타,안전운전불이행,젖음/습기,비,단일로 - 기타,승용,남,62세,상해없음,화물,남,57세,중상
2023071800100317,2023년 7월 18일 15시,화요일,경상북도 경주시 석장동,경상사고,0,0,1,0,차대차 - 측면충돌,안전운전불이행,젖음/습기,비,단일로 - 기타,승용,여,57세,상해없음,승합,남,67세,경상
2023071800100318,2023년 7월 18일 15시,화요일,경상북도 영천시 야사동,경상사고,0,0,1,0,차대차 - 추돌,안전운전불이행,젖음/습기,비,교차로 - 교차로부근,승용,여,56세,기타불명,화물,남,40세,경상
2023071800100319,2023년 7월 18일 15시,화요일,경상북도 구미시 공단동,경상사고,0,0,1,0,차대차 - 기타,안전운전불이행,젖음/습기,맑음,기타 - 기타,화물,남,66세,상해없음,승용,남,48세,경상
2023071800100320,2023년 7월 18일 15시,화요일,경상북도 포항시 남구 이동,경상사고,0,0,1,0,차대차 - 측면충돌,직진우회전진행방해,젖음/습기,비,교차로 - 교차로안,승용,여,62세,상해없음,승용,여,47세,경상
2023071800100351,2023년 7월 18일 16시,화요일,경상북도 상주시 공성면,중상사고,0,1,1,0,차량단독 - 공작물충돌,안전운전불이행,젖음/습기,비,단일로 - 교량,승용,남,82세,경상,,,,
2023071800100386,2023년 7월 18일 17시,화요일,경상북도 경주시 보문동,경상사고,0,0,1,0,차대차 - 측면충돌,안전운전불이행,젖음/습기,비,단일로 - 기타,승용,남,59세,상해없음,승용,남,41세,경상
2023071800100427,2023년 7월 18일 18시,화요일,경상북도 경주시 건천읍,경상사고,0,0,1,0,차량단독 - 도로외이탈 - 추락,안전운전불이행,젖음/습기,비,교차로 - 교차로부근,이륜,남,60세,경상,,,,
2023071800100428,2023년 7월 18일 18시,화요일,경상북도 포항시 북구 용흥동,경상사고,0,0,1,0,차대차 - 기타,신호위반,젖음/습기,맑음,단일로 - 기타,승용,남,49세,상해없음,승용,남,60세,경상
2023071800100429,2023년 7월 18일 18시,화요일,경상북도 구미시 원평동,경상사고,0,0,1,0,차대차 - 측면충돌,직진우회전진행방해,젖음/습기,비,교차로 - 교차로안,화물,여,33세,상해없음,승용,여,52세,경상
2023071800100459,2023년 7월 18일 19시,화요일,경상북도 경주시 내남면,경상사고,0,0,1,0,차대차 - 기타,안전운전불이행,젖음/습기,비,교차로 - 교차로부근,승용,남,22세,상해없음,화물,남,43세,경상
2023071800100460,2023년 7월 18일 19시,화요일,경상북도 경산시 진량읍,중상사고,0,1,0,0,차대차 - 기타,안전운전불이행,젖음/습기,맑음,교차로 - 교차로부근,승용,여,25세,상해없음,이륜,남,48세,중상
2023071800100506,2023년 7월 18일 21시,화요일,경상북도 경주시 석장동,경상사고,0,0,1,0,차량단독 - 기타,안전운전불이행,젖음/습기,비,단일로 - 기타,승용,남,72세,상해없음,,,,
2023071800100507,2023년 7월 18일 21시,화요일,경상북도 김천시 농소면,경상사고,0,0,1,0,차대차 - 추돌,안전거리미확보,젖음/습기,흐림,단일로 - 지하차도(도로)내,화물,남,37세,상해없음,승용,남,34세,경상
2023071800100508,2023년 7월 18일 21시,화요일,경상북도 구미시 인의동,경상사고,0,0,1,0,차대사람 - 횡단중,보행자보호의무위반,젖음/습기,비,교차로 - 교차로부근,이륜,남,41세,상해없음,보행자,남,24세,경상
2023071800100537,2023년 7월 18일 22시,화요일,경상북도 영주시 가흥동,경상사고,0,0,1,0,차대사람 - 기타,안전운전불이행,건조,맑음,단일로 - 기타,승용,남,63세,상해없음,보행자,남,38세,경상
2023071800100538,2023년 7월 18일 22시,화요일,경상북도 포항시 남구 오천읍,중상사고,0,1,0,0,차대사람 - 횡단중,안전운전불이행,젖음/습기,비,교차로 - 교차로안,승용,남,56세,상해없음,보행자,남,62세,중상
2023071800100554,2023년 7월 18일 23시,화요일,경상북도 경주시 천군동,중상사고,0,1,1,0,차량단독 - 공작물충돌,중앙선침범,젖음/습기,비,단일로 - 기타,승용,남,19세,경상,,,,
2023071900100007,2023년 7월 19일 00시,수요일,경상북도 문경시 마성면,경상사고,0,0,1,0,차량단독 - 기타,안전운전불이행,건조,흐림,단일로 - 기타,승용,남,41세,경상,,,,
2023071900100014,2023년 7월 19일 01시,수요일,경상북도 구미시 구포동,경상사고,0,0,3,0,차대차 - 추돌,안전운전불이행,젖음/습기,흐림,교차로 - 교차로부근,화물,남,40세,상해없음,승용,남,35세,경상
2023071900100048,2023년 7월 19일 06시,수요일,경상북도 경주시 용강동,중상사고,0,1,1,0,차대차 - 측면충돌,안전운전불이행,건조,맑음,교차로 - 교차로안,승용,여,58세,경상,승용,남,72세,중상
2023071900100111,2023년 7월 19일 08시,수요일,경상북도 포항시 북구 장성동,경상사고,0,0,1,0,차대차 - 추돌,안전거리미확보,건조,맑음,교차로 - 교차로부근,승용,남,50세,상해없음,승용,여,50세,경상
2023071900100112,2023년 7월 19일 08시,수요일,경상북도 상주시 남성동,경상사고,0,0,1,0,차대차 - 측면충돌,안전운전불이행,건조,맑음,교차로 - 교차로안,화물,남,66세,상해없음,자전거,여,17세,경상
2023071900100142,2023년 7월 19일 09시,수요일,경상북도 안동시 옥동,경상사고,0,0,1,0,차대차 - 측면충돌,안전거리미확보,건조,맑음,단일로 - 기타,승용,남,63세,상해없음,승용,남,37세,경상
2023071900100143,2023년 7월 19일 09시,수요일,경상북도 영주시 휴천동,경상사고,0,0,1,0,차대차 - 측면충돌,안전운전불이행,건조,맑음,교차로 - 교차로부근,승용,남,52세,상해없음,승용,남,52세,경상
2023071900100190,2023년 7월 19일 10시,수요일,경상북도 경산시 중산동,중상사고,0,1,0,0,차대차 - 기타,안전운전불이행,건조,맑음,단일로 - 기타,이륜,남,26세,중상,승용,남,43세,상해없음
2023071900100191,2023년 7월 19일 10시,수요일,경상북도 청도군 금천면,경상사고,0,0,1,0,차대차 - 측면충돌,교차로운행방법위반,건조,맑음,교차로 - 교차로안,승용,남,76세,상해없음,화물,남,67세,경상
2023071900100228,2023년 7월 19일 11시,수요일,경상북도 포항시 북구 남빈동,경상사고,0,0,1,0,차대사람 - 횡단중,중앙선침범,건조,맑음,단일로 - 기타,화물,남,66세,상해없음,보행자,여,67세,경상
2023071900100260,2023년 7월 19일 12시,수요일,경상북도 경주시 황남동,중상사고,0,1,0,0,차대사람 - 횡단중,안전운전불이행,건조,맑음,교차로 - 교차로안,승용,남,49세,상해없음,보행자,남,34세,중상
2023071900100262,2023년 7월 19일 12시,수요일,경상북도 영주시 휴천동,중상사고,0,1,0,0,차대차 - 측면충돌,안전운전불이행,건조,맑음,교차로 - 교차로안,이륜,남,38세,중상,승용,남,64세,상해없음
2023071900100263,2023년 7월 19일 12시,수요일,경상북도 성주군 성주읍,사망사고,1,1,0,0,차대차 - 기타,안전운전불이행,건조,맑음,교차로 - 교차로안,화물,남,71세,상해없음,이륜,남,86세,사망
2023071900100264,2023년 7월 19일 12시,수요일,경상북도 고령군 다산면,중상사고,0,1,1,0,차대차 - 기타,안전운전불이행,건조,맑음,교차로 - 교차로부근,자전거,여,61세,중상,승용,남,30세,경상
2023071900100301,2023년 7월 19일 13시,수요일,경상북도 김천시 덕곡동,중상사고,0,1,0,0,차대사람 - 횡단중,안전운전불이행,건조,맑음,교차로 - 교차로안,승용,남,58세,상해없음,보행자,여,66세,중상
2023071900100328,2023년 7월 19일 14시,수요일,경상북도 포항시 북구 흥해읍,경상사고,0,0,1,0,차대차 - 후진중충돌,안전운전불이행,건조,맑음,교차로 - 교차로안,승용,남,74세,상해없음,승합,남,53세,경상
2023071900100329,2023년 7월 19일 14시,수요일,경상북도 포항시 남구 송내동,중상사고,0,1,1,2,차대차 - 측면충돌,직진우회전진행방해,건조,맑음,교차로 - 교차로안,승용,남,44세,부상신고,승용,여,33세,경상
2023071900100363,2023년 7월 19일 15시,수요일,경상북도 포항시 북구 송라면,사망사고,1,2,0,0,차대차 - 정면충돌,안전운전불이행,건조,맑음,교차로 - 교차로안,특수,남,57세,기타불명,승용,남,41세,중상
2023071900100364,2023년 7월 19일 15시,수요일,경상북도 포항시 북구 창포동,중상사고,0,1,0,0,차대사람 - 기타,기타,건조,맑음,기타 - 기타,자전거,남,16세,상해없음,보행자,여,62세,중상
2023071900100365,2023년 7월 19일 15시,수요일,경상북도 구미시 공단동,경상사고,0,0,1,0,차대차 - 측면충돌,안전거리미확보,건조,맑음,교차로 - 교차로부근,승용,여,44세,상해없음,이륜,남,43세,경상
2023071900100405,2023년 7월 19일 16시,수요일,경상북도 김천시 부곡동,중상사고,0,1,0,0,차대차 - 측면충돌,직진우회전진행방해,건조,맑음,교차로 - 교차로안,승용,남,62세,상해없음,자전거,남,81세,중상
2023071900100406,2023년 7월 19일 16시,수요일,경상북도 포항시 남구 연일읍,경상사고,0,0,2,0,차대차 - 측면충돌,직진우회전진행방해,건조,맑음,교차로 - 교차로안,승용,여,24세,경상,승용,남,64세,경상
2023071900100450,2023년 7월 19일 17시,수요일,경상북도 김천시 삼락동,경상사고,0,0,2,0,차대차 - 추돌,안전운전불이행,건조,맑음,교차로 - 교차로안,승용,여,66세,경상,승용,남,22세,경상
2023071900100451,2023년 7월 19일 17시,수요일,경상북도 영천시 망정동,경상사고,0,0,1,0,차대사람 - 차도통행중,안전운전불이행,건조,맑음,교차로 - 교차로안,승용,여,35세,상해없음,보행자,여,78세,경상
2023071900100501,2023년 7월 19일 18시,수요일,경상북도 경주시 황성동,중상사고,0,1,0,0,차대차 - 기타,안전운전불이행,건조,맑음,단일로 - 기타,자전거,남,11세,상해없음,자전거,남,29세,중상
2023071900100502,2023년 7월 19일 18시,수요일,경상북도 영천시 고경면,중상사고,0,2,0,0,차대차 - 기타,중앙선침범,건조,맑음,교차로 - 교차로부근,승용,여,65세,중상,승용,여,31세,중상
2023071900100532,2023년 7월 19일 19시,수요일,경상북도 경주시 강동면,부상신고사고,0,0,0,1,차량단독 - 전도전복 - 전도,안전운전불이행,건조,맑음,교차로 - 교차로부근,이륜,남,44세,부상신고,,,,
2023071900100533,2023년 7월 19일 19시,수요일,경상북도 경주시 사정동,경상사고,0,0,1,0,차대차 - 추돌,안전운전불이행,건조,맑음,단일로 - 기타,승용,남,31세,상해없음,이륜,남,27세,경상