사고번호,사고일시,요일,시군구,사고내용,사망자수,중상자수,경상자수,부상신고자수,사고유형,법규위반,노면상태,기상상태,도로형태,가해운전자 차종,가해운전자 성별,가해운전자 연령,가해운전자 상해정도,피해운전자 차종,피해운전자 성별,피해운전자 연령,피해운전자 상해정도
2023071900100534,2023년 7월 19일 19시,수요일,경상북도 경산시 진량읍,경상사고,0,0,1,0,차대차 - 측면충돌,직진우회전진행방해,건조,맑음,교차로 - 교차로안,화물,남,63세,경상,승용,남,70세,상해없음
2023071900100557,2023년 7월 19일 20시,수요일,경상북도 영천시 야사동,경상사고,0,0,1,0,차대사람 - 기타,안전운전불이행,건조,맑음,단일로 - 기타,화물,남,67세,상해없음,보행자,여,17세,경상
2023071900100558,2023년 7월 19일 20시,수요일,경상북도 영덕군 영덕읍,경상사고,0,0,2,0,차대차 - 측면충돌,교차로운행방법위반,건조,맑음,교차로 - 교차로안,승용,여,40세,경상,승용,여,37세,경상
2023071900100559,2023년 7월 19일 20시,수요일,경상북도 구미시 도량동,중상사고,0,1,0,0,차대차 - 기타,직진우회전진행방해,건조,맑음,교차로 - 교차로안,승용,여,41세,상해없음,이륜,남,46세,중상
2023071900100585,2023년 7월 19일 21시,수요일,경상북도 경주시 천북면,중상사고,0,1,0,0,차대차 - 측면충돌,안전운전불이행,건조,맑음,단일로 - 기타,화물,남,49세,상해없음,이륜,남,32세,중상
2023072000100010,2023년 7월 20일 00시,목요일,경상북도 경주시 강동면,경상사고,0,0,1,0,차대차 - 추돌,안전운전불이행,건조,맑음,단일로 - 기타,승용,여,52세,상해없음,개인형이동수단(PM),남,55세,경상
2023072000100045,2023년 7월 20일 05시,목요일,경상북도 청도군 금천면,사망사고,1,0,0,0,차량단독 - 기타,안전운전불이행,건조,맑음,단일로 - 기타,자전거,여,65세,사망,,,,
2023072000100070,2023년 7월 20일 07시,목요일,경상북도 포항시 남구 효자동,경상사고,0,0,1,0,차대차 - 정면충돌,직진우회전진행방해,건조,맑음,교차로 - 교차로안,승용,남,58세,기타불명,원동기,남,53세,경상
2023072000100099,2023년 7월 20일 08시,목요일,경상북도 구미시 진평동,경상사고,0,0,1,0,차대사람 - 길가장자리구역통행중,안전운전불이행,건조,맑음,단일로 - 기타,승용,남,67세,기타불명,보행자,여,26세,경상
2023072000100133,2023년 7월 20일 09시,목요일,경상북도 성주군 선남면,경상사고,0,0,1,0,차대차 - 추돌,안전운전불이행,건조,맑음,단일로 - 기타,건설기계,남,75세,상해없음,승용,남,38세,경상
2023072000100135,2023년 7월 20일 09시,목요일,경상북도 칠곡군 동명면,경상사고,0,0,4,1,차대차 - 추돌,안전운전불이행,건조,맑음,단일로 - 기타,승용,남,44세,상해없음,승용,남,59세,경상
2023072000100168,2023년 7월 20일 10시,목요일,경상북도 안동시 풍산읍,경상사고,0,0,1,0,차대차 - 기타,안전운전불이행,건조,맑음,단일로 - 기타,승용,남,47세,경상,화물,기타불명,미분류,기타불명
2023072000100169,2023년 7월 20일 10시,목요일,경상북도 영천시 오미동,경상사고,0,0,2,0,차대차 - 측면충돌,안전운전불이행,건조,맑음,단일로 - 기타,승용,남,73세,기타불명,특수,남,44세,경상
2023072000100207,2023년 7월 20일 11시,목요일,경상북도 경주시 인왕동,경상사고,0,0,2,0,차대차 - 기타,신호위반,건조,맑음,교차로 - 교차로안,화물,남,58세,상해없음,승용,남,47세,경상
2023072000100208,2023년 7월 20일 11시,목요일,경상북도 포항시 북구 흥해읍,경상사고,0,0,1,0,차대차 - 측면충돌,안전거리미확보,건조,맑음,단일로 - 기타,승용,남,60세,상해없음,승용,여,31세,경상
2023072000100210,2023년 7월 20일 11시,목요일,경상북도 칠곡군 왜관읍,중상사고,0,1,0,0,차대사람 - 횡단중,안전운전불이행,건조,맑음,단일로 - 기타,승용,남,55세,상해없음,보행자,여,80세,중상
2023072000100211,2023년 7월 20일 11시,목요일,경상북도 영천시 완산동,중상사고,0,1,0,0,차대사람 - 횡단중,안전운전불이행,건조,맑음,단일로 - 기타,승용,남,63세,상해없음,보행자,여,65세,중상
2023072000100212,2023년 7월 20일 11시,목요일,경상북도 포항시 남구 인덕동,경상사고,0,0,2,0,차대차 - 측면충돌,직진우회전진행방해,건조,맑음,교차로 - 교차로안,승용,남,46세,상해없음,승용,남,63세,경상
2023072000100246,2023년 7월 20일 12시,목요일,경상북도 청송군 안덕면,중상사고,0,1,0,0,차대차 - 측면충돌,안전운전불이행,건조,맑음,단일로 - 기타,승용,여,53세,상해없음,승용,여,50세,중상
2023072000100276,2023년 7월 20일 13시,목요일,경상북도 영덕군 영해면,부상신고사고,0,0,0,1,차대사람 - 차도통행중,안전운전불이행,건조,맑음,교차로 - 교차로부근,승용,남,35세,상해없음,보행자,여,39세,부상신고
2023072000100313,2023년 7월 20일 14시,목요일,경상북도 칠곡군 석적읍,경상사고,0,0,1,0,차대차 - 후진중충돌,안전운전불이행,건조,맑음,교차로 - 교차로안,승용,여,55세,상해없음,이륜,남,38세,경상
2023072000100314,2023년 7월 20일 14시,목요일,경상북도 칠곡군 지천면,경상사고,0,0,1,0,차대차 - 측면충돌,안전운전불이행,건조,맑음,교차로 - 교차로안,승용,여,51세,상해없음,승용,여,29세,경상
2023072000100315,2023년 7월 20일 14시,목요일,경상북도 영천시 대창면,경상사고,0,0,1,0,차대차 - 후진중충돌,안전운전불이행,건조,맑음,단일로 - 기타,화물,남,68세,상해없음,승용,남,35세,경상
2023072000100316,2023년 7월 20일 14시,목요일,경상북도 경산시 조영동,경상사고,0,0,1,0,차대차 - 추돌,안전운전불이행,건조,맑음,교차로 - 교차로안,승용,남,43세,상해없음,화물,남,39세,경상
2023072000100317,2023년 7월 20일 14시,목요일,경상북도 포항시 남구 오천읍,경상사고,0,0,2,0,차대차 - 추돌,안전운전불이행,건조,맑음,교차로 - 교차로부근,화물,남,74세,기타불명,승용,여,43세,경상
2023072000100354,2023년 7월 20일 15시,목요일,경상북도 포항시 북구 창포동,경상사고,0,0,2,0,차대차 - 추돌,안전운전불이행,건조,맑음,교차로 - 교차로부근,승용,남,67세,기타불명,승용,여,38세,경상
2023072000100355,2023년 7월 20일 15시,목요일,경상북도 김천시 평화동,경상사고,0,0,1,0,차대차 - 측면충돌,교차로운행방법위반,건조,맑음,교차로 - 교차로안,승용,여,40세,상해없음,자전거,남,18세,경상
2023072000100399,2023년 7월 20일 16시,목요일,경상북도 칠곡군 석적읍,경상사고,0,0,1,0,차대차 - 측면충돌,교차로운행방법위반,건조,맑음,교차로 - 교차로안,화물,남,70세,상해없음,승용,여,30세,경상
2023072000100400,2023년 7월 20일 16시,목요일,경상북도 영천시 오미동,경상사고,0,0,2,0,차대차 - 기타,안전운전불이행,건조,맑음,단일로 - 기타,화물,여,60세,경상,화물,남,23세,경상
2023072000100401,2023년 7월 20일 16시,목요일,경상북도 경산시 진량읍,경상사고,0,0,2,0,차대차 - 측면충돌,직진우회전진행방해,건조,맑음,교차로 - 교차로안,승용,남,65세,경상,화물,남,24세,경상
2023072000100402,2023년 7월 20일 16시,목요일,경상북도 봉화군 법전면,경상사고,0,0,1,0,차량단독 - 기타,안전운전불이행,건조,맑음,단일로 - 기타,이륜,남,82세,경상,,,,
2023072000100403,2023년 7월 20일 16시,목요일,경상북도 구미시 옥계동,경상사고,0,0,1,0,차대차 - 기타,불법유턴,건조,맑음,교차로 - 교차로안,승합,남,67세,상해없음,이륜,남,42세,경상
2023072000100438,2023년 7월 20일 17시,목요일,경상북도 안동시 수상동,부상신고사고,0,0,0,1,차대차 - 기타,안전운전불이행,건조,맑음,교차로 - 교차로횡단보도내,자전거,남,76세,부상신고,승용,남,41세,상해없음
2023072000100474,2023년 7월 20일 18시,목요일,경상북도 포항시 북구 죽도동,경상사고,0,0,2,0,차대차 - 추돌,안전운전불이행,건조,맑음,교차로 - 교차로부근,승용,여,53세,상해없음,승용,남,63세,경상
2023072000100507,2023년 7월 20일 19시,목요일,경상북도 포항시 북구 우현동,중상사고,0,1,0,0,차대차 - 측면충돌,안전운전불이행,건조,맑음,기타 - 기타,승용,남,30세,상해없음,이륜,남,36세,중상
2023072000100534,2023년 7월 20일 20시,목요일,경상북도 김천시 덕곡동,중상사고,0,1,1,0,차대사람 - 횡단중,안전운전불이행,건조,맑음,단일로 - 기타,승용,남,83세,상해없음,보행자,여,51세,중상
2023072000100535,2023년 7월 20일 20시,목요일,경상북도 구미시 광평동,중상사고,0,1,0,0,차대사람 - 기타,기타,건조,맑음,단일로 - 기타,승용,남,26세,상해없음,보행자,여,14세,중상
2023072000100560,2023년 7월 20일 21시,목요일,경상북도 포항시 남구 오천읍,경상사고,0,0,2,0,차대차 - 측면충돌,신호위반,건조,맑음,교차로 - 교차로안,승용,여,58세,경상,승합,남,56세,경상
2023072100100004,2023년 7월 21일 00시,금요일,경상북도 포항시 북구 용흥동,경상사고,0,0,1,0,차대차 - 기타,신호위반,건조,맑음,교차로 - 교차로안,승용,여,29세,상해없음,승용,여,49세,경상
2023072100100137,2023년 7월 21일 09시,금요일,경상북도 영주시 가흥동,중상사고,0,1,0,0,차대사람 - 횡단중,교차로운행방법위반,건조,맑음,교차로 - 교차로안,승용,남,79세,상해없음,보행자,여,73세,중상
2023072100100138,2023년 7월 21일 09시,금요일,경상북도 영천시 조교동,경상사고,0,0,2,0,차대차 - 추돌,안전운전불이행,건조,흐림,교차로 - 교차로안,화물,남,26세,상해없음,승용,여,66세,경상
2023072100100165,2023년 7월 21일 10시,금요일,경상북도 칠곡군 왜관읍,경상사고,0,0,1,0,차대차 - 측면충돌,교차로운행방법위반,건조,맑음,교차로 - 교차로부근,승용,여,73세,상해없음,승용,남,38세,경상
2023072100100166,2023년 7월 21일 10시,금요일,경상북도 경산시 중방동,경상사고,0,0,1,0,차대사람 - 횡단중,보행자보호의무위반,건조,맑음,단일로 - 기타,승용,남,57세,상해없음,보행자,여,58세,경상
2023072100100198,2023년 7월 21일 11시,금요일,경상북도 경주시 시래동,중상사고,0,1,2,0,차대차 - 측면충돌,안전운전불이행,건조,맑음,교차로 - 교차로부근,승용,남,76세,경상,이륜,남,81세,중상
2023072100100239,2023년 7월 21일 12시,금요일,경상북도 영주시 휴천동,경상사고,0,0,1,0,차대차 - 측면충돌,안전운전불이행,건조,맑음,단일로 - 기타,승용,여,65세,상해없음,화물,남,42세,경상
2023072100100323,2023년 7월 21일 14시,금요일,경상북도 경주시 강동면,중상사고,0,1,1,1,차대차 - 추돌,안전거리미확보,건조,맑음,교차로 - 교차로부근,화물,남,55세,부상신고,승용,여,61세,경상
2023072100100324,2023년 7월 21일 14시,금요일,경상북도 포항시 북구 두호동,경상사고,0,0,1,0,차대차 - 측면충돌,교차로운행방법위반,건조,맑음,교차로 - 교차로부근,승용,남,71세,상해없음,승용,여,64세,경상
2023072100100369,2023년 7월 21일 15시,금요일,경상북도 경주시 동천동,경상사고,0,0,1,0,차대차 - 측면충돌,직진우회전진행방해,건조,맑음,교차로 - 교차로안,승용,남,49세,상해없음,승용,여,65세,경상
2023072100100370,2023년 7월 21일 15시,금요일,경상북도 상주시 신봉동,중상사고,0,1,0,0,차대차 - 측면충돌,교차로운행방법위반,건조,맑음,교차로 - 교차로안,승용,남,45세,상해없음,이륜,남,33세,중상
2023072100100417,2023년 7월 21일 16시,금요일,경상북도 의성군 금성면,중상사고,0,1,0,0,차대차 - 측면충돌,직진우회전진행방해,건조,맑음,교차로 - 교차로안,승용,여,54세,상해없음,농기계,남,84세,중상
2023072100100418,2023년 7월 21일 16시,금요일,경상북도 영천시 금호읍,부상신고사고,0,0,0,1,차대차 - 측면충돌,안전운전불이행,건조,맑음,교차로 - 교차로안,이륜,남,62세,부상신고,화물,남,57세,상해없음
2023072100100419,2023년 7월 21일 16시,금요일,경상북도 영천시 대창면,경상사고,0,0,2,0,차대차 - 측면충돌,안전운전불이행,건조,맑음,교차로 - 교차로안,승용,여,71세,경상,승용,여,60세,경상
2023072100100468,2023년 7월 21일 17시,금요일,경상북도 문경시 윤직동,중상사고,0,1,0,0,차대차 - 측면충돌,안전운전불이행,건조,맑음,교차로 - 교차로안,화물,남,61세,상해없음,개인형이동수단(PM),여,81세,중상
2023072100100469,2023년 7월 21일 17시,금요일,경상북도 경산시 임당동,경상사고,0,0,2,0,차대차 - 정면충돌,안전운전불이행,건조,맑음,단일로 - 기타,승용,여,34세,경상,승용,남,69세,경상
2023072100100470,2023년 7월 21일 17시,금요일,경상북도 포항시 남구 구룡포읍,경상사고,0,0,1,0,차대차 - 기타,안전운전불이행,건조,맑음,교차로 - 교차로안,승용,남,61세,상해없음,승합,남,64세,경상
2023072100100471,2023년 7월 21일 17시,금요일,경상북도 칠곡군 가산면,경상사고,0,0,1,0,차대차 - 추돌,안전운전불이행,건조,맑음,단일로 - 기타,승용,남,71세,상해없음,승용,남,30세,경상
2023072100100533,2023년 7월 21일 18시,금요일,경상북도 경주시 황성동,부상신고사고,0,0,0,1,차대사람 - 기타,안전운전불이행,건조,맑음,기타 - 기타,개인형이동수단(PM),남,12세,상해없음,보행자,여,75세,부상신고
2023072100100534,2023년 7월 21일 18시,금요일,경상북도 포항시 남구 대잠동,경상사고,0,0,1,0,차대차 - 기타,중앙선침범,건조,맑음,교차로 - 교차로안,승용,남,30세,상해없음,이륜,남,38세,경상
2023072100100535,2023년 7월 21일 18시,금요일,경상북도 포항시 남구 대잠동,중상사고,0,1,3,0,차대차 - 측면충돌,안전운전불이행,건조,맑음,단일로 - 기타,이륜,남,58세,중상,승용,여,34세,경상
2023072100100604,2023년 7월 21일 20시,금요일,경상북도 울진군 후포면,중상사고,0,1,0,0,차대사람 - 횡단중,안전운전불이행,건조,흐림,단일로 - 기타,승용,여,54세,상해없음,보행자,남,70세,중상
2023072100100633,2023년 7월 21일 21시,금요일,경상북도 구미시 도개면,경상사고,0,0,1,0,차대차 - 기타,기타,건조,맑음,단일로 - 기타,화물,남,60세,상해없음,승용,여,23세,경상
2023072100100663,2023년 7월 21일 22시,금요일,경상북도 포항시 북구 창포동,중상사고,0,1,0,0,차대사람 - 차도통행중,안전운전불이행,건조,맑음,단일로 - 기타,승용,남,75세,상해없음,보행자,남,41세,중상
2023072200100042,2023년 7월 22일 03시,토요일,경상북도 포항시 북구 동빈2가,경상사고,0,0,1,0,차대차 - 측면충돌,안전운전불이행,건조,맑음,단일로 - 기타,기타불명,기타불명,미분류,기타불명,승용,남,51세,경상
2023072200100043,2023년 7월 22일 03시,토요일,경상북도 문경시 점촌동,중상사고,0,1,2,1,차량단독 - 공작물충돌,기타,건조,맑음,교차로 - 교차로안,승용,남,24세,부상신고,,,,
2023072200100044,2023년 7월 22일 03시,토요일,경상북도 포항시 남구 오천읍,경상사고,0,0,2,1,차대차 - 추돌,안전운전불이행,건조,맑음,교차로 - 교차로부근,승용,여,67세,부상신고,승용,남,47세,경상
2023072200100083,2023년 7월 22일 07시,토요일,경상북도 영주시 하망동,중상사고,0,1,0,0,차대차 - 측면충돌,안전운전불이행,건조,맑음,교차로 - 교차로안,화물,남,55세,상해없음,자전거,남,54세,중상
2023072200100121,2023년 7월 22일 09시,토요일,경상북도 경주시 서부동,중상사고,0,1,0,0,차대차 - 측면충돌,안전운전불이행,건조,맑음,교차로 - 교차로안,자전거,여,75세,중상,화물,남,74세,상해없음
2023072200100122,2023년 7월 22일 09시,토요일,경상북도 상주시 개운동,중상사고,0,1,0,0,차대차 - 정면충돌,안전운전불이행,건조,맑음,단일로 - 기타,화물,남,64세,상해없음,자전거,남,63세,중상
2023072200100123,2023년 7월 22일 09시,토요일,경상북도 청도군 청도읍,경상사고,0,0,1,0,차대차 - 추돌,안전운전불이행,건조,맑음,단일로 - 기타,화물,남,60세,상해없음,승용,남,47세,경상
2023072200100163,2023년 7월 22일 10시,토요일,경상북도 경주시 성건동,중상사고,0,1,1,0,차대차 - 추돌,안전운전불이행,건조,맑음,단일로 - 지하차도(도로)내,승용,남,38세,상해없음,승용,여,56세,경상
2023072200100165,2023년 7월 22일 10시,토요일,경상북도 구미시 원평동,경상사고,0,0,1,0,차대차 - 측면충돌,안전운전불이행,건조,맑음,단일로 - 기타,승용,남,58세,상해없음,승용,남,63세,경상
2023072200100202,2023년 7월 22일 11시,토요일,경상북도 안동시 용상동,경상사고,0,0,1,0,차대차 - 기타,안전운전불이행,건조,맑음,교차로 - 교차로안,자전거,남,12세,경상,승용,여,34세,상해없음
2023072200100238,2023년 7월 22일 12시,토요일,경상북도 구미시 도개면,경상사고,0,0,1,0,차대차 - 기타,직진우회전진행방해,건조,맑음,교차로 - 교차로안,승용,남,80세,상해없음,승용,여,73세,경상
2023072200100269,2023년 7월 22일 13시,토요일,경상북도 안동시 옥동,중상사고,0,1,0,0,차대차 - 기타,중앙선침범,건조,맑음,단일로 - 기타,승용,남,60세,상해없음,이륜,남,30세,중상
2023072200100270,2023년 7월 22일 13시,토요일,경상북도 칠곡군 약목면,부상신고사고,0,0,0,1,차대차 - 정면충돌,직진우회전진행방해,건조,맑음,교차로 - 교차로안,이륜,남,59세,부상신고,승용,남,63세,상해없음
2023072200100355,2023년 7월 22일 16시,토요일,경상북도 경주시 안강읍,중상사고,0,1,0,0,차대차 - 측면충돌,중앙선침범,건조,맑음,단일로 - 기타,승용,남,67세,상해없음,승용,여,30세,중상
2023072200100356,2023년 7월 22일 16시,토요일,경상북도 경주시 성건동,경상사고,0,0,1,0,차대사람 - 길가장자리구역통행중,안전운전불이행,건조,맑음,단일로 - 기타,승용,남,22세,상해없음,보행자,여,32세,경상
2023072200100357,2023년 7월 22일 16시,토요일,경상북도 구미시 고아읍,부상신고사고,0,0,0,1,차량단독 - 도로외이탈 - 기타,안전운전불이행,건조,맑음,단일로 - 기타,원동기,남,56세,부상신고,,,,
2023072200100394,2023년 7월 22일 17시,토요일,경상북도 안동시 용상동,중상사고,0,1,0,0,차대차 - 기타,안전운전불이행,건조,맑음,교차로 - 교차로부근,화물,남,69세,상해없음,이륜,남,49세,중상
2023072200100419,2023년 7월 22일 18시,토요일,경상북도 영주시 가흥동,경상사고,0,0,1,0,차대차 - 추돌,안전운전불이행,건조,맑음,단일로 - 기타,이륜,남,33세,기타불명,승용,여,39세,경상
2023072200100464,2023년 7월 22일 20시,토요일,경상북도 포항시 남구 오천읍,중상사고,0,1,0,1,차대차 - 추돌,안전거리미확보,건조,맑음,단일로 - 기타,이륜,여,47세,중상,승용,남,26세,부상신고
2023072200100497,2023년 7월 22일 21시,토요일,경상북도 상주시 청리면,사망사고,1,0,0,0,차량단독 - 도로외이탈 - 추락,안전운전불이행,건조,맑음,단일로 - 기타,화물,남,55세,사망,,,,
2023072200100519,2023년 7월 22일 22시,토요일,경상북도 포항시 남구 이동,부상신고사고,0,0,0,1,차대차 - 측면충돌,안전운전불이행,건조,맑음,단일로 - 고가도로위,이륜,남,56세,부상신고,승용,남,66세,상해없음
2023072200100546,2023년 7월 22일 23시,토요일,경상북도 의성군 비안면,경상사고,0,0,1,0,차량단독 - 공작물충돌,안전운전불이행,건조,맑음,단일로 - 기타,승용,남,55세,경상,,,,
2023072200100547,2023년 7월 22일 23시,토요일,경상북도 청도군 청도읍,경상사고,0,0,1,0,차대차 - 정면충돌,직진우회전진행방해,건조,맑음,교차로 - 교차로안,승용,여,23세,상해없음,승용,여,35세,경상
2023072300100016,2023년 7월 23일 01시,일요일,경상북도 성주군 벽진면,부상신고사고,0,0,0,1,차량단독 - 공작물충돌,안전운전불이행,건조,맑음,교차로 - 교차로부근,이륜,남,66세,부상신고,,,,
2023072300100066,2023년 7월 23일 08시,일요일,경상북도 포항시 북구 동빈2가,중상사고,0,1,0,0,차대차 - 측면충돌,안전운전불이행,건조,맑음,교차로 - 교차로안,승용,여,45세,상해없음,승용,남,28세,중상
2023072300100067,2023년 7월 23일 08시,일요일,경상북도 포항시 북구 여남동,경상사고,0,0,1,0,차대차 - 후진중충돌,안전운전불이행,건조,맑음,단일로 - 기타,화물,남,75세,상해없음,승용,남,52세,경상
2023072300100076,2023년 7월 23일 09시,일요일,경상북도 포항시 북구 죽도동,경상사고,0,0,1,0,차대차 - 기타,안전운전불이행,건조,맑음,교차로 - 교차로부근,자전거,여,64세,경상,승용,여,67세,기타불명
2023072300100077,2023년 7월 23일 09시,일요일,경상북도 의성군 금성면,경상사고,0,0,1,0,차대차 - 기타,안전운전불이행,건조,맑음,교차로 - 교차로부근,화물,남,60세,상해없음,승용,남,66세,경상
2023072300100098,2023년 7월 23일 10시,일요일,경상북도 성주군 성주읍,경상사고,0,0,1,0,차대차 - 기타,안전운전불이행,건조,맑음,주차장 - 주차장,승용,여,56세,경상,승용,여,49세,기타불명
2023072300100099,2023년 7월 23일 10시,일요일,경상북도 구미시 도량동,중상사고,0,1,0,0,차대차 - 측면충돌,안전운전불이행,건조,맑음,단일로 - 기타,승용,여,52세,상해없음,자전거,여,53세,중상
2023072300100141,2023년 7월 23일 12시,일요일,경상북도 문경시 점촌동,경상사고,0,0,1,0,차대차 - 측면충돌,안전거리미확보,건조,맑음,교차로 - 교차로부근,승용,여,35세,상해없음,승용,남,77세,경상
2023072300100163,2023년 7월 23일 13시,일요일,경상북도 안동시 당북동,경상사고,0,0,2,0,차대차 - 기타,안전운전불이행,건조,맑음,교차로 - 교차로부근,승용,남,38세,상해없음,승용,남,52세,경상
2023072300100211,2023년 7월 23일 15시,일요일,경상북도 영천시 청통면,중상사고,0,1,0,0,차량단독 - 공작물충돌,안전운전불이행,건조,맑음,주차장 - 주차장,승용,여,59세,중상,,,,
2023072300100212,2023년 7월 23일 15시,일요일,경상북도 구미시 해평면,부상신고사고,0,0,0,1,차대차 - 기타,안전운전불이행,건조,맑음,교차로 - 교차로안,승용,남,65세,상해없음,자전거,남,74세,부상신고
2023072300100236,2023년 7월 23일 16시,일요일,경상북도 경주시 내남면,중상사고,0,1,0,0,차대차 - 측면충돌,중앙선침범,건조,맑음,단일로 - 기타,승용,남,66세,상해없음,승용,남,38세,중상
2023072300100263,2023년 7월 23일 17시,일요일,경상북도 고령군 대가야읍,경상사고,0,0,1,0,차대차 - 기타,안전운전불이행,젖음/습기,비,단일로 - 기타,승용,여,64세,상해없음,이륜,남,20세,경상
2023072300100301,2023년 7월 23일 19시,일요일,경상북도 구미시 인의동,경상사고,0,0,1,0,차대차 - 기타,안전운전불이행,건조,맑음,단일로 - 기타,이륜,남,37세,경상,승용,남,58세,상해없음
2023072300100302,2023년 7월 23일 19시,일요일,경상북도 포항시 남구 오천읍,경상사고,0,0,3,0,차대차 - 기타,안전운전불이행,젖음/습기,흐림,단일로 - 기타,화물,여,66세,상해없음,승용,남,37세,경상
2023072300100329,2023년 7월 23일 20시,일요일,경상북도 포항시 북구 양덕동,경상사고,0,0,1,0,차대차 - 측면충돌,안전운전불이행,건조,맑음,교차로 - 교차로안,승용,남,29세,상해없음,승용,남,42세,경상
2023072300100353,2023년 7월 23일 21시,일요일,경상북도 경산시 압량읍,중상사고,0,1,0,0,차대차 - 기타,중앙선침범,건조,맑음,교차로 - 교차로부근,승용,남,21세,상해없음,이륜,남,24세,중상
2023072300100384,2023년 7월 23일 23시,일요일,경상북도 안동시 송현동,경상사고,0,0,1,0,차대사람 - 기타,안전운전불이행,건조,맑음,단일로 - 기타,승용,남,57세,상해없음,보행자,남,59세,경상
2023072400100006,2023년 7월 24일 00시,월요일,경상북도 포항시 북구 동빈1가,경상사고,0,0,2,0,차대차 - 추돌,안전운전불이행,기타,맑음,교차로 - 교차로안,승용,여,21세,상해없음,승용,남,57세,경상
2023072400100024,2023년 7월 24일 03시,월요일,경상북도 울진군 북면,중상사고,0,1,0,0,차량단독 - 공작물충돌,안전운전불이행,건조,맑음,교차로 - 교차로안,이륜,남,17세,중상,,,,
2023072400100036,2023년 7월 24일 05시,월요일,경상북도 안동시 수상동,중상사고,0,2,1,0,차량단독 - 공작물충돌,안전운전불이행,젖음/습기,비,단일로 - 기타,승합,남,34세,상해없음,,,,
2023072400100074,2023년 7월 24일 07시,월요일,경상북도 구미시 지산동,중상사고,0,1,0,0,차대차 - 정면충돌,안전운전불이행,젖음/습기,비,교차로 - 교차로부근,이륜,남,17세,중상,승용,남,51세,상해없음
2023072400100099,2023년 7월 24일 08시,월요일,경상북도 경주시 황성동,중상사고,0,1,0,0,차대차 - 측면충돌,안전운전불이행,건조,맑음,교차로 - 교차로안,승용,남,55세,상해없음,자전거,남,46세,상해없음
2023072400100100,2023년 7월 24일 08시,월요일,경상북도 포항시 북구 장성동,중상사고,0,1,0,0,차대사람 - 횡단중,보행자보호의무위반,건조,맑음,교차로 - 교차로횡단보도내,화물,남,38세,상해없음,보행자,여,51세,중상
2023072400100101,2023년 7월 24일 08시,월요일,경상북도 포항시 남구 오천읍,경상사고,0,0,1,0,차대차 - 후진중충돌,안전운전불이행,건조,맑음,단일로 - 기타,화물,남,51세,기타불명,승용,여,51세,경상
2023072400100127,2023년 7월 24일 09시,월요일,경상북도 안동시 수상동,경상사고,0,0,6,1,차대차 - 기타,안전운전불이행,젖음/습기,비,단일로 - 기타,화물,남,62세,부상신고,승용,여,39세,경상
2023072400100128,2023년 7월 24일 09시,월요일,경상북도 영천시 금호읍,경상사고,0,0,1,0,차대차 - 추돌,기타,건조,흐림,단일로 - 기타,승용,남,79세,상해없음,화물,남,48세,경상
2023072400100129,2023년 7월 24일 09시,월요일,경상북도 포항시 남구 대송면,경상사고,0,0,2,0,차대차 - 측면충돌,안전거리미확보,건조,맑음,단일로 - 기타,화물,남,39세,상해없음,승용,남,26세,경상
2023072400100130,2023년 7월 24일 09시,월요일,경상북도 포항시 남구 동촌동,경상사고,0,0,1,0,차대차 - 측면충돌,교차로운행방법위반,젖음/습기,비,교차로 - 교차로부근,건설기계,남,58세,상해없음,승용,남,48세,경상
2023072400100161,2023년 7월 24일 10시,월요일,경상북도 경주시 내남면,중상사고,0,1,0,0,차대차 - 측면충돌,안전운전불이행,건조,맑음,교차로 - 교차로안,화물,남,52세,상해없음,원동기,남,71세,중상
2023072400100162,2023년 7월 24일 10시,월요일,경상북도 칠곡군 석적읍,경상사고,0,0,2,0,차대차 - 기타,안전운전불이행,건조,맑음,교차로 - 교차로부근,승용,여,20세,경상,승용,여,51세,상해없음
2023072400100163,2023년 7월 24일 10시,월요일,경상북도 구미시 도량동,중상사고,0,1,0,0,차대차 - 추돌,안전거리미확보,젖음/습기,비,교차로 - 교차로부근,화물,남,55세,기타불명,승용,남,49세,중상
2023072400100164,2023년 7월 24일 10시,월요일,경상북도 구미시 형곡동,경상사고,0,0,2,0,차대차 - 측면충돌,신호위반,젖음/습기,흐림,교차로 - 교차로부근,승용,남,81세,상해없음,승용,남,66세,경상
2023072400100197,2023년 7월 24일 11시,월요일,경상북도 포항시 북구 덕수동,경상사고,0,0,1,0,차대차 - 측면충돌,안전운전불이행,건조,맑음,단일로 - 기타,승용,여,77세,상해없음,승용,여,46세,경상
2023072400100198,2023년 7월 24일 11시,월요일,경상북도 칠곡군 동명면,중상사고,0,1,0,0,차대차 - 측면충돌,직진우회전진행방해,건조,맑음,교차로 - 교차로안,화물,남,47세,상해없음,자전거,남,78세,중상
2023072400100237,2023년 7월 24일 12시,월요일,경상북도 김천시 신음동,경상사고,0,0,1,0,차대사람 - 횡단중,안전운전불이행,건조,맑음,교차로 - 교차로안,승용,남,73세,상해없음,보행자,여,75세,경상
2023072400100277,2023년 7월 24일 13시,월요일,경상북도 영덕군 지품면,경상사고,0,0,1,0,차대차 - 측면충돌,안전운전불이행,건조,맑음,단일로 - 기타,화물,남,43세,상해없음,승용,여,53세,경상