사고번호,사고일시,요일,시군구,사고내용,사망자수,중상자수,경상자수,부상신고자수,사고유형,법규위반,노면상태,기상상태,도로형태,가해운전자 차종,가해운전자 성별,가해운전자 연령,가해운전자 상해정도,피해운전자 차종,피해운전자 성별,피해운전자 연령,피해운전자 상해정도
2023073100100288,2023년 7월 31일 14시,월요일,경상북도 문경시 마성면,사망사고,1,0,2,0,차대차 - 추돌,안전거리미확보,건조,맑음,단일로 - 터널,화물,남,34세,사망,승용,남,34세,경상
2023073100100320,2023년 7월 31일 15시,월요일,경상북도 포항시 북구 용흥동,중상사고,0,1,0,0,차대차 - 기타,신호위반,건조,맑음,교차로 - 교차로안,승용,남,73세,상해없음,이륜,남,60세,중상
2023073100100321,2023년 7월 31일 15시,월요일,경상북도 칠곡군 석적읍,경상사고,0,0,3,0,차대차 - 후진중충돌,안전운전불이행,건조,맑음,단일로 - 지하차도(도로)내,승용,여,27세,기타불명,승용,여,34세,경상
2023073100100360,2023년 7월 31일 16시,월요일,경상북도 경주시 동천동,중상사고,0,1,0,0,차대차 - 기타,안전운전불이행,건조,맑음,단일로 - 기타,승용,남,58세,상해없음,승합,남,62세,상해없음
2023073100100361,2023년 7월 31일 16시,월요일,경상북도 포항시 남구 대도동,중상사고,0,1,0,0,차대차 - 측면충돌,안전운전불이행,건조,맑음,단일로 - 기타,자전거,남,74세,중상,승용,여,62세,상해없음
2023073100100362,2023년 7월 31일 16시,월요일,경상북도 경산시 옥곡동,경상사고,0,0,2,0,차대차 - 추돌,안전운전불이행,건조,맑음,단일로 - 기타,승용,남,51세,상해없음,승용,여,37세,경상
2023073100100408,2023년 7월 31일 17시,월요일,경상북도 포항시 북구 용흥동,경상사고,0,0,2,0,차대차 - 추돌,안전운전불이행,건조,맑음,단일로 - 기타,승용,남,56세,상해없음,승용,여,36세,경상
2023073100100409,2023년 7월 31일 17시,월요일,경상북도 포항시 남구 상도동,경상사고,0,0,1,0,차대사람 - 차도통행중,안전운전불이행,건조,맑음,교차로 - 교차로안,승용,여,67세,상해없음,보행자,여,61세,경상
2023073100100451,2023년 7월 31일 18시,월요일,경상북도 구미시 옥계동,경상사고,0,0,1,0,차대차 - 측면충돌,신호위반,건조,맑음,교차로 - 교차로안,승용,여,43세,상해없음,승용,여,49세,경상
2023073100100452,2023년 7월 31일 18시,월요일,경상북도 구미시 고아읍,경상사고,0,0,1,0,차대사람 - 횡단중,보행자보호의무위반,건조,맑음,교차로 - 교차로횡단보도내,이륜,남,52세,상해없음,보행자,남,85세,경상
2023073100100509,2023년 7월 31일 20시,월요일,경상북도 경산시 사동,경상사고,0,0,1,0,차대차 - 측면충돌,안전운전불이행,건조,맑음,교차로 - 교차로안,승용,여,61세,상해없음,이륜,남,22세,경상
2023073100100510,2023년 7월 31일 20시,월요일,경상북도 경산시 압량읍,중상사고,0,1,0,0,차대사람 - 횡단중,안전운전불이행,건조,맑음,교차로 - 교차로안,승용,여,22세,상해없음,보행자,여,74세,중상
2023073100100532,2023년 7월 31일 21시,월요일,경상북도 구미시 옥계동,경상사고,0,0,1,0,차대차 - 정면충돌,신호위반,건조,맑음,교차로 - 교차로안,승용,여,51세,상해없음,승용,남,38세,경상
2023073100100550,2023년 7월 31일 22시,월요일,경상북도 구미시 남통동,중상사고,0,1,0,0,차대사람 - 횡단중,안전운전불이행,건조,흐림,단일로 - 기타,승용,남,43세,상해없음,보행자,여,59세,중상
2023073100100571,2023년 7월 31일 23시,월요일,경상북도 구미시 형곡동,경상사고,0,0,1,0,차대차 - 측면충돌,신호위반,건조,맑음,교차로 - 교차로안,승용,남,49세,상해없음,승용,여,32세,경상
2023080100100004,2023년 8월 1일 00시,화요일,경상북도 포항시 북구 죽도동,중상사고,0,1,1,0,차대차 - 기타,안전운전불이행,건조,맑음,단일로 - 기타,승용,남,65세,상해없음,자전거,여,34세,중상
2023080100100048,2023년 8월 1일 06시,화요일,경상북도 김천시 감천면,중상사고,0,1,0,0,차대차 - 측면충돌,안전운전불이행,건조,맑음,교차로 - 교차로부근,승용,여,71세,상해없음,이륜,여,69세,중상
2023080100100049,2023년 8월 1일 06시,화요일,경상북도 성주군 월항면,중상사고,0,2,0,0,차대차 - 기타,중앙선침범,건조,맑음,단일로 - 기타,화물,남,70세,상해없음,승용,남,70세,중상
2023080100100120,2023년 8월 1일 09시,화요일,경상북도 포항시 북구 흥해읍,경상사고,0,0,3,0,차대차 - 측면충돌,교차로운행방법위반,건조,맑음,교차로 - 교차로안,승용,여,39세,경상,승용,여,32세,경상
2023080100100121,2023년 8월 1일 09시,화요일,경상북도 김천시 평화동,경상사고,0,0,1,0,차대차 - 측면충돌,안전거리미확보,건조,맑음,교차로 - 교차로부근,승용,여,69세,상해없음,승용,여,62세,경상
2023080100100122,2023년 8월 1일 09시,화요일,경상북도 울진군 울진읍,부상신고사고,0,0,0,1,차대차 - 측면충돌,교차로운행방법위반,건조,맑음,교차로 - 교차로안,승용,남,45세,상해없음,이륜,남,84세,부상신고
2023080100100156,2023년 8월 1일 10시,화요일,경상북도 포항시 남구 효자동,경상사고,0,0,1,0,차대사람 - 기타,안전운전불이행,건조,맑음,단일로 - 기타,승용,남,65세,상해없음,보행자,여,35세,경상
2023080100100185,2023년 8월 1일 11시,화요일,경상북도 구미시 도량동,경상사고,0,0,2,0,차대차 - 기타,교차로운행방법위반,건조,맑음,교차로 - 교차로안,승용,여,61세,경상,승용,여,73세,경상
2023080100100213,2023년 8월 1일 12시,화요일,경상북도 안동시 옥동,경상사고,0,0,1,0,차대사람 - 기타,안전운전불이행,건조,맑음,기타 - 기타,승용,여,53세,상해없음,보행자,여,64세,경상
2023080100100214,2023년 8월 1일 12시,화요일,경상북도 포항시 남구 오천읍,부상신고사고,0,0,0,1,차대차 - 측면충돌,안전운전불이행,건조,맑음,단일로 - 고가도로위,자전거,남,71세,부상신고,이륜,남,40세,상해없음
2023080100100248,2023년 8월 1일 13시,화요일,경상북도 칠곡군 동명면,경상사고,0,0,1,0,차대차 - 추돌,안전거리미확보,건조,맑음,단일로 - 기타,승용,여,59세,상해없음,승용,남,29세,경상
2023080100100249,2023년 8월 1일 13시,화요일,경상북도 문경시 문경읍,경상사고,0,0,1,0,차량단독 - 공작물충돌,안전운전불이행,건조,맑음,주차장 - 주차장,승용,남,56세,경상,,,,
2023080100100250,2023년 8월 1일 13시,화요일,경상북도 영덕군 강구면,경상사고,0,0,4,0,차대차 - 측면충돌,직진우회전진행방해,건조,맑음,교차로 - 교차로안,승용,여,56세,경상,승합,남,69세,경상
2023080100100251,2023년 8월 1일 13시,화요일,경상북도 예천군 예천읍,경상사고,0,0,1,0,차량단독 - 공작물충돌,안전운전불이행,건조,맑음,기타 - 기타,승용,여,68세,경상,,,,
2023080100100289,2023년 8월 1일 14시,화요일,경상북도 문경시 동로면,중상사고,0,2,1,0,차대차 - 정면충돌,중앙선침범,건조,맑음,단일로 - 기타,승합,남,59세,상해없음,승용,남,65세,중상
2023080100100290,2023년 8월 1일 14시,화요일,경상북도 예천군 풍양면,중상사고,0,1,0,0,차대차 - 측면충돌,직진우회전진행방해,건조,맑음,교차로 - 교차로안,이륜,남,57세,중상,승용,여,55세,상해없음
2023080100100291,2023년 8월 1일 14시,화요일,경상북도 봉화군 명호면,중상사고,0,1,0,0,차량단독 - 기타,안전운전불이행,건조,맑음,단일로 - 기타,승용,남,67세,상해없음,,,,
2023080100100292,2023년 8월 1일 14시,화요일,경상북도 성주군 수륜면,경상사고,0,0,4,0,차대차 - 정면충돌,중앙선침범,건조,맑음,단일로 - 기타,승용,남,78세,상해없음,승용,여,35세,경상
2023080100100293,2023년 8월 1일 14시,화요일,경상북도 포항시 남구 대도동,경상사고,0,0,1,0,차대차 - 후진중충돌,안전운전불이행,건조,맑음,교차로 - 교차로안,승용,남,59세,상해없음,화물,남,37세,경상
2023080100100294,2023년 8월 1일 14시,화요일,경상북도 구미시 장천면,중상사고,0,1,0,0,차대차 - 추돌,안전운전불이행,건조,맑음,단일로 - 기타,승용,남,67세,중상,승합,남,63세,상해없음
2023080100100382,2023년 8월 1일 17시,화요일,경상북도 포항시 남구 연일읍,부상신고사고,0,0,0,1,차대차 - 측면충돌,직진우회전진행방해,건조,맑음,단일로 - 지하차도(도로)내,승용,여,27세,상해없음,승합,남,60세,부상신고
2023080100100383,2023년 8월 1일 17시,화요일,경상북도 포항시 남구 대도동,경상사고,0,0,1,0,차량단독 - 전도전복 - 전도,안전운전불이행,기타,맑음,단일로 - 기타,이륜,남,27세,경상,,,,
2023080100100420,2023년 8월 1일 18시,화요일,경상북도 경주시 사정동,경상사고,0,0,1,0,차대차 - 정면충돌,중앙선침범,건조,맑음,단일로 - 기타,이륜,여,48세,상해없음,승용,여,31세,경상
2023080100100421,2023년 8월 1일 18시,화요일,경상북도 김천시 율곡동,경상사고,0,0,4,0,차대차 - 측면충돌,신호위반,건조,맑음,교차로 - 교차로안,화물,남,56세,경상,승용,남,22세,경상
2023080100100422,2023년 8월 1일 18시,화요일,경상북도 예천군 예천읍,경상사고,0,0,1,0,차대차 - 측면충돌,안전운전불이행,건조,맑음,단일로 - 기타,승용,남,79세,상해없음,화물,남,47세,경상
2023080100100423,2023년 8월 1일 18시,화요일,경상북도 청도군 청도읍,경상사고,0,0,1,0,차대사람 - 기타,안전운전불이행,건조,맑음,기타 - 기타,승용,남,72세,상해없음,보행자,남,23세,경상
2023080100100424,2023년 8월 1일 18시,화요일,경상북도 구미시 상모동,경상사고,0,0,1,0,차대차 - 측면충돌,안전운전불이행,건조,맑음,단일로 - 기타,승용,남,59세,상해없음,이륜,여,65세,경상
2023080100100425,2023년 8월 1일 18시,화요일,경상북도 구미시 송정동,경상사고,0,0,1,0,차대차 - 측면충돌,안전운전불이행,건조,맑음,단일로 - 기타,승용,여,50세,상해없음,승용,여,38세,경상
2023080100100426,2023년 8월 1일 18시,화요일,경상북도 포항시 남구 지곡동,경상사고,0,0,2,0,차대차 - 측면충돌,교차로운행방법위반,건조,맑음,교차로 - 교차로안,승용,여,42세,상해없음,화물,남,39세,경상
2023080100100457,2023년 8월 1일 19시,화요일,경상북도 경주시 조양동,경상사고,0,0,2,0,차대차 - 추돌,기타,건조,맑음,단일로 - 기타,승용,남,50세,상해없음,승용,여,37세,경상
2023080100100458,2023년 8월 1일 19시,화요일,경상북도 영덕군 강구면,경상사고,0,0,4,0,차대차 - 측면충돌,직진우회전진행방해,건조,맑음,교차로 - 교차로안,승용,남,42세,경상,승용,여,48세,경상
2023080100100459,2023년 8월 1일 19시,화요일,경상북도 포항시 남구 오천읍,경상사고,0,0,2,0,차대차 - 측면충돌,안전운전불이행,건조,맑음,단일로 - 기타,승용,남,21세,경상,이륜,남,49세,경상
2023080100100485,2023년 8월 1일 20시,화요일,경상북도 김천시 신음동,경상사고,0,0,2,0,차대사람 - 횡단중,신호위반,건조,맑음,단일로 - 기타,이륜,남,41세,경상,보행자,남,54세,경상
2023080100100486,2023년 8월 1일 20시,화요일,경상북도 구미시 인의동,경상사고,0,0,1,0,차대차 - 추돌,안전운전불이행,건조,맑음,단일로 - 기타,승용,남,39세,상해없음,승용,남,55세,경상
2023080100100500,2023년 8월 1일 21시,화요일,경상북도 경주시 외동읍,경상사고,0,0,1,0,차대차 - 후진중충돌,안전운전불이행,건조,맑음,주차장 - 주차장,승용,여,43세,상해없음,승용,여,64세,경상
2023080100100509,2023년 8월 1일 21시,화요일,경상북도 경주시 구황동,경상사고,0,0,1,0,차대사람 - 횡단중,보행자보호의무위반,건조,맑음,교차로 - 교차로횡단보도내,승용,여,43세,상해없음,보행자,여,43세,경상
2023080200100005,2023년 8월 2일 00시,수요일,경상북도 김천시 부곡동,경상사고,0,0,2,0,차대차 - 추돌,안전운전불이행,건조,맑음,교차로 - 교차로부근,승용,여,35세,기타불명,승용,남,67세,경상
2023080200100014,2023년 8월 2일 02시,수요일,경상북도 포항시 남구 연일읍,경상사고,0,0,1,0,차대차 - 기타,안전운전불이행,건조,맑음,단일로 - 기타,승용,남,68세,상해없음,자전거,남,14세,기타불명
2023080200100054,2023년 8월 2일 07시,수요일,경상북도 포항시 남구 상도동,경상사고,0,0,1,0,차대차 - 측면충돌,직진우회전진행방해,건조,맑음,교차로 - 교차로안,승용,남,25세,상해없음,승용,남,54세,경상
2023080200100103,2023년 8월 2일 09시,수요일,경상북도 김천시 아포읍,경상사고,0,0,1,0,차대차 - 측면충돌,안전운전불이행,건조,맑음,교차로 - 교차로부근,화물,남,48세,상해없음,건설기계,남,63세,경상
2023080200100104,2023년 8월 2일 09시,수요일,경상북도 김천시 모암동,중상사고,0,1,0,0,차대사람 - 횡단중,안전운전불이행,건조,맑음,교차로 - 교차로부근,승합,여,26세,상해없음,보행자,여,63세,중상
2023080200100105,2023년 8월 2일 09시,수요일,경상북도 영천시 임고면,중상사고,0,1,0,0,차대사람 - 기타,안전운전불이행,건조,맑음,단일로 - 기타,화물,남,72세,상해없음,보행자,남,75세,중상
2023080200100135,2023년 8월 2일 10시,수요일,경상북도 구미시 선산읍,중상사고,0,1,0,0,차대차 - 기타,기타,건조,맑음,교차로 - 교차로안,이륜,남,45세,중상,승용,여,49세,상해없음
2023080200100162,2023년 8월 2일 11시,수요일,경상북도 칠곡군 동명면,경상사고,0,0,1,1,차대차 - 측면충돌,안전운전불이행,건조,맑음,교차로 - 교차로부근,승용,남,59세,부상신고,건설기계,남,56세,경상
2023080200100201,2023년 8월 2일 12시,수요일,경상북도 경주시 외동읍,중상사고,0,3,0,3,차대차 - 추돌,안전운전불이행,건조,맑음,교차로 - 교차로부근,승용,여,73세,상해없음,승용,여,69세,중상
2023080200100265,2023년 8월 2일 14시,수요일,경상북도 포항시 북구 장성동,경상사고,0,0,1,0,차대사람 - 기타,안전운전불이행,건조,맑음,단일로 - 기타,승용,남,64세,상해없음,보행자,남,44세,경상
2023080200100338,2023년 8월 2일 16시,수요일,경상북도 포항시 남구 오천읍,경상사고,0,0,1,0,차대차 - 추돌,안전거리미확보,건조,맑음,단일로 - 고가도로위,화물,남,62세,상해없음,승용,남,33세,경상
2023080200100339,2023년 8월 2일 16시,수요일,경상북도 포항시 남구 지곡동,부상신고사고,0,0,0,1,차대차 - 정면충돌,안전운전불이행,건조,맑음,교차로 - 교차로부근,자전거,남,11세,부상신고,승용,남,47세,상해없음
2023080200100386,2023년 8월 2일 17시,수요일,경상북도 포항시 북구 창포동,경상사고,0,0,1,0,차대차 - 후진중충돌,안전운전불이행,건조,맑음,교차로 - 교차로부근,승용,여,39세,상해없음,승용,여,41세,경상
2023080200100387,2023년 8월 2일 17시,수요일,경상북도 영천시 북안면,경상사고,0,0,2,0,차대차 - 측면충돌,안전운전불이행,건조,맑음,교차로 - 교차로안,화물,여,60세,경상,승용,여,50세,경상
2023080200100388,2023년 8월 2일 17시,수요일,경상북도 경산시 임당동,경상사고,0,0,1,0,차대사람 - 기타,안전운전불이행,건조,맑음,단일로 - 기타,승용,남,67세,상해없음,보행자,여,37세,경상
2023080200100389,2023년 8월 2일 17시,수요일,경상북도 경산시 압량읍,중상사고,0,1,1,0,차대차 - 측면충돌,교차로운행방법위반,건조,맑음,교차로 - 교차로안,승용,남,23세,상해없음,승합,남,55세,상해없음
2023080200100390,2023년 8월 2일 17시,수요일,경상북도 포항시 남구 연일읍,경상사고,0,0,1,0,차대차 - 측면충돌,안전운전불이행,건조,맑음,단일로 - 고가도로위,승용,남,73세,상해없음,승용,남,27세,경상
2023080200100434,2023년 8월 2일 18시,수요일,경상북도 구미시 사곡동,경상사고,0,0,2,0,차대차 - 측면충돌,안전운전불이행,건조,맑음,교차로 - 교차로안,승용,여,63세,경상,승용,남,31세,경상
2023080200100468,2023년 8월 2일 19시,수요일,경상북도 포항시 남구 해도동,중상사고,0,1,0,0,차대차 - 측면충돌,안전거리미확보,건조,맑음,교차로 - 교차로부근,승용,남,50세,상해없음,이륜,남,52세,중상
2023080200100514,2023년 8월 2일 21시,수요일,경상북도 경산시 하양읍,경상사고,0,0,1,0,차대사람 - 횡단중,보행자보호의무위반,건조,맑음,교차로 - 교차로안,승용,남,67세,상해없음,보행자,남,51세,경상
2023080200100555,2023년 8월 2일 23시,수요일,경상북도 포항시 남구 호미곶면,중상사고,0,1,1,0,차대차 - 측면충돌,교차로운행방법위반,건조,맑음,교차로 - 교차로안,승용,남,55세,경상,승용,여,38세,중상
2023080300100014,2023년 8월 3일 01시,목요일,경상북도 영주시 휴천동,중상사고,0,1,0,0,차대사람 - 기타,안전운전불이행,건조,기타,단일로 - 기타,승용,남,24세,기타불명,보행자,남,23세,중상
2023080300100047,2023년 8월 3일 06시,목요일,경상북도 구미시 구포동,경상사고,0,0,1,0,차대차 - 기타,안전운전불이행,건조,맑음,교차로 - 교차로부근,승용,남,37세,상해없음,승용,남,46세,경상
2023080300100048,2023년 8월 3일 06시,목요일,경상북도 포항시 남구 지곡동,중상사고,0,1,1,1,차대차 - 측면충돌,기타,건조,맑음,교차로 - 교차로부근,승용,남,66세,중상,승용,여,35세,경상
2023080300100074,2023년 8월 3일 07시,목요일,경상북도 상주시 남장동,중상사고,0,2,0,0,차대차 - 정면충돌,중앙선침범,건조,맑음,단일로 - 기타,승용,남,37세,상해없음,화물,여,65세,중상
2023080300100075,2023년 8월 3일 07시,목요일,경상북도 영천시 조교동,경상사고,0,0,1,0,차대차 - 측면충돌,안전운전불이행,건조,맑음,단일로 - 기타,화물,남,72세,상해없음,승용,남,58세,경상
2023080300100104,2023년 8월 3일 08시,목요일,경상북도 포항시 북구 용흥동,경상사고,0,0,1,0,차대차 - 후진중충돌,안전운전불이행,건조,맑음,단일로 - 기타,승용,여,64세,상해없음,승용,여,33세,경상
2023080300100105,2023년 8월 3일 08시,목요일,경상북도 안동시 송천동,중상사고,0,1,0,0,차대차 - 기타,안전운전불이행,건조,맑음,교차로 - 교차로안,화물,남,77세,상해없음,승합,남,41세,상해없음
2023080300100106,2023년 8월 3일 08시,목요일,경상북도 상주시 서문동,경상사고,0,0,1,0,차대차 - 추돌,안전거리미확보,건조,맑음,교차로 - 교차로안,승용,여,47세,상해없음,승용,남,56세,상해없음
2023080300100107,2023년 8월 3일 08시,목요일,경상북도 영덕군 강구면,경상사고,0,0,1,0,차대차 - 측면충돌,안전운전불이행,건조,맑음,단일로 - 기타,승용,여,51세,상해없음,기타불명,여,75세,경상
2023080300100108,2023년 8월 3일 08시,목요일,경상북도 포항시 남구 연일읍,중상사고,0,1,1,0,차대차 - 정면충돌,안전운전불이행,건조,맑음,교차로 - 교차로안,자전거,남,80세,중상,승용,여,52세,경상
2023080300100144,2023년 8월 3일 09시,목요일,경상북도 칠곡군 약목면,부상신고사고,0,0,0,1,차대차 - 측면충돌,직진우회전진행방해,건조,맑음,교차로 - 교차로안,이륜,남,78세,부상신고,승용,남,29세,상해없음
2023080300100190,2023년 8월 3일 10시,목요일,경상북도 의성군 안계면,경상사고,0,0,1,0,차대사람 - 길가장자리구역통행중,안전운전불이행,건조,맑음,단일로 - 기타,화물,남,72세,상해없음,보행자,남,80세,경상
2023080300100233,2023년 8월 3일 11시,목요일,경상북도 경주시 용강동,중상사고,0,1,0,0,차대차 - 측면충돌,중앙선침범,건조,맑음,단일로 - 기타,승용,여,35세,상해없음,원동기,남,26세,중상
2023080300100234,2023년 8월 3일 11시,목요일,경상북도 칠곡군 왜관읍,경상사고,0,0,1,1,차대차 - 기타,직진우회전진행방해,건조,맑음,교차로 - 교차로안,승용,남,64세,부상신고,화물,남,63세,경상
2023080300100235,2023년 8월 3일 11시,목요일,경상북도 포항시 남구 연일읍,경상사고,0,0,1,0,차대사람 - 횡단중,신호위반,건조,맑음,교차로 - 교차로안,화물,남,47세,상해없음,보행자,여,53세,경상
2023080300100236,2023년 8월 3일 11시,목요일,경상북도 경주시 율동,경상사고,0,0,1,0,차대차 - 정면충돌,안전운전불이행,건조,맑음,단일로 - 기타,승용,남,28세,상해없음,승용,남,28세,경상
2023080300100272,2023년 8월 3일 12시,목요일,경상북도 경주시 황성동,중상사고,0,1,0,0,차대차 - 측면충돌,안전운전불이행,건조,맑음,교차로 - 교차로횡단보도내,승용,여,38세,상해없음,자전거,남,25세,중상
2023080300100273,2023년 8월 3일 12시,목요일,경상북도 포항시 남구 이동,경상사고,0,0,1,0,차대사람 - 차도통행중,안전운전불이행,건조,맑음,단일로 - 기타,이륜,남,52세,상해없음,보행자,남,8세,경상
2023080300100299,2023년 8월 3일 13시,목요일,경상북도 경주시 동천동,경상사고,0,0,1,0,차대차 - 측면충돌,안전운전불이행,건조,맑음,교차로 - 교차로안,승용,여,28세,상해없음,승용,남,30세,경상
2023080300100300,2023년 8월 3일 13시,목요일,경상북도 상주시 낙양동,부상신고사고,0,0,0,1,차대차 - 측면충돌,안전운전불이행,건조,맑음,교차로 - 교차로횡단보도내,자전거,남,14세,부상신고,승용,여,51세,상해없음
2023080300100327,2023년 8월 3일 14시,목요일,경상북도 경주시 진현동,부상신고사고,0,0,0,1,차대차 - 측면충돌,안전거리미확보,건조,맑음,교차로 - 교차로부근,승용,여,67세,상해없음,승용,남,44세,부상신고
2023080300100328,2023년 8월 3일 14시,목요일,경상북도 영천시 금호읍,경상사고,0,0,2,0,차대차 - 측면충돌,안전운전불이행,건조,맑음,단일로 - 기타,승용,남,51세,상해없음,승용,남,67세,경상
2023080300100329,2023년 8월 3일 14시,목요일,경상북도 울릉군 울릉읍,경상사고,0,0,2,0,차대차 - 측면충돌,안전운전불이행,건조,맑음,단일로 - 기타,승용,남,53세,상해없음,원동기,남,65세,경상
2023080300100368,2023년 8월 3일 15시,목요일,경상북도 포항시 북구 여천동,경상사고,0,0,1,0,차대차 - 측면충돌,직진우회전진행방해,건조,맑음,교차로 - 교차로안,승용,남,65세,상해없음,승용,남,71세,상해없음
2023080300100369,2023년 8월 3일 15시,목요일,경상북도 영천시 대전동,사망사고,1,0,0,0,차량단독 - 전도전복 - 전도,안전운전불이행,건조,맑음,교차로 - 교차로안,화물,남,43세,사망,,,,
2023080300100370,2023년 8월 3일 15시,목요일,경상북도 구미시 지산동,경상사고,0,0,1,1,차대차 - 기타,안전운전불이행,건조,맑음,교차로 - 교차로안,원동기,남,47세,부상신고,승용,여,55세,경상
2023080300100404,2023년 8월 3일 16시,목요일,경상북도 경주시 사정동,중상사고,0,1,3,0,차대차 - 기타,신호위반,건조,맑음,단일로 - 기타,승용,남,58세,상해없음,승용,남,55세,중상
2023080300100405,2023년 8월 3일 16시,목요일,경상북도 영천시 도동,경상사고,0,0,3,0,차대차 - 측면충돌,안전운전불이행,건조,맑음,단일로 - 기타,승용,여,62세,상해없음,승용,여,70세,경상
2023080300100406,2023년 8월 3일 16시,목요일,경상북도 성주군 선남면,부상신고사고,0,0,0,1,차량단독 - 전도전복 - 전도,안전운전불이행,건조,맑음,단일로 - 기타,이륜,남,66세,부상신고,,,,
2023080300100407,2023년 8월 3일 16시,목요일,경상북도 구미시 구평동,경상사고,0,0,1,0,차대차 - 추돌,안전거리미확보,건조,맑음,교차로 - 교차로안,화물,남,55세,상해없음,승용,남,42세,경상
2023080300100448,2023년 8월 3일 17시,목요일,경상북도 포항시 북구 흥해읍,경상사고,0,0,1,1,차대차 - 측면충돌,안전운전불이행,건조,맑음,교차로 - 교차로부근,승용,남,65세,상해없음,승용,여,41세,경상
2023080300100449,2023년 8월 3일 17시,목요일,경상북도 영덕군 축산면,경상사고,0,0,1,0,차대차 - 측면충돌,중앙선침범,건조,맑음,단일로 - 기타,승용,여,44세,상해없음,승합,남,66세,경상
2023080300100450,2023년 8월 3일 17시,목요일,경상북도 포항시 남구 대잠동,경상사고,0,0,2,0,차대차 - 측면충돌,안전운전불이행,건조,맑음,주차장 - 주차장,화물,남,64세,상해없음,승용,여,42세,경상
2023080300100506,2023년 8월 3일 18시,목요일,경상북도 경주시 인왕동,중상사고,0,1,0,0,차량단독 - 전도전복 - 전도,안전운전불이행,건조,맑음,교차로 - 교차로안,이륜,남,30세,중상,,,,
2023080300100507,2023년 8월 3일 18시,목요일,경상북도 영덕군 축산면,경상사고,0,0,1,0,차대차 - 기타,안전거리미확보,건조,맑음,단일로 - 기타,승용,남,70세,기타불명,승용,여,65세,경상
2023080300100508,2023년 8월 3일 18시,목요일,경상북도 울진군 죽변면,중상사고,0,1,0,0,차대사람 - 기타,안전운전불이행,건조,맑음,교차로 - 교차로안,승용,남,30세,상해없음,보행자,여,84세,중상
2023080300100509,2023년 8월 3일 18시,목요일,경상북도 포항시 남구 송내동,경상사고,0,0,1,2,차대차 - 측면충돌,안전운전불이행,건조,맑음,단일로 - 기타,승용,남,37세,부상신고,특수,남,39세,경상
2023080300100580,2023년 8월 3일 20시,목요일,경상북도 경주시 도지동,경상사고,0,0,1,0,차대차 - 정면충돌,안전운전불이행,건조,맑음,단일로 - 기타,승용,남,50세,상해없음,승용,남,38세,경상
2023080300100581,2023년 8월 3일 20시,목요일,경상북도 칠곡군 석적읍,중상사고,0,1,0,1,차대차 - 측면충돌,안전운전불이행,건조,맑음,단일로 - 기타,이륜,남,36세,부상신고,이륜,남,25세,중상
2023080300100582,2023년 8월 3일 20시,목요일,경상북도 울진군 매화면,경상사고,0,0,1,0,차량단독 - 공작물충돌,기타,건조,맑음,단일로 - 기타,승용,여,51세,경상,,,,
2023080300100583,2023년 8월 3일 20시,목요일,경상북도 포항시 남구 호미곶면,중상사고,0,1,1,0,차대차 - 추돌,기타,건조,맑음,단일로 - 기타,승용,남,57세,경상,농기계,남,66세,중상
2023080300100609,2023년 8월 3일 21시,목요일,경상북도 의성군 안계면,중상사고,0,1,0,0,차대차 - 정면충돌,중앙선침범,건조,맑음,단일로 - 기타,승용,남,34세,상해없음,화물,남,39세,중상
2023080300100610,2023년 8월 3일 21시,목요일,경상북도 칠곡군 약목면,경상사고,0,0,1,0,차대차 - 측면충돌,교차로운행방법위반,건조,맑음,교차로 - 교차로안,승용,여,71세,상해없음,승용,남,54세,경상
2023080300100611,2023년 8월 3일 21시,목요일,경상북도 칠곡군 왜관읍,경상사고,0,0,1,0,차대차 - 정면충돌,신호위반,건조,맑음,교차로 - 교차로부근,승용,여,59세,상해없음,승용,남,54세,경상
2023080300100628,2023년 8월 3일 22시,목요일,경상북도 안동시 옥동,경상사고,0,0,1,0,차대사람 - 기타,안전운전불이행,건조,맑음,단일로 - 기타,승용,남,63세,상해없음,보행자,남,31세,경상
2023080400100066,2023년 8월 4일 07시,금요일,경상북도 안동시 풍산읍,중상사고,0,2,1,0,차대차 - 측면충돌,중앙선침범,건조,맑음,단일로 - 기타,승용,여,51세,경상,승용,여,57세,중상
2023080400100094,2023년 8월 4일 08시,금요일,경상북도 경주시 현곡면,경상사고,0,0,1,0,차대차 - 측면충돌,안전운전불이행,건조,맑음,단일로 - 기타,화물,남,69세,상해없음,승용,남,49세,경상
2023080400100095,2023년 8월 4일 08시,금요일,경상북도 칠곡군 석적읍,경상사고,0,0,1,0,차대차 - 측면충돌,신호위반,건조,맑음,교차로 - 교차로안,승용,남,75세,상해없음,승용,남,52세,경상
2023080400100096,2023년 8월 4일 08시,금요일,경상북도 경산시 진량읍,중상사고,0,1,1,0,차대차 - 추돌,안전거리미확보,건조,맑음,교차로 - 교차로부근,화물,남,37세,경상,승용,남,40세,중상
2023080400100123,2023년 8월 4일 09시,금요일,경상북도 칠곡군 동명면,경상사고,0,0,1,0,차대차 - 기타,기타,건조,맑음,교차로 - 교차로안,승용,남,54세,상해없음,화물,남,41세,경상
2023080400100124,2023년 8월 4일 09시,금요일,경상북도 예천군 예천읍,중상사고,0,1,0,0,차대차 - 측면충돌,안전운전불이행,건조,맑음,단일로 - 기타,이륜,남,83세,중상,화물,남,50세,상해없음
2023080400100125,2023년 8월 4일 09시,금요일,경상북도 구미시 공단동,경상사고,0,0,1,0,차대차 - 기타,신호위반,건조,맑음,교차로 - 교차로안,승용,여,51세,상해없음,승용,남,35세,경상