사고번호,사고일시,요일,시군구,사고내용,사망자수,중상자수,경상자수,부상신고자수,사고유형,법규위반,노면상태,기상상태,도로형태,가해운전자 차종,가해운전자 성별,가해운전자 연령,가해운전자 상해정도,피해운전자 차종,피해운전자 성별,피해운전자 연령,피해운전자 상해정도
2023080400100235,2023년 8월 4일 12시,금요일,경상북도 김천시 신음동,경상사고,0,0,1,0,차대차 - 기타,안전운전불이행,건조,맑음,교차로 - 교차로부근,승용,남,35세,상해없음,승용,남,29세,경상
2023080400100317,2023년 8월 4일 14시,금요일,경상북도 청도군 금천면,중상사고,0,1,0,0,차대차 - 측면충돌,신호위반,건조,맑음,교차로 - 교차로안,이륜,남,87세,중상,승용,여,63세,상해없음
2023080400100354,2023년 8월 4일 15시,금요일,경상북도 경주시 인왕동,경상사고,0,0,4,0,차대차 - 측면충돌,중앙선침범,건조,맑음,단일로 - 기타,승용,남,47세,상해없음,승용,남,36세,경상
2023080400100355,2023년 8월 4일 15시,금요일,경상북도 영덕군 영해면,경상사고,0,0,2,0,차대차 - 추돌,안전운전불이행,건조,맑음,교차로 - 교차로부근,승용,남,62세,경상,승용,여,28세,경상
2023080400100356,2023년 8월 4일 15시,금요일,경상북도 포항시 남구 오천읍,경상사고,0,0,1,0,차대차 - 측면충돌,교차로운행방법위반,건조,맑음,교차로 - 교차로부근,특수,남,60세,상해없음,승용,여,64세,경상
2023080400100399,2023년 8월 4일 16시,금요일,경상북도 포항시 북구 용흥동,경상사고,0,0,1,0,차대차 - 측면충돌,교차로운행방법위반,건조,맑음,교차로 - 교차로안,이륜,남,55세,상해없음,승용,남,28세,경상
2023080400100401,2023년 8월 4일 16시,금요일,경상북도 상주시 헌신동,경상사고,0,0,1,0,차대차 - 기타,교차로운행방법위반,건조,맑음,교차로 - 교차로안,승용,남,48세,상해없음,승합,남,51세,상해없음
2023080400100402,2023년 8월 4일 16시,금요일,경상북도 문경시 점촌동,부상신고사고,0,0,0,2,차대사람 - 길가장자리구역통행중,안전운전불이행,건조,맑음,단일로 - 기타,승용,여,38세,부상신고,보행자,여,75세,부상신고
2023080400100403,2023년 8월 4일 16시,금요일,경상북도 청도군 풍각면,경상사고,0,0,1,0,차대사람 - 횡단중,보행자보호의무위반,건조,맑음,단일로 - 기타,승용,여,60세,상해없음,보행자,남,10세,경상
2023080400100404,2023년 8월 4일 16시,금요일,경상북도 포항시 남구 대잠동,경상사고,0,0,1,0,차대차 - 기타,안전운전불이행,건조,맑음,교차로 - 교차로부근,승합,남,62세,상해없음,승합,남,64세,경상
2023080400100465,2023년 8월 4일 17시,금요일,경상북도 청도군 청도읍,경상사고,0,0,1,0,차대차 - 후진중충돌,안전운전불이행,건조,맑음,교차로 - 교차로안,화물,남,71세,상해없음,승용,여,67세,경상
2023080400100466,2023년 8월 4일 17시,금요일,경상북도 구미시 인의동,경상사고,0,0,1,0,차대차 - 기타,안전운전불이행,건조,맑음,교차로 - 교차로부근,원동기,남,31세,경상,승용,남,72세,상해없음
2023080400100467,2023년 8월 4일 17시,금요일,경상북도 구미시 원평동,경상사고,0,0,1,0,차대사람 - 차도통행중,안전운전불이행,건조,맑음,단일로 - 기타,승용,남,42세,상해없음,보행자,남,7세,경상
2023080400100516,2023년 8월 4일 18시,금요일,경상북도 포항시 북구 용흥동,중상사고,0,1,0,0,차대차 - 측면충돌,교차로운행방법위반,건조,맑음,교차로 - 교차로안,승용,남,24세,상해없음,이륜,남,39세,중상
2023080400100517,2023년 8월 4일 18시,금요일,경상북도 구미시 원평동,경상사고,0,0,1,0,차대차 - 기타,안전운전불이행,건조,맑음,단일로 - 기타,이륜,남,28세,경상,승용,여,64세,상해없음
2023080400100518,2023년 8월 4일 18시,금요일,경상북도 영천시 북안면,경상사고,0,0,1,0,차대차 - 기타,신호위반,건조,맑음,단일로 - 기타,승용,남,32세,상해없음,승용,남,48세,경상
2023080400100556,2023년 8월 4일 19시,금요일,경상북도 구미시 송정동,경상사고,0,0,2,0,차대차 - 기타,안전운전불이행,건조,맑음,교차로 - 교차로안,기타불명,기타불명,미분류,기타불명,승용,남,54세,상해없음
2023080400100585,2023년 8월 4일 20시,금요일,경상북도 안동시 남문동,부상신고사고,0,0,0,1,차대차 - 측면충돌,신호위반,젖음/습기,비,교차로 - 교차로부근,원동기,남,45세,부상신고,승용,남,48세,상해없음
2023080400100617,2023년 8월 4일 21시,금요일,경상북도 영양군 입암면,중상사고,0,1,1,0,차대차 - 정면충돌,안전운전불이행,건조,맑음,교차로 - 교차로안,화물,여,53세,경상,승용,여,70세,중상
2023080400100649,2023년 8월 4일 22시,금요일,경상북도 포항시 북구 두호동,경상사고,0,0,1,0,차대사람 - 기타,안전운전불이행,건조,맑음,교차로 - 교차로안,승용,여,48세,상해없음,보행자,여,46세,경상
2023080400100650,2023년 8월 4일 22시,금요일,경상북도 칠곡군 왜관읍,경상사고,0,0,1,0,차대사람 - 기타,안전운전불이행,건조,맑음,단일로 - 기타,승용,남,63세,상해없음,보행자,여,71세,경상
2023080400100651,2023년 8월 4일 22시,금요일,경상북도 문경시 모전동,경상사고,0,0,1,0,차대사람 - 기타,안전운전불이행,건조,맑음,단일로 - 기타,승합,남,45세,상해없음,보행자,남,34세,경상
2023080400100652,2023년 8월 4일 22시,금요일,경상북도 포항시 남구 연일읍,부상신고사고,0,0,0,1,차대차 - 측면충돌,안전운전불이행,건조,맑음,교차로 - 교차로안,이륜,남,18세,상해없음,이륜,여,49세,부상신고
2023080400100672,2023년 8월 4일 23시,금요일,경상북도 경주시 외동읍,경상사고,0,0,1,0,차대차 - 추돌,안전운전불이행,건조,맑음,교차로 - 교차로부근,이륜,남,58세,상해없음,승용,여,27세,경상
2023080500100019,2023년 8월 5일 01시,토요일,경상북도 포항시 남구 대잠동,경상사고,0,0,1,0,차량단독 - 기타,안전운전불이행,건조,맑음,단일로 - 기타,승용,여,69세,상해없음,,,,
2023080500100040,2023년 8월 5일 04시,토요일,경상북도 경산시 계양동,경상사고,0,0,1,0,차량단독 - 공작물충돌,안전운전불이행,건조,맑음,단일로 - 기타,이륜,남,16세,경상,,,,
2023080500100064,2023년 8월 5일 06시,토요일,경상북도 포항시 남구 인덕동,경상사고,0,0,1,0,차대차 - 측면충돌,신호위반,건조,맑음,교차로 - 교차로부근,이륜,남,57세,경상,승용,남,55세,상해없음
2023080500100210,2023년 8월 5일 11시,토요일,경상북도 영주시 순흥면,경상사고,0,0,1,0,차대차 - 측면충돌,안전운전불이행,건조,맑음,단일로 - 기타,기타불명,기타불명,미분류,기타불명,승합,남,62세,상해없음
2023080500100211,2023년 8월 5일 11시,토요일,경상북도 영천시 완산동,부상신고사고,0,0,0,1,차대차 - 추돌,안전운전불이행,건조,맑음,단일로 - 기타,승용,여,58세,부상신고,화물,기타불명,미분류,기타불명
2023080500100212,2023년 8월 5일 11시,토요일,경상북도 문경시 산양면,경상사고,0,0,1,0,차대차 - 기타,차로위반,건조,맑음,단일로 - 기타,승용,여,65세,상해없음,승용,남,61세,상해없음
2023080500100248,2023년 8월 5일 12시,토요일,경상북도 상주시 은척면,경상사고,0,0,1,0,차대차 - 측면충돌,직진우회전진행방해,건조,맑음,교차로 - 교차로안,이륜,남,80세,상해없음,승용,남,68세,상해없음
2023080500100249,2023년 8월 5일 12시,토요일,경상북도 칠곡군 북삼읍,중상사고,0,1,2,0,차대차 - 측면충돌,직진우회전진행방해,건조,맑음,교차로 - 교차로안,승합,남,63세,경상,화물,남,24세,경상
2023080500100250,2023년 8월 5일 12시,토요일,경상북도 울진군 근남면,경상사고,0,0,2,0,차대차 - 추돌,안전운전불이행,건조,맑음,단일로 - 기타,승용,여,27세,상해없음,화물,남,20세,경상
2023080500100283,2023년 8월 5일 13시,토요일,경상북도 안동시 평화동,부상신고사고,0,0,0,1,차대차 - 기타,신호위반,건조,맑음,교차로 - 교차로안,이륜,남,76세,부상신고,승용,남,75세,상해없음
2023080500100284,2023년 8월 5일 13시,토요일,경상북도 영천시 신녕면,중상사고,0,1,0,0,차량단독 - 공작물충돌,안전운전불이행,건조,맑음,단일로 - 기타,승용,남,21세,중상,,,,
2023080500100316,2023년 8월 5일 14시,토요일,경상북도 구미시 옥계동,경상사고,0,0,1,0,차대차 - 측면충돌,안전운전불이행,건조,맑음,교차로 - 교차로안,이륜,남,33세,경상,승용,남,36세,상해없음
2023080500100317,2023년 8월 5일 14시,토요일,경상북도 포항시 남구 대잠동,부상신고사고,0,0,0,1,차대차 - 기타,교차로운행방법위반,건조,맑음,교차로 - 교차로안,승용,남,36세,상해없음,승용,남,61세,부상신고
2023080500100374,2023년 8월 5일 16시,토요일,경상북도 포항시 북구 청하면,경상사고,0,0,3,0,차대차 - 추돌,안전운전불이행,건조,맑음,단일로 - 교량,승용,남,41세,상해없음,승용,여,66세,경상
2023080500100375,2023년 8월 5일 16시,토요일,경상북도 영덕군 강구면,경상사고,0,0,2,0,차대차 - 측면충돌,안전운전불이행,건조,맑음,단일로 - 기타,승용,남,58세,상해없음,승용,남,24세,경상
2023080500100408,2023년 8월 5일 17시,토요일,경상북도 경주시 성건동,중상사고,0,1,0,0,차대차 - 측면충돌,기타,건조,맑음,교차로 - 교차로안,이륜,남,21세,상해없음,이륜,남,50세,중상
2023080500100409,2023년 8월 5일 17시,토요일,경상북도 김천시 어모면,중상사고,0,1,1,0,차대차 - 측면충돌,교차로운행방법위반,건조,맑음,교차로 - 교차로안,승용,남,28세,경상,승합,남,38세,상해없음
2023080500100410,2023년 8월 5일 17시,토요일,경상북도 칠곡군 왜관읍,경상사고,0,0,1,0,차대차 - 측면충돌,신호위반,건조,맑음,교차로 - 교차로안,승용,여,45세,상해없음,이륜,남,18세,경상
2023080500100452,2023년 8월 5일 18시,토요일,경상북도 경주시 강동면,경상사고,0,0,1,0,차량단독 - 공작물충돌,안전운전불이행,건조,맑음,교차로 - 교차로부근,이륜,남,69세,경상,,,,
2023080500100453,2023년 8월 5일 18시,토요일,경상북도 상주시 이안면,경상사고,0,0,2,0,차대차 - 기타,기타,건조,맑음,단일로 - 기타,화물,여,65세,상해없음,승용,남,57세,경상
2023080500100454,2023년 8월 5일 18시,토요일,경상북도 경산시 압량읍,경상사고,0,0,2,0,차대차 - 측면충돌,신호위반,건조,맑음,교차로 - 교차로안,화물,남,76세,경상,승용,여,59세,경상
2023080500100498,2023년 8월 5일 19시,토요일,경상북도 포항시 북구 두호동,경상사고,0,0,2,0,차대차 - 측면충돌,신호위반,건조,맑음,단일로 - 기타,승용,여,40세,상해없음,승용,남,25세,경상
2023080500100499,2023년 8월 5일 19시,토요일,경상북도 상주시 내서면,중상사고,0,1,0,1,차량단독 - 공작물충돌,안전운전불이행,건조,맑음,단일로 - 기타,승합,여,40세,상해없음,,,,
2023080500100500,2023년 8월 5일 19시,토요일,경상북도 경산시 압량읍,사망사고,1,1,1,0,차대차 - 측면충돌,신호위반,건조,맑음,교차로 - 교차로안,화물,남,74세,경상,화물,남,61세,중상
2023080500100547,2023년 8월 5일 21시,토요일,경상북도 경주시 조양동,중상사고,0,1,0,0,차대차 - 추돌,기타,건조,맑음,교차로 - 교차로부근,승용,남,27세,상해없음,승용,여,58세,중상
2023080500100548,2023년 8월 5일 21시,토요일,경상북도 구미시 남통동,부상신고사고,0,0,0,1,차량단독 - 기타,안전운전불이행,건조,맑음,기타 - 기타,자전거,남,19세,부상신고,,,,
2023080600100019,2023년 8월 6일 01시,일요일,경상북도 상주시 낙동면,중상사고,0,2,0,0,차대차 - 기타,차로위반,건조,맑음,단일로 - 기타,승용,남,65세,상해없음,승용,남,50세,중상
2023080600100054,2023년 8월 6일 05시,일요일,경상북도 경산시 압량읍,경상사고,0,0,1,0,차대차 - 측면충돌,안전운전불이행,건조,맑음,단일로 - 기타,승용,남,38세,상해없음,승용,남,42세,경상
2023080600100070,2023년 8월 6일 07시,일요일,경상북도 포항시 북구 두호동,중상사고,0,1,0,0,차대차 - 측면충돌,안전운전불이행,건조,맑음,단일로 - 기타,이륜,남,70세,중상,승용,남,49세,상해없음
2023080600100071,2023년 8월 6일 07시,일요일,경상북도 경산시 사동,경상사고,0,0,1,0,차대사람 - 횡단중,신호위반,건조,맑음,교차로 - 교차로안,화물,남,54세,상해없음,보행자,여,41세,경상
2023080600100072,2023년 8월 6일 07시,일요일,경상북도 청송군 청송읍,부상신고사고,0,0,0,1,차대차 - 측면충돌,안전운전불이행,건조,맑음,교차로 - 교차로안,사륜오토바이(ATV),여,78세,부상신고,승용,남,70세,상해없음
2023080600100073,2023년 8월 6일 07시,일요일,경상북도 구미시 해평면,중상사고,0,1,0,0,차대사람 - 횡단중,안전운전불이행,건조,맑음,단일로 - 기타,자전거,남,49세,상해없음,보행자,남,73세,중상
2023080600100104,2023년 8월 6일 09시,일요일,경상북도 경주시 노서동,중상사고,0,1,0,0,차대사람 - 기타,안전운전불이행,건조,맑음,단일로 - 기타,승용,여,51세,상해없음,보행자,여,85세,중상
2023080600100105,2023년 8월 6일 09시,일요일,경상북도 청송군 청송읍,중상사고,0,1,0,0,차대차 - 측면충돌,중앙선침범,건조,맑음,단일로 - 기타,화물,남,56세,상해없음,사륜오토바이(ATV),남,86세,상해없음
2023080600100121,2023년 8월 6일 10시,일요일,경상북도 성주군 대가면,경상사고,0,0,5,0,차대차 - 측면충돌,안전운전불이행,건조,맑음,단일로 - 기타,승용,남,36세,기타불명,승용,여,38세,경상
2023080600100122,2023년 8월 6일 10시,일요일,경상북도 포항시 남구 오천읍,경상사고,0,0,5,0,차대차 - 기타,중앙선침범,건조,맑음,단일로 - 기타,화물,남,72세,상해없음,승합,남,48세,경상
2023080600100178,2023년 8월 6일 12시,일요일,경상북도 안동시 풍산읍,경상사고,0,0,1,0,차량단독 - 기타,안전운전불이행,건조,맑음,단일로 - 기타,화물,남,74세,경상,,,,
2023080600100197,2023년 8월 6일 13시,일요일,경상북도 경산시 정평동,경상사고,0,0,2,0,차대차 - 추돌,안전운전불이행,건조,맑음,단일로 - 기타,승용,여,27세,상해없음,승용,여,47세,경상
2023080600100225,2023년 8월 6일 14시,일요일,경상북도 경주시 율동,중상사고,0,1,1,0,차대차 - 추돌,안전운전불이행,건조,맑음,단일로 - 기타,승용,남,28세,상해없음,승용,남,53세,경상
2023080600100226,2023년 8월 6일 14시,일요일,경상북도 포항시 남구 대도동,경상사고,0,0,1,0,차대차 - 정면충돌,중앙선침범,건조,맑음,단일로 - 기타,승용,여,26세,상해없음,자전거,여,55세,경상
2023080600100227,2023년 8월 6일 14시,일요일,경상북도 포항시 남구 구룡포읍,부상신고사고,0,0,0,2,차대차 - 추돌,안전거리미확보,건조,맑음,교차로 - 교차로부근,화물,남,76세,상해없음,승용,남,64세,부상신고
2023080600100287,2023년 8월 6일 16시,일요일,경상북도 영주시 이산면,중상사고,0,1,0,0,차대차 - 측면충돌,교차로운행방법위반,건조,맑음,교차로 - 교차로안,승용,남,41세,상해없음,자전거,남,49세,중상
2023080600100288,2023년 8월 6일 16시,일요일,경상북도 김천시 아포읍,중상사고,0,2,1,0,차량단독 - 공작물충돌,안전운전불이행,건조,맑음,단일로 - 기타,승용,남,28세,경상,,,,
2023080600100332,2023년 8월 6일 18시,일요일,경상북도 포항시 북구 창포동,경상사고,0,0,1,0,차대차 - 기타,안전거리미확보,건조,맑음,단일로 - 기타,이륜,남,44세,경상,승용,남,50세,상해없음
2023080600100361,2023년 8월 6일 19시,일요일,경상북도 경주시 황성동,경상사고,0,0,1,0,차대차 - 기타,신호위반,건조,맑음,교차로 - 교차로안,승용,남,70세,상해없음,승용,여,47세,경상
2023080600100362,2023년 8월 6일 19시,일요일,경상북도 포항시 북구 장성동,경상사고,0,0,1,0,차대차 - 기타,중앙선침범,건조,맑음,교차로 - 교차로부근,화물,남,66세,상해없음,승용,남,40세,경상
2023080600100381,2023년 8월 6일 20시,일요일,경상북도 의성군 춘산면,중상사고,0,1,0,0,차량단독 - 도로외이탈 - 기타,안전운전불이행,건조,맑음,교차로 - 교차로부근,화물,남,67세,중상,,,,
2023080600100382,2023년 8월 6일 20시,일요일,경상북도 칠곡군 왜관읍,경상사고,0,0,1,0,차대차 - 추돌,안전운전불이행,건조,맑음,교차로 - 교차로부근,승용,남,44세,상해없음,승용,남,63세,경상
2023080600100421,2023년 8월 6일 22시,일요일,경상북도 경산시 진량읍,중상사고,0,1,0,0,차대사람 - 차도통행중,안전운전불이행,건조,맑음,단일로 - 기타,승용,남,46세,상해없음,보행자,남,38세,중상
2023080600100435,2023년 8월 6일 23시,일요일,경상북도 문경시 문경읍,경상사고,0,0,1,0,차량단독 - 공작물충돌,안전운전불이행,젖음/습기,비,단일로 - 기타,승용,남,23세,경상,,,,
2023080700100015,2023년 8월 7일 02시,월요일,경상북도 구미시 인의동,부상신고사고,0,0,0,1,차량단독 - 공작물충돌,안전운전불이행,건조,맑음,단일로 - 기타,개인형이동수단(PM),남,25세,부상신고,,,,
2023080700100023,2023년 8월 7일 03시,월요일,경상북도 구미시 신평동,중상사고,0,1,0,0,차대사람 - 횡단중,안전운전불이행,건조,맑음,교차로 - 교차로안,화물,남,62세,상해없음,보행자,남,38세,중상
2023080700100058,2023년 8월 7일 07시,월요일,경상북도 경주시 안강읍,중상사고,0,1,0,0,차대사람 - 기타,안전운전불이행,건조,맑음,교차로 - 교차로안,승용,남,49세,상해없음,보행자,남,56세,중상
2023080700100059,2023년 8월 7일 07시,월요일,경상북도 포항시 북구 대흥동,경상사고,0,0,3,0,차대차 - 측면충돌,안전운전불이행,건조,맑음,교차로 - 교차로부근,승용,남,71세,상해없음,승용,여,44세,상해없음
2023080700100095,2023년 8월 7일 08시,월요일,경상북도 청도군 풍각면,경상사고,0,0,1,0,차대차 - 측면충돌,안전운전불이행,건조,맑음,교차로 - 교차로안,승용,여,24세,상해없음,사륜오토바이(ATV),여,87세,경상
2023080700100140,2023년 8월 7일 09시,월요일,경상북도 경주시 감포읍,중상사고,0,1,0,0,차대사람 - 보도통행중,안전운전불이행,건조,맑음,교차로 - 교차로부근,기타불명,여,70세,상해없음,보행자,남,78세,중상
2023080700100180,2023년 8월 7일 10시,월요일,경상북도 포항시 북구 양덕동,경상사고,0,0,2,0,차대차 - 측면충돌,교차로운행방법위반,건조,맑음,교차로 - 교차로안,승용,여,67세,상해없음,승합,남,50세,경상
2023080700100181,2023년 8월 7일 10시,월요일,경상북도 성주군 성주읍,경상사고,0,0,2,0,차대차 - 추돌,안전운전불이행,건조,맑음,단일로 - 기타,승용,남,22세,경상,화물,남,71세,경상
2023080700100261,2023년 8월 7일 12시,월요일,경상북도 포항시 남구 오천읍,경상사고,0,0,1,0,차대차 - 측면충돌,안전운전불이행,건조,맑음,단일로 - 기타,승용,여,45세,상해없음,승용,남,42세,경상
2023080700100329,2023년 8월 7일 14시,월요일,경상북도 영천시 화룡동,경상사고,0,0,1,0,차대차 - 측면충돌,안전운전불이행,건조,맑음,교차로 - 교차로부근,화물,남,51세,상해없음,승용,남,59세,경상
2023080700100361,2023년 8월 7일 15시,월요일,경상북도 포항시 북구 죽도동,경상사고,0,0,1,0,차대사람 - 기타,기타,건조,맑음,단일로 - 기타,승용,남,42세,상해없음,보행자,남,39세,경상
2023080700100362,2023년 8월 7일 15시,월요일,경상북도 청도군 화양읍,경상사고,0,0,1,0,차대차 - 기타,안전운전불이행,건조,맑음,단일로 - 기타,화물,남,49세,상해없음,승용,남,75세,경상
2023080700100363,2023년 8월 7일 15시,월요일,경상북도 포항시 남구 오천읍,경상사고,0,0,1,0,차대차 - 측면충돌,안전운전불이행,건조,맑음,기타 - 기타,승용,남,68세,상해없음,승용,여,41세,경상
2023080700100405,2023년 8월 7일 16시,월요일,경상북도 경주시 용강동,경상사고,0,0,1,0,차대차 - 측면충돌,안전운전불이행,건조,맑음,교차로 - 교차로안,승용,남,39세,상해없음,승용,남,47세,경상
2023080700100406,2023년 8월 7일 16시,월요일,경상북도 영주시 상줄동,경상사고,0,0,1,1,차대차 - 추돌,안전운전불이행,건조,맑음,단일로 - 기타,승용,여,41세,부상신고,화물,남,72세,경상
2023080700100407,2023년 8월 7일 16시,월요일,경상북도 성주군 벽진면,중상사고,0,1,1,0,차대차 - 기타,직진우회전진행방해,건조,맑음,교차로 - 교차로안,승용,여,57세,기타불명,화물,여,64세,중상
2023080700100449,2023년 8월 7일 17시,월요일,경상북도 예천군 예천읍,중상사고,0,2,0,0,차대차 - 정면충돌,중앙선침범,건조,흐림,단일로 - 기타,승용,남,47세,중상,승용,여,54세,중상
2023080700100450,2023년 8월 7일 17시,월요일,경상북도 구미시 구포동,경상사고,0,0,1,0,차대차 - 기타,안전거리미확보,건조,맑음,단일로 - 기타,승용,남,31세,상해없음,이륜,남,35세,경상
2023080700100451,2023년 8월 7일 17시,월요일,경상북도 포항시 남구 송도동,경상사고,0,0,1,0,차대차 - 후진중충돌,안전운전불이행,건조,흐림,단일로 - 기타,승용,남,61세,상해없음,승용,여,34세,경상
2023080700100488,2023년 8월 7일 18시,월요일,경상북도 안동시 길안면,경상사고,0,0,1,0,차량단독 - 공작물충돌,안전운전불이행,건조,맑음,단일로 - 기타,승용,남,65세,상해없음,,,,
2023080700100490,2023년 8월 7일 18시,월요일,경상북도 영덕군 영해면,경상사고,0,0,1,0,차대차 - 후진중충돌,안전운전불이행,건조,맑음,교차로 - 교차로부근,승용,남,75세,상해없음,승용,여,48세,경상
2023080700100491,2023년 8월 7일 18시,월요일,경상북도 포항시 남구 연일읍,경상사고,0,0,1,0,차대사람 - 기타,안전운전불이행,건조,맑음,단일로 - 기타,승용,남,32세,상해없음,보행자,남,41세,경상
2023080700100492,2023년 8월 7일 18시,월요일,경상북도 포항시 남구 장기면,경상사고,0,0,1,0,차량단독 - 기타,안전운전불이행,건조,맑음,단일로 - 기타,이륜,남,21세,경상,,,,
2023080700100560,2023년 8월 7일 20시,월요일,경상북도 김천시 지좌동,경상사고,0,0,1,0,차대차 - 측면충돌,안전운전불이행,건조,맑음,교차로 - 교차로안,화물,남,42세,상해없음,승용,여,49세,경상
2023080700100561,2023년 8월 7일 20시,월요일,경상북도 포항시 남구 오천읍,경상사고,0,0,1,0,차대사람 - 기타,안전운전불이행,건조,맑음,기타 - 기타,승용,남,51세,상해없음,보행자,남,50세,경상
2023080700100579,2023년 8월 7일 21시,월요일,경상북도 포항시 북구 양덕동,중상사고,0,1,0,0,차대사람 - 길가장자리구역통행중,안전운전불이행,건조,맑음,교차로 - 교차로안,승용,여,31세,상해없음,보행자,여,42세,중상
2023080700100614,2023년 8월 7일 23시,월요일,경상북도 안동시 태화동,부상신고사고,0,0,0,1,차대사람 - 횡단중,안전운전불이행,건조,맑음,교차로 - 교차로횡단보도내,승용,남,54세,기타불명,보행자,남,42세,부상신고
2023080800100039,2023년 8월 8일 06시,화요일,경상북도 영덕군 병곡면,중상사고,0,1,1,0,차대차 - 측면충돌,교차로운행방법위반,건조,맑음,교차로 - 교차로안,승합,남,62세,경상,이륜,남,83세,중상
2023080800100062,2023년 8월 8일 07시,화요일,경상북도 경산시 평산동,중상사고,0,1,0,0,차대차 - 추돌,안전거리미확보,건조,맑음,단일로 - 기타,이륜,남,50세,중상,승합,남,63세,상해없음
2023080800100141,2023년 8월 8일 09시,화요일,경상북도 영덕군 강구면,사망사고,1,0,0,0,차대사람 - 횡단중,안전운전불이행,건조,맑음,교차로 - 교차로안,화물,남,66세,상해없음,보행자,여,80세,사망
2023080800100172,2023년 8월 8일 10시,화요일,경상북도 영천시 청통면,중상사고,0,2,0,0,차대차 - 측면충돌,안전운전불이행,건조,맑음,단일로 - 기타,화물,남,67세,상해없음,이륜,남,85세,중상
2023080800100173,2023년 8월 8일 10시,화요일,경상북도 포항시 남구 구룡포읍,부상신고사고,0,0,0,1,차대차 - 측면충돌,안전운전불이행,건조,맑음,단일로 - 기타,화물,남,71세,부상신고,승용,남,64세,상해없음
2023080800100207,2023년 8월 8일 11시,화요일,경상북도 안동시 풍산읍,경상사고,0,0,2,0,차대차 - 측면충돌,교차로운행방법위반,건조,맑음,교차로 - 교차로부근,승용,여,43세,상해없음,농기계,남,58세,경상
2023080800100208,2023년 8월 8일 11시,화요일,경상북도 상주시 죽전동,중상사고,0,1,0,0,차대차 - 기타,중앙선침범,건조,맑음,단일로 - 기타,화물,남,67세,상해없음,이륜,남,63세,중상
2023080800100209,2023년 8월 8일 11시,화요일,경상북도 영천시 화룡동,경상사고,0,0,1,0,차대차 - 후진중충돌,안전운전불이행,건조,맑음,교차로 - 교차로안,화물,남,77세,상해없음,승용,남,33세,경상
2023080800100210,2023년 8월 8일 11시,화요일,경상북도 문경시 흥덕동,경상사고,0,0,1,0,차대차 - 측면충돌,안전운전불이행,건조,맑음,교차로 - 교차로안,화물,남,80세,상해없음,승용,여,73세,경상
2023080800100247,2023년 8월 8일 12시,화요일,경상북도 경주시 황성동,경상사고,0,0,1,0,차대차 - 정면충돌,신호위반,건조,맑음,교차로 - 교차로안,승용,남,50세,상해없음,사륜오토바이(ATV),남,36세,경상
2023080800100285,2023년 8월 8일 13시,화요일,경상북도 경주시 동천동,중상사고,0,1,0,0,차대차 - 기타,안전운전불이행,건조,맑음,교차로 - 교차로안,이륜,남,17세,중상,승용,여,67세,상해없음
2023080800100286,2023년 8월 8일 13시,화요일,경상북도 안동시 풍산읍,중상사고,0,1,0,0,차대차 - 기타,교차로운행방법위반,건조,맑음,교차로 - 교차로안,화물,남,64세,상해없음,승합,남,36세,상해없음
2023080800100287,2023년 8월 8일 13시,화요일,경상북도 안동시 용상동,경상사고,0,0,1,1,차대차 - 기타,안전운전불이행,건조,맑음,교차로 - 교차로안,이륜,남,38세,부상신고,승용,남,42세,경상
2023080800100288,2023년 8월 8일 13시,화요일,경상북도 영덕군 강구면,경상사고,0,0,2,0,차대차 - 측면충돌,신호위반,건조,맑음,교차로 - 교차로안,승용,여,29세,상해없음,승용,남,29세,경상
2023080800100289,2023년 8월 8일 13시,화요일,경상북도 청도군 화양읍,경상사고,0,0,1,0,차대차 - 측면충돌,안전거리미확보,건조,맑음,단일로 - 기타,승용,여,73세,상해없음,승용,남,74세,경상
2023080800100330,2023년 8월 8일 14시,화요일,경상북도 문경시 마성면,경상사고,0,0,2,0,차대차 - 추돌,안전거리미확보,건조,맑음,단일로 - 기타,화물,남,69세,상해없음,화물,남,58세,경상
2023080800100368,2023년 8월 8일 15시,화요일,경상북도 상주시 남성동,경상사고,0,0,1,0,차대차 - 추돌,안전운전불이행,젖음/습기,맑음,단일로 - 지하차도(도로)내,승용,여,62세,상해없음,승용,여,54세,경상
2023080800100369,2023년 8월 8일 15시,화요일,경상북도 칠곡군 북삼읍,경상사고,0,0,2,0,차대차 - 기타,기타,건조,맑음,단일로 - 기타,화물,남,51세,경상,승용,남,55세,경상
2023080800100401,2023년 8월 8일 16시,화요일,경상북도 포항시 북구 죽도동,경상사고,0,0,2,0,차대차 - 측면충돌,안전운전불이행,건조,맑음,단일로 - 기타,승용,여,59세,상해없음,승용,남,43세,경상
2023080800100402,2023년 8월 8일 16시,화요일,경상북도 경산시 진량읍,중상사고,0,1,0,0,차대사람 - 차도통행중,안전운전불이행,건조,맑음,단일로 - 기타,승용,남,23세,상해없음,보행자,여,20세,중상
2023080800100403,2023년 8월 8일 16시,화요일,경상북도 고령군 개진면,중상사고,0,1,0,0,차대차 - 기타,안전운전불이행,건조,맑음,단일로 - 기타,승용,남,66세,상해없음,승용,남,68세,중상
2023080800100446,2023년 8월 8일 17시,화요일,경상북도 경주시 강동면,중상사고,0,1,0,0,차대차 - 정면충돌,중앙선침범,건조,맑음,단일로 - 기타,승용,여,42세,상해없음,승용,여,49세,중상
2023080800100447,2023년 8월 8일 17시,화요일,경상북도 의성군 의성읍,경상사고,0,0,1,0,차대차 - 측면충돌,신호위반,건조,맑음,교차로 - 교차로부근,승용,여,53세,상해없음,승용,여,56세,경상