사고번호,사고일시,요일,시군구,사고내용,사망자수,중상자수,경상자수,부상신고자수,사고유형,법규위반,노면상태,기상상태,도로형태,가해운전자 차종,가해운전자 성별,가해운전자 연령,가해운전자 상해정도,피해운전자 차종,피해운전자 성별,피해운전자 연령,피해운전자 상해정도
2023080800100448,2023년 8월 8일 17시,화요일,경상북도 예천군 호명면,중상사고,0,1,0,0,차대차 - 측면충돌,안전운전불이행,건조,맑음,교차로 - 교차로부근,이륜,남,66세,중상,화물,남,62세,상해없음
2023080800100496,2023년 8월 8일 18시,화요일,경상북도 포항시 남구 상도동,경상사고,0,0,1,0,차대차 - 측면충돌,안전운전불이행,건조,맑음,단일로 - 기타,이륜,남,66세,경상,승용,여,47세,상해없음
2023080800100524,2023년 8월 8일 19시,화요일,경상북도 안동시 운흥동,중상사고,0,1,0,1,차대차 - 기타,안전운전불이행,젖음/습기,맑음,교차로 - 교차로안,승용,남,64세,부상신고,이륜,남,24세,중상
2023080800100525,2023년 8월 8일 19시,화요일,경상북도 구미시 공단동,경상사고,0,0,1,0,차대차 - 측면충돌,안전운전불이행,건조,맑음,교차로 - 교차로안,승용,여,27세,상해없음,자전거,남,75세,경상
2023080800100551,2023년 8월 8일 20시,화요일,경상북도 포항시 북구 우현동,경상사고,0,0,2,0,차대차 - 정면충돌,중앙선침범,건조,맑음,기타 - 기타,승용,여,39세,경상,승용,여,44세,경상
2023080800100552,2023년 8월 8일 20시,화요일,경상북도 영덕군 강구면,경상사고,0,0,1,0,차대사람 - 횡단중,안전운전불이행,건조,맑음,단일로 - 기타,승용,여,40세,상해없음,보행자,남,56세,경상
2023080800100553,2023년 8월 8일 20시,화요일,경상북도 포항시 남구 이동,경상사고,0,0,1,1,차대사람 - 횡단중,보행자보호의무위반,건조,맑음,교차로 - 교차로횡단보도내,화물,남,63세,상해없음,보행자,여,43세,경상
2023080800100577,2023년 8월 8일 21시,화요일,경상북도 김천시 지좌동,부상신고사고,0,0,0,1,차량단독 - 전도전복 - 전도,안전운전불이행,건조,맑음,단일로 - 기타,이륜,남,57세,부상신고,,,,
2023080800100598,2023년 8월 8일 22시,화요일,경상북도 포항시 북구 두호동,경상사고,0,0,1,0,차량단독 - 기타,기타,건조,맑음,교차로 - 교차로안,승합,남,43세,상해없음,,,,
2023080800100599,2023년 8월 8일 22시,화요일,경상북도 포항시 남구 오천읍,경상사고,0,0,2,0,차대차 - 추돌,교차로운행방법위반,건조,맑음,교차로 - 교차로부근,승용,남,60세,상해없음,승용,여,41세,경상
2023080800100611,2023년 8월 8일 23시,화요일,경상북도 포항시 북구 용흥동,중상사고,0,1,0,0,차대차 - 기타,안전운전불이행,건조,맑음,단일로 - 기타,승용,남,38세,상해없음,승용,남,24세,중상
2023080800100612,2023년 8월 8일 23시,화요일,경상북도 청송군 청송읍,중상사고,0,1,1,0,차대차 - 정면충돌,중앙선침범,건조,맑음,단일로 - 기타,승용,남,20세,상해없음,화물,남,50세,경상
2023080900100033,2023년 8월 9일 04시,수요일,경상북도 의성군 비안면,중상사고,0,1,1,0,차대차 - 추돌,안전운전불이행,건조,맑음,단일로 - 기타,승용,남,29세,중상,농기계,남,64세,경상
2023080900100050,2023년 8월 9일 06시,수요일,경상북도 경주시 천군동,경상사고,0,0,1,0,차대차 - 측면충돌,안전거리미확보,건조,맑음,교차로 - 교차로부근,이륜,남,65세,경상,승용,여,43세,상해없음
2023080900100051,2023년 8월 9일 06시,수요일,경상북도 포항시 북구 죽도동,경상사고,0,0,1,0,차대차 - 측면충돌,안전운전불이행,건조,맑음,단일로 - 기타,화물,남,67세,상해없음,승용,남,24세,경상
2023080900100132,2023년 8월 9일 09시,수요일,경상북도 안동시 용상동,경상사고,0,0,2,0,차대차 - 후진중충돌,안전운전불이행,건조,맑음,단일로 - 기타,승용,남,47세,상해없음,승용,남,47세,경상
2023080900100168,2023년 8월 9일 10시,수요일,경상북도 포항시 북구 장성동,경상사고,0,0,1,0,차대차 - 측면충돌,안전운전불이행,건조,맑음,주차장 - 주차장,승용,여,64세,상해없음,승용,남,25세,경상
2023080900100169,2023년 8월 9일 10시,수요일,경상북도 문경시 모전동,경상사고,0,0,4,0,차대차 - 추돌,교차로운행방법위반,건조,맑음,교차로 - 교차로안,승용,여,64세,상해없음,승용,남,33세,경상
2023080900100194,2023년 8월 9일 11시,수요일,경상북도 영덕군 창수면,중상사고,0,1,0,0,차량단독 - 공작물충돌,안전운전불이행,젖음/습기,비,단일로 - 기타,화물,여,64세,중상,,,,
2023080900100237,2023년 8월 9일 12시,수요일,경상북도 안동시 길안면,중상사고,0,1,1,0,차량단독 - 공작물충돌,안전운전불이행,젖음/습기,흐림,단일로 - 기타,화물,남,71세,경상,,,,
2023080900100238,2023년 8월 9일 12시,수요일,경상북도 구미시 선산읍,경상사고,0,0,1,0,차대차 - 기타,안전운전불이행,젖음/습기,비,교차로 - 교차로안,이륜,여,76세,경상,승용,남,68세,상해없음
2023080900100239,2023년 8월 9일 12시,수요일,경상북도 포항시 남구 청림동,경상사고,0,0,1,0,차대차 - 측면충돌,직진우회전진행방해,젖음/습기,비,교차로 - 교차로안,승용,여,56세,경상,승용,남,55세,상해없음
2023080900100307,2023년 8월 9일 14시,수요일,경상북도 의성군 봉양면,중상사고,0,1,1,0,차대차 - 측면충돌,중앙선침범,젖음/습기,비,교차로 - 교차로부근,화물,남,71세,중상,화물,남,39세,경상
2023080900100308,2023년 8월 9일 14시,수요일,경상북도 영덕군 강구면,경상사고,0,0,2,0,차대차 - 측면충돌,교차로운행방법위반,건조,맑음,교차로 - 교차로안,승용,여,51세,경상,승용,여,56세,경상
2023080900100347,2023년 8월 9일 15시,수요일,경상북도 경산시 하양읍,경상사고,0,0,1,0,차대차 - 추돌,안전거리미확보,젖음/습기,비,교차로 - 교차로안,승용,여,23세,상해없음,승용,여,37세,경상
2023080900100378,2023년 8월 9일 16시,수요일,경상북도 칠곡군 석적읍,경상사고,0,0,3,0,차대차 - 측면충돌,중앙선침범,건조,맑음,단일로 - 기타,화물,남,79세,경상,승용,남,63세,경상
2023080900100379,2023년 8월 9일 16시,수요일,경상북도 구미시 임은동,경상사고,0,0,1,0,차대사람 - 차도통행중,안전운전불이행,젖음/습기,비,교차로 - 교차로부근,승용,여,57세,상해없음,보행자,남,62세,경상
2023080900100417,2023년 8월 9일 17시,수요일,경상북도 의성군 의성읍,중상사고,0,1,0,0,차대사람 - 기타,안전운전불이행,젖음/습기,비,단일로 - 기타,승용,남,57세,상해없음,보행자,여,84세,중상
2023080900100418,2023년 8월 9일 17시,수요일,경상북도 고령군 쌍림면,경상사고,0,0,1,0,차대차 - 측면충돌,안전운전불이행,젖음/습기,비,교차로 - 교차로안,화물,남,62세,상해없음,승용,남,62세,경상
2023080900100459,2023년 8월 9일 18시,수요일,경상북도 성주군 성주읍,중상사고,0,1,0,0,차량단독 - 공작물충돌,안전운전불이행,젖음/습기,비,교차로 - 교차로부근,화물,남,61세,중상,,,,
2023080900100460,2023년 8월 9일 18시,수요일,경상북도 구미시 비산동,경상사고,0,0,1,0,차대차 - 기타,직진우회전진행방해,젖음/습기,비,교차로 - 교차로안,승합,여,40세,상해없음,승용,남,34세,경상
2023080900100461,2023년 8월 9일 18시,수요일,경상북도 영주시 풍기읍,중상사고,0,1,0,0,차대차 - 기타,신호위반,젖음/습기,비,단일로 - 터널,화물,남,41세,상해없음,승용,남,48세,중상
2023080900100499,2023년 8월 9일 19시,수요일,경상북도 구미시 사곡동,경상사고,0,0,1,0,차대차 - 측면충돌,안전운전불이행,젖음/습기,비,단일로 - 기타,승용,남,59세,상해없음,이륜,남,37세,경상
2023080900100571,2023년 8월 9일 21시,수요일,경상북도 경주시 성건동,경상사고,0,0,1,0,차대사람 - 차도통행중,안전운전불이행,건조,맑음,교차로 - 교차로부근,승용,남,30세,상해없음,보행자,여,57세,경상
2023080900100572,2023년 8월 9일 21시,수요일,경상북도 예천군 예천읍,중상사고,0,1,0,0,차대사람 - 기타,안전운전불이행,젖음/습기,비,단일로 - 기타,승용,남,43세,상해없음,보행자,남,54세,중상
2023080900100600,2023년 8월 9일 22시,수요일,경상북도 칠곡군 지천면,경상사고,0,0,2,0,차대차 - 측면충돌,안전운전불이행,건조,맑음,교차로 - 교차로부근,승용,남,54세,상해없음,승용,여,53세,경상
2023081000100005,2023년 8월 10일 00시,목요일,경상북도 울릉군 울릉읍,중상사고,0,1,0,0,차대사람 - 차도통행중,안전운전불이행,건조,맑음,단일로 - 기타,승용,남,47세,상해없음,보행자,여,47세,중상
2023081000100056,2023년 8월 10일 06시,목요일,경상북도 포항시 북구 두호동,경상사고,0,0,1,0,차대차 - 추돌,안전거리미확보,젖음/습기,비,교차로 - 교차로부근,승용,남,62세,상해없음,승용,남,55세,경상
2023081000100069,2023년 8월 10일 07시,목요일,경상북도 구미시 임은동,경상사고,0,0,1,0,차대차 - 기타,신호위반,젖음/습기,비,단일로 - 기타,화물,남,73세,상해없음,승용,남,29세,경상
2023081000100089,2023년 8월 10일 08시,목요일,경상북도 영양군 입암면,경상사고,0,0,1,0,차량단독 - 기타,안전운전불이행,젖음/습기,비,단일로 - 기타,화물,남,72세,경상,,,,
2023081000100117,2023년 8월 10일 09시,목요일,경상북도 경산시 사정동,경상사고,0,0,1,0,차대사람 - 횡단중,안전운전불이행,젖음/습기,흐림,교차로 - 교차로부근,승용,남,66세,상해없음,보행자,여,73세,경상
2023081000100167,2023년 8월 10일 11시,목요일,경상북도 경주시 하동,중상사고,0,1,0,0,차대차 - 기타,중앙선침범,젖음/습기,비,단일로 - 기타,화물,남,51세,상해없음,승용,남,38세,중상
2023081000100191,2023년 8월 10일 12시,목요일,경상북도 안동시 옥동,경상사고,0,0,1,0,차대차 - 기타,안전운전불이행,젖음/습기,비,교차로 - 교차로안,승용,남,57세,상해없음,이륜,남,43세,경상
2023081000100211,2023년 8월 10일 13시,목요일,경상북도 상주시 남성동,중상사고,0,1,0,0,차대사람 - 횡단중,보행자보호의무위반,젖음/습기,비,교차로 - 교차로횡단보도내,승용,남,71세,상해없음,보행자,여,54세,중상
2023081000100237,2023년 8월 10일 14시,목요일,경상북도 구미시 황상동,경상사고,0,0,3,0,차대차 - 측면충돌,직진우회전진행방해,젖음/습기,비,교차로 - 교차로안,승용,남,27세,경상,화물,남,27세,경상
2023081000100238,2023년 8월 10일 14시,목요일,경상북도 칠곡군 왜관읍,경상사고,0,0,2,0,차대차 - 측면충돌,안전운전불이행,젖음/습기,비,단일로 - 기타,화물,남,69세,경상,화물,남,33세,경상
2023081000100260,2023년 8월 10일 15시,목요일,경상북도 의성군 의성읍,중상사고,0,1,0,0,차대사람 - 기타,안전운전불이행,젖음/습기,비,주차장 - 주차장,승용,남,38세,상해없음,보행자,남,65세,중상
2023081000100261,2023년 8월 10일 15시,목요일,경상북도 구미시 도량동,경상사고,0,0,1,0,차대차 - 추돌,안전운전불이행,젖음/습기,비,단일로 - 기타,화물,여,63세,상해없음,승용,남,55세,경상
2023081000100326,2023년 8월 10일 17시,목요일,경상북도 경주시 노서동,경상사고,0,0,2,0,차대차 - 측면충돌,신호위반,건조,맑음,교차로 - 교차로안,승용,여,45세,상해없음,승용,남,31세,경상
2023081000100327,2023년 8월 10일 17시,목요일,경상북도 칠곡군 가산면,경상사고,0,0,2,0,차대차 - 추돌,안전운전불이행,건조,맑음,단일로 - 지하차도(도로)내,승용,남,57세,상해없음,승용,여,44세,경상
2023081000100359,2023년 8월 10일 18시,목요일,경상북도 안동시 남후면,중상사고,0,2,0,0,차량단독 - 공작물충돌,안전운전불이행,젖음/습기,비,단일로 - 교량,화물,남,41세,중상,,,,
2023081000100360,2023년 8월 10일 18시,목요일,경상북도 칠곡군 북삼읍,경상사고,0,0,5,0,차대차 - 측면충돌,교차로운행방법위반,건조,맑음,교차로 - 교차로안,승용,남,52세,경상,승용,여,47세,경상
2023081000100388,2023년 8월 10일 19시,목요일,경상북도 구미시 공단동,경상사고,0,0,2,0,차대차 - 정면충돌,안전운전불이행,건조,맑음,교차로 - 교차로안,승용,남,25세,상해없음,승용,남,24세,경상
2023081000100389,2023년 8월 10일 19시,목요일,경상북도 포항시 남구 효자동,경상사고,0,0,2,0,차대차 - 추돌,안전거리미확보,건조,맑음,단일로 - 기타,이륜,남,27세,경상,승용,남,38세,경상
2023081000100413,2023년 8월 10일 20시,목요일,경상북도 포항시 북구 대신동,경상사고,0,0,3,0,차대차 - 측면충돌,안전운전불이행,건조,맑음,단일로 - 기타,승용,남,74세,상해없음,승합,남,25세,경상
2023081000100414,2023년 8월 10일 20시,목요일,경상북도 포항시 북구 흥해읍,경상사고,0,0,1,0,차대차 - 측면충돌,직진우회전진행방해,건조,맑음,교차로 - 교차로안,승용,남,57세,상해없음,승용,남,25세,경상
2023081000100415,2023년 8월 10일 20시,목요일,경상북도 영천시 오미동,경상사고,0,0,1,0,차대차 - 기타,안전운전불이행,건조,맑음,단일로 - 기타,승용,남,62세,상해없음,화물,남,37세,경상
2023081100100016,2023년 8월 11일 01시,금요일,경상북도 포항시 남구 동해면,중상사고,0,1,0,0,차량단독 - 공작물충돌,안전운전불이행,젖음/습기,맑음,단일로 - 기타,이륜,남,21세,상해없음,,,,
2023081100100022,2023년 8월 11일 02시,금요일,경상북도 구미시 봉곡동,경상사고,0,0,2,0,차대차 - 추돌,안전운전불이행,건조,맑음,교차로 - 교차로부근,승용,남,38세,경상,화물,남,48세,경상
2023081100100066,2023년 8월 11일 07시,금요일,경상북도 안동시 풍천면,중상사고,0,1,0,0,차대차 - 기타,안전운전불이행,건조,맑음,교차로 - 교차로안,화물,남,44세,상해없음,승합,남,44세,중상
2023081100100067,2023년 8월 11일 07시,금요일,경상북도 포항시 남구 연일읍,경상사고,0,0,1,0,차대차 - 측면충돌,직진우회전진행방해,건조,맑음,교차로 - 교차로안,승용,남,65세,상해없음,승용,남,46세,경상
2023081100100098,2023년 8월 11일 08시,금요일,경상북도 경주시 탑동,경상사고,0,0,1,0,차대차 - 측면충돌,신호위반,건조,맑음,교차로 - 교차로안,화물,남,58세,상해없음,승용,남,82세,경상
2023081100100099,2023년 8월 11일 08시,금요일,경상북도 경주시 충효동,경상사고,0,0,1,0,차대차 - 측면충돌,안전운전불이행,건조,맑음,단일로 - 기타,승용,남,27세,상해없음,승용,남,48세,경상
2023081100100100,2023년 8월 11일 08시,금요일,경상북도 성주군 용암면,부상신고사고,0,0,0,1,차대차 - 기타,직진우회전진행방해,건조,맑음,교차로 - 교차로안,승용,여,48세,상해없음,화물,남,47세,부상신고
2023081100100102,2023년 8월 11일 08시,금요일,경상북도 포항시 남구 연일읍,경상사고,0,0,1,0,차대차 - 측면충돌,안전운전불이행,건조,맑음,교차로 - 교차로안,승용,여,60세,상해없음,자전거,남,61세,경상
2023081100100136,2023년 8월 11일 09시,금요일,경상북도 포항시 북구 두호동,경상사고,0,0,1,0,차대사람 - 기타,안전운전불이행,건조,맑음,단일로 - 기타,승용,여,31세,상해없음,보행자,여,65세,경상
2023081100100137,2023년 8월 11일 09시,금요일,경상북도 안동시 운안동,경상사고,0,0,1,0,차대차 - 추돌,안전거리미확보,건조,맑음,교차로 - 교차로부근,승용,남,58세,상해없음,승용,남,69세,경상
2023081100100138,2023년 8월 11일 09시,금요일,경상북도 영덕군 영덕읍,경상사고,0,0,2,0,차대차 - 측면충돌,기타,건조,맑음,교차로 - 교차로안,승용,여,37세,경상,화물,남,67세,경상
2023081100100139,2023년 8월 11일 09시,금요일,경상북도 구미시 고아읍,경상사고,0,0,1,0,차대차 - 측면충돌,안전거리미확보,건조,맑음,단일로 - 기타,승용,남,71세,상해없음,승용,남,38세,경상
2023081100100140,2023년 8월 11일 09시,금요일,경상북도 구미시 고아읍,경상사고,0,0,1,0,차대차 - 측면충돌,직진우회전진행방해,건조,맑음,교차로 - 교차로안,승용,여,36세,상해없음,승용,남,65세,상해없음
2023081100100168,2023년 8월 11일 10시,금요일,경상북도 상주시 낙동면,경상사고,0,0,1,0,차대차 - 측면충돌,안전운전불이행,건조,맑음,단일로 - 기타,화물,남,59세,상해없음,승용,여,63세,경상
2023081100100207,2023년 8월 11일 11시,금요일,경상북도 칠곡군 석적읍,경상사고,0,0,1,0,차대차 - 측면충돌,안전운전불이행,건조,맑음,단일로 - 기타,승용,여,68세,상해없음,화물,남,40세,경상
2023081100100208,2023년 8월 11일 11시,금요일,경상북도 영천시 완산동,중상사고,0,1,0,3,차대차 - 측면충돌,안전운전불이행,건조,맑음,단일로 - 기타,승용,여,51세,기타불명,승합,남,47세,중상
2023081100100238,2023년 8월 11일 12시,금요일,경상북도 포항시 북구 두호동,중상사고,0,1,0,0,차대사람 - 기타,안전운전불이행,건조,맑음,단일로 - 기타,이륜,남,16세,상해없음,보행자,여,69세,중상
2023081100100274,2023년 8월 11일 13시,금요일,경상북도 경주시 외동읍,경상사고,0,0,1,0,차대차 - 정면충돌,중앙선침범,건조,맑음,교차로 - 교차로안,화물,남,39세,상해없음,화물,남,67세,경상
2023081100100275,2023년 8월 11일 13시,금요일,경상북도 상주시 외서면,경상사고,0,0,1,0,차대사람 - 기타,안전운전불이행,건조,맑음,단일로 - 기타,승용,남,41세,상해없음,보행자,여,78세,경상
2023081100100276,2023년 8월 11일 13시,금요일,경상북도 의성군 다인면,중상사고,0,2,0,0,차량단독 - 전도전복 - 전도,안전운전불이행,건조,맑음,교차로 - 교차로부근,승용,남,75세,중상,,,,
2023081100100277,2023년 8월 11일 13시,금요일,경상북도 영주시 휴천동,경상사고,0,0,1,0,차대차 - 기타,교차로운행방법위반,건조,맑음,단일로 - 기타,화물,남,35세,상해없음,이륜,남,41세,경상
2023081100100278,2023년 8월 11일 13시,금요일,경상북도 칠곡군 약목면,경상사고,0,0,2,0,차대차 - 기타,안전운전불이행,건조,맑음,단일로 - 기타,승용,여,66세,상해없음,승용,남,30세,경상
2023081100100313,2023년 8월 11일 14시,금요일,경상북도 영천시 금호읍,경상사고,0,0,1,0,차대사람 - 차도통행중,안전운전불이행,건조,맑음,주차장 - 주차장,승용,여,55세,상해없음,보행자,남,59세,경상
2023081100100355,2023년 8월 11일 15시,금요일,경상북도 구미시 고아읍,경상사고,0,0,2,0,차대차 - 측면충돌,안전운전불이행,건조,맑음,교차로 - 교차로안,승용,여,67세,경상,승용,여,55세,경상
2023081100100394,2023년 8월 11일 16시,금요일,경상북도 경주시 동천동,중상사고,0,1,0,0,차대차 - 측면충돌,안전운전불이행,건조,맑음,교차로 - 교차로안,승용,남,68세,기타불명,이륜,남,22세,중상
2023081100100395,2023년 8월 11일 16시,금요일,경상북도 포항시 남구 동해면,경상사고,0,0,2,0,차대차 - 기타,중앙선침범,건조,맑음,단일로 - 기타,화물,남,68세,상해없음,승합,남,47세,경상
2023081100100437,2023년 8월 11일 17시,금요일,경상북도 구미시 도량동,중상사고,0,1,0,0,차대사람 - 횡단중,보행자보호의무위반,건조,맑음,단일로 - 기타,승용,여,37세,상해없음,보행자,남,62세,중상
2023081100100438,2023년 8월 11일 17시,금요일,경상북도 포항시 남구 상도동,경상사고,0,0,2,0,차대차 - 측면충돌,안전운전불이행,건조,맑음,단일로 - 기타,승용,남,72세,기타불명,승용,여,33세,경상
2023081100100439,2023년 8월 11일 17시,금요일,경상북도 포항시 남구 해도동,경상사고,0,0,1,1,차대차 - 측면충돌,안전거리미확보,건조,맑음,교차로 - 교차로부근,승용,여,30세,부상신고,승합,남,49세,경상
2023081100100440,2023년 8월 11일 17시,금요일,경상북도 칠곡군 지천면,경상사고,0,0,1,0,차대차 - 추돌,안전운전불이행,건조,맑음,단일로 - 기타,승용,남,52세,상해없음,승용,남,49세,경상
2023081100100483,2023년 8월 11일 18시,금요일,경상북도 포항시 북구 득량동,중상사고,0,1,1,0,차대차 - 측면충돌,교차로운행방법위반,건조,맑음,교차로 - 교차로안,승용,여,60세,상해없음,승용,남,26세,중상
2023081100100484,2023년 8월 11일 18시,금요일,경상북도 안동시 운흥동,경상사고,0,0,1,0,차대차 - 기타,신호위반,건조,맑음,교차로 - 교차로안,승용,남,51세,상해없음,화물,남,50세,경상
2023081100100485,2023년 8월 11일 18시,금요일,경상북도 울진군 울진읍,경상사고,0,0,2,0,차대차 - 정면충돌,중앙선침범,건조,맑음,단일로 - 기타,승용,남,33세,상해없음,승용,남,46세,경상
2023081100100528,2023년 8월 11일 19시,금요일,경상북도 영주시 영주동,중상사고,0,1,0,0,차대사람 - 차도통행중,안전운전불이행,건조,맑음,교차로 - 교차로안,승용,남,66세,기타불명,보행자,여,79세,중상
2023081100100529,2023년 8월 11일 19시,금요일,경상북도 경산시 압량읍,중상사고,0,1,0,0,차대차 - 측면충돌,신호위반,건조,맑음,교차로 - 교차로부근,화물,남,81세,상해없음,이륜,남,51세,중상
2023081100100530,2023년 8월 11일 19시,금요일,경상북도 경산시 사동,중상사고,0,1,0,0,차대사람 - 차도통행중,안전운전불이행,건조,맑음,단일로 - 기타,승용,남,51세,상해없음,보행자,남,83세,중상
2023081100100575,2023년 8월 11일 20시,금요일,경상북도 경산시 사정동,경상사고,0,0,1,0,차대차 - 기타,안전거리미확보,건조,맑음,교차로 - 교차로부근,승용,여,64세,상해없음,이륜,남,39세,경상
2023081100100639,2023년 8월 11일 22시,금요일,경상북도 울진군 울진읍,중상사고,0,1,0,0,차대사람 - 차도통행중,안전운전불이행,건조,맑음,단일로 - 기타,승용,남,61세,상해없음,보행자,남,54세,중상
2023081100100640,2023년 8월 11일 22시,금요일,경상북도 포항시 남구 상도동,경상사고,0,0,4,1,차대차 - 추돌,안전운전불이행,건조,맑음,단일로 - 기타,승용,남,62세,상해없음,승용,남,27세,경상
2023081200100066,2023년 8월 12일 07시,토요일,경상북도 경주시 신평동,중상사고,0,1,0,0,차대차 - 추돌,안전운전불이행,건조,맑음,단일로 - 기타,자전거,남,23세,중상,승용,여,53세,상해없음
2023081200100105,2023년 8월 12일 09시,토요일,경상북도 영양군 영양읍,사망사고,1,0,0,0,차량단독 - 공작물충돌,안전운전불이행,건조,맑음,단일로 - 기타,이륜,여,51세,사망,,,,
2023081200100132,2023년 8월 12일 10시,토요일,경상북도 경산시 중방동,중상사고,0,1,0,0,차대차 - 측면충돌,안전운전불이행,건조,맑음,단일로 - 기타,이륜,남,55세,상해없음,자전거,남,62세,중상
2023081200100133,2023년 8월 12일 10시,토요일,경상북도 영덕군 남정면,사망사고,1,1,2,0,차대차 - 측면충돌,안전운전불이행,건조,맑음,단일로 - 기타,승용,남,57세,사망,승용,여,24세,경상
2023081200100162,2023년 8월 12일 11시,토요일,경상북도 경주시 내남면,경상사고,0,0,1,0,차대차 - 추돌,안전거리미확보,건조,맑음,단일로 - 기타,화물,남,71세,상해없음,승용,여,63세,경상
2023081200100163,2023년 8월 12일 11시,토요일,경상북도 경주시 안강읍,중상사고,0,1,0,0,차대차 - 측면충돌,안전운전불이행,건조,맑음,단일로 - 기타,화물,남,73세,상해없음,화물,남,49세,상해없음
2023081200100164,2023년 8월 12일 11시,토요일,경상북도 문경시 문경읍,경상사고,0,0,1,0,차대차 - 추돌,안전거리미확보,건조,맑음,교차로 - 교차로부근,승용,남,39세,상해없음,화물,여,55세,경상
2023081200100204,2023년 8월 12일 12시,토요일,경상북도 칠곡군 약목면,경상사고,0,0,1,0,차대차 - 추돌,안전운전불이행,건조,맑음,단일로 - 지하차도(도로)내,이륜,남,62세,기타불명,승용,남,63세,상해없음
2023081200100205,2023년 8월 12일 12시,토요일,경상북도 봉화군 상운면,중상사고,0,1,0,0,차대사람 - 횡단중,안전운전불이행,건조,맑음,미분류 - 미분류,화물,여,63세,기타불명,보행자,여,57세,중상
2023081200100206,2023년 8월 12일 12시,토요일,경상북도 구미시 송정동,경상사고,0,0,1,0,차대차 - 측면충돌,신호위반,건조,맑음,단일로 - 기타,승용,여,59세,상해없음,승용,여,60세,경상
2023081200100207,2023년 8월 12일 12시,토요일,경상북도 포항시 남구 상도동,경상사고,0,0,1,0,차대차 - 기타,안전운전불이행,건조,맑음,단일로 - 기타,기타불명,기타불명,미분류,기타불명,승용,남,75세,상해없음
2023081200100247,2023년 8월 12일 13시,토요일,경상북도 포항시 남구 대송면,경상사고,0,0,1,0,차대차 - 측면충돌,신호위반,건조,맑음,교차로 - 교차로부근,화물,남,41세,상해없음,승용,여,56세,경상
2023081200100273,2023년 8월 12일 14시,토요일,경상북도 경주시 황오동,경상사고,0,0,2,0,차대차 - 기타,안전운전불이행,건조,맑음,교차로 - 교차로부근,이륜,남,20세,경상,승합,남,45세,상해없음
2023081200100274,2023년 8월 12일 14시,토요일,경상북도 포항시 북구 두호동,경상사고,0,0,4,0,차대차 - 후진중충돌,안전운전불이행,건조,맑음,주차장 - 주차장,승용,남,32세,경상,승용,남,27세,경상
2023081200100305,2023년 8월 12일 15시,토요일,경상북도 구미시 공단동,경상사고,0,0,1,0,차대차 - 측면충돌,직진우회전진행방해,건조,맑음,교차로 - 교차로안,원동기,남,48세,경상,승용,남,23세,상해없음
2023081200100306,2023년 8월 12일 15시,토요일,경상북도 구미시 구평동,경상사고,0,0,2,0,차대차 - 추돌,안전거리미확보,건조,맑음,교차로 - 교차로부근,화물,남,76세,상해없음,승용,여,26세,경상
2023081200100339,2023년 8월 12일 16시,토요일,경상북도 김천시 지좌동,경상사고,0,0,2,1,차대차 - 추돌,안전운전불이행,건조,맑음,교차로 - 교차로부근,승용,여,58세,부상신고,승용,여,69세,경상
2023081200100378,2023년 8월 12일 17시,토요일,경상북도 안동시 송현동,사망사고,1,4,0,0,차량단독 - 도로외이탈 - 추락,안전운전불이행,건조,맑음,교차로 - 교차로부근,승합,남,57세,사망,,,,
2023081200100379,2023년 8월 12일 17시,토요일,경상북도 상주시 무양동,경상사고,0,0,1,0,차대차 - 기타,안전거리미확보,건조,맑음,교차로 - 교차로부근,승용,남,67세,상해없음,승용,남,21세,경상
2023081200100380,2023년 8월 12일 17시,토요일,경상북도 상주시 만산동,경상사고,0,0,3,0,차대차 - 추돌,안전운전불이행,건조,맑음,단일로 - 지하차도(도로)내,화물,남,42세,상해없음,승용,여,54세,경상
2023081200100381,2023년 8월 12일 17시,토요일,경상북도 상주시 낙동면,경상사고,0,0,1,0,차대차 - 기타,중앙선침범,건조,맑음,단일로 - 지하차도(도로)내,승용,여,52세,상해없음,승용,남,49세,경상
2023081200100382,2023년 8월 12일 17시,토요일,경상북도 문경시 모전동,경상사고,0,0,1,0,차대차 - 기타,안전운전불이행,건조,맑음,교차로 - 교차로안,화물,남,66세,상해없음,승용,남,54세,상해없음
2023081200100383,2023년 8월 12일 17시,토요일,경상북도 문경시 문경읍,중상사고,0,9,3,0,차대차 - 기타,안전운전불이행,건조,맑음,단일로 - 기타,승용,남,47세,중상,승용,남,25세,경상
2023081200100416,2023년 8월 12일 18시,토요일,경상북도 포항시 북구 장성동,경상사고,0,0,1,0,차대차 - 기타,안전운전불이행,젖음/습기,비,교차로 - 교차로부근,자전거,남,9세,경상,승용,남,31세,상해없음
2023081200100417,2023년 8월 12일 18시,토요일,경상북도 포항시 북구 죽도동,경상사고,0,0,1,0,차대차 - 기타,안전운전불이행,젖음/습기,비,교차로 - 교차로안,이륜,남,42세,경상,승용,남,57세,상해없음
2023081200100418,2023년 8월 12일 18시,토요일,경상북도 안동시 운흥동,부상신고사고,0,0,0,1,차대차 - 기타,안전운전불이행,건조,맑음,교차로 - 교차로부근,이륜,남,72세,부상신고,승용,남,61세,상해없음