사고번호,사고일시,요일,시군구,사고내용,사망자수,중상자수,경상자수,부상신고자수,사고유형,법규위반,노면상태,기상상태,도로형태,가해운전자 차종,가해운전자 성별,가해운전자 연령,가해운전자 상해정도,피해운전자 차종,피해운전자 성별,피해운전자 연령,피해운전자 상해정도
2023081200100419,2023년 8월 12일 18시,토요일,경상북도 영양군 영양읍,사망사고,1,0,0,0,차대사람 - 횡단중,기타,건조,맑음,교차로 - 교차로부근,승용,남,83세,상해없음,보행자,남,78세,사망
2023081200100438,2023년 8월 12일 19시,토요일,경상북도 경주시 동천동,사망사고,1,0,0,0,차대사람 - 보도통행중,안전운전불이행,건조,맑음,단일로 - 기타,승용,남,25세,상해없음,보행자,여,84세,사망
2023081200100456,2023년 8월 12일 20시,토요일,경상북도 경주시 양남면,경상사고,0,0,1,0,차대차 - 기타,안전운전불이행,건조,맑음,단일로 - 기타,승용,남,68세,상해없음,승용,여,31세,경상
2023081200100457,2023년 8월 12일 20시,토요일,경상북도 경산시 백천동,경상사고,0,0,2,0,차대차 - 추돌,안전운전불이행,건조,맑음,교차로 - 교차로부근,승용,여,53세,상해없음,승용,여,40세,경상
2023081200100497,2023년 8월 12일 22시,토요일,경상북도 영주시 가흥동,중상사고,0,1,1,0,차대차 - 측면충돌,교차로운행방법위반,건조,맑음,교차로 - 교차로안,이륜,남,20세,중상,승용,남,26세,경상
2023081200100498,2023년 8월 12일 22시,토요일,경상북도 경산시 중방동,경상사고,0,0,1,0,차대차 - 측면충돌,안전거리미확보,건조,맑음,단일로 - 지하차도(도로)내,승용,남,29세,상해없음,이륜,남,27세,경상
2023081300100025,2023년 8월 13일 02시,일요일,경상북도 영천시 야사동,경상사고,0,0,2,0,차대차 - 측면충돌,안전운전불이행,건조,맑음,단일로 - 기타,승용,남,53세,상해없음,승용,남,51세,경상
2023081300100039,2023년 8월 13일 03시,일요일,경상북도 포항시 북구 두호동,중상사고,0,2,0,0,차대사람 - 차도통행중,안전운전불이행,건조,맑음,단일로 - 기타,승용,여,23세,상해없음,보행자,남,49세,중상
2023081300100111,2023년 8월 13일 10시,일요일,경상북도 칠곡군 지천면,경상사고,0,0,1,1,차대차 - 추돌,안전운전불이행,건조,맑음,단일로 - 기타,원동기,남,45세,부상신고,원동기,남,50세,경상
2023081300100126,2023년 8월 13일 11시,일요일,경상북도 포항시 남구 호미곶면,중상사고,0,1,1,0,차대차 - 측면충돌,직진우회전진행방해,건조,맑음,교차로 - 교차로안,승용,남,31세,상해없음,승합,남,71세,상해없음
2023081300100147,2023년 8월 13일 12시,일요일,경상북도 문경시 문경읍,중상사고,0,1,0,0,차대차 - 기타,중앙선침범,건조,맑음,단일로 - 기타,승용,여,23세,상해없음,이륜,남,63세,중상
2023081300100171,2023년 8월 13일 13시,일요일,경상북도 포항시 북구 환호동,중상사고,0,1,0,0,차대차 - 측면충돌,교차로운행방법위반,건조,맑음,교차로 - 교차로안,승용,여,53세,상해없음,자전거,남,50세,중상
2023081300100172,2023년 8월 13일 13시,일요일,경상북도 청도군 화양읍,중상사고,0,2,0,0,차대차 - 측면충돌,안전운전불이행,건조,맑음,교차로 - 교차로안,승용,여,48세,상해없음,승용,여,56세,중상
2023081300100201,2023년 8월 13일 14시,일요일,경상북도 구미시 원평동,중상사고,0,1,0,0,차대사람 - 기타,안전운전불이행,건조,맑음,단일로 - 기타,승용,남,38세,상해없음,보행자,남,62세,중상
2023081300100226,2023년 8월 13일 15시,일요일,경상북도 경주시 성동동,경상사고,0,0,3,0,차대차 - 추돌,안전운전불이행,건조,맑음,교차로 - 교차로부근,승용,남,72세,상해없음,승용,남,33세,경상
2023081300100227,2023년 8월 13일 15시,일요일,경상북도 경주시 노동동,경상사고,0,0,3,0,차대차 - 추돌,안전운전불이행,건조,맑음,단일로 - 기타,승용,남,56세,상해없음,승용,남,34세,경상
2023081300100228,2023년 8월 13일 15시,일요일,경상북도 청도군 금천면,경상사고,0,0,1,0,차대사람 - 기타,안전운전불이행,건조,맑음,주차장 - 주차장,승용,여,34세,상해없음,보행자,여,34세,경상
2023081300100229,2023년 8월 13일 15시,일요일,경상북도 구미시 산동읍,경상사고,0,0,4,0,차대차 - 측면충돌,신호위반,건조,맑음,교차로 - 교차로안,승용,여,43세,상해없음,승용,남,56세,경상
2023081300100252,2023년 8월 13일 16시,일요일,경상북도 경주시 건천읍,경상사고,0,0,2,2,차대차 - 측면충돌,안전운전불이행,건조,맑음,교차로 - 교차로안,승용,남,51세,부상신고,화물,남,41세,부상신고
2023081300100253,2023년 8월 13일 16시,일요일,경상북도 경주시 시래동,경상사고,0,0,1,0,차대차 - 추돌,안전거리미확보,건조,맑음,단일로 - 기타,승용,남,56세,상해없음,승용,여,25세,경상
2023081300100254,2023년 8월 13일 16시,일요일,경상북도 의성군 의성읍,중상사고,0,1,0,0,차대차 - 측면충돌,중앙선침범,건조,맑음,단일로 - 기타,승용,남,62세,상해없음,이륜,남,51세,중상
2023081300100255,2023년 8월 13일 16시,일요일,경상북도 청도군 각남면,경상사고,0,0,5,0,차대차 - 추돌,안전운전불이행,건조,맑음,교차로 - 교차로부근,화물,남,48세,상해없음,승용,여,41세,경상
2023081300100299,2023년 8월 13일 18시,일요일,경상북도 안동시 옥동,경상사고,0,0,1,0,차대차 - 측면충돌,직진우회전진행방해,건조,맑음,단일로 - 기타,승용,여,38세,상해없음,이륜,남,18세,경상
2023081300100300,2023년 8월 13일 18시,일요일,경상북도 구미시 사곡동,중상사고,0,2,2,0,차대차 - 추돌,안전운전불이행,건조,맑음,기타 - 기타,승용,남,56세,상해없음,승용,남,61세,중상
2023081300100313,2023년 8월 13일 19시,일요일,경상북도 칠곡군 왜관읍,경상사고,0,0,1,1,차대차 - 기타,안전운전불이행,건조,맑음,주차장 - 주차장,승용,여,57세,부상신고,승용,여,35세,경상
2023081300100336,2023년 8월 13일 20시,일요일,경상북도 포항시 북구 남빈동,중상사고,0,1,0,0,차대사람 - 횡단중,안전운전불이행,건조,맑음,교차로 - 교차로안,승용,남,24세,상해없음,보행자,여,67세,중상
2023081400100007,2023년 8월 14일 00시,월요일,경상북도 봉화군 석포면,경상사고,0,0,1,0,차량단독 - 기타,안전운전불이행,건조,맑음,단일로 - 기타,이륜,남,47세,경상,,,,
2023081400100017,2023년 8월 14일 02시,월요일,경상북도 안동시 일직면,중상사고,0,2,0,0,차대차 - 추돌,안전운전불이행,건조,맑음,단일로 - 기타,화물,남,54세,중상,화물,남,64세,중상
2023081400100040,2023년 8월 14일 06시,월요일,경상북도 포항시 남구 동해면,경상사고,0,0,1,1,차대차 - 기타,안전운전불이행,건조,맑음,교차로 - 교차로안,화물,남,60세,상해없음,승합,남,47세,부상신고
2023081400100083,2023년 8월 14일 08시,월요일,경상북도 의성군 의성읍,경상사고,0,0,1,0,차량단독 - 전도전복 - 전도,안전운전불이행,건조,맑음,단일로 - 기타,이륜,남,81세,경상,,,,
2023081400100084,2023년 8월 14일 08시,월요일,경상북도 영주시 문정동,중상사고,0,1,0,0,차대차 - 측면충돌,안전운전불이행,건조,맑음,교차로 - 교차로안,승용,여,43세,상해없음,승용,남,70세,중상
2023081400100116,2023년 8월 14일 09시,월요일,경상북도 안동시 길안면,부상신고사고,0,0,0,1,차대차 - 측면충돌,교차로운행방법위반,건조,맑음,교차로 - 교차로안,승용,여,72세,상해없음,화물,남,52세,상해없음
2023081400100117,2023년 8월 14일 09시,월요일,경상북도 영천시 야사동,중상사고,0,1,0,0,차대사람 - 횡단중,안전운전불이행,건조,맑음,교차로 - 교차로안,승용,남,35세,상해없음,보행자,남,62세,중상
2023081400100161,2023년 8월 14일 10시,월요일,경상북도 청도군 운문면,중상사고,0,1,0,0,차대사람 - 기타,안전운전불이행,건조,맑음,주차장 - 주차장,승합,남,75세,상해없음,보행자,여,84세,중상
2023081400100203,2023년 8월 14일 11시,월요일,경상북도 포항시 북구 대신동,중상사고,0,1,0,0,차대차 - 측면충돌,안전운전불이행,건조,맑음,교차로 - 교차로안,승용,남,57세,상해없음,승합,남,43세,상해없음
2023081400100204,2023년 8월 14일 11시,월요일,경상북도 예천군 지보면,경상사고,0,0,1,0,차대사람 - 차도통행중,안전운전불이행,건조,맑음,교차로 - 교차로안,화물,남,59세,상해없음,보행자,여,77세,경상
2023081400100238,2023년 8월 14일 12시,월요일,경상북도 경주시 구황동,중상사고,0,1,0,0,차대차 - 측면충돌,안전운전불이행,건조,맑음,교차로 - 교차로횡단보도내,승용,남,49세,상해없음,자전거,남,67세,중상
2023081400100239,2023년 8월 14일 12시,월요일,경상북도 울진군 울진읍,경상사고,0,0,2,0,차대사람 - 기타,안전운전불이행,건조,맑음,단일로 - 기타,화물,남,50세,경상,보행자,여,13세,경상
2023081400100271,2023년 8월 14일 13시,월요일,경상북도 울진군 죽변면,경상사고,0,0,1,0,차대차 - 후진중충돌,안전운전불이행,건조,맑음,단일로 - 기타,승용,여,45세,상해없음,승용,여,35세,경상
2023081400100272,2023년 8월 14일 13시,월요일,경상북도 영양군 청기면,사망사고,1,0,0,0,차량단독 - 도로외이탈 - 기타,안전운전불이행,건조,맑음,단일로 - 기타,이륜,남,85세,사망,,,,
2023081400100273,2023년 8월 14일 13시,월요일,경상북도 문경시 마성면,경상사고,0,0,5,0,차대차 - 기타,신호위반,건조,맑음,단일로 - 기타,승용,남,44세,상해없음,승용,남,47세,경상
2023081400100314,2023년 8월 14일 14시,월요일,경상북도 경주시 외동읍,사망사고,1,0,0,0,차대사람 - 횡단중,안전운전불이행,건조,맑음,단일로 - 지하차도(도로)내,승합,남,74세,상해없음,보행자,여,93세,사망
2023081400100315,2023년 8월 14일 14시,월요일,경상북도 문경시 점촌동,경상사고,0,0,1,0,차대차 - 측면충돌,안전운전불이행,건조,맑음,단일로 - 기타,화물,남,77세,상해없음,개인형이동수단(PM),남,80세,경상
2023081400100316,2023년 8월 14일 14시,월요일,경상북도 예천군 호명면,중상사고,0,1,0,0,차대차 - 추돌,차로위반,건조,맑음,단일로 - 기타,승용,여,36세,상해없음,이륜,남,40세,중상
2023081400100317,2023년 8월 14일 14시,월요일,경상북도 청도군 이서면,중상사고,0,1,0,0,차대차 - 측면충돌,중앙선침범,건조,맑음,교차로 - 교차로안,이륜,남,66세,중상,승용,남,62세,상해없음
2023081400100318,2023년 8월 14일 14시,월요일,경상북도 구미시 도량동,경상사고,0,0,1,0,차대사람 - 기타,안전운전불이행,건조,맑음,교차로 - 교차로부근,승용,남,65세,상해없음,보행자,여,48세,경상
2023081400100361,2023년 8월 14일 15시,월요일,경상북도 경주시 황성동,경상사고,0,0,1,0,차대차 - 측면충돌,안전운전불이행,건조,맑음,교차로 - 교차로안,승용,남,57세,상해없음,자전거,남,78세,경상
2023081400100362,2023년 8월 14일 15시,월요일,경상북도 칠곡군 기산면,경상사고,0,0,1,0,차량단독 - 공작물충돌,안전운전불이행,건조,맑음,단일로 - 기타,화물,남,28세,경상,,,,
2023081400100363,2023년 8월 14일 15시,월요일,경상북도 영천시 청통면,중상사고,0,1,0,0,차량단독 - 공작물충돌,안전운전불이행,건조,맑음,단일로 - 기타,승용,여,65세,중상,,,,
2023081400100409,2023년 8월 14일 16시,월요일,경상북도 상주시 모동면,중상사고,0,1,0,0,차대사람 - 차도통행중,안전운전불이행,건조,맑음,교차로 - 교차로안,승용,여,67세,상해없음,보행자,남,83세,중상
2023081400100410,2023년 8월 14일 16시,월요일,경상북도 포항시 남구 상도동,경상사고,0,0,1,0,차대차 - 측면충돌,신호위반,건조,맑음,교차로 - 교차로안,승용,남,46세,상해없음,승용,남,56세,경상
2023081400100455,2023년 8월 14일 17시,월요일,경상북도 포항시 남구 연일읍,부상신고사고,0,0,0,1,차대차 - 측면충돌,안전운전불이행,건조,맑음,단일로 - 기타,자전거,여,79세,부상신고,화물,남,66세,상해없음
2023081400100489,2023년 8월 14일 18시,월요일,경상북도 영천시 야사동,경상사고,0,0,1,0,차대사람 - 기타,기타,건조,맑음,교차로 - 교차로부근,승합,남,57세,상해없음,보행자,여,79세,경상
2023081400100515,2023년 8월 14일 19시,월요일,경상북도 경주시 안강읍,경상사고,0,0,2,0,차대차 - 추돌,안전운전불이행,건조,맑음,교차로 - 교차로부근,승용,여,60세,상해없음,승용,남,42세,경상
2023081400100516,2023년 8월 14일 19시,월요일,경상북도 포항시 남구 장흥동,중상사고,0,1,0,0,차대차 - 측면충돌,신호위반,건조,맑음,교차로 - 교차로부근,승용,남,51세,상해없음,자전거,남,51세,중상
2023081400100536,2023년 8월 14일 20시,월요일,경상북도 구미시 선산읍,경상사고,0,0,1,0,차대차 - 추돌,안전거리미확보,건조,맑음,교차로 - 교차로안,승용,여,49세,상해없음,화물,남,40세,경상
2023081400100564,2023년 8월 14일 21시,월요일,경상북도 포항시 북구 득량동,경상사고,0,0,2,0,차대차 - 측면충돌,안전운전불이행,건조,맑음,단일로 - 기타,승용,남,65세,기타불명,승용,여,29세,경상
2023081400100565,2023년 8월 14일 21시,월요일,경상북도 포항시 남구 인덕동,중상사고,0,1,0,0,차대차 - 기타,안전운전불이행,건조,맑음,단일로 - 기타,자전거,여,65세,중상,승용,여,68세,상해없음
2023081400100581,2023년 8월 14일 22시,월요일,경상북도 구미시 봉곡동,경상사고,0,0,1,0,차대차 - 측면충돌,직진우회전진행방해,건조,맑음,교차로 - 교차로안,자전거,여,59세,경상,승용,여,76세,상해없음
2023081400100596,2023년 8월 14일 23시,월요일,경상북도 포항시 북구 두호동,경상사고,0,0,1,0,차대차 - 기타,안전운전불이행,건조,맑음,단일로 - 기타,승용,남,21세,상해없음,승용,여,53세,경상
2023081400100597,2023년 8월 14일 23시,월요일,경상북도 영천시 망정동,경상사고,0,0,2,0,차대차 - 측면충돌,안전운전불이행,건조,맑음,교차로 - 교차로부근,승용,남,57세,경상,승용,여,56세,경상
2023081400100598,2023년 8월 14일 23시,월요일,경상북도 울진군 근남면,부상신고사고,0,0,0,1,차대차 - 기타,안전운전불이행,건조,맑음,교차로 - 교차로안,승용,여,51세,상해없음,승용,남,41세,부상신고
2023081400100599,2023년 8월 14일 23시,월요일,경상북도 구미시 산동읍,중상사고,0,1,0,0,차대차 - 측면충돌,직진우회전진행방해,건조,맑음,교차로 - 교차로안,승용,남,58세,상해없음,이륜,남,46세,중상
2023081500100009,2023년 8월 15일 00시,화요일,경상북도 경주시 외동읍,경상사고,0,0,1,0,차대차 - 추돌,안전운전불이행,건조,맑음,교차로 - 교차로부근,승용,여,53세,상해없음,승용,여,52세,경상
2023081500100010,2023년 8월 15일 00시,화요일,경상북도 울진군 기성면,부상신고사고,0,0,0,1,차량단독 - 공작물충돌,안전운전불이행,건조,맑음,단일로 - 기타,승용,여,55세,부상신고,,,,
2023081500100027,2023년 8월 15일 01시,화요일,경상북도 울진군 울진읍,경상사고,0,0,1,0,차량단독 - 기타,안전운전불이행,건조,맑음,단일로 - 교량,원동기,남,18세,경상,,,,
2023081500100032,2023년 8월 15일 02시,화요일,경상북도 상주시 함창읍,경상사고,0,0,1,0,차량단독 - 기타,안전거리미확보,건조,맑음,교차로 - 교차로부근,승합,남,63세,경상,,,,
2023081500100059,2023년 8월 15일 05시,화요일,경상북도 안동시 옥동,중상사고,0,1,0,0,차대차 - 측면충돌,안전운전불이행,건조,맑음,교차로 - 교차로안,승용,남,63세,상해없음,이륜,남,83세,중상
2023081500100077,2023년 8월 15일 07시,화요일,경상북도 경주시 충효동,중상사고,0,1,0,0,차대차 - 추돌,안전운전불이행,건조,맑음,교차로 - 교차로부근,화물,남,50세,상해없음,자전거,남,65세,중상
2023081500100078,2023년 8월 15일 07시,화요일,경상북도 영천시 신녕면,중상사고,0,1,0,0,차대차 - 측면충돌,안전운전불이행,건조,맑음,교차로 - 교차로안,화물,남,68세,중상,건설기계,남,54세,상해없음
2023081500100089,2023년 8월 15일 08시,화요일,경상북도 영덕군 강구면,경상사고,0,0,1,0,차대차 - 측면충돌,안전거리미확보,건조,맑음,단일로 - 기타,특수,남,70세,상해없음,승용,남,58세,경상
2023081500100108,2023년 8월 15일 09시,화요일,경상북도 포항시 북구 두호동,경상사고,0,0,1,0,차대차 - 추돌,안전운전불이행,건조,맑음,교차로 - 교차로안,승용,남,25세,상해없음,승용,여,55세,경상
2023081500100132,2023년 8월 15일 10시,화요일,경상북도 영덕군 병곡면,경상사고,0,0,1,0,차대차 - 측면충돌,안전운전불이행,건조,맑음,단일로 - 기타,승용,남,33세,상해없음,이륜,남,80세,경상
2023081500100133,2023년 8월 15일 10시,화요일,경상북도 성주군 벽진면,중상사고,0,2,0,0,차대차 - 측면충돌,기타,건조,맑음,교차로 - 교차로안,승용,여,52세,상해없음,이륜,남,82세,중상
2023081500100134,2023년 8월 15일 10시,화요일,경상북도 성주군 초전면,경상사고,0,0,1,0,차대차 - 기타,신호위반,건조,맑음,교차로 - 교차로안,승용,여,66세,기타불명,승용,남,37세,상해없음
2023081500100164,2023년 8월 15일 11시,화요일,경상북도 경주시 외동읍,경상사고,0,0,2,0,차대차 - 추돌,안전운전불이행,기타,맑음,기타 - 기타,승합,남,54세,상해없음,승용,남,42세,경상
2023081500100165,2023년 8월 15일 11시,화요일,경상북도 구미시 원평동,중상사고,0,2,1,0,차대사람 - 횡단중,신호위반,건조,맑음,교차로 - 교차로부근,승용,여,32세,상해없음,보행자,여,42세,중상
2023081500100198,2023년 8월 15일 12시,화요일,경상북도 영천시 채신동,중상사고,0,1,0,0,차량단독 - 기타,안전운전불이행,건조,맑음,단일로 - 기타,원동기,남,84세,중상,,,,
2023081500100199,2023년 8월 15일 12시,화요일,경상북도 포항시 남구 구룡포읍,중상사고,0,1,0,0,차대사람 - 보도통행중,기타,건조,맑음,단일로 - 기타,승용,남,64세,상해없음,보행자,남,58세,중상
2023081500100227,2023년 8월 15일 13시,화요일,경상북도 경주시 황성동,경상사고,0,0,1,0,차대차 - 추돌,안전거리미확보,건조,맑음,교차로 - 교차로부근,승용,여,49세,상해없음,승용,여,48세,경상
2023081500100254,2023년 8월 15일 14시,화요일,경상북도 영주시 가흥동,경상사고,0,0,5,0,차대차 - 추돌,안전운전불이행,건조,맑음,교차로 - 교차로부근,승용,남,78세,기타불명,승용,남,47세,경상
2023081500100289,2023년 8월 15일 15시,화요일,경상북도 안동시 송현동,중상사고,0,1,0,0,차대차 - 기타,안전운전불이행,건조,맑음,단일로 - 기타,이륜,남,27세,상해없음,자전거,여,70세,중상
2023081500100350,2023년 8월 15일 17시,화요일,경상북도 영천시 금호읍,경상사고,0,0,2,0,차대차 - 추돌,기타,건조,맑음,단일로 - 기타,화물,남,61세,경상,농기계,남,27세,경상
2023081500100351,2023년 8월 15일 17시,화요일,경상북도 성주군 초전면,경상사고,0,0,3,0,차대차 - 측면충돌,직진우회전진행방해,건조,맑음,교차로 - 교차로안,승용,남,63세,상해없음,승용,여,39세,경상
2023081500100352,2023년 8월 15일 17시,화요일,경상북도 구미시 선산읍,중상사고,0,1,0,0,차대차 - 기타,중앙선침범,건조,맑음,단일로 - 기타,화물,남,59세,상해없음,원동기,남,79세,중상
2023081500100374,2023년 8월 15일 18시,화요일,경상북도 영양군 석보면,경상사고,0,0,1,0,차량단독 - 기타,안전운전불이행,건조,맑음,단일로 - 기타,이륜,남,71세,경상,,,,
2023081500100424,2023년 8월 15일 20시,화요일,경상북도 구미시 옥계동,경상사고,0,0,1,0,차대차 - 후진중충돌,안전운전불이행,건조,맑음,교차로 - 교차로안,승용,여,44세,상해없음,승용,여,47세,경상
2023081500100425,2023년 8월 15일 20시,화요일,경상북도 포항시 남구 상도동,경상사고,0,0,1,0,차대차 - 정면충돌,중앙선침범,건조,맑음,단일로 - 기타,승용,남,21세,기타불명,이륜,남,33세,경상
2023081500100426,2023년 8월 15일 20시,화요일,경상북도 포항시 남구 해도동,중상사고,0,1,0,0,차대사람 - 기타,안전운전불이행,건조,맑음,교차로 - 교차로부근,승용,남,66세,상해없음,보행자,남,48세,중상
2023081500100441,2023년 8월 15일 21시,화요일,경상북도 김천시 부곡동,경상사고,0,0,1,0,차대차 - 기타,중앙선침범,건조,맑음,단일로 - 기타,승용,여,57세,상해없음,승합,남,58세,상해없음
2023081500100442,2023년 8월 15일 21시,화요일,경상북도 영천시 완산동,경상사고,0,0,1,0,차대사람 - 횡단중,보행자보호의무위반,건조,맑음,교차로 - 교차로횡단보도내,승용,여,53세,상해없음,보행자,남,21세,경상
2023081500100455,2023년 8월 15일 22시,화요일,경상북도 고령군 쌍림면,경상사고,0,0,2,0,차대차 - 측면충돌,안전운전불이행,건조,맑음,주차장 - 주차장,승합,남,55세,상해없음,승용,남,38세,경상
2023081500100456,2023년 8월 15일 22시,화요일,경상북도 영천시 고경면,중상사고,0,1,1,0,차대차 - 추돌,안전운전불이행,건조,맑음,단일로 - 기타,승용,여,49세,상해없음,승용,남,48세,중상
2023081500100470,2023년 8월 15일 23시,화요일,경상북도 포항시 북구 죽도동,경상사고,0,0,3,0,차대차 - 측면충돌,교차로운행방법위반,건조,맑음,교차로 - 교차로부근,승용,남,22세,상해없음,승용,남,46세,경상
2023081500100471,2023년 8월 15일 23시,화요일,경상북도 구미시 옥계동,경상사고,0,0,1,0,차대차 - 측면충돌,교차로운행방법위반,건조,맑음,교차로 - 교차로안,승용,남,61세,상해없음,승용,남,36세,경상
2023081500100472,2023년 8월 15일 23시,화요일,경상북도 성주군 초전면,사망사고,1,1,0,0,차대차 - 추돌,안전운전불이행,건조,맑음,단일로 - 기타,화물,남,46세,상해없음,화물,남,56세,사망
2023081600100014,2023년 8월 16일 02시,수요일,경상북도 포항시 남구 인덕동,중상사고,0,1,1,0,차대사람 - 횡단중,안전운전불이행,건조,맑음,교차로 - 교차로안,승용,남,65세,상해없음,보행자,남,58세,중상
2023081600100080,2023년 8월 16일 08시,수요일,경상북도 칠곡군 약목면,중상사고,0,1,0,0,차대차 - 측면충돌,기타,건조,맑음,교차로 - 교차로안,승용,여,42세,상해없음,이륜,여,68세,중상
2023081600100081,2023년 8월 16일 08시,수요일,경상북도 구미시 선산읍,경상사고,0,0,1,0,차대차 - 기타,안전운전불이행,건조,맑음,단일로 - 기타,승용,남,47세,상해없음,승용,남,46세,경상
2023081600100133,2023년 8월 16일 09시,수요일,경상북도 영덕군 영해면,중상사고,0,1,0,0,차대차 - 추돌,안전거리미확보,건조,맑음,교차로 - 교차로안,승용,남,81세,상해없음,승용,여,61세,중상
2023081600100134,2023년 8월 16일 09시,수요일,경상북도 경산시 와촌면,경상사고,0,0,3,0,차대차 - 측면충돌,안전운전불이행,건조,맑음,단일로 - 터널,승합,남,53세,상해없음,승용,남,48세,경상
2023081600100205,2023년 8월 16일 11시,수요일,경상북도 포항시 북구 득량동,중상사고,0,1,2,0,차대차 - 추돌,교차로운행방법위반,건조,맑음,단일로 - 기타,승용,남,51세,상해없음,승용,남,51세,경상
2023081600100206,2023년 8월 16일 11시,수요일,경상북도 포항시 북구 장성동,경상사고,0,0,1,0,차대사람 - 기타,안전운전불이행,건조,맑음,단일로 - 기타,승용,남,39세,상해없음,보행자,남,45세,경상
2023081600100207,2023년 8월 16일 11시,수요일,경상북도 상주시 외서면,중상사고,0,1,0,0,차대차 - 정면충돌,직진우회전진행방해,건조,맑음,교차로 - 교차로안,승용,남,61세,상해없음,승용,남,52세,중상
2023081600100208,2023년 8월 16일 11시,수요일,경상북도 문경시 가은읍,경상사고,0,0,2,0,차대차 - 측면충돌,직진우회전진행방해,건조,맑음,교차로 - 교차로안,화물,남,72세,경상,승용,남,56세,경상
2023081600100209,2023년 8월 16일 11시,수요일,경상북도 경산시 진량읍,경상사고,0,0,1,0,차대차 - 측면충돌,안전운전불이행,건조,맑음,기타 - 기타,건설기계,남,56세,상해없음,화물,남,57세,경상
2023081600100245,2023년 8월 16일 12시,수요일,경상북도 영덕군 강구면,경상사고,0,0,1,0,차대사람 - 기타,안전운전불이행,건조,맑음,단일로 - 기타,승용,남,52세,상해없음,보행자,여,51세,경상
2023081600100246,2023년 8월 16일 12시,수요일,경상북도 구미시 형곡동,중상사고,0,1,0,0,차대사람 - 기타,기타,건조,맑음,단일로 - 기타,화물,남,33세,상해없음,보행자,여,48세,중상
2023081600100284,2023년 8월 16일 13시,수요일,경상북도 경산시 진량읍,중상사고,0,1,0,0,차대차 - 추돌,안전운전불이행,건조,맑음,교차로 - 교차로부근,승용,남,51세,기타불명,승용,여,57세,중상
2023081600100285,2023년 8월 16일 13시,수요일,경상북도 봉화군 춘양면,중상사고,0,1,0,0,차량단독 - 도로외이탈 - 추락,안전운전불이행,건조,맑음,단일로 - 기타,승용,여,74세,중상,,,,
2023081600100286,2023년 8월 16일 13시,수요일,경상북도 포항시 남구 효자동,경상사고,0,0,1,0,차대차 - 후진중충돌,안전운전불이행,건조,맑음,단일로 - 고가도로위,승용,남,65세,상해없음,승용,여,30세,경상
2023081600100320,2023년 8월 16일 14시,수요일,경상북도 상주시 내서면,중상사고,0,2,3,0,차대차 - 기타,안전운전불이행,건조,맑음,단일로 - 기타,특수,여,48세,상해없음,화물,남,55세,중상
2023081600100361,2023년 8월 16일 15시,수요일,경상북도 봉화군 봉화읍,중상사고,0,1,0,0,차대차 - 기타,안전운전불이행,건조,맑음,단일로 - 기타,화물,남,36세,상해없음,이륜,남,68세,중상
2023081600100362,2023년 8월 16일 15시,수요일,경상북도 포항시 남구 효자동,중상사고,0,1,0,0,차대차 - 측면충돌,신호위반,건조,맑음,교차로 - 교차로안,특수,남,64세,상해없음,자전거,남,64세,중상
2023081600100391,2023년 8월 16일 16시,수요일,경상북도 칠곡군 왜관읍,부상신고사고,0,0,0,1,차량단독 - 기타,안전운전불이행,건조,맑음,단일로 - 기타,개인형이동수단(PM),남,23세,부상신고,,,,
2023081600100421,2023년 8월 16일 17시,수요일,경상북도 경주시 외동읍,경상사고,0,0,2,0,차대차 - 측면충돌,기타,건조,맑음,단일로 - 기타,승용,남,48세,상해없음,승용,남,36세,경상
2023081600100440,2023년 8월 16일 17시,수요일,경상북도 안동시 와룡면,경상사고,0,0,1,0,차량단독 - 기타,안전운전불이행,건조,맑음,단일로 - 기타,농기계,남,74세,경상,,,,
2023081600100484,2023년 8월 16일 18시,수요일,경상북도 경산시 중방동,경상사고,0,0,1,0,차대사람 - 횡단중,보행자보호의무위반,건조,맑음,교차로 - 교차로횡단보도내,자전거,남,59세,상해없음,보행자,남,17세,경상
2023081600100520,2023년 8월 16일 19시,수요일,경상북도 칠곡군 가산면,경상사고,0,0,1,0,차대차 - 측면충돌,안전운전불이행,건조,맑음,단일로 - 기타,승용,여,59세,상해없음,승용,여,48세,경상
2023081600100521,2023년 8월 16일 19시,수요일,경상북도 영천시 금호읍,중상사고,0,1,0,0,차대사람 - 길가장자리구역통행중,안전운전불이행,건조,맑음,교차로 - 교차로부근,승용,여,48세,상해없음,보행자,남,66세,중상
2023081600100522,2023년 8월 16일 19시,수요일,경상북도 포항시 남구 연일읍,중상사고,0,1,0,0,차대사람 - 횡단중,보행자보호의무위반,건조,맑음,교차로 - 교차로횡단보도내,승용,남,22세,상해없음,보행자,여,61세,중상
2023081600100523,2023년 8월 16일 19시,수요일,경상북도 포항시 남구 지곡동,중상사고,0,1,0,0,차대사람 - 기타,기타,건조,맑음,단일로 - 기타,승합,남,54세,상해없음,보행자,여,79세,중상
2023081600100596,2023년 8월 16일 23시,수요일,경상북도 영천시 금호읍,중상사고,0,1,0,0,차대차 - 측면충돌,안전운전불이행,건조,맑음,단일로 - 기타,승용,남,27세,상해없음,승용,남,55세,중상
2023081700100038,2023년 8월 17일 06시,목요일,경상북도 안동시 평화동,경상사고,0,0,2,0,차대차 - 정면충돌,직진우회전진행방해,기타,맑음,교차로 - 교차로안,승용,남,81세,경상,승용,남,69세,경상