사고번호,사고일시,요일,시군구,사고내용,사망자수,중상자수,경상자수,부상신고자수,사고유형,법규위반,노면상태,기상상태,도로형태,가해운전자 차종,가해운전자 성별,가해운전자 연령,가해운전자 상해정도,피해운전자 차종,피해운전자 성별,피해운전자 연령,피해운전자 상해정도
2023081700100059,2023년 8월 17일 07시,목요일,경상북도 구미시 공단동,중상사고,0,1,0,0,차대차 - 측면충돌,기타,건조,맑음,단일로 - 기타,승용,남,45세,상해없음,이륜,여,58세,중상
2023081700100075,2023년 8월 17일 08시,목요일,경상북도 경주시 외동읍,경상사고,0,0,2,0,차대차 - 추돌,안전운전불이행,건조,맑음,단일로 - 터널,승용,남,24세,상해없음,승용,여,22세,경상
2023081700100090,2023년 8월 17일 08시,목요일,경상북도 포항시 남구 구룡포읍,부상신고사고,0,0,0,1,차량단독 - 기타,안전운전불이행,건조,맑음,교차로 - 교차로안,이륜,남,38세,부상신고,,,,
2023081700100186,2023년 8월 17일 11시,목요일,경상북도 경주시 강동면,경상사고,0,0,1,0,차대차 - 측면충돌,안전운전불이행,건조,맑음,교차로 - 교차로안,화물,남,67세,상해없음,승용,여,54세,경상
2023081700100187,2023년 8월 17일 11시,목요일,경상북도 상주시 초산동,경상사고,0,0,1,0,차대차 - 정면충돌,직진우회전진행방해,건조,흐림,교차로 - 교차로안,승용,여,56세,상해없음,승합,남,62세,경상
2023081700100225,2023년 8월 17일 12시,목요일,경상북도 포항시 북구 학산동,중상사고,0,1,0,0,차대사람 - 기타,안전운전불이행,건조,맑음,단일로 - 기타,승용,여,54세,상해없음,보행자,여,73세,중상
2023081700100226,2023년 8월 17일 12시,목요일,경상북도 안동시 옥동,경상사고,0,0,1,1,차대차 - 기타,직진우회전진행방해,건조,맑음,교차로 - 교차로안,승용,여,47세,부상신고,이륜,남,30세,경상
2023081700100227,2023년 8월 17일 12시,목요일,경상북도 문경시 모전동,경상사고,0,0,1,0,차대차 - 측면충돌,안전운전불이행,건조,맑음,단일로 - 기타,자전거,남,20세,상해없음,이륜,남,68세,경상
2023081700100261,2023년 8월 17일 13시,목요일,경상북도 안동시 대석동,경상사고,0,0,1,0,차대차 - 추돌,기타,건조,맑음,교차로 - 교차로부근,승용,남,38세,상해없음,승용,남,54세,경상
2023081700100262,2023년 8월 17일 13시,목요일,경상북도 상주시 무양동,경상사고,0,0,1,0,차대차 - 추돌,안전거리미확보,건조,맑음,교차로 - 교차로횡단보도내,화물,남,54세,상해없음,승용,남,54세,경상
2023081700100293,2023년 8월 17일 14시,목요일,경상북도 영천시 화북면,사망사고,1,3,0,0,차대차 - 정면충돌,안전운전불이행,건조,맑음,단일로 - 기타,화물,남,74세,사망,화물,남,33세,중상
2023081700100322,2023년 8월 17일 15시,목요일,경상북도 영천시 고경면,경상사고,0,0,2,0,차대차 - 추돌,안전운전불이행,건조,맑음,단일로 - 기타,화물,남,59세,경상,화물,남,73세,경상
2023081700100359,2023년 8월 17일 16시,목요일,경상북도 포항시 북구 흥해읍,경상사고,0,0,1,0,차대사람 - 차도통행중,안전운전불이행,건조,맑음,단일로 - 기타,승용,여,52세,상해없음,보행자,남,22세,경상
2023081700100395,2023년 8월 17일 17시,목요일,경상북도 포항시 남구 오천읍,경상사고,0,0,1,0,차대차 - 측면충돌,교차로운행방법위반,건조,맑음,교차로 - 교차로안,특수,남,68세,상해없음,승용,여,68세,경상
2023081700100431,2023년 8월 17일 18시,목요일,경상북도 안동시 풍산읍,경상사고,0,0,1,0,차대차 - 기타,안전운전불이행,건조,맑음,교차로 - 교차로부근,승용,여,35세,상해없음,승용,여,19세,경상
2023081700100432,2023년 8월 17일 18시,목요일,경상북도 칠곡군 북삼읍,중상사고,0,1,0,0,차대차 - 측면충돌,안전운전불이행,건조,맑음,교차로 - 교차로안,화물,남,66세,상해없음,이륜,남,37세,중상
2023081700100474,2023년 8월 17일 19시,목요일,경상북도 포항시 북구 죽도동,중상사고,0,1,0,0,차대차 - 측면충돌,신호위반,건조,맑음,단일로 - 지하차도(도로)내,이륜,남,17세,상해없음,이륜,남,68세,중상
2023081700100475,2023년 8월 17일 19시,목요일,경상북도 구미시 송정동,경상사고,0,0,1,0,차대차 - 기타,안전운전불이행,건조,맑음,교차로 - 교차로부근,승용,여,61세,상해없음,승용,남,30세,경상
2023081700100503,2023년 8월 17일 20시,목요일,경상북도 구미시 공단동,경상사고,0,0,1,0,차대차 - 추돌,안전운전불이행,건조,맑음,교차로 - 교차로부근,승용,남,40세,상해없음,승용,여,57세,경상
2023081700100547,2023년 8월 17일 22시,목요일,경상북도 포항시 북구 장성동,경상사고,0,0,1,0,차대차 - 후진중충돌,안전운전불이행,건조,맑음,교차로 - 교차로부근,승용,여,47세,상해없음,승용,남,53세,경상
2023081700100548,2023년 8월 17일 22시,목요일,경상북도 안동시 태화동,중상사고,0,1,0,0,차대사람 - 기타,안전운전불이행,건조,맑음,교차로 - 교차로부근,승용,남,44세,상해없음,보행자,남,68세,중상
2023081700100549,2023년 8월 17일 22시,목요일,경상북도 영천시 고경면,중상사고,0,2,1,0,차대차 - 정면충돌,중앙선침범,건조,기타,단일로 - 기타,승용,남,39세,경상,승용,남,38세,중상
2023081700100550,2023년 8월 17일 22시,목요일,경상북도 구미시 황상동,중상사고,0,1,0,0,차대사람 - 횡단중,신호위반,건조,맑음,교차로 - 교차로횡단보도내,개인형이동수단(PM),남,52세,상해없음,보행자,여,29세,중상
2023081800100015,2023년 8월 18일 02시,금요일,경상북도 김천시 교동,중상사고,0,1,0,0,차량단독 - 공작물충돌,안전운전불이행,건조,맑음,단일로 - 터널,승용,여,23세,상해없음,,,,
2023081800100064,2023년 8월 18일 07시,금요일,경상북도 경산시 진량읍,경상사고,0,0,1,0,차대차 - 측면충돌,안전거리미확보,건조,맑음,단일로 - 기타,화물,남,46세,상해없음,승용,여,26세,경상
2023081800100065,2023년 8월 18일 07시,금요일,경상북도 포항시 남구 대도동,경상사고,0,0,1,0,차대차 - 측면충돌,기타,건조,맑음,교차로 - 교차로안,승용,남,68세,상해없음,자전거,남,64세,경상
2023081800100096,2023년 8월 18일 08시,금요일,경상북도 문경시 흥덕동,경상사고,0,0,1,0,차대차 - 기타,안전운전불이행,건조,맑음,단일로 - 기타,화물,남,38세,상해없음,화물,남,70세,경상
2023081800100097,2023년 8월 18일 08시,금요일,경상북도 포항시 남구 대송면,중상사고,0,1,3,0,차대차 - 기타,안전운전불이행,젖음/습기,비,교차로 - 교차로부근,화물,남,56세,상해없음,승용,여,28세,중상
2023081800100143,2023년 8월 18일 09시,금요일,경상북도 경주시 시래동,부상신고사고,0,0,0,1,차대차 - 기타,안전운전불이행,건조,맑음,교차로 - 교차로횡단보도내,이륜,남,89세,부상신고,승용,여,56세,상해없음
2023081800100144,2023년 8월 18일 09시,금요일,경상북도 문경시 점촌동,경상사고,0,0,1,0,차대차 - 측면충돌,안전운전불이행,건조,맑음,교차로 - 교차로안,승용,여,67세,상해없음,승용,남,53세,경상
2023081800100145,2023년 8월 18일 09시,금요일,경상북도 구미시 임은동,경상사고,0,0,1,0,차대사람 - 기타,안전운전불이행,건조,맑음,기타 - 기타,승용,여,28세,상해없음,보행자,남,7세,경상
2023081800100185,2023년 8월 18일 10시,금요일,경상북도 포항시 남구 오천읍,경상사고,0,0,1,0,차대사람 - 기타,안전운전불이행,젖음/습기,비,주차장 - 주차장,승용,여,43세,상해없음,보행자,여,46세,경상
2023081800100225,2023년 8월 18일 11시,금요일,경상북도 김천시 대항면,중상사고,0,1,0,0,차량단독 - 전도전복 - 전도,안전운전불이행,건조,맑음,교차로 - 교차로안,농기계,남,82세,중상,,,,
2023081800100226,2023년 8월 18일 11시,금요일,경상북도 상주시 가장동,중상사고,0,1,2,0,차대차 - 추돌,안전운전불이행,건조,맑음,단일로 - 기타,화물,남,47세,중상,화물,남,20세,경상
2023081800100256,2023년 8월 18일 12시,금요일,경상북도 경주시 감포읍,중상사고,0,1,0,0,차대사람 - 차도통행중,안전운전불이행,젖음/습기,비,단일로 - 기타,승용,여,71세,상해없음,보행자,남,81세,중상
2023081800100257,2023년 8월 18일 12시,금요일,경상북도 칠곡군 지천면,중상사고,0,1,0,0,차대차 - 측면충돌,안전운전불이행,건조,맑음,단일로 - 기타,화물,남,53세,상해없음,자전거,남,53세,중상
2023081800100289,2023년 8월 18일 13시,금요일,경상북도 경주시 동천동,중상사고,0,1,0,0,차대사람 - 차도통행중,안전운전불이행,건조,맑음,단일로 - 지하차도(도로)내,승합,남,54세,상해없음,보행자,여,75세,중상
2023081800100290,2023년 8월 18일 13시,금요일,경상북도 청송군 현서면,중상사고,0,1,0,0,차대차 - 추돌,안전거리미확보,젖음/습기,비,단일로 - 기타,화물,남,54세,상해없음,승용,남,72세,중상
2023081800100291,2023년 8월 18일 13시,금요일,경상북도 구미시 진평동,중상사고,0,1,0,0,차대차 - 기타,중앙선침범,건조,맑음,교차로 - 교차로부근,승용,여,35세,상해없음,이륜,남,22세,중상
2023081800100292,2023년 8월 18일 13시,금요일,경상북도 구미시 황상동,경상사고,0,0,1,0,차대차 - 기타,안전운전불이행,건조,맑음,기타 - 기타,화물,남,70세,상해없음,승용,여,32세,경상
2023081800100293,2023년 8월 18일 13시,금요일,경상북도 상주시 사벌국면,중상사고,0,4,2,0,차대차 - 추돌,안전운전불이행,건조,맑음,단일로 - 기타,화물,남,44세,경상,승용,남,45세,경상
2023081800100326,2023년 8월 18일 14시,금요일,경상북도 경주시 황남동,경상사고,0,0,1,0,차대차 - 측면충돌,안전운전불이행,건조,맑음,단일로 - 기타,화물,남,34세,상해없음,이륜,남,19세,경상
2023081800100327,2023년 8월 18일 14시,금요일,경상북도 포항시 북구 흥해읍,경상사고,0,0,2,0,차대차 - 기타,기타,젖음/습기,비,단일로 - 기타,화물,남,61세,상해없음,승용,남,63세,상해없음
2023081800100328,2023년 8월 18일 14시,금요일,경상북도 안동시 길안면,경상사고,0,0,1,1,차대차 - 기타,안전운전불이행,건조,맑음,교차로 - 교차로안,화물,남,60세,상해없음,승용,남,30세,경상
2023081800100353,2023년 8월 18일 15시,금요일,경상북도 안동시 남후면,중상사고,0,1,1,1,차대차 - 추돌,기타,젖음/습기,비,단일로 - 기타,화물,남,68세,부상신고,승용,남,50세,중상
2023081800100393,2023년 8월 18일 16시,금요일,경상북도 영천시 봉동,사망사고,1,1,0,0,차대차 - 측면충돌,안전운전불이행,젖음/습기,비,교차로 - 교차로안,화물,남,67세,중상,화물,남,53세,사망
2023081800100394,2023년 8월 18일 16시,금요일,경상북도 구미시 지산동,경상사고,0,0,1,0,차대차 - 측면충돌,안전운전불이행,젖음/습기,비,교차로 - 교차로부근,승용,남,55세,상해없음,승용,남,56세,경상
2023081800100450,2023년 8월 18일 17시,금요일,경상북도 경주시 사정동,중상사고,0,2,0,0,차대차 - 측면충돌,안전운전불이행,건조,맑음,교차로 - 교차로안,이륜,여,19세,중상,승용,여,52세,중상
2023081800100451,2023년 8월 18일 17시,금요일,경상북도 안동시 정하동,경상사고,0,0,1,0,차대차 - 측면충돌,직진우회전진행방해,건조,맑음,교차로 - 교차로안,승용,여,47세,상해없음,승용,여,25세,경상
2023081800100501,2023년 8월 18일 18시,금요일,경상북도 경주시 성건동,경상사고,0,0,1,0,차대사람 - 횡단중,보행자보호의무위반,건조,맑음,교차로 - 교차로횡단보도내,승용,남,56세,상해없음,보행자,남,38세,경상
2023081800100502,2023년 8월 18일 18시,금요일,경상북도 칠곡군 북삼읍,경상사고,0,0,1,0,차대차 - 기타,안전운전불이행,젖음/습기,비,교차로 - 교차로부근,승용,남,63세,상해없음,이륜,남,62세,경상
2023081800100503,2023년 8월 18일 18시,금요일,경상북도 성주군 용암면,중상사고,0,1,0,0,차대사람 - 차도통행중,안전운전불이행,건조,맑음,교차로 - 교차로부근,승용,남,35세,상해없음,보행자,여,34세,중상
2023081800100582,2023년 8월 18일 20시,금요일,경상북도 포항시 북구 대흥동,경상사고,0,0,1,0,차대사람 - 보도통행중,기타,건조,맑음,단일로 - 지하차도(도로)내,이륜,남,16세,상해없음,보행자,여,20세,경상
2023081800100583,2023년 8월 18일 20시,금요일,경상북도 김천시 농소면,경상사고,0,0,1,0,차대차 - 측면충돌,교차로운행방법위반,젖음/습기,비,교차로 - 교차로안,화물,남,54세,상해없음,승용,여,57세,경상
2023081800100584,2023년 8월 18일 20시,금요일,경상북도 영천시 완산동,사망사고,1,4,3,0,차대차 - 추돌,안전운전불이행,건조,맑음,단일로 - 지하차도(도로)내,화물,남,63세,중상,원동기,남,63세,중상
2023081800100585,2023년 8월 18일 20시,금요일,경상북도 구미시 송정동,부상신고사고,0,0,0,1,차대사람 - 기타,안전운전불이행,젖음/습기,비,교차로 - 교차로횡단보도내,승용,남,29세,상해없음,보행자,여,14세,부상신고
2023081800100620,2023년 8월 18일 21시,금요일,경상북도 경주시 용강동,중상사고,0,1,0,0,차대사람 - 횡단중,보행자보호의무위반,건조,맑음,기타 - 기타,승합,남,56세,상해없음,보행자,남,69세,중상
2023081800100621,2023년 8월 18일 21시,금요일,경상북도 칠곡군 동명면,경상사고,0,0,1,0,차대차 - 측면충돌,안전운전불이행,건조,맑음,단일로 - 지하차도(도로)내,승용,남,57세,상해없음,화물,남,68세,경상
2023081800100622,2023년 8월 18일 21시,금요일,경상북도 구미시 송정동,경상사고,0,0,1,0,차대차 - 정면충돌,중앙선침범,건조,맑음,단일로 - 기타,화물,남,46세,상해없음,승용,여,55세,경상
2023081800100623,2023년 8월 18일 21시,금요일,경상북도 구미시 고아읍,중상사고,0,1,0,0,차대차 - 기타,안전운전불이행,젖음/습기,비,교차로 - 교차로부근,승용,여,64세,상해없음,승용,여,52세,중상
2023081800100644,2023년 8월 18일 22시,금요일,경상북도 경산시 옥산동,경상사고,0,0,1,0,차대차 - 기타,중앙선침범,건조,맑음,단일로 - 기타,승용,남,33세,상해없음,원동기,여,25세,경상
2023081800100662,2023년 8월 18일 23시,금요일,경상북도 포항시 북구 덕산동,경상사고,0,0,1,0,차대사람 - 횡단중,보행자보호의무위반,건조,맑음,교차로 - 교차로안,승용,남,45세,상해없음,보행자,여,49세,경상
2023081900100010,2023년 8월 19일 00시,토요일,경상북도 포항시 남구 오천읍,경상사고,0,0,1,0,차대사람 - 기타,신호위반,건조,맑음,단일로 - 기타,승용,남,41세,상해없음,보행자,남,48세,경상
2023081900100046,2023년 8월 19일 04시,토요일,경상북도 청도군 청도읍,중상사고,0,1,0,0,차량단독 - 전도전복 - 전도,안전운전불이행,건조,맑음,기타 - 기타,개인형이동수단(PM),남,26세,중상,,,,
2023081900100057,2023년 8월 19일 05시,토요일,경상북도 영덕군 강구면,중상사고,0,1,0,0,차대차 - 측면충돌,신호위반,건조,맑음,교차로 - 교차로안,건설기계,남,50세,상해없음,승용,여,72세,중상
2023081900100058,2023년 8월 19일 05시,토요일,경상북도 울진군 후포면,중상사고,0,1,0,0,차대사람 - 횡단중,안전운전불이행,건조,맑음,단일로 - 기타,승용,남,76세,상해없음,보행자,여,71세,중상
2023081900100073,2023년 8월 19일 07시,토요일,경상북도 경주시 안강읍,중상사고,0,1,0,0,차대차 - 기타,안전운전불이행,건조,맑음,교차로 - 교차로안,승용,여,68세,상해없음,자전거,여,71세,중상
2023081900100085,2023년 8월 19일 08시,토요일,경상북도 경주시 안강읍,경상사고,0,0,1,0,차대차 - 기타,안전운전불이행,건조,맑음,교차로 - 교차로부근,승용,여,59세,상해없음,승용,남,61세,상해없음
2023081900100108,2023년 8월 19일 09시,토요일,경상북도 의성군 봉양면,중상사고,0,1,0,0,차대차 - 추돌,안전운전불이행,건조,맑음,단일로 - 기타,이륜,남,49세,중상,승용,남,54세,상해없음
2023081900100142,2023년 8월 19일 10시,토요일,경상북도 청도군 매전면,경상사고,0,0,1,0,차대차 - 측면충돌,중앙선침범,젖음/습기,흐림,교차로 - 교차로안,승용,여,54세,상해없음,승용,여,41세,경상
2023081900100143,2023년 8월 19일 10시,토요일,경상북도 영양군 입암면,경상사고,0,0,1,0,차대차 - 기타,안전운전불이행,건조,맑음,교차로 - 교차로안,화물,남,70세,기타불명,승용,남,73세,경상
2023081900100144,2023년 8월 19일 10시,토요일,경상북도 구미시 진평동,중상사고,0,1,0,0,차대사람 - 횡단중,안전운전불이행,건조,맑음,단일로 - 기타,승용,남,55세,상해없음,보행자,여,80세,중상
2023081900100171,2023년 8월 19일 11시,토요일,경상북도 경주시 황성동,중상사고,0,1,2,0,차대차 - 추돌,안전운전불이행,건조,맑음,단일로 - 기타,승용,여,71세,상해없음,승용,남,55세,중상
2023081900100172,2023년 8월 19일 11시,토요일,경상북도 상주시 냉림동,경상사고,0,0,1,0,차대차 - 기타,안전운전불이행,건조,맑음,단일로 - 기타,자전거,남,31세,경상,화물,남,57세,상해없음
2023081900100218,2023년 8월 19일 12시,토요일,경상북도 김천시 지례면,중상사고,0,1,0,0,차대차 - 측면충돌,안전운전불이행,건조,맑음,단일로 - 기타,사륜오토바이(ATV),여,74세,중상,승용,남,66세,상해없음
2023081900100219,2023년 8월 19일 12시,토요일,경상북도 영주시 조와동,경상사고,0,0,2,0,차대차 - 정면충돌,안전운전불이행,건조,맑음,단일로 - 기타,승용,여,63세,경상,화물,남,64세,경상
2023081900100220,2023년 8월 19일 12시,토요일,경상북도 구미시 원평동,부상신고사고,0,0,0,1,차대사람 - 차도통행중,안전운전불이행,건조,맑음,단일로 - 기타,승용,여,44세,상해없음,보행자,여,35세,부상신고
2023081900100251,2023년 8월 19일 13시,토요일,경상북도 상주시 사벌국면,중상사고,0,1,0,0,차대사람 - 기타,안전운전불이행,건조,맑음,단일로 - 기타,화물,여,68세,상해없음,보행자,남,68세,중상
2023081900100252,2023년 8월 19일 13시,토요일,경상북도 문경시 흥덕동,중상사고,0,1,0,0,차대차 - 측면충돌,중앙선침범,건조,맑음,단일로 - 기타,화물,여,48세,상해없음,원동기,남,62세,중상
2023081900100283,2023년 8월 19일 14시,토요일,경상북도 포항시 북구 죽도동,경상사고,0,0,1,0,차대차 - 측면충돌,안전운전불이행,건조,맑음,단일로 - 기타,승용,남,65세,상해없음,자전거,여,65세,경상
2023081900100284,2023년 8월 19일 14시,토요일,경상북도 포항시 남구 장흥동,경상사고,0,0,1,0,차대차 - 측면충돌,중앙선침범,건조,맑음,교차로 - 교차로안,승용,남,49세,상해없음,승용,여,67세,경상
2023081900100344,2023년 8월 19일 16시,토요일,경상북도 경주시 구황동,경상사고,0,0,4,0,차대차 - 기타,기타,건조,맑음,단일로 - 기타,승용,남,47세,상해없음,승용,남,44세,경상
2023081900100345,2023년 8월 19일 16시,토요일,경상북도 포항시 남구 오천읍,경상사고,0,0,2,0,차대차 - 측면충돌,직진우회전진행방해,건조,맑음,교차로 - 교차로안,승용,남,25세,경상,승용,여,59세,경상
2023081900100373,2023년 8월 19일 17시,토요일,경상북도 경주시 성건동,중상사고,0,1,0,0,차대차 - 측면충돌,안전운전불이행,건조,맑음,교차로 - 교차로부근,화물,남,53세,상해없음,원동기,남,30세,중상
2023081900100374,2023년 8월 19일 17시,토요일,경상북도 포항시 북구 죽도동,경상사고,0,0,3,0,차대차 - 측면충돌,교차로운행방법위반,건조,맑음,교차로 - 교차로안,승용,남,30세,상해없음,승용,남,43세,경상
2023081900100420,2023년 8월 19일 18시,토요일,경상북도 포항시 북구 우현동,경상사고,0,0,2,0,차대차 - 기타,안전운전불이행,건조,맑음,교차로 - 교차로부근,승용,남,80세,상해없음,승용,여,49세,경상
2023081900100436,2023년 8월 19일 19시,토요일,경상북도 경주시 서면,경상사고,0,0,1,0,차량단독 - 전도전복 - 전도,안전운전불이행,건조,맑음,단일로 - 기타,사륜오토바이(ATV),남,79세,경상,,,,
2023081900100437,2023년 8월 19일 19시,토요일,경상북도 영덕군 영덕읍,부상신고사고,0,0,0,1,차대차 - 측면충돌,직진우회전진행방해,건조,맑음,교차로 - 교차로안,자전거,여,13세,부상신고,승용,남,62세,상해없음
2023081900100438,2023년 8월 19일 19시,토요일,경상북도 청송군 진보면,경상사고,0,0,1,0,차대차 - 측면충돌,안전운전불이행,건조,맑음,단일로 - 기타,화물,남,69세,경상,승용,남,38세,기타불명
2023081900100439,2023년 8월 19일 19시,토요일,경상북도 포항시 남구 상도동,경상사고,0,0,3,0,차대차 - 정면충돌,신호위반,건조,맑음,교차로 - 교차로안,승용,여,50세,기타불명,승용,여,36세,경상
2023081900100463,2023년 8월 19일 20시,토요일,경상북도 영덕군 강구면,경상사고,0,0,1,0,차량단독 - 공작물충돌,안전운전불이행,건조,맑음,단일로 - 기타,승용,남,34세,경상,,,,
2023081900100488,2023년 8월 19일 21시,토요일,경상북도 경주시 천북면,경상사고,0,0,1,0,차량단독 - 공작물충돌,안전운전불이행,건조,맑음,교차로 - 교차로부근,승용,여,61세,경상,,,,
2023081900100489,2023년 8월 19일 21시,토요일,경상북도 경주시 조양동,중상사고,0,1,0,0,차대차 - 추돌,안전운전불이행,건조,맑음,교차로 - 교차로부근,승용,남,54세,상해없음,승용,남,56세,중상
2023081900100522,2023년 8월 19일 23시,토요일,경상북도 포항시 남구 대도동,경상사고,0,0,1,0,차대차 - 추돌,안전운전불이행,건조,맑음,단일로 - 기타,승용,남,56세,상해없음,승용,남,48세,경상
2023081900100523,2023년 8월 19일 23시,토요일,경상북도 포항시 남구 해도동,중상사고,0,1,1,0,차대차 - 기타,신호위반,젖음/습기,비,교차로 - 교차로안,승용,여,47세,상해없음,승용,남,32세,경상
2023082000100005,2023년 8월 20일 00시,일요일,경상북도 포항시 북구 양덕동,중상사고,0,2,2,0,차대차 - 추돌,안전운전불이행,젖음/습기,비,교차로 - 교차로부근,승용,남,52세,상해없음,승용,여,46세,중상
2023082000100006,2023년 8월 20일 00시,일요일,경상북도 포항시 북구 흥해읍,경상사고,0,0,1,0,차대차 - 측면충돌,신호위반,젖음/습기,맑음,교차로 - 교차로안,승용,여,35세,기타불명,승용,남,62세,경상
2023082000100007,2023년 8월 20일 00시,일요일,경상북도 포항시 남구 연일읍,경상사고,0,0,2,0,차대차 - 측면충돌,직진우회전진행방해,건조,맑음,교차로 - 교차로안,승용,여,55세,경상,승용,남,31세,경상
2023082000100028,2023년 8월 20일 02시,일요일,경상북도 김천시 농소면,중상사고,0,1,0,0,차대차 - 추돌,안전운전불이행,건조,맑음,교차로 - 교차로부근,승용,남,65세,상해없음,승용,여,40세,중상
2023082000100093,2023년 8월 20일 10시,일요일,경상북도 영덕군 지품면,경상사고,0,0,1,0,차대사람 - 기타,안전운전불이행,건조,맑음,기타 - 기타,승용,여,47세,상해없음,보행자,남,69세,경상
2023082000100114,2023년 8월 20일 11시,일요일,경상북도 영덕군 달산면,경상사고,0,0,8,0,차대차 - 정면충돌,중앙선침범,건조,맑음,단일로 - 기타,승용,남,29세,경상,승용,남,41세,경상
2023082000100145,2023년 8월 20일 12시,일요일,경상북도 청송군 주왕산면,경상사고,0,0,7,0,차대차 - 측면충돌,중앙선침범,건조,맑음,단일로 - 기타,승합,남,64세,상해없음,승합,남,82세,경상
2023082000100146,2023년 8월 20일 12시,일요일,경상북도 구미시 도량동,중상사고,0,1,1,0,차대차 - 기타,불법유턴,건조,맑음,단일로 - 기타,자전거,여,71세,중상,승용,여,36세,경상
2023082000100174,2023년 8월 20일 13시,일요일,경상북도 구미시 산동읍,경상사고,0,0,1,0,차량단독 - 공작물충돌,안전운전불이행,건조,맑음,단일로 - 기타,승용,여,58세,경상,,,,
2023082000100206,2023년 8월 20일 14시,일요일,경상북도 포항시 북구 우현동,경상사고,0,0,2,0,차대차 - 측면충돌,신호위반,건조,흐림,단일로 - 기타,승용,여,52세,상해없음,승용,남,30세,경상
2023082000100241,2023년 8월 20일 15시,일요일,경상북도 경주시 노서동,경상사고,0,0,2,0,차대차 - 기타,중앙선침범,건조,맑음,교차로 - 교차로부근,승용,남,60세,상해없음,승용,남,24세,경상
2023082000100242,2023년 8월 20일 15시,일요일,경상북도 포항시 북구 장성동,경상사고,0,0,1,0,차대차 - 측면충돌,안전운전불이행,건조,맑음,교차로 - 교차로안,승용,여,61세,상해없음,이륜,남,44세,경상
2023082000100243,2023년 8월 20일 15시,일요일,경상북도 영주시 가흥동,중상사고,0,1,0,0,차량단독 - 기타,안전운전불이행,건조,맑음,기타 - 기타,개인형이동수단(PM),남,16세,중상,,,,
2023082000100244,2023년 8월 20일 15시,일요일,경상북도 봉화군 석포면,경상사고,0,0,1,0,차대사람 - 기타,안전운전불이행,젖음/습기,비,교차로 - 교차로부근,승용,여,56세,상해없음,보행자,남,66세,경상
2023082000100245,2023년 8월 20일 15시,일요일,경상북도 포항시 남구 해도동,중상사고,0,1,0,0,차대차 - 측면충돌,안전운전불이행,건조,맑음,교차로 - 교차로안,화물,남,63세,상해없음,자전거,남,69세,중상
2023082000100246,2023년 8월 20일 15시,일요일,경상북도 포항시 남구 연일읍,경상사고,0,0,1,0,차량단독 - 기타,안전운전불이행,건조,맑음,단일로 - 기타,승용,남,75세,상해없음,,,,
2023082000100247,2023년 8월 20일 15시,일요일,경상북도 포항시 남구 청림동,경상사고,0,0,3,0,차대차 - 추돌,안전운전불이행,건조,맑음,단일로 - 기타,화물,남,68세,상해없음,승용,남,32세,경상
2023082000100270,2023년 8월 20일 16시,일요일,경상북도 영천시 야사동,경상사고,0,0,1,0,차대차 - 추돌,안전운전불이행,건조,맑음,단일로 - 기타,승용,여,32세,상해없음,승용,남,60세,경상
2023082000100271,2023년 8월 20일 16시,일요일,경상북도 구미시 임수동,중상사고,0,1,3,0,차대차 - 정면충돌,중앙선침범,젖음/습기,비,단일로 - 교량,승용,남,24세,중상,승합,남,55세,경상
2023082000100272,2023년 8월 20일 16시,일요일,경상북도 포항시 남구 연일읍,경상사고,0,0,4,0,차대차 - 추돌,안전운전불이행,건조,맑음,단일로 - 기타,승용,남,56세,상해없음,승용,남,56세,상해없음
2023082000100324,2023년 8월 20일 18시,일요일,경상북도 포항시 남구 오천읍,경상사고,0,0,1,0,차대사람 - 기타,안전운전불이행,건조,맑음,단일로 - 기타,승용,여,42세,상해없음,보행자,남,49세,경상
2023082000100345,2023년 8월 20일 19시,일요일,경상북도 문경시 산양면,사망사고,1,0,0,0,차대차 - 정면충돌,기타,건조,흐림,교차로 - 교차로부근,승용,남,22세,상해없음,이륜,남,73세,사망
2023082000100346,2023년 8월 20일 19시,일요일,경상북도 경산시 중방동,경상사고,0,0,1,0,차대사람 - 기타,보행자보호의무위반,건조,맑음,교차로 - 교차로횡단보도내,승용,남,58세,상해없음,보행자,남,34세,경상
2023082000100348,2023년 8월 20일 19시,일요일,경상북도 포항시 남구 오천읍,중상사고,0,1,0,0,차대차 - 측면충돌,신호위반,건조,맑음,교차로 - 교차로안,승용,남,49세,상해없음,이륜,남,36세,중상
2023082000100374,2023년 8월 20일 20시,일요일,경상북도 포항시 북구 장성동,중상사고,0,1,0,0,차대사람 - 횡단중,신호위반,건조,맑음,단일로 - 기타,이륜,남,24세,상해없음,보행자,남,71세,중상
2023082000100394,2023년 8월 20일 21시,일요일,경상북도 안동시 대석동,중상사고,0,1,0,0,차대사람 - 횡단중,보행자보호의무위반,건조,맑음,단일로 - 기타,이륜,남,36세,상해없음,보행자,여,65세,중상
2023082000100395,2023년 8월 20일 21시,일요일,경상북도 포항시 남구 구룡포읍,경상사고,0,0,2,0,차대차 - 추돌,기타,건조,맑음,단일로 - 기타,승용,남,57세,상해없음,승용,남,57세,경상