사고번호,사고일시,요일,시군구,사고내용,사망자수,중상자수,경상자수,부상신고자수,사고유형,법규위반,노면상태,기상상태,도로형태,가해운전자 차종,가해운전자 성별,가해운전자 연령,가해운전자 상해정도,피해운전자 차종,피해운전자 성별,피해운전자 연령,피해운전자 상해정도
2023082400100534,2023년 8월 24일 20시,목요일,경상북도 포항시 남구 효자동,경상사고,0,0,1,0,차대차 - 기타,기타,건조,맑음,교차로 - 교차로안,승용,여,51세,상해없음,이륜,남,29세,경상
2023082400100557,2023년 8월 24일 21시,목요일,경상북도 안동시 옥동,경상사고,0,0,1,0,차대사람 - 보도통행중,기타,젖음/습기,비,기타 - 기타,승용,여,35세,상해없음,보행자,남,14세,경상
2023082400100558,2023년 8월 24일 21시,목요일,경상북도 김천시 덕곡동,경상사고,0,0,2,0,차대차 - 측면충돌,안전운전불이행,젖음/습기,비,교차로 - 교차로부근,승합,남,74세,상해없음,승용,남,56세,경상
2023082400100559,2023년 8월 24일 21시,목요일,경상북도 경산시 계양동,경상사고,0,0,1,0,차대사람 - 횡단중,신호위반,젖음/습기,비,교차로 - 교차로횡단보도내,이륜,남,52세,상해없음,보행자,여,54세,경상
2023082400100560,2023년 8월 24일 21시,목요일,경상북도 구미시 산동읍,경상사고,0,0,2,0,차대차 - 기타,안전운전불이행,젖음/습기,비,교차로 - 교차로부근,승용,남,34세,상해없음,승용,남,48세,경상
2023082400100580,2023년 8월 24일 22시,목요일,경상북도 경산시 중산동,경상사고,0,0,2,0,차대차 - 추돌,안전거리미확보,젖음/습기,비,교차로 - 교차로안,승용,남,71세,상해없음,승용,남,30세,경상
2023082400100591,2023년 8월 24일 23시,목요일,경상북도 경주시 외동읍,경상사고,0,0,1,0,차대차 - 측면충돌,중앙선침범,젖음/습기,비,단일로 - 기타,승합,남,74세,상해없음,승용,남,50세,경상
2023082400100592,2023년 8월 24일 23시,목요일,경상북도 청도군 풍각면,사망사고,1,0,0,0,차량단독 - 공작물충돌,안전운전불이행,젖음/습기,비,단일로 - 기타,승용,여,66세,사망,,,,
2023082500100021,2023년 8월 25일 02시,금요일,경상북도 포항시 북구 덕수동,부상신고사고,0,0,0,1,차대차 - 측면충돌,안전운전불이행,젖음/습기,비,교차로 - 교차로안,승용,남,69세,상해없음,이륜,남,30세,부상신고
2023082500100032,2023년 8월 25일 03시,금요일,경상북도 의성군 의성읍,중상사고,0,1,0,0,차량단독 - 공작물충돌,안전운전불이행,건조,맑음,단일로 - 기타,화물,남,52세,중상,,,,
2023082500100044,2023년 8월 25일 05시,금요일,경상북도 경주시 안강읍,경상사고,0,0,2,0,차량단독 - 공작물충돌,안전운전불이행,건조,맑음,단일로 - 기타,화물,남,70세,경상,,,,
2023082500100045,2023년 8월 25일 05시,금요일,경상북도 칠곡군 약목면,경상사고,0,0,1,0,차량단독 - 공작물충돌,안전운전불이행,건조,맑음,단일로 - 기타,승용,남,58세,경상,,,,
2023082500100058,2023년 8월 25일 06시,금요일,경상북도 경산시 정평동,중상사고,0,1,0,0,차대차 - 측면충돌,안전운전불이행,건조,맑음,교차로 - 교차로부근,승용,남,51세,상해없음,이륜,남,26세,중상
2023082500100059,2023년 8월 25일 06시,금요일,경상북도 구미시 해평면,중상사고,0,1,0,0,차대사람 - 횡단중,안전운전불이행,건조,맑음,교차로 - 교차로안,승용,남,22세,상해없음,보행자,여,85세,중상
2023082500100129,2023년 8월 25일 08시,금요일,경상북도 안동시 용상동,경상사고,0,0,1,0,차대사람 - 기타,안전운전불이행,건조,맑음,단일로 - 기타,승용,남,66세,상해없음,보행자,여,84세,경상
2023082500100165,2023년 8월 25일 09시,금요일,경상북도 상주시 낙양동,중상사고,0,1,0,0,차대차 - 측면충돌,교차로운행방법위반,건조,맑음,교차로 - 교차로안,승용,남,75세,상해없음,승용,여,60세,중상
2023082500100166,2023년 8월 25일 09시,금요일,경상북도 경산시 압량읍,경상사고,0,0,1,0,차대차 - 측면충돌,중앙선침범,건조,맑음,교차로 - 교차로안,승용,여,46세,상해없음,화물,남,64세,경상
2023082500100167,2023년 8월 25일 09시,금요일,경상북도 경산시 하양읍,경상사고,0,0,2,0,차대차 - 후진중충돌,안전운전불이행,건조,맑음,단일로 - 기타,승용,여,30세,상해없음,승용,남,36세,경상
2023082500100209,2023년 8월 25일 10시,금요일,경상북도 안동시 태화동,사망사고,1,0,0,1,차대차 - 기타,신호위반,건조,맑음,교차로 - 교차로횡단보도내,승용,여,48세,부상신고,자전거,남,80세,사망
2023082500100210,2023년 8월 25일 10시,금요일,경상북도 경산시 진량읍,경상사고,0,0,1,0,차대사람 - 기타,안전운전불이행,건조,맑음,교차로 - 교차로부근,이륜,남,34세,상해없음,보행자,여,27세,경상
2023082500100244,2023년 8월 25일 11시,금요일,경상북도 김천시 남산동,중상사고,0,1,0,0,차대차 - 측면충돌,안전운전불이행,건조,맑음,단일로 - 기타,승용,여,52세,상해없음,승용,여,55세,상해없음
2023082500100275,2023년 8월 25일 12시,금요일,경상북도 안동시 태화동,경상사고,0,0,1,0,차량단독 - 기타,안전운전불이행,건조,맑음,교차로 - 교차로부근,이륜,남,22세,경상,,,,
2023082500100310,2023년 8월 25일 13시,금요일,경상북도 구미시 산동읍,경상사고,0,0,1,0,차대차 - 측면충돌,교차로운행방법위반,건조,맑음,교차로 - 교차로부근,승용,남,31세,상해없음,승용,남,46세,경상
2023082500100363,2023년 8월 25일 14시,금요일,경상북도 포항시 북구 장성동,경상사고,0,0,1,0,차대사람 - 기타,안전운전불이행,건조,맑음,단일로 - 기타,승용,여,57세,상해없음,보행자,남,48세,경상
2023082500100416,2023년 8월 25일 15시,금요일,경상북도 안동시 임하면,경상사고,0,0,1,0,차대차 - 정면충돌,중앙선침범,건조,맑음,교차로 - 교차로부근,건설기계,남,56세,상해없음,승용,남,63세,경상
2023082500100417,2023년 8월 25일 15시,금요일,경상북도 포항시 남구 대도동,경상사고,0,0,1,1,차대차 - 측면충돌,안전운전불이행,건조,맑음,교차로 - 교차로안,승용,남,68세,부상신고,승용,여,60세,경상
2023082500100475,2023년 8월 25일 16시,금요일,경상북도 경주시 황성동,경상사고,0,0,1,1,차대차 - 측면충돌,안전운전불이행,건조,맑음,교차로 - 교차로부근,이륜,남,21세,부상신고,승합,여,57세,경상
2023082500100476,2023년 8월 25일 16시,금요일,경상북도 포항시 북구 죽도동,경상사고,0,0,3,0,차대차 - 후진중충돌,안전운전불이행,건조,맑음,교차로 - 교차로안,승용,남,69세,상해없음,승용,남,40세,경상
2023082500100477,2023년 8월 25일 16시,금요일,경상북도 고령군 성산면,경상사고,0,0,1,0,차대차 - 기타,안전운전불이행,건조,맑음,단일로 - 기타,승용,여,63세,상해없음,화물,남,55세,상해없음
2023082500100532,2023년 8월 25일 17시,금요일,경상북도 안동시 와룡면,중상사고,0,1,2,0,차대차 - 추돌,안전운전불이행,건조,맑음,단일로 - 기타,승용,여,67세,경상,화물,남,77세,경상
2023082500100533,2023년 8월 25일 17시,금요일,경상북도 영덕군 영덕읍,경상사고,0,0,2,0,차대차 - 측면충돌,직진우회전진행방해,건조,맑음,교차로 - 교차로안,화물,여,71세,상해없음,승용,남,31세,경상
2023082500100534,2023년 8월 25일 17시,금요일,경상북도 구미시 도개면,경상사고,0,0,1,0,차량단독 - 전도전복 - 전도,안전운전불이행,건조,맑음,단일로 - 기타,이륜,남,17세,상해없음,,,,
2023082500100535,2023년 8월 25일 17시,금요일,경상북도 구미시 해평면,중상사고,0,1,0,0,차량단독 - 전도전복 - 전도,안전운전불이행,건조,맑음,기타 - 기타,이륜,남,62세,중상,,,,
2023082500100611,2023년 8월 25일 18시,금요일,경상북도 칠곡군 석적읍,경상사고,0,0,1,0,차대차 - 측면충돌,안전운전불이행,건조,맑음,단일로 - 지하차도(도로)내,승용,남,54세,상해없음,승용,여,38세,경상
2023082500100655,2023년 8월 25일 19시,금요일,경상북도 상주시 낙양동,경상사고,0,0,1,0,차대차 - 기타,교차로운행방법위반,건조,맑음,교차로 - 교차로안,자전거,남,12세,상해없음,이륜,남,70세,경상
2023082500100656,2023년 8월 25일 19시,금요일,경상북도 봉화군 물야면,중상사고,0,1,0,0,차대차 - 추돌,안전운전불이행,건조,기타,단일로 - 기타,승용,남,62세,상해없음,승용,여,72세,중상
2023082500100688,2023년 8월 25일 20시,금요일,경상북도 안동시 당북동,경상사고,0,0,1,0,차대차 - 기타,안전운전불이행,건조,맑음,기타 - 기타,승용,여,55세,상해없음,이륜,남,40세,경상
2023082500100689,2023년 8월 25일 20시,금요일,경상북도 경산시 중방동,중상사고,0,1,0,0,차대사람 - 횡단중,안전운전불이행,건조,맑음,단일로 - 기타,이륜,남,26세,상해없음,보행자,남,53세,중상
2023082500100690,2023년 8월 25일 20시,금요일,경상북도 구미시 산동읍,경상사고,0,0,1,0,차대차 - 기타,안전운전불이행,건조,맑음,교차로 - 교차로안,승용,남,47세,상해없음,승용,남,58세,상해없음
2023082500100726,2023년 8월 25일 21시,금요일,경상북도 경산시 와촌면,경상사고,0,0,1,0,차대사람 - 횡단중,안전운전불이행,건조,맑음,단일로 - 기타,승용,여,60세,상해없음,보행자,여,48세,경상
2023082500100750,2023년 8월 25일 22시,금요일,경상북도 포항시 남구 오천읍,중상사고,0,1,3,0,차대차 - 측면충돌,신호위반,건조,맑음,교차로 - 교차로안,승용,남,70세,경상,승용,남,24세,중상
2023082500100770,2023년 8월 25일 23시,금요일,경상북도 경주시 용강동,중상사고,0,1,0,0,차대사람 - 차도통행중,안전운전불이행,건조,맑음,단일로 - 기타,승용,남,76세,상해없음,보행자,남,23세,중상
2023082600100027,2023년 8월 26일 01시,토요일,경상북도 경주시 황용동,중상사고,0,1,0,0,차량단독 - 공작물충돌,안전운전불이행,젖음/습기,흐림,교차로 - 교차로부근,승용,남,24세,중상,,,,
2023082600100057,2023년 8월 26일 05시,토요일,경상북도 영천시 화북면,사망사고,1,0,0,0,차대차 - 정면충돌,안전운전불이행,기타,안개,교차로 - 교차로안,화물,여,57세,상해없음,이륜,남,50세,사망
2023082600100058,2023년 8월 26일 05시,토요일,경상북도 구미시 산동읍,사망사고,1,0,0,0,차대차 - 측면충돌,신호위반,건조,맑음,교차로 - 교차로안,승용,남,28세,상해없음,화물,남,73세,사망
2023082600100081,2023년 8월 26일 07시,토요일,경상북도 포항시 북구 청하면,경상사고,0,0,1,0,차대차 - 추돌,안전운전불이행,건조,맑음,단일로 - 기타,승용,여,78세,상해없음,승용,남,36세,경상
2023082600100082,2023년 8월 26일 07시,토요일,경상북도 포항시 남구 장흥동,경상사고,0,0,4,0,차대차 - 측면충돌,안전운전불이행,건조,맑음,교차로 - 교차로안,승용,남,69세,경상,승용,남,44세,경상
2023082600100105,2023년 8월 26일 08시,토요일,경상북도 영천시 북안면,중상사고,0,1,0,0,차대차 - 정면충돌,안전운전불이행,건조,맑음,단일로 - 기타,자전거,남,65세,중상,화물,남,57세,상해없음
2023082600100106,2023년 8월 26일 08시,토요일,경상북도 구미시 산동읍,부상신고사고,0,0,0,1,차대차 - 기타,안전운전불이행,건조,맑음,교차로 - 교차로안,이륜,남,80세,부상신고,승용,남,60세,상해없음
2023082600100133,2023년 8월 26일 09시,토요일,경상북도 칠곡군 동명면,경상사고,0,0,1,0,차대차 - 측면충돌,신호위반,건조,맑음,교차로 - 교차로안,건설기계,남,51세,상해없음,자전거,남,64세,경상
2023082600100169,2023년 8월 26일 10시,토요일,경상북도 포항시 북구 우현동,중상사고,0,1,1,0,차대차 - 측면충돌,신호위반,건조,맑음,교차로 - 교차로안,승용,남,74세,상해없음,승용,남,74세,상해없음
2023082600100170,2023년 8월 26일 10시,토요일,경상북도 경산시 백천동,경상사고,0,0,1,0,차대사람 - 기타,안전운전불이행,건조,맑음,교차로 - 교차로부근,승용,여,53세,상해없음,보행자,여,13세,경상
2023082600100171,2023년 8월 26일 10시,토요일,경상북도 구미시 원평동,경상사고,0,0,4,0,차대차 - 추돌,안전거리미확보,건조,맑음,단일로 - 기타,승합,남,71세,상해없음,승용,남,35세,경상
2023082600100215,2023년 8월 26일 11시,토요일,경상북도 포항시 북구 동빈2가,경상사고,0,0,1,0,차대차 - 측면충돌,안전거리미확보,건조,맑음,단일로 - 기타,승용,여,47세,상해없음,승용,여,34세,경상
2023082600100216,2023년 8월 26일 11시,토요일,경상북도 영덕군 강구면,중상사고,0,2,0,0,차대차 - 정면충돌,중앙선침범,건조,맑음,단일로 - 교량,승용,남,62세,중상,승용,남,49세,중상
2023082600100217,2023년 8월 26일 11시,토요일,경상북도 구미시 인의동,경상사고,0,0,1,0,차대차 - 측면충돌,안전운전불이행,건조,맑음,교차로 - 교차로부근,자전거,여,80세,경상,승용,여,63세,상해없음
2023082600100218,2023년 8월 26일 11시,토요일,경상북도 구미시 봉곡동,경상사고,0,0,1,0,차대차 - 측면충돌,안전운전불이행,건조,맑음,교차로 - 교차로안,승용,여,40세,상해없음,자전거,남,8세,경상
2023082600100219,2023년 8월 26일 11시,토요일,경상북도 포항시 남구 동해면,경상사고,0,0,2,0,차대차 - 측면충돌,직진우회전진행방해,건조,맑음,교차로 - 교차로안,승용,남,70세,상해없음,승용,남,36세,경상
2023082600100257,2023년 8월 26일 12시,토요일,경상북도 포항시 북구 흥해읍,중상사고,0,1,0,0,차대사람 - 길가장자리구역통행중,안전운전불이행,건조,맑음,주차장 - 주차장,승용,남,72세,상해없음,보행자,남,64세,중상
2023082600100258,2023년 8월 26일 12시,토요일,경상북도 구미시 송정동,경상사고,0,0,1,0,차대차 - 정면충돌,안전운전불이행,건조,맑음,단일로 - 지하차도(도로)내,승용,여,67세,기타불명,승용,여,33세,경상
2023082600100259,2023년 8월 26일 12시,토요일,경상북도 구미시 옥성면,경상사고,0,0,3,0,차대차 - 추돌,안전운전불이행,건조,맑음,단일로 - 지하차도(도로)내,승용,남,35세,상해없음,승용,남,29세,경상
2023082600100307,2023년 8월 26일 13시,토요일,경상북도 경주시 감포읍,중상사고,0,1,0,0,차대사람 - 차도통행중,안전운전불이행,건조,맑음,단일로 - 기타,건설기계,남,23세,상해없음,보행자,남,63세,중상
2023082600100341,2023년 8월 26일 14시,토요일,경상북도 영천시 임고면,중상사고,0,2,1,0,차대차 - 정면충돌,안전운전불이행,건조,맑음,교차로 - 교차로안,승용,여,59세,중상,승용,남,68세,경상
2023082600100377,2023년 8월 26일 15시,토요일,경상북도 영양군 입암면,중상사고,0,1,5,0,차대차 - 추돌,안전운전불이행,건조,맑음,단일로 - 기타,화물,여,60세,경상,승용,남,31세,경상
2023082600100378,2023년 8월 26일 15시,토요일,경상북도 구미시 인의동,부상신고사고,0,0,0,1,차량단독 - 기타,안전운전불이행,건조,맑음,단일로 - 기타,승합,남,51세,상해없음,,,,
2023082600100462,2023년 8월 26일 17시,토요일,경상북도 경주시 구정동,경상사고,0,0,3,0,차대차 - 추돌,신호위반,건조,맑음,교차로 - 교차로안,승용,남,33세,상해없음,승용,남,57세,경상
2023082600100463,2023년 8월 26일 17시,토요일,경상북도 경주시 감포읍,중상사고,0,2,0,0,차량단독 - 기타,안전운전불이행,건조,맑음,단일로 - 기타,승용,남,71세,중상,,,,
2023082600100490,2023년 8월 26일 18시,토요일,경상북도 포항시 남구 구룡포읍,경상사고,0,0,1,0,차대차 - 측면충돌,신호위반,건조,맑음,교차로 - 교차로안,승용,여,68세,상해없음,승용,남,55세,경상
2023082600100523,2023년 8월 26일 19시,토요일,경상북도 경주시 구정동,경상사고,0,0,3,0,차대차 - 추돌,안전운전불이행,건조,맑음,교차로 - 교차로부근,승용,남,50세,상해없음,승용,남,31세,경상
2023082600100524,2023년 8월 26일 19시,토요일,경상북도 경산시 하양읍,경상사고,0,0,2,0,차대차 - 측면충돌,교차로운행방법위반,건조,맑음,교차로 - 교차로부근,승용,남,61세,상해없음,승용,남,37세,경상
2023082600100525,2023년 8월 26일 19시,토요일,경상북도 성주군 금수면,경상사고,0,0,3,0,차대차 - 측면충돌,중앙선침범,건조,맑음,단일로 - 기타,승용,여,29세,경상,화물,남,70세,상해없음
2023082600100549,2023년 8월 26일 20시,토요일,경상북도 경주시 강동면,중상사고,0,1,0,0,차대차 - 측면충돌,안전운전불이행,건조,맑음,단일로 - 기타,원동기,남,30세,중상,승용,남,38세,상해없음
2023082600100576,2023년 8월 26일 21시,토요일,경상북도 포항시 남구 오천읍,경상사고,0,0,3,0,차대차 - 추돌,안전운전불이행,건조,맑음,교차로 - 교차로부근,승용,남,21세,상해없음,이륜,남,47세,경상
2023082600100596,2023년 8월 26일 22시,토요일,경상북도 영천시 대창면,경상사고,0,0,1,0,차량단독 - 도로외이탈 - 기타,안전운전불이행,건조,맑음,단일로 - 기타,이륜,남,31세,경상,,,,
2023082600100597,2023년 8월 26일 22시,토요일,경상북도 구미시 옥계동,중상사고,0,1,0,0,차량단독 - 전도전복 - 전도,안전운전불이행,건조,맑음,기타 - 기타,자전거,남,43세,중상,,,,
2023082600100606,2023년 8월 26일 23시,토요일,경상북도 포항시 남구 상도동,경상사고,0,0,1,0,차대사람 - 길가장자리구역통행중,안전운전불이행,건조,흐림,교차로 - 교차로안,승용,여,55세,상해없음,보행자,남,69세,경상
2023082700100005,2023년 8월 27일 00시,일요일,경상북도 포항시 북구 용흥동,경상사고,0,0,6,0,차대차 - 기타,중앙선침범,건조,맑음,단일로 - 고가도로위,화물,남,60세,상해없음,승용,남,66세,경상
2023082700100016,2023년 8월 27일 01시,일요일,경상북도 칠곡군 석적읍,경상사고,0,0,2,0,차대차 - 측면충돌,기타,건조,맑음,교차로 - 교차로안,승용,여,32세,경상,승용,여,38세,경상
2023082700100017,2023년 8월 27일 01시,일요일,경상북도 포항시 남구 이동,경상사고,0,0,1,0,차대차 - 측면충돌,안전운전불이행,건조,맑음,단일로 - 기타,승용,남,66세,상해없음,이륜,남,17세,경상
2023082700100034,2023년 8월 27일 02시,일요일,경상북도 구미시 신평동,부상신고사고,0,0,0,1,차대차 - 추돌,안전운전불이행,건조,맑음,교차로 - 교차로안,이륜,남,21세,부상신고,승용,남,21세,상해없음
2023082700100061,2023년 8월 27일 06시,일요일,경상북도 영주시 휴천동,중상사고,0,1,0,0,차대차 - 측면충돌,안전운전불이행,건조,맑음,교차로 - 교차로안,화물,남,67세,상해없음,자전거,남,75세,중상
2023082700100072,2023년 8월 27일 07시,일요일,경상북도 구미시 공단동,중상사고,0,1,0,0,차대차 - 측면충돌,직진우회전진행방해,건조,맑음,교차로 - 교차로안,승용,남,47세,기타불명,승용,여,23세,중상
2023082700100082,2023년 8월 27일 08시,일요일,경상북도 성주군 벽진면,중상사고,0,1,0,0,차량단독 - 기타,안전운전불이행,건조,맑음,단일로 - 기타,승용,여,78세,중상,,,,
2023082700100104,2023년 8월 27일 09시,일요일,경상북도 포항시 북구 흥해읍,중상사고,0,1,0,0,차대차 - 측면충돌,안전운전불이행,건조,맑음,단일로 - 기타,자전거,여,82세,중상,승용,남,66세,상해없음
2023082700100105,2023년 8월 27일 09시,일요일,경상북도 의성군 봉양면,경상사고,0,0,2,0,차대차 - 기타,신호위반,건조,맑음,교차로 - 교차로안,승용,남,81세,경상,승용,남,57세,경상
2023082700100106,2023년 8월 27일 09시,일요일,경상북도 칠곡군 가산면,중상사고,0,1,0,0,차대차 - 측면충돌,신호위반,건조,맑음,교차로 - 교차로안,승용,남,52세,상해없음,이륜,남,38세,중상
2023082700100107,2023년 8월 27일 09시,일요일,경상북도 영천시 언하동,중상사고,0,1,0,0,차대차 - 측면충돌,신호위반,건조,맑음,교차로 - 교차로안,화물,남,55세,기타불명,승용,여,57세,중상
2023082700100122,2023년 8월 27일 10시,일요일,경상북도 영주시 안정면,경상사고,0,0,1,0,차대차 - 측면충돌,차로위반,건조,맑음,단일로 - 기타,화물,남,48세,상해없음,승용,남,35세,경상
2023082700100124,2023년 8월 27일 10시,일요일,경상북도 청송군 청송읍,중상사고,0,1,2,0,차대차 - 정면충돌,안전운전불이행,건조,맑음,교차로 - 교차로안,승용,남,37세,경상,승용,남,59세,경상
2023082700100143,2023년 8월 27일 11시,일요일,경상북도 경주시 동천동,경상사고,0,0,1,0,차대차 - 기타,안전운전불이행,건조,맑음,교차로 - 교차로부근,승용,남,61세,상해없음,승용,남,37세,상해없음
2023082700100144,2023년 8월 27일 11시,일요일,경상북도 칠곡군 북삼읍,중상사고,0,1,0,0,차량단독 - 공작물충돌,안전운전불이행,건조,맑음,단일로 - 기타,승용,남,64세,중상,,,,
2023082700100145,2023년 8월 27일 11시,일요일,경상북도 성주군 성주읍,부상신고사고,0,0,0,2,차대차 - 기타,안전운전불이행,건조,맑음,주차장 - 주차장,승용,남,81세,상해없음,승용,남,69세,부상신고
2023082700100146,2023년 8월 27일 11시,일요일,경상북도 고령군 쌍림면,중상사고,0,1,2,0,차대차 - 측면충돌,안전운전불이행,건조,맑음,단일로 - 기타,농기계,남,82세,중상,승합,남,69세,상해없음
2023082700100184,2023년 8월 27일 12시,일요일,경상북도 포항시 북구 장성동,경상사고,0,0,1,0,차대차 - 측면충돌,안전운전불이행,건조,맑음,교차로 - 교차로안,이륜,남,23세,상해없음,승용,남,64세,경상
2023082700100185,2023년 8월 27일 12시,일요일,경상북도 포항시 북구 대흥동,경상사고,0,0,3,0,차대차 - 측면충돌,교차로운행방법위반,건조,맑음,교차로 - 교차로안,승용,남,78세,경상,승용,남,50세,경상
2023082700100186,2023년 8월 27일 12시,일요일,경상북도 칠곡군 왜관읍,경상사고,0,0,2,0,차대차 - 정면충돌,안전운전불이행,건조,맑음,단일로 - 기타,승용,여,23세,상해없음,승용,여,63세,경상
2023082700100213,2023년 8월 27일 13시,일요일,경상북도 포항시 북구 항구동,중상사고,0,1,0,0,차대차 - 측면충돌,신호위반,건조,흐림,교차로 - 교차로부근,승용,여,71세,상해없음,이륜,남,79세,중상
2023082700100214,2023년 8월 27일 13시,일요일,경상북도 경산시 진량읍,경상사고,0,0,1,0,차대차 - 기타,안전운전불이행,건조,맑음,교차로 - 교차로부근,이륜,남,43세,경상,승용,남,72세,상해없음
2023082700100246,2023년 8월 27일 14시,일요일,경상북도 영주시 상망동,중상사고,0,1,0,1,차대차 - 정면충돌,중앙선침범,건조,맑음,단일로 - 기타,화물,남,59세,부상신고,승용,여,59세,중상
2023082700100273,2023년 8월 27일 15시,일요일,경상북도 칠곡군 왜관읍,중상사고,0,1,0,0,차대차 - 측면충돌,직진우회전진행방해,건조,맑음,교차로 - 교차로안,승용,남,57세,중상,승용,여,66세,상해없음
2023082700100328,2023년 8월 27일 17시,일요일,경상북도 포항시 남구 동해면,경상사고,0,0,1,0,차대차 - 측면충돌,중앙선침범,건조,맑음,단일로 - 기타,승용,여,38세,상해없음,승용,남,44세,경상
2023082700100356,2023년 8월 27일 18시,일요일,경상북도 포항시 북구 죽도동,경상사고,0,0,1,0,차대차 - 기타,안전운전불이행,건조,맑음,교차로 - 교차로안,승용,남,69세,상해없음,승합,남,42세,경상
2023082700100386,2023년 8월 27일 19시,일요일,경상북도 경주시 신평동,경상사고,0,0,2,0,차대사람 - 횡단중,보행자보호의무위반,건조,맑음,교차로 - 교차로횡단보도내,이륜,남,44세,경상,보행자,여,10세,경상
2023082700100417,2023년 8월 27일 20시,일요일,경상북도 칠곡군 석적읍,경상사고,0,0,1,0,차대차 - 측면충돌,안전운전불이행,건조,맑음,단일로 - 지하차도(도로)내,승용,남,41세,상해없음,이륜,남,50세,경상
2023082700100436,2023년 8월 27일 21시,일요일,경상북도 포항시 북구 장성동,경상사고,0,0,1,0,차대차 - 측면충돌,안전운전불이행,건조,맑음,단일로 - 기타,승용,남,48세,상해없음,승용,남,57세,경상
2023082800100009,2023년 8월 28일 02시,월요일,경상북도 구미시 황상동,경상사고,0,0,1,0,차대사람 - 차도통행중,안전운전불이행,건조,맑음,교차로 - 교차로부근,승용,남,22세,상해없음,보행자,남,27세,경상
2023082800100077,2023년 8월 28일 07시,월요일,경상북도 청도군 풍각면,경상사고,0,0,1,0,차대차 - 정면충돌,교차로운행방법위반,건조,맑음,교차로 - 교차로안,사륜오토바이(ATV),남,85세,상해없음,승용,남,62세,상해없음
2023082800100117,2023년 8월 28일 08시,월요일,경상북도 상주시 병성동,중상사고,0,1,0,0,차대사람 - 차도통행중,안전운전불이행,건조,맑음,단일로 - 지하차도(도로)내,화물,남,67세,상해없음,보행자,남,94세,중상
2023082800100118,2023년 8월 28일 08시,월요일,경상북도 칠곡군 왜관읍,중상사고,0,1,0,0,차대차 - 측면충돌,직진우회전진행방해,건조,맑음,교차로 - 교차로안,승용,여,44세,상해없음,이륜,남,77세,중상
2023082800100120,2023년 8월 28일 08시,월요일,경상북도 경산시 사정동,경상사고,0,0,1,0,차대차 - 후진중충돌,안전운전불이행,건조,맑음,단일로 - 지하차도(도로)내,승용,여,69세,상해없음,화물,남,46세,경상
2023082800100164,2023년 8월 28일 09시,월요일,경상북도 포항시 북구 용흥동,중상사고,0,1,0,0,차대차 - 측면충돌,교차로운행방법위반,건조,맑음,교차로 - 교차로안,승용,여,38세,상해없음,승용,여,56세,중상
2023082800100165,2023년 8월 28일 09시,월요일,경상북도 포항시 북구 흥해읍,경상사고,0,0,1,0,차대사람 - 차도통행중,안전운전불이행,건조,맑음,단일로 - 기타,승용,남,69세,상해없음,보행자,여,43세,경상
2023082800100166,2023년 8월 28일 09시,월요일,경상북도 포항시 남구 청림동,중상사고,0,1,0,0,차대사람 - 기타,안전운전불이행,건조,맑음,단일로 - 기타,승용,남,80세,상해없음,보행자,여,74세,중상
2023082800100237,2023년 8월 28일 11시,월요일,경상북도 구미시 임은동,경상사고,0,0,1,0,차대차 - 측면충돌,안전운전불이행,건조,맑음,단일로 - 기타,승합,남,63세,상해없음,승용,여,34세,경상
2023082800100294,2023년 8월 28일 13시,월요일,경상북도 포항시 북구 흥해읍,경상사고,0,0,3,0,차대차 - 측면충돌,안전운전불이행,건조,맑음,단일로 - 기타,승용,여,58세,경상,승용,남,64세,경상
2023082800100295,2023년 8월 28일 13시,월요일,경상북도 구미시 봉곡동,경상사고,0,0,1,0,차대차 - 추돌,안전운전불이행,건조,맑음,단일로 - 기타,승용,여,61세,상해없음,승용,여,55세,경상
2023082800100331,2023년 8월 28일 14시,월요일,경상북도 울진군 후포면,중상사고,0,1,0,0,차대차 - 측면충돌,안전운전불이행,건조,맑음,단일로 - 기타,승용,기타불명,미분류,기타불명,승용,여,57세,중상
2023082800100361,2023년 8월 28일 15시,월요일,경상북도 안동시 대석동,경상사고,0,0,1,0,차대차 - 기타,안전운전불이행,건조,맑음,교차로 - 교차로횡단보도내,자전거,남,80세,경상,승용,남,42세,상해없음
2023082800100406,2023년 8월 28일 16시,월요일,경상북도 포항시 북구 죽장면,경상사고,0,0,1,0,차대차 - 추돌,안전운전불이행,건조,맑음,단일로 - 기타,승용,남,79세,경상,건설기계,남,69세,상해없음
2023082800100407,2023년 8월 28일 16시,월요일,경상북도 포항시 남구 오천읍,중상사고,0,1,3,0,차대차 - 기타,직진우회전진행방해,젖음/습기,비,교차로 - 교차로안,승용,여,64세,중상,화물,여,50세,경상
2023082800100445,2023년 8월 28일 17시,월요일,경상북도 구미시 원평동,경상사고,0,0,1,0,차대차 - 기타,안전운전불이행,건조,맑음,단일로 - 기타,승용,여,47세,상해없음,승용,남,45세,경상
2023082800100446,2023년 8월 28일 17시,월요일,경상북도 포항시 남구 동촌동,경상사고,0,0,1,0,차대차 - 추돌,안전운전불이행,젖음/습기,비,교차로 - 교차로부근,승용,여,38세,상해없음,승용,남,42세,경상