사고번호,사고일시,요일,시군구,사고내용,사망자수,중상자수,경상자수,부상신고자수,사고유형,법규위반,노면상태,기상상태,도로형태,가해운전자 차종,가해운전자 성별,가해운전자 연령,가해운전자 상해정도,피해운전자 차종,피해운전자 성별,피해운전자 연령,피해운전자 상해정도
2023082800100493,2023년 8월 28일 18시,월요일,경상북도 포항시 남구 상도동,경상사고,0,0,1,0,차대차 - 정면충돌,교차로운행방법위반,젖음/습기,비,교차로 - 교차로안,승용,남,66세,상해없음,승용,남,55세,경상
2023082800100550,2023년 8월 28일 20시,월요일,경상북도 상주시 서문동,부상신고사고,0,0,0,1,차대차 - 추돌,안전운전불이행,건조,맑음,단일로 - 기타,승용,여,38세,상해없음,승용,남,26세,부상신고
2023082800100600,2023년 8월 28일 23시,월요일,경상북도 김천시 지좌동,경상사고,0,0,1,0,차량단독 - 전도전복 - 전도,안전운전불이행,건조,맑음,단일로 - 기타,이륜,남,60세,경상,,,,
2023082900100094,2023년 8월 29일 08시,화요일,경상북도 구미시 지산동,중상사고,0,1,0,0,차대사람 - 횡단중,신호위반,젖음/습기,비,교차로 - 교차로횡단보도내,승용,여,57세,상해없음,보행자,여,87세,중상
2023082900100095,2023년 8월 29일 08시,화요일,경상북도 구미시 공단동,경상사고,0,0,1,0,차대차 - 추돌,안전운전불이행,건조,맑음,단일로 - 기타,승용,남,33세,상해없음,승용,남,30세,경상
2023082900100133,2023년 8월 29일 09시,화요일,경상북도 포항시 북구 죽도동,중상사고,0,1,0,0,차대차 - 측면충돌,안전운전불이행,건조,맑음,단일로 - 기타,자전거,남,82세,중상,승용,남,72세,상해없음
2023082900100166,2023년 8월 29일 10시,화요일,경상북도 칠곡군 석적읍,중상사고,0,1,0,0,차대차 - 기타,안전운전불이행,건조,맑음,교차로 - 교차로부근,승용,남,68세,상해없음,이륜,남,28세,중상
2023082900100203,2023년 8월 29일 11시,화요일,경상북도 구미시 옥성면,사망사고,1,0,0,0,차량단독 - 전도전복 - 전도,안전운전불이행,젖음/습기,비,기타 - 기타,농기계,남,87세,사망,,,,
2023082900100238,2023년 8월 29일 12시,화요일,경상북도 영천시 문외동,경상사고,0,0,1,0,차대차 - 측면충돌,신호위반,건조,맑음,교차로 - 교차로안,승용,남,30세,상해없음,승용,여,52세,경상
2023082900100270,2023년 8월 29일 13시,화요일,경상북도 경주시 외동읍,경상사고,0,0,1,0,차대차 - 측면충돌,교차로운행방법위반,건조,맑음,교차로 - 교차로안,승용,남,59세,상해없음,자전거,남,57세,경상
2023082900100305,2023년 8월 29일 14시,화요일,경상북도 영천시 창구동,경상사고,0,0,1,0,차대차 - 추돌,안전운전불이행,건조,맑음,교차로 - 교차로부근,승용,남,55세,상해없음,승용,남,39세,경상
2023082900100306,2023년 8월 29일 14시,화요일,경상북도 예천군 예천읍,경상사고,0,0,1,0,차대차 - 정면충돌,안전거리미확보,젖음/습기,비,단일로 - 기타,승용,남,22세,상해없음,승용,여,69세,경상
2023082900100307,2023년 8월 29일 14시,화요일,경상북도 성주군 월항면,중상사고,0,1,0,0,차대차 - 측면충돌,중앙선침범,젖음/습기,비,단일로 - 기타,화물,남,25세,중상,특수,남,57세,상해없음
2023082900100308,2023년 8월 29일 14시,화요일,경상북도 고령군 대가야읍,중상사고,0,1,0,0,차대차 - 측면충돌,안전운전불이행,젖음/습기,비,교차로 - 교차로안,화물,여,66세,상해없음,자전거,여,76세,중상
2023082900100309,2023년 8월 29일 14시,화요일,경상북도 구미시 인의동,경상사고,0,0,2,0,차대차 - 측면충돌,직진우회전진행방해,젖음/습기,비,교차로 - 교차로안,승용,여,47세,경상,승용,여,49세,경상
2023082900100310,2023년 8월 29일 14시,화요일,경상북도 포항시 남구 오천읍,경상사고,0,0,1,0,차량단독 - 공작물충돌,안전운전불이행,건조,맑음,단일로 - 기타,승용,남,82세,기타불명,,,,
2023082900100311,2023년 8월 29일 14시,화요일,경상북도 포항시 남구 오천읍,경상사고,0,0,1,0,차대사람 - 차도통행중,안전운전불이행,건조,맑음,교차로 - 교차로안,승용,남,45세,상해없음,보행자,여,58세,경상
2023082900100338,2023년 8월 29일 15시,화요일,경상북도 예천군 예천읍,경상사고,0,0,1,0,차대차 - 정면충돌,안전운전불이행,건조,맑음,단일로 - 기타,이륜,남,84세,상해없음,화물,남,49세,경상
2023082900100339,2023년 8월 29일 15시,화요일,경상북도 구미시 형곡동,경상사고,0,0,1,0,차대차 - 측면충돌,불법유턴,젖음/습기,비,단일로 - 기타,승용,남,57세,상해없음,승용,여,59세,경상
2023082900100371,2023년 8월 29일 16시,화요일,경상북도 포항시 북구 대흥동,경상사고,0,0,1,0,차대차 - 기타,안전거리미확보,건조,맑음,단일로 - 기타,승용,남,71세,상해없음,승용,여,62세,경상
2023082900100413,2023년 8월 29일 17시,화요일,경상북도 울릉군 울릉읍,경상사고,0,0,1,0,차대사람 - 차도통행중,안전운전불이행,건조,맑음,교차로 - 교차로안,승합,남,63세,상해없음,보행자,여,58세,경상
2023082900100414,2023년 8월 29일 17시,화요일,경상북도 구미시 선산읍,경상사고,0,0,1,0,차대차 - 정면충돌,안전운전불이행,건조,맑음,교차로 - 교차로안,화물,남,75세,상해없음,승용,여,34세,경상
2023082900100415,2023년 8월 29일 17시,화요일,경상북도 구미시 원평동,경상사고,0,0,1,1,차대사람 - 횡단중,신호위반,젖음/습기,비,교차로 - 교차로안,원동기,남,55세,부상신고,보행자,여,58세,경상
2023082900100463,2023년 8월 29일 18시,화요일,경상북도 경주시 성동동,중상사고,0,1,1,0,차대차 - 기타,신호위반,건조,맑음,교차로 - 교차로안,이륜,남,33세,경상,승용,여,29세,상해없음
2023082900100464,2023년 8월 29일 18시,화요일,경상북도 경주시 황성동,경상사고,0,0,1,0,차대차 - 측면충돌,안전운전불이행,젖음/습기,비,교차로 - 교차로안,승용,남,28세,상해없음,승용,여,43세,경상
2023082900100465,2023년 8월 29일 18시,화요일,경상북도 포항시 북구 남빈동,중상사고,0,1,0,0,차대차 - 측면충돌,안전운전불이행,건조,맑음,단일로 - 기타,승용,남,43세,상해없음,이륜,남,35세,중상
2023082900100466,2023년 8월 29일 18시,화요일,경상북도 경산시 옥산동,경상사고,0,0,1,0,차대차 - 측면충돌,중앙선침범,건조,맑음,단일로 - 기타,승용,남,23세,상해없음,승용,여,33세,경상
2023082900100467,2023년 8월 29일 18시,화요일,경상북도 성주군 성주읍,중상사고,0,1,1,0,차대사람 - 횡단중,안전운전불이행,건조,맑음,교차로 - 교차로부근,이륜,남,75세,경상,보행자,여,63세,중상
2023082900100469,2023년 8월 29일 18시,화요일,경상북도 구미시 선산읍,중상사고,0,1,0,0,차대차 - 측면충돌,교차로운행방법위반,건조,맑음,교차로 - 교차로안,승합,여,34세,상해없음,자전거,남,71세,중상
2023082900100513,2023년 8월 29일 19시,화요일,경상북도 포항시 북구 양덕동,경상사고,0,0,1,0,차대차 - 기타,안전거리미확보,건조,맑음,교차로 - 교차로안,승용,남,32세,상해없음,승용,남,70세,상해없음
2023082900100514,2023년 8월 29일 19시,화요일,경상북도 칠곡군 북삼읍,경상사고,0,0,1,0,차대차 - 측면충돌,안전거리미확보,건조,맑음,교차로 - 교차로부근,승용,여,49세,상해없음,이륜,남,42세,경상
2023082900100563,2023년 8월 29일 21시,화요일,경상북도 안동시 동부동,경상사고,0,0,2,0,차대차 - 기타,직진우회전진행방해,건조,맑음,교차로 - 교차로안,승용,남,56세,상해없음,승용,남,62세,경상
2023082900100598,2023년 8월 29일 23시,화요일,경상북도 상주시 사벌국면,중상사고,0,1,0,0,차대차 - 추돌,중앙선침범,젖음/습기,비,단일로 - 기타,승용,남,56세,상해없음,화물,남,33세,중상
2023083000100023,2023년 8월 30일 01시,수요일,경상북도 포항시 북구 두호동,경상사고,0,0,2,0,차대차 - 측면충돌,중앙선침범,건조,맑음,기타 - 기타,승용,남,22세,상해없음,승용,남,52세,경상
2023083000100077,2023년 8월 30일 07시,수요일,경상북도 경주시 외동읍,경상사고,0,0,1,0,차대차 - 측면충돌,안전운전불이행,건조,맑음,교차로 - 교차로부근,승용,남,48세,상해없음,승용,남,58세,경상
2023083000100078,2023년 8월 30일 07시,수요일,경상북도 안동시 이천동,경상사고,0,0,1,0,차대차 - 기타,중앙선침범,젖음/습기,비,단일로 - 기타,승용,남,66세,상해없음,화물,남,46세,경상
2023083000100079,2023년 8월 30일 07시,수요일,경상북도 문경시 문경읍,경상사고,0,0,1,0,차대차 - 측면충돌,교차로운행방법위반,젖음/습기,비,교차로 - 교차로안,승용,여,62세,경상,승용,남,64세,상해없음
2023083000100080,2023년 8월 30일 07시,수요일,경상북도 경산시 사정동,경상사고,0,0,1,0,차대차 - 측면충돌,기타,젖음/습기,비,단일로 - 기타,화물,남,70세,상해없음,승용,여,35세,경상
2023083000100113,2023년 8월 30일 08시,수요일,경상북도 포항시 북구 흥해읍,경상사고,0,0,4,0,차대차 - 추돌,안전거리미확보,젖음/습기,비,단일로 - 기타,승용,여,71세,상해없음,화물,여,52세,경상
2023083000100148,2023년 8월 30일 09시,수요일,경상북도 포항시 북구 우현동,경상사고,0,0,1,0,차대사람 - 기타,안전운전불이행,젖음/습기,비,단일로 - 기타,승합,남,39세,기타불명,보행자,여,77세,경상
2023083000100181,2023년 8월 30일 10시,수요일,경상북도 포항시 북구 죽도동,중상사고,0,1,0,0,차대사람 - 기타,안전운전불이행,건조,맑음,단일로 - 기타,승용,여,25세,상해없음,보행자,남,63세,중상
2023083000100208,2023년 8월 30일 11시,수요일,경상북도 경주시 신평동,중상사고,0,2,0,0,차대차 - 측면충돌,안전운전불이행,젖음/습기,비,교차로 - 교차로안,화물,남,67세,상해없음,승용,여,28세,중상
2023083000100209,2023년 8월 30일 11시,수요일,경상북도 구미시 형곡동,경상사고,0,0,1,0,차대차 - 측면충돌,안전운전불이행,젖음/습기,비,교차로 - 교차로안,승용,남,42세,상해없음,승용,여,57세,경상
2023083000100238,2023년 8월 30일 12시,수요일,경상북도 영천시 조교동,경상사고,0,0,1,0,차대차 - 후진중충돌,안전운전불이행,젖음/습기,비,교차로 - 교차로부근,승합,남,72세,상해없음,승용,여,67세,경상
2023083000100239,2023년 8월 30일 12시,수요일,경상북도 포항시 남구 대송면,경상사고,0,0,1,1,차대차 - 측면충돌,직진우회전진행방해,건조,맑음,교차로 - 교차로안,승용,남,62세,부상신고,승용,여,56세,경상
2023083000100270,2023년 8월 30일 13시,수요일,경상북도 포항시 북구 신흥동,경상사고,0,0,1,0,차대차 - 후진중충돌,불법유턴,건조,맑음,교차로 - 교차로부근,승용,남,74세,상해없음,승용,남,47세,경상
2023083000100271,2023년 8월 30일 13시,수요일,경상북도 칠곡군 북삼읍,경상사고,0,0,2,0,차대차 - 정면충돌,중앙선침범,젖음/습기,비,단일로 - 기타,건설기계,남,60세,상해없음,승용,남,65세,경상
2023083000100273,2023년 8월 30일 13시,수요일,경상북도 구미시 구포동,경상사고,0,0,2,0,차대차 - 기타,안전운전불이행,젖음/습기,비,단일로 - 기타,이륜,남,26세,상해없음,화물,남,33세,경상
2023083000100274,2023년 8월 30일 13시,수요일,경상북도 김천시 봉산면,경상사고,0,0,3,1,차대차 - 측면충돌,안전운전불이행,젖음/습기,비,단일로 - 기타,승용,남,47세,부상신고,화물,남,48세,경상
2023083000100306,2023년 8월 30일 14시,수요일,경상북도 김천시 감호동,경상사고,0,0,1,0,차대차 - 추돌,안전운전불이행,젖음/습기,비,교차로 - 교차로부근,승용,남,64세,상해없음,화물,남,60세,경상
2023083000100307,2023년 8월 30일 14시,수요일,경상북도 김천시 농소면,중상사고,0,1,0,0,차대차 - 추돌,안전운전불이행,젖음/습기,흐림,교차로 - 교차로부근,건설기계,남,60세,상해없음,화물,남,59세,중상
2023083000100308,2023년 8월 30일 14시,수요일,경상북도 상주시 만산동,경상사고,0,0,3,0,차대차 - 추돌,안전운전불이행,젖음/습기,맑음,교차로 - 교차로안,화물,남,68세,경상,화물,남,30세,경상
2023083000100309,2023년 8월 30일 14시,수요일,경상북도 구미시 신평동,경상사고,0,0,3,0,차대차 - 기타,안전거리미확보,젖음/습기,비,교차로 - 교차로부근,승합,남,55세,상해없음,승용,남,65세,경상
2023083000100338,2023년 8월 30일 15시,수요일,경상북도 안동시 풍산읍,중상사고,0,1,0,0,차대차 - 기타,안전운전불이행,젖음/습기,비,단일로 - 기타,승용,여,58세,중상,화물,남,48세,상해없음
2023083000100339,2023년 8월 30일 15시,수요일,경상북도 김천시 모암동,경상사고,0,0,1,0,차대차 - 측면충돌,중앙선침범,젖음/습기,비,교차로 - 교차로부근,승용,남,70세,상해없음,승용,남,40세,경상
2023083000100375,2023년 8월 30일 16시,수요일,경상북도 포항시 남구 대도동,부상신고사고,0,0,0,2,차대차 - 기타,안전운전불이행,건조,맑음,교차로 - 교차로부근,승용,남,50세,상해없음,개인형이동수단(PM),여,15세,부상신고
2023083000100412,2023년 8월 30일 17시,수요일,경상북도 경산시 서상동,중상사고,0,1,0,0,차대차 - 기타,중앙선침범,젖음/습기,비,단일로 - 기타,화물,남,68세,상해없음,이륜,남,60세,중상
2023083000100494,2023년 8월 30일 19시,수요일,경상북도 김천시 지좌동,중상사고,0,1,0,0,차대사람 - 횡단중,신호위반,젖음/습기,비,교차로 - 교차로횡단보도내,화물,남,35세,상해없음,보행자,여,66세,중상
2023083000100495,2023년 8월 30일 19시,수요일,경상북도 구미시 산동읍,경상사고,0,0,1,0,차대사람 - 횡단중,안전운전불이행,젖음/습기,비,단일로 - 기타,승합,남,75세,상해없음,보행자,여,53세,경상
2023083000100532,2023년 8월 30일 20시,수요일,경상북도 영주시 영주동,경상사고,0,0,1,0,차대차 - 측면충돌,안전운전불이행,젖음/습기,비,단일로 - 기타,승용,남,75세,상해없음,승용,남,49세,경상
2023083000100533,2023년 8월 30일 20시,수요일,경상북도 칠곡군 석적읍,경상사고,0,0,1,0,차대차 - 측면충돌,안전운전불이행,젖음/습기,비,단일로 - 기타,승용,남,39세,상해없음,승용,남,53세,기타불명
2023083000100534,2023년 8월 30일 20시,수요일,경상북도 영천시 고경면,중상사고,0,1,1,0,차대사람 - 보도통행중,안전운전불이행,젖음/습기,비,단일로 - 기타,승용,남,31세,경상,보행자,남,68세,중상
2023083000100558,2023년 8월 30일 21시,수요일,경상북도 영주시 풍기읍,경상사고,0,0,2,0,차대차 - 측면충돌,교차로운행방법위반,젖음/습기,흐림,교차로 - 교차로안,승용,남,60세,경상,승용,남,28세,경상
2023083100100013,2023년 8월 31일 01시,목요일,경상북도 칠곡군 지천면,중상사고,0,1,0,0,차대차 - 추돌,안전운전불이행,젖음/습기,비,단일로 - 기타,화물,남,46세,상해없음,화물,남,50세,중상
2023083100100056,2023년 8월 31일 06시,목요일,경상북도 구미시 공단동,경상사고,0,0,1,0,차대사람 - 기타,안전운전불이행,젖음/습기,맑음,교차로 - 교차로부근,승용,남,63세,상해없음,보행자,여,24세,경상
2023083100100081,2023년 8월 31일 07시,목요일,경상북도 영천시 대창면,경상사고,0,0,1,0,차량단독 - 공작물충돌,안전운전불이행,젖음/습기,비,단일로 - 기타,승용,남,28세,경상,,,,
2023083100100121,2023년 8월 31일 08시,목요일,경상북도 포항시 북구 흥해읍,경상사고,0,0,5,0,차대차 - 추돌,안전거리미확보,젖음/습기,흐림,단일로 - 기타,승용,여,39세,경상,승용,남,37세,상해없음
2023083100100122,2023년 8월 31일 08시,목요일,경상북도 상주시 이안면,경상사고,0,0,2,0,차대차 - 측면충돌,직진우회전진행방해,건조,맑음,교차로 - 교차로안,승용,여,45세,상해없음,승용,여,24세,경상
2023083100100159,2023년 8월 31일 09시,목요일,경상북도 칠곡군 석적읍,경상사고,0,0,1,0,차대사람 - 기타,안전운전불이행,건조,맑음,기타 - 기타,승용,여,43세,상해없음,보행자,남,47세,경상
2023083100100160,2023년 8월 31일 09시,목요일,경상북도 영천시 망정동,경상사고,0,0,1,0,차대차 - 기타,안전운전불이행,건조,맑음,교차로 - 교차로횡단보도내,승용,여,43세,상해없음,승합,남,73세,경상
2023083100100191,2023년 8월 31일 10시,목요일,경상북도 포항시 남구 연일읍,경상사고,0,0,1,0,차대차 - 기타,안전운전불이행,건조,맑음,교차로 - 교차로부근,승용,남,74세,기타불명,화물,남,40세,경상
2023083100100240,2023년 8월 31일 12시,목요일,경상북도 김천시 평화동,중상사고,0,1,2,0,차대차 - 기타,교차로운행방법위반,건조,맑음,교차로 - 교차로안,이륜,남,68세,경상,승용,남,25세,경상
2023083100100241,2023년 8월 31일 12시,목요일,경상북도 칠곡군 왜관읍,경상사고,0,0,1,0,차대차 - 측면충돌,안전운전불이행,건조,맑음,단일로 - 기타,화물,남,57세,상해없음,승용,여,58세,경상
2023083100100242,2023년 8월 31일 12시,목요일,경상북도 포항시 남구 연일읍,경상사고,0,0,1,0,차량단독 - 공작물충돌,안전운전불이행,건조,맑음,단일로 - 기타,승용,남,43세,경상,,,,
2023083100100260,2023년 8월 31일 13시,목요일,경상북도 구미시 옥계동,경상사고,0,0,1,0,차대차 - 추돌,안전운전불이행,건조,맑음,단일로 - 기타,특수,남,61세,상해없음,화물,남,46세,경상
2023083100100301,2023년 8월 31일 14시,목요일,경상북도 포항시 북구 창포동,경상사고,0,0,1,0,차대차 - 측면충돌,안전거리미확보,건조,맑음,교차로 - 교차로안,승용,남,50세,상해없음,승용,여,55세,경상
2023083100100302,2023년 8월 31일 14시,목요일,경상북도 칠곡군 왜관읍,중상사고,0,1,0,0,차대차 - 측면충돌,교차로운행방법위반,건조,맑음,교차로 - 교차로안,자전거,여,54세,중상,승용,남,41세,상해없음
2023083100100303,2023년 8월 31일 14시,목요일,경상북도 구미시 신평동,경상사고,0,0,1,0,차대차 - 측면충돌,안전거리미확보,건조,맑음,교차로 - 교차로부근,승용,여,55세,상해없음,승용,남,30세,경상
2023083100100304,2023년 8월 31일 14시,목요일,경상북도 포항시 남구 효자동,경상사고,0,0,1,0,차대사람 - 보도통행중,안전운전불이행,건조,맑음,단일로 - 기타,승용,여,61세,상해없음,보행자,여,23세,경상
2023083100100335,2023년 8월 31일 15시,목요일,경상북도 경산시 삼풍동,경상사고,0,0,2,0,차대차 - 추돌,안전거리미확보,건조,맑음,단일로 - 지하차도(도로)내,승용,남,66세,상해없음,승용,남,50세,경상
2023083100100380,2023년 8월 31일 16시,목요일,경상북도 경주시 광명동,경상사고,0,0,1,0,차대차 - 기타,안전운전불이행,건조,맑음,교차로 - 교차로안,승용,남,34세,상해없음,승용,여,44세,경상
2023083100100435,2023년 8월 31일 17시,목요일,경상북도 경산시 하양읍,경상사고,0,0,1,0,차대차 - 기타,신호위반,건조,맑음,교차로 - 교차로안,승용,여,43세,상해없음,승용,남,57세,경상
2023083100100514,2023년 8월 31일 19시,목요일,경상북도 경산시 정평동,경상사고,0,0,1,0,차대사람 - 차도통행중,기타,건조,맑음,교차로 - 교차로안,승용,여,60세,상해없음,보행자,남,12세,경상
2023083100100515,2023년 8월 31일 19시,목요일,경상북도 영천시 화남면,경상사고,0,0,4,0,차대차 - 기타,차로위반,건조,맑음,단일로 - 기타,화물,여,55세,경상,승용,여,68세,경상
2023083100100556,2023년 8월 31일 20시,목요일,경상북도 영천시 오미동,경상사고,0,0,1,0,차대차 - 정면충돌,중앙선침범,건조,맑음,단일로 - 기타,승용,여,62세,상해없음,승용,남,38세,경상
2023083100100557,2023년 8월 31일 20시,목요일,경상북도 영덕군 영덕읍,중상사고,0,1,1,0,차대차 - 기타,안전운전불이행,젖음/습기,비,단일로 - 기타,승용,여,54세,상해없음,승용,남,44세,중상
2023083100100606,2023년 8월 31일 22시,목요일,경상북도 경주시 성건동,경상사고,0,0,3,0,차대차 - 측면충돌,신호위반,건조,맑음,교차로 - 교차로안,승용,남,33세,상해없음,승용,남,34세,경상
2023090100100038,2023년 9월 1일 02시,금요일,경상북도 포항시 남구 효자동,중상사고,0,1,0,0,차량단독 - 기타,안전운전불이행,젖음/습기,흐림,단일로 - 기타,개인형이동수단(PM),남,18세,상해없음,,,,
2023090100100039,2023년 9월 1일 04시,금요일,경상북도 포항시 북구 대흥동,경상사고,0,0,1,0,차대사람 - 길가장자리구역통행중,기타,건조,맑음,단일로 - 기타,기타불명,기타불명,미분류,기타불명,보행자,남,56세,경상
2023090100100049,2023년 9월 1일 05시,금요일,경상북도 안동시 법흥동,중상사고,0,1,0,0,차대사람 - 기타,안전운전불이행,건조,맑음,기타 - 기타,자전거,남,45세,상해없음,보행자,여,65세,중상
2023090100100094,2023년 9월 1일 07시,금요일,경상북도 경산시 사동,경상사고,0,0,1,0,차대차 - 기타,중앙선침범,건조,맑음,단일로 - 기타,승용,남,42세,상해없음,승용,남,29세,경상
2023090100100138,2023년 9월 1일 08시,금요일,경상북도 구미시 비산동,경상사고,0,0,1,0,차대차 - 측면충돌,안전운전불이행,건조,맑음,교차로 - 교차로안,승용,남,67세,상해없음,승용,여,55세,경상
2023090100100167,2023년 9월 1일 09시,금요일,경상북도 경주시 남산동,중상사고,0,1,0,0,차량단독 - 공작물충돌,안전운전불이행,젖음/습기,비,단일로 - 기타,승용,여,72세,상해없음,,,,
2023090100100168,2023년 9월 1일 09시,금요일,경상북도 포항시 남구 오천읍,경상사고,0,0,2,0,차대차 - 기타,안전거리미확보,건조,맑음,단일로 - 기타,승용,여,37세,상해없음,승합,남,39세,경상
2023090100100203,2023년 9월 1일 10시,금요일,경상북도 상주시 신봉동,중상사고,0,1,0,0,차대차 - 측면충돌,교차로운행방법위반,건조,맑음,교차로 - 교차로부근,승용,여,61세,상해없음,자전거,남,70세,중상
2023090100100204,2023년 9월 1일 10시,금요일,경상북도 성주군 성주읍,중상사고,0,1,0,0,차대차 - 측면충돌,안전운전불이행,건조,맑음,단일로 - 기타,승용,여,47세,상해없음,이륜,남,85세,중상
2023090100100243,2023년 9월 1일 11시,금요일,경상북도 구미시 산동읍,중상사고,0,1,0,0,차대차 - 정면충돌,안전운전불이행,건조,맑음,교차로 - 교차로안,화물,남,33세,상해없음,승용,여,30세,중상
2023090100100279,2023년 9월 1일 12시,금요일,경상북도 상주시 모동면,경상사고,0,0,1,0,차대차 - 측면충돌,안전운전불이행,건조,맑음,단일로 - 기타,화물,남,71세,상해없음,승합,남,50세,경상
2023090100100280,2023년 9월 1일 12시,금요일,경상북도 문경시 모전동,경상사고,0,0,1,0,차대차 - 측면충돌,안전운전불이행,건조,맑음,기타 - 기타,승용,여,34세,상해없음,자전거,남,66세,경상
2023090100100281,2023년 9월 1일 12시,금요일,경상북도 구미시 선산읍,중상사고,0,1,0,0,차대차 - 측면충돌,안전운전불이행,건조,맑음,교차로 - 교차로안,승용,여,61세,상해없음,화물,남,79세,중상
2023090100100318,2023년 9월 1일 13시,금요일,경상북도 포항시 북구 항구동,경상사고,0,0,1,0,차대차 - 기타,안전운전불이행,건조,맑음,단일로 - 기타,사륜오토바이(ATV),남,71세,경상,승용,남,52세,상해없음
2023090100100319,2023년 9월 1일 13시,금요일,경상북도 구미시 선산읍,경상사고,0,0,2,0,차대차 - 후진중충돌,안전운전불이행,건조,맑음,단일로 - 기타,승용,남,37세,상해없음,승용,남,58세,경상
2023090100100358,2023년 9월 1일 14시,금요일,경상북도 안동시 서후면,중상사고,0,2,1,0,차대차 - 추돌,안전거리미확보,건조,맑음,교차로 - 교차로안,화물,남,87세,상해없음,승용,여,62세,경상
2023090100100395,2023년 9월 1일 15시,금요일,경상북도 경주시 안강읍,경상사고,0,0,2,0,차대차 - 측면충돌,중앙선침범,건조,맑음,단일로 - 기타,화물,남,71세,상해없음,승용,여,59세,경상
2023090100100396,2023년 9월 1일 15시,금요일,경상북도 영주시 가흥동,중상사고,0,1,1,0,차대차 - 측면충돌,교차로운행방법위반,건조,맑음,교차로 - 교차로안,승용,여,32세,상해없음,승용,여,39세,중상
2023090100100444,2023년 9월 1일 16시,금요일,경상북도 안동시 정하동,경상사고,0,0,1,0,차대차 - 기타,안전운전불이행,건조,맑음,교차로 - 교차로안,승용,남,42세,상해없음,자전거,남,10세,경상
2023090100100445,2023년 9월 1일 16시,금요일,경상북도 경산시 백천동,경상사고,0,0,1,0,차대차 - 측면충돌,신호위반,건조,맑음,교차로 - 교차로부근,승용,남,44세,상해없음,승용,여,46세,경상
2023090100100446,2023년 9월 1일 16시,금요일,경상북도 경산시 계양동,중상사고,0,3,1,0,차대차 - 정면충돌,안전운전불이행,건조,맑음,교차로 - 교차로부근,승용,남,22세,상해없음,승용,남,64세,경상
2023090100100447,2023년 9월 1일 16시,금요일,경상북도 구미시 형곡동,경상사고,0,0,1,0,차대사람 - 횡단중,보행자보호의무위반,건조,맑음,교차로 - 교차로횡단보도내,승용,남,61세,상해없음,보행자,여,10세,경상
2023090100100510,2023년 9월 1일 17시,금요일,경상북도 칠곡군 지천면,중상사고,0,1,0,0,차대차 - 추돌,안전운전불이행,건조,맑음,단일로 - 기타,승용,남,미분류,상해없음,승용,남,24세,중상
2023090100100560,2023년 9월 1일 18시,금요일,경상북도 영주시 봉현면,경상사고,0,0,1,0,차대차 - 측면충돌,교차로운행방법위반,건조,맑음,교차로 - 교차로안,화물,여,77세,상해없음,승합,남,61세,상해없음
2023090100100561,2023년 9월 1일 18시,금요일,경상북도 경산시 진량읍,경상사고,0,0,1,0,차대차 - 후진중충돌,안전운전불이행,건조,맑음,단일로 - 기타,승용,남,66세,상해없음,승용,남,49세,경상
2023090100100614,2023년 9월 1일 19시,금요일,경상북도 경주시 현곡면,경상사고,0,0,1,0,차대사람 - 기타,안전운전불이행,젖음/습기,비,주차장 - 주차장,승용,남,48세,상해없음,보행자,여,26세,경상
2023090100100615,2023년 9월 1일 19시,금요일,경상북도 안동시 용상동,중상사고,0,1,0,0,차대사람 - 횡단중,보행자보호의무위반,건조,맑음,교차로 - 교차로부근,화물,남,53세,상해없음,보행자,여,19세,중상
2023090100100616,2023년 9월 1일 19시,금요일,경상북도 경산시 조영동,경상사고,0,0,1,0,차대차 - 추돌,안전운전불이행,건조,맑음,단일로 - 기타,승용,여,63세,기타불명,승용,남,57세,기타불명
2023090100100617,2023년 9월 1일 19시,금요일,경상북도 청도군 풍각면,경상사고,0,0,1,0,차대사람 - 기타,안전운전불이행,건조,맑음,단일로 - 기타,화물,여,40세,상해없음,보행자,남,63세,경상
2023090100100688,2023년 9월 1일 21시,금요일,경상북도 안동시 일직면,부상신고사고,0,0,0,1,차량단독 - 공작물충돌,안전운전불이행,건조,맑음,단일로 - 기타,화물,남,60세,부상신고,,,,
2023090100100705,2023년 9월 1일 22시,금요일,경상북도 의성군 안평면,중상사고,0,1,0,0,차량단독 - 공작물충돌,안전운전불이행,건조,맑음,교차로 - 교차로부근,승용,남,61세,중상,,,,
2023090100100706,2023년 9월 1일 22시,금요일,경상북도 경산시 중방동,경상사고,0,0,1,0,차대차 - 측면충돌,신호위반,건조,맑음,교차로 - 교차로부근,승합,남,54세,상해없음,승용,여,28세,경상
2023090100100732,2023년 9월 1일 23시,금요일,경상북도 칠곡군 왜관읍,경상사고,0,0,1,0,차대차 - 후진중충돌,안전운전불이행,건조,맑음,단일로 - 기타,승용,기타불명,미분류,기타불명,화물,남,42세,경상
2023090200100119,2023년 9월 2일 09시,토요일,경상북도 안동시 와룡면,중상사고,0,1,0,0,차대차 - 측면충돌,안전운전불이행,건조,맑음,단일로 - 기타,화물,남,73세,상해없음,승용,여,28세,중상
2023090200100120,2023년 9월 2일 09시,토요일,경상북도 청도군 금천면,사망사고,1,0,0,0,차대사람 - 횡단중,안전운전불이행,건조,맑음,교차로 - 교차로안,화물,남,72세,상해없음,보행자,여,83세,사망