사고번호,사고일시,요일,시군구,사고내용,사망자수,중상자수,경상자수,부상신고자수,사고유형,법규위반,노면상태,기상상태,도로형태,가해운전자 차종,가해운전자 성별,가해운전자 연령,가해운전자 상해정도,피해운전자 차종,피해운전자 성별,피해운전자 연령,피해운전자 상해정도
2023092100100295,2023년 9월 21일 13시,목요일,경상북도 포항시 남구 오천읍,경상사고,0,0,2,0,차대차 - 측면충돌,교차로운행방법위반,건조,맑음,교차로 - 교차로안,승용,남,42세,경상,승합,남,53세,경상
2023092100100356,2023년 9월 21일 15시,목요일,경상북도 칠곡군 북삼읍,경상사고,0,0,1,0,차대차 - 측면충돌,교차로운행방법위반,건조,맑음,교차로 - 교차로안,승용,여,50세,상해없음,이륜,여,44세,경상
2023092100100358,2023년 9월 21일 15시,목요일,경상북도 성주군 성주읍,중상사고,0,2,2,0,차대차 - 기타,안전운전불이행,건조,맑음,단일로 - 기타,화물,남,40세,상해없음,화물,남,27세,중상
2023092100100389,2023년 9월 21일 16시,목요일,경상북도 영주시 풍기읍,중상사고,0,1,0,0,차대사람 - 횡단중,안전운전불이행,건조,맑음,교차로 - 교차로안,승용,남,74세,상해없음,보행자,여,86세,중상
2023092100100390,2023년 9월 21일 16시,목요일,경상북도 구미시 봉곡동,경상사고,0,0,1,0,차대차 - 추돌,안전운전불이행,건조,맑음,교차로 - 교차로부근,승합,여,41세,상해없음,이륜,남,40세,경상
2023092100100428,2023년 9월 21일 17시,목요일,경상북도 경산시 조영동,중상사고,0,1,0,0,차대사람 - 횡단중,보행자보호의무위반,젖음/습기,비,교차로 - 교차로안,승용,남,72세,상해없음,보행자,여,67세,중상
2023092100100469,2023년 9월 21일 18시,목요일,경상북도 구미시 원평동,중상사고,0,1,0,0,차대사람 - 횡단중,신호위반,젖음/습기,비,교차로 - 교차로횡단보도내,승용,여,50세,상해없음,보행자,여,60세,중상
2023092100100470,2023년 9월 21일 18시,목요일,경상북도 구미시 구포동,부상신고사고,0,0,0,1,차대차 - 기타,안전운전불이행,건조,맑음,교차로 - 교차로부근,자전거,기타불명,미분류,기타불명,자전거,여,22세,부상신고
2023092100100516,2023년 9월 21일 19시,목요일,경상북도 경주시 외동읍,경상사고,0,0,2,0,차대차 - 기타,안전운전불이행,젖음/습기,흐림,교차로 - 교차로부근,승용,남,49세,상해없음,승용,여,60세,경상
2023092100100517,2023년 9월 21일 19시,목요일,경상북도 칠곡군 왜관읍,경상사고,0,0,1,0,차대차 - 측면충돌,직진우회전진행방해,건조,맑음,교차로 - 교차로안,승용,남,30세,상해없음,승용,남,48세,경상
2023092100100518,2023년 9월 21일 19시,목요일,경상북도 성주군 성주읍,경상사고,0,0,1,0,차대차 - 측면충돌,직진우회전진행방해,건조,맑음,교차로 - 교차로안,승용,여,59세,상해없음,이륜,남,27세,경상
2023092100100548,2023년 9월 21일 20시,목요일,경상북도 구미시 광평동,경상사고,0,0,1,0,차대차 - 기타,신호위반,건조,맑음,교차로 - 교차로안,이륜,남,38세,상해없음,승용,여,35세,경상
2023092100100549,2023년 9월 21일 20시,목요일,경상북도 구미시 인의동,경상사고,0,0,1,0,차대차 - 측면충돌,안전운전불이행,젖음/습기,비,교차로 - 교차로안,이륜,남,27세,상해없음,승용,남,27세,상해없음
2023092100100550,2023년 9월 21일 20시,목요일,경상북도 포항시 남구 이동,경상사고,0,0,1,0,차대차 - 기타,안전운전불이행,건조,맑음,교차로 - 교차로부근,승용,남,28세,상해없음,이륜,남,54세,경상
2023092200100045,2023년 9월 22일 05시,금요일,경상북도 포항시 북구 덕산동,경상사고,0,0,1,0,차대차 - 기타,안전운전불이행,건조,맑음,단일로 - 기타,화물,남,68세,상해없음,특수,남,52세,경상
2023092200100088,2023년 9월 22일 07시,금요일,경상북도 영천시 조교동,중상사고,0,1,0,0,차대사람 - 횡단중,안전운전불이행,건조,맑음,교차로 - 교차로부근,승용,남,39세,상해없음,보행자,남,9세,중상
2023092200100089,2023년 9월 22일 07시,금요일,경상북도 경산시 하양읍,중상사고,0,1,0,0,차대사람 - 횡단중,안전운전불이행,건조,맑음,교차로 - 교차로부근,승용,여,51세,상해없음,보행자,남,52세,중상
2023092200100134,2023년 9월 22일 08시,금요일,경상북도 안동시 풍산읍,경상사고,0,0,1,0,차량단독 - 공작물충돌,안전운전불이행,건조,맑음,단일로 - 기타,승용,남,23세,경상,,,,
2023092200100135,2023년 9월 22일 08시,금요일,경상북도 구미시 옥계동,경상사고,0,0,1,0,차대차 - 기타,안전운전불이행,건조,맑음,교차로 - 교차로안,승용,남,52세,상해없음,승용,여,39세,경상
2023092200100136,2023년 9월 22일 08시,금요일,경상북도 포항시 남구 오천읍,경상사고,0,0,2,0,차대사람 - 기타,보행자보호의무위반,건조,맑음,교차로 - 교차로부근,승용,여,48세,경상,보행자,여,74세,경상
2023092200100137,2023년 9월 22일 08시,금요일,경상북도 포항시 남구 상도동,중상사고,0,2,6,0,차대차 - 측면충돌,신호위반,건조,맑음,교차로 - 교차로안,승합,여,63세,경상,승용,여,53세,중상
2023092200100181,2023년 9월 22일 09시,금요일,경상북도 포항시 북구 죽도동,경상사고,0,0,1,0,차대사람 - 길가장자리구역통행중,안전운전불이행,건조,맑음,단일로 - 기타,승용,남,48세,상해없음,보행자,여,34세,경상
2023092200100182,2023년 9월 22일 09시,금요일,경상북도 포항시 북구 죽도동,경상사고,0,0,1,0,차대차 - 기타,안전운전불이행,건조,맑음,단일로 - 기타,승용,여,38세,기타불명,승합,남,56세,상해없음
2023092200100183,2023년 9월 22일 09시,금요일,경상북도 경산시 사동,경상사고,0,0,2,0,차대사람 - 횡단중,보행자보호의무위반,건조,맑음,교차로 - 교차로안,화물,남,44세,경상,보행자,남,65세,경상
2023092200100219,2023년 9월 22일 10시,금요일,경상북도 상주시 신봉동,경상사고,0,0,1,0,차대차 - 후진중충돌,안전운전불이행,건조,맑음,단일로 - 기타,화물,남,71세,상해없음,화물,남,47세,경상
2023092200100220,2023년 9월 22일 10시,금요일,경상북도 칠곡군 동명면,경상사고,0,0,1,0,차대차 - 추돌,안전운전불이행,건조,맑음,교차로 - 교차로부근,승용,여,53세,기타불명,승용,여,44세,경상
2023092200100258,2023년 9월 22일 11시,금요일,경상북도 상주시 함창읍,경상사고,0,0,1,0,차대차 - 기타,안전운전불이행,건조,맑음,단일로 - 기타,승용,남,76세,상해없음,화물,남,62세,경상
2023092200100259,2023년 9월 22일 11시,금요일,경상북도 봉화군 봉화읍,경상사고,0,0,1,0,차대사람 - 기타,안전운전불이행,건조,맑음,기타 - 기타,승용,남,58세,상해없음,보행자,남,73세,경상
2023092200100291,2023년 9월 22일 12시,금요일,경상북도 경주시 충효동,경상사고,0,0,1,0,차대차 - 측면충돌,안전운전불이행,건조,맑음,단일로 - 기타,이륜,남,74세,경상,승용,남,32세,상해없음
2023092200100292,2023년 9월 22일 12시,금요일,경상북도 안동시 수상동,부상신고사고,0,0,0,1,차량단독 - 도로외이탈 - 추락,안전운전불이행,건조,맑음,단일로 - 기타,이륜,여,28세,부상신고,,,,
2023092200100293,2023년 9월 22일 12시,금요일,경상북도 포항시 남구 송도동,경상사고,0,0,1,0,차대차 - 측면충돌,안전운전불이행,건조,맑음,단일로 - 기타,승용,여,54세,상해없음,승용,남,29세,경상
2023092200100327,2023년 9월 22일 13시,금요일,경상북도 영주시 이산면,경상사고,0,0,1,0,차대사람 - 기타,안전운전불이행,건조,맑음,단일로 - 기타,승용,남,29세,상해없음,보행자,남,60세,경상
2023092200100328,2023년 9월 22일 13시,금요일,경상북도 영천시 청통면,중상사고,0,1,2,0,차대사람 - 길가장자리구역통행중,안전운전불이행,건조,맑음,교차로 - 교차로부근,승용,여,64세,상해없음,보행자,남,33세,중상
2023092200100329,2023년 9월 22일 13시,금요일,경상북도 구미시 황상동,경상사고,0,0,3,0,차대차 - 측면충돌,신호위반,건조,맑음,교차로 - 교차로부근,승용,남,22세,경상,승용,여,56세,경상
2023092200100330,2023년 9월 22일 13시,금요일,경상북도 포항시 남구 오천읍,경상사고,0,0,2,0,차대차 - 측면충돌,신호위반,건조,맑음,교차로 - 교차로안,승용,남,42세,경상,승용,남,40세,경상
2023092200100363,2023년 9월 22일 14시,금요일,경상북도 포항시 북구 항구동,중상사고,0,1,3,1,차대차 - 측면충돌,안전운전불이행,건조,맑음,교차로 - 교차로안,승용,남,29세,상해없음,승용,남,37세,경상
2023092200100364,2023년 9월 22일 14시,금요일,경상북도 칠곡군 북삼읍,경상사고,0,0,1,0,차대차 - 후진중충돌,안전운전불이행,건조,맑음,단일로 - 기타,화물,남,30세,상해없음,승용,남,40세,경상
2023092200100365,2023년 9월 22일 14시,금요일,경상북도 포항시 남구 동해면,경상사고,0,0,1,0,차대차 - 기타,신호위반,건조,맑음,교차로 - 교차로부근,기타불명,남,48세,상해없음,승합,남,55세,경상
2023092200100409,2023년 9월 22일 15시,금요일,경상북도 안동시 옥동,중상사고,0,1,0,0,차대차 - 기타,안전운전불이행,건조,맑음,교차로 - 교차로부근,승용,남,54세,상해없음,이륜,남,51세,중상
2023092200100410,2023년 9월 22일 15시,금요일,경상북도 경산시 진량읍,중상사고,0,1,0,0,차대사람 - 횡단중,보행자보호의무위반,건조,맑음,교차로 - 교차로횡단보도내,승용,남,47세,상해없음,보행자,여,64세,중상
2023092200100467,2023년 9월 22일 16시,금요일,경상북도 경주시 서악동,중상사고,0,1,1,0,차대차 - 정면충돌,신호위반,건조,맑음,교차로 - 교차로안,승용,여,59세,상해없음,승용,남,81세,경상
2023092200100468,2023년 9월 22일 16시,금요일,경상북도 경주시 외동읍,경상사고,0,0,1,0,차대차 - 기타,안전운전불이행,건조,맑음,교차로 - 교차로안,승용,여,62세,상해없음,승용,남,52세,경상
2023092200100469,2023년 9월 22일 16시,금요일,경상북도 상주시 연원동,경상사고,0,0,1,0,차대차 - 정면충돌,중앙선침범,건조,맑음,단일로 - 기타,승용,남,72세,상해없음,승합,남,39세,경상
2023092200100470,2023년 9월 22일 16시,금요일,경상북도 상주시 무양동,경상사고,0,0,2,0,차대차 - 후진중충돌,안전운전불이행,건조,맑음,단일로 - 기타,승용,남,20세,상해없음,승용,여,38세,경상
2023092200100471,2023년 9월 22일 16시,금요일,경상북도 경산시 하양읍,경상사고,0,0,1,0,차대차 - 측면충돌,중앙선침범,건조,맑음,단일로 - 기타,승합,남,52세,상해없음,승용,남,33세,경상
2023092200100530,2023년 9월 22일 17시,금요일,경상북도 안동시 풍산읍,경상사고,0,0,1,0,차대차 - 추돌,안전운전불이행,건조,맑음,단일로 - 기타,화물,남,46세,상해없음,승용,남,63세,경상
2023092200100531,2023년 9월 22일 17시,금요일,경상북도 영천시 금호읍,경상사고,0,0,1,1,차대차 - 측면충돌,기타,건조,맑음,교차로 - 교차로안,화물,남,64세,부상신고,승용,여,53세,경상
2023092200100532,2023년 9월 22일 17시,금요일,경상북도 예천군 풍양면,중상사고,0,2,2,0,차대차 - 측면충돌,안전운전불이행,건조,맑음,교차로 - 교차로안,승용,여,52세,중상,승용,여,35세,경상
2023092200100533,2023년 9월 22일 17시,금요일,경상북도 구미시 도량동,경상사고,0,0,1,0,차대차 - 기타,안전운전불이행,건조,맑음,단일로 - 기타,승용,여,62세,상해없음,화물,여,60세,경상
2023092200100534,2023년 9월 22일 17시,금요일,경상북도 구미시 고아읍,경상사고,0,0,1,0,차대차 - 기타,안전운전불이행,건조,맑음,단일로 - 기타,승용,남,64세,상해없음,이륜,남,44세,경상
2023092200100535,2023년 9월 22일 17시,금요일,경상북도 포항시 남구 상도동,경상사고,0,0,1,0,차대차 - 측면충돌,신호위반,건조,맑음,교차로 - 교차로횡단보도내,승용,남,70세,상해없음,자전거,남,78세,경상
2023092200100536,2023년 9월 22일 17시,금요일,경상북도 포항시 남구 연일읍,경상사고,0,0,1,1,차대차 - 기타,안전운전불이행,건조,맑음,교차로 - 교차로안,승용,남,35세,부상신고,승용,남,28세,경상
2023092200100537,2023년 9월 22일 17시,금요일,경상북도 구미시 장천면,경상사고,0,0,1,0,차대차 - 추돌,안전운전불이행,건조,맑음,단일로 - 기타,화물,남,50세,상해없음,화물,남,44세,상해없음
2023092200100595,2023년 9월 22일 18시,금요일,경상북도 포항시 북구 장성동,중상사고,0,1,0,0,차대사람 - 횡단중,보행자보호의무위반,건조,맑음,단일로 - 기타,승용,여,28세,상해없음,보행자,여,8세,중상
2023092200100698,2023년 9월 22일 20시,금요일,경상북도 포항시 북구 용흥동,경상사고,0,0,2,0,차대차 - 측면충돌,신호위반,건조,맑음,교차로 - 교차로부근,승용,여,53세,상해없음,승용,남,41세,경상
2023092200100699,2023년 9월 22일 20시,금요일,경상북도 상주시 낙양동,중상사고,0,1,0,0,차대사람 - 차도통행중,안전운전불이행,건조,맑음,단일로 - 지하차도(도로)내,승용,남,61세,상해없음,보행자,남,47세,중상
2023092200100734,2023년 9월 22일 21시,금요일,경상북도 문경시 마성면,경상사고,0,0,2,0,차대차 - 추돌,안전운전불이행,건조,맑음,단일로 - 기타,승용,남,24세,상해없음,화물,남,64세,경상
2023092200100779,2023년 9월 22일 23시,금요일,경상북도 포항시 북구 죽도동,경상사고,0,0,2,0,차대차 - 측면충돌,교차로운행방법위반,건조,맑음,교차로 - 교차로안,승용,남,22세,상해없음,승용,남,29세,경상
2023092200100780,2023년 9월 22일 23시,금요일,경상북도 포항시 북구 우현동,경상사고,0,0,1,0,차대차 - 추돌,안전거리미확보,건조,맑음,교차로 - 교차로부근,승용,남,44세,상해없음,승용,남,72세,상해없음
2023092200100781,2023년 9월 22일 23시,금요일,경상북도 칠곡군 석적읍,부상신고사고,0,0,0,1,차량단독 - 도로외이탈 - 추락,안전운전불이행,건조,맑음,단일로 - 기타,승용,남,52세,부상신고,,,,
2023092300100014,2023년 9월 23일 00시,토요일,경상북도 경주시 현곡면,사망사고,1,0,0,0,차대차 - 추돌,안전운전불이행,건조,흐림,단일로 - 기타,승합,남,35세,상해없음,개인형이동수단(PM),남,51세,사망
2023092300100015,2023년 9월 23일 00시,토요일,경상북도 경산시 계양동,경상사고,0,0,1,0,차대사람 - 기타,안전운전불이행,건조,맑음,단일로 - 기타,승용,남,72세,상해없음,보행자,남,29세,경상
2023092300100042,2023년 9월 23일 02시,토요일,경상북도 의성군 의성읍,경상사고,0,0,1,0,차대차 - 기타,안전운전불이행,건조,맑음,단일로 - 기타,화물,남,43세,경상,화물,여,67세,상해없음
2023092300100108,2023년 9월 23일 08시,토요일,경상북도 상주시 중동면,경상사고,0,0,1,0,차대차 - 기타,안전운전불이행,건조,맑음,단일로 - 기타,승용,여,33세,상해없음,화물,남,63세,경상
2023092300100109,2023년 9월 23일 08시,토요일,경상북도 경산시 중방동,중상사고,0,1,0,0,차대차 - 기타,안전운전불이행,건조,맑음,교차로 - 교차로횡단보도내,자전거,남,65세,중상,승용,남,51세,상해없음
2023092300100137,2023년 9월 23일 09시,토요일,경상북도 울진군 북면,경상사고,0,0,1,0,차대차 - 측면충돌,안전운전불이행,건조,맑음,단일로 - 터널,승용,남,65세,상해없음,승용,남,51세,경상
2023092300100185,2023년 9월 23일 10시,토요일,경상북도 경주시 성건동,중상사고,0,1,0,0,차대차 - 기타,안전운전불이행,건조,맑음,교차로 - 교차로부근,승용,여,37세,상해없음,자전거,여,67세,중상
2023092300100186,2023년 9월 23일 10시,토요일,경상북도 경산시 중방동,경상사고,0,0,1,0,차대차 - 후진중충돌,안전운전불이행,건조,맑음,단일로 - 기타,승용,남,69세,기타불명,승용,여,31세,경상
2023092300100187,2023년 9월 23일 10시,토요일,경상북도 포항시 남구 일월동,경상사고,0,0,2,0,차대차 - 기타,안전운전불이행,건조,맑음,기타 - 기타,승용,남,42세,상해없음,승용,남,80세,경상
2023092300100188,2023년 9월 23일 10시,토요일,경상북도 청도군 청도읍,경상사고,0,0,2,0,차대차 - 추돌,안전거리미확보,건조,맑음,단일로 - 터널,승용,남,49세,상해없음,승용,여,44세,상해없음
2023092300100221,2023년 9월 23일 11시,토요일,경상북도 성주군 성주읍,경상사고,0,0,1,0,차대사람 - 횡단중,보행자보호의무위반,건조,맑음,교차로 - 교차로부근,승용,남,53세,상해없음,보행자,여,66세,경상
2023092300100304,2023년 9월 23일 13시,토요일,경상북도 안동시 신안동,경상사고,0,0,4,0,차대차 - 추돌,안전운전불이행,건조,맑음,교차로 - 교차로안,승용,남,54세,상해없음,승용,여,29세,경상
2023092300100305,2023년 9월 23일 13시,토요일,경상북도 상주시 낙양동,중상사고,0,1,0,0,차대사람 - 기타,안전운전불이행,건조,맑음,단일로 - 기타,승용,남,34세,상해없음,보행자,여,61세,중상
2023092300100306,2023년 9월 23일 13시,토요일,경상북도 영천시 야사동,중상사고,0,1,2,0,차대차 - 측면충돌,교차로운행방법위반,건조,맑음,교차로 - 교차로안,승용,남,47세,경상,원동기,남,74세,중상
2023092300100307,2023년 9월 23일 13시,토요일,경상북도 울진군 평해읍,경상사고,0,0,2,0,차대차 - 측면충돌,안전운전불이행,건조,맑음,단일로 - 기타,승용,남,62세,경상,승용,남,53세,경상
2023092300100339,2023년 9월 23일 14시,토요일,경상북도 구미시 임은동,경상사고,0,0,1,0,차대차 - 기타,신호위반,건조,맑음,교차로 - 교차로안,승용,여,36세,상해없음,이륜,남,16세,경상
2023092300100340,2023년 9월 23일 14시,토요일,경상북도 포항시 남구 동해면,사망사고,1,0,0,0,차량단독 - 공작물충돌,안전운전불이행,건조,맑음,단일로 - 기타,이륜,남,44세,사망,,,,
2023092300100377,2023년 9월 23일 15시,토요일,경상북도 안동시 서후면,중상사고,0,1,2,0,차량단독 - 전도전복 - 전도,안전운전불이행,건조,맑음,교차로 - 교차로안,화물,남,76세,경상,,,,
2023092300100419,2023년 9월 23일 16시,토요일,경상북도 포항시 북구 득량동,경상사고,0,0,1,0,차대차 - 기타,안전운전불이행,건조,맑음,단일로 - 기타,승용,남,45세,상해없음,승합,남,52세,경상
2023092300100420,2023년 9월 23일 16시,토요일,경상북도 김천시 신음동,경상사고,0,0,1,0,차대차 - 측면충돌,교차로운행방법위반,건조,맑음,교차로 - 교차로부근,승용,여,65세,상해없음,승용,남,43세,경상
2023092300100421,2023년 9월 23일 16시,토요일,경상북도 상주시 초산동,부상신고사고,0,0,0,1,차량단독 - 공작물충돌,안전운전불이행,건조,맑음,단일로 - 기타,이륜,남,27세,부상신고,,,,
2023092300100467,2023년 9월 23일 17시,토요일,경상북도 경주시 강동면,경상사고,0,0,1,1,차량단독 - 기타,안전운전불이행,건조,맑음,단일로 - 기타,승용,여,73세,상해없음,,,,
2023092300100468,2023년 9월 23일 17시,토요일,경상북도 구미시 상모동,경상사고,0,0,1,0,차대사람 - 기타,안전운전불이행,건조,맑음,교차로 - 교차로안,승용,남,56세,상해없음,보행자,남,85세,경상
2023092300100501,2023년 9월 23일 18시,토요일,경상북도 영주시 하망동,중상사고,0,1,0,0,차대차 - 기타,안전운전불이행,건조,맑음,교차로 - 교차로안,이륜,남,28세,상해없음,자전거,남,81세,중상
2023092300100502,2023년 9월 23일 18시,토요일,경상북도 영덕군 영덕읍,경상사고,0,0,2,0,차대차 - 측면충돌,교차로운행방법위반,건조,맑음,교차로 - 교차로안,화물,남,85세,기타불명,승용,여,37세,경상
2023092300100503,2023년 9월 23일 18시,토요일,경상북도 성주군 벽진면,중상사고,0,1,0,0,차대사람 - 차도통행중,중앙선침범,건조,맑음,단일로 - 기타,승용,남,47세,상해없음,보행자,여,61세,중상
2023092300100504,2023년 9월 23일 18시,토요일,경상북도 울진군 죽변면,중상사고,0,1,0,0,차대차 - 추돌,안전운전불이행,건조,맑음,교차로 - 교차로부근,승용,남,55세,상해없음,이륜,남,22세,중상
2023092300100541,2023년 9월 23일 19시,토요일,경상북도 경주시 외동읍,중상사고,0,1,0,0,차대사람 - 기타,안전운전불이행,건조,맑음,단일로 - 기타,승용,여,65세,상해없음,보행자,여,62세,중상
2023092300100571,2023년 9월 23일 20시,토요일,경상북도 상주시 함창읍,경상사고,0,0,1,0,차대사람 - 길가장자리구역통행중,안전운전불이행,건조,맑음,교차로 - 교차로부근,승용,남,35세,상해없음,보행자,여,60세,경상
2023092300100572,2023년 9월 23일 20시,토요일,경상북도 경산시 임당동,경상사고,0,0,2,0,차대차 - 기타,안전운전불이행,건조,맑음,교차로 - 교차로부근,승용,남,30세,상해없음,승용,남,77세,경상
2023092300100597,2023년 9월 23일 21시,토요일,경상북도 포항시 북구 항구동,경상사고,0,0,5,0,차대차 - 측면충돌,중앙선침범,건조,맑음,기타 - 기타,승용,남,54세,경상,승용,남,30세,상해없음
2023092300100626,2023년 9월 23일 22시,토요일,경상북도 포항시 남구 지곡동,경상사고,0,0,1,0,차대차 - 추돌,안전운전불이행,건조,맑음,단일로 - 고가도로위,승용,남,50세,상해없음,승용,여,39세,경상
2023092300100627,2023년 9월 23일 22시,토요일,경상북도 포항시 남구 오천읍,부상신고사고,0,0,0,1,차대사람 - 차도통행중,안전운전불이행,건조,맑음,교차로 - 교차로부근,승용,여,29세,상해없음,보행자,남,34세,부상신고
2023092300100647,2023년 9월 23일 23시,토요일,경상북도 칠곡군 가산면,경상사고,0,0,1,0,차대차 - 측면충돌,안전운전불이행,건조,맑음,단일로 - 기타,승용,남,21세,상해없음,승용,여,25세,경상
2023092400100049,2023년 9월 24일 05시,일요일,경상북도 경주시 외동읍,중상사고,0,1,1,0,차대차 - 기타,신호위반,건조,맑음,교차로 - 교차로안,승용,남,55세,경상,승합,남,38세,중상
2023092400100050,2023년 9월 24일 05시,일요일,경상북도 영양군 청기면,중상사고,0,1,0,0,차대사람 - 차도통행중,기타,건조,맑음,단일로 - 기타,화물,남,71세,상해없음,보행자,남,79세,중상
2023092400100059,2023년 9월 24일 06시,일요일,경상북도 안동시 태화동,경상사고,0,0,1,0,차대차 - 측면충돌,안전운전불이행,젖음/습기,안개,교차로 - 교차로부근,승용,남,34세,상해없음,승용,남,73세,경상
2023092400100060,2023년 9월 24일 06시,일요일,경상북도 영주시 가흥동,중상사고,0,1,0,0,차대차 - 측면충돌,교차로운행방법위반,건조,맑음,교차로 - 교차로안,승용,남,23세,상해없음,화물,남,61세,중상
2023092400100061,2023년 9월 24일 06시,일요일,경상북도 구미시 선산읍,중상사고,0,1,0,0,차대차 - 기타,안전운전불이행,건조,맑음,기타 - 기타,승용,여,63세,상해없음,자전거,여,64세,중상
2023092400100067,2023년 9월 24일 07시,일요일,경상북도 경주시 조양동,경상사고,0,0,5,0,차대차 - 추돌,안전거리미확보,건조,맑음,단일로 - 기타,승합,남,44세,기타불명,화물,남,52세,경상
2023092400100068,2023년 9월 24일 07시,일요일,경상북도 경주시 사정동,중상사고,0,1,0,0,차대차 - 측면충돌,기타,건조,맑음,교차로 - 교차로횡단보도내,승용,여,67세,상해없음,자전거,남,87세,중상
2023092400100069,2023년 9월 24일 07시,일요일,경상북도 구미시 고아읍,중상사고,0,1,0,0,차대차 - 기타,안전운전불이행,건조,맑음,교차로 - 교차로안,농기계,남,72세,중상,승용,남,53세,상해없음
2023092400100087,2023년 9월 24일 08시,일요일,경상북도 고령군 다산면,중상사고,0,1,1,0,차대차 - 기타,안전운전불이행,건조,맑음,단일로 - 기타,이륜,남,35세,중상,승용,여,45세,경상
2023092400100110,2023년 9월 24일 09시,일요일,경상북도 칠곡군 기산면,중상사고,0,1,0,0,차대차 - 추돌,안전운전불이행,건조,맑음,교차로 - 교차로부근,승용,남,31세,상해없음,승용,남,52세,중상
2023092400100161,2023년 9월 24일 11시,일요일,경상북도 경산시 사동,중상사고,0,1,0,0,차대사람 - 횡단중,보행자보호의무위반,건조,맑음,교차로 - 교차로횡단보도내,승용,남,29세,상해없음,보행자,여,73세,중상
2023092400100162,2023년 9월 24일 11시,일요일,경상북도 포항시 남구 오천읍,경상사고,0,0,1,0,차대차 - 측면충돌,안전거리미확보,건조,맑음,교차로 - 교차로부근,승용,남,32세,상해없음,이륜,남,47세,경상
2023092400100193,2023년 9월 24일 12시,일요일,경상북도 경주시 황성동,경상사고,0,0,1,0,차대사람 - 차도통행중,안전운전불이행,건조,맑음,교차로 - 교차로안,승용,여,29세,상해없음,보행자,남,49세,경상
2023092400100223,2023년 9월 24일 13시,일요일,경상북도 칠곡군 동명면,경상사고,0,0,3,0,차대차 - 기타,중앙선침범,건조,맑음,단일로 - 기타,승용,남,60세,기타불명,승용,남,43세,경상
2023092400100224,2023년 9월 24일 13시,일요일,경상북도 성주군 선남면,경상사고,0,0,1,0,차대차 - 추돌,안전운전불이행,건조,맑음,교차로 - 교차로부근,화물,남,64세,상해없음,화물,남,56세,경상
2023092400100225,2023년 9월 24일 13시,일요일,경상북도 포항시 남구 오천읍,중상사고,0,1,0,0,차대차 - 기타,안전운전불이행,건조,맑음,교차로 - 교차로안,승용,남,69세,상해없음,이륜,남,42세,중상
2023092400100264,2023년 9월 24일 14시,일요일,경상북도 포항시 북구 죽도동,경상사고,0,0,1,0,차대차 - 측면충돌,안전운전불이행,건조,맑음,교차로 - 교차로횡단보도내,승용,남,71세,상해없음,자전거,남,84세,경상
2023092400100265,2023년 9월 24일 14시,일요일,경상북도 영덕군 창수면,중상사고,0,1,0,0,차량단독 - 전도전복 - 전복,안전운전불이행,건조,맑음,단일로 - 기타,승용,남,44세,중상,,,,
2023092400100266,2023년 9월 24일 14시,일요일,경상북도 고령군 대가야읍,경상사고,0,0,1,0,차대사람 - 길가장자리구역통행중,안전운전불이행,건조,맑음,기타 - 기타,승용,남,76세,상해없음,보행자,여,72세,경상
2023092400100267,2023년 9월 24일 14시,일요일,경상북도 구미시 신평동,경상사고,0,0,1,0,차대사람 - 차도통행중,안전운전불이행,건조,맑음,기타 - 기타,승용,여,36세,상해없음,보행자,여,43세,경상
2023092400100292,2023년 9월 24일 15시,일요일,경상북도 칠곡군 동명면,중상사고,0,1,0,0,차대차 - 측면충돌,안전운전불이행,건조,맑음,교차로 - 교차로안,이륜,남,76세,중상,승용,여,50세,상해없음
2023092400100293,2023년 9월 24일 15시,일요일,경상북도 포항시 남구 구룡포읍,중상사고,0,1,0,0,차대차 - 측면충돌,안전운전불이행,건조,맑음,단일로 - 고가도로위,승용,남,65세,상해없음,이륜,남,57세,중상
2023092400100346,2023년 9월 24일 17시,일요일,경상북도 칠곡군 북삼읍,경상사고,0,0,1,0,차대차 - 측면충돌,직진우회전진행방해,건조,맑음,교차로 - 교차로안,승용,남,45세,상해없음,화물,남,62세,경상
2023092400100347,2023년 9월 24일 17시,일요일,경상북도 청도군 풍각면,경상사고,0,0,1,0,차대차 - 기타,기타,건조,맑음,단일로 - 기타,화물,남,28세,상해없음,승합,여,23세,경상
2023092400100373,2023년 9월 24일 18시,일요일,경상북도 포항시 북구 청하면,중상사고,0,1,1,0,차대차 - 추돌,안전거리미확보,건조,맑음,기타 - 기타,승용,여,51세,중상,승용,남,70세,경상
2023092400100403,2023년 9월 24일 19시,일요일,경상북도 안동시 태화동,경상사고,0,0,1,0,차대사람 - 기타,안전운전불이행,건조,맑음,단일로 - 기타,이륜,남,43세,상해없음,보행자,여,62세,경상
2023092400100404,2023년 9월 24일 19시,일요일,경상북도 구미시 송정동,경상사고,0,0,1,0,차대차 - 측면충돌,중앙선침범,건조,맑음,교차로 - 교차로부근,승용,여,51세,상해없음,이륜,남,26세,경상
2023092400100431,2023년 9월 24일 20시,일요일,경상북도 경산시 정평동,중상사고,0,1,1,0,차대차 - 기타,신호위반,건조,맑음,교차로 - 교차로안,이륜,남,25세,중상,이륜,남,25세,경상
2023092400100432,2023년 9월 24일 20시,일요일,경상북도 포항시 남구 상도동,경상사고,0,0,3,0,차대차 - 추돌,안전거리미확보,건조,맑음,단일로 - 기타,이륜,남,20세,상해없음,이륜,남,63세,경상