사고번호,사고일시,요일,시군구,사고내용,사망자수,중상자수,경상자수,부상신고자수,사고유형,법규위반,노면상태,기상상태,도로형태,가해운전자 차종,가해운전자 성별,가해운전자 연령,가해운전자 상해정도,피해운전자 차종,피해운전자 성별,피해운전자 연령,피해운전자 상해정도
2023092700100719,2023년 9월 27일 20시,수요일,경상북도 경주시 건천읍,경상사고,0,0,1,0,차대차 - 추돌,안전운전불이행,건조,맑음,단일로 - 기타,화물,남,51세,상해없음,승용,남,66세,경상
2023092700100720,2023년 9월 27일 20시,수요일,경상북도 포항시 북구 항구동,경상사고,0,0,3,0,차대차 - 정면충돌,기타,건조,맑음,기타 - 기타,승용,남,27세,상해없음,승용,남,44세,경상
2023092700100752,2023년 9월 27일 21시,수요일,경상북도 영천시 망정동,경상사고,0,0,1,0,차대차 - 후진중충돌,안전운전불이행,건조,맑음,교차로 - 교차로부근,승용,여,42세,상해없음,승용,남,44세,경상
2023092700100753,2023년 9월 27일 21시,수요일,경상북도 포항시 남구 구룡포읍,중상사고,0,1,0,0,차대사람 - 기타,안전운전불이행,건조,맑음,기타 - 기타,승용,남,63세,상해없음,보행자,여,52세,중상
2023092700100775,2023년 9월 27일 22시,수요일,경상북도 포항시 북구 남빈동,경상사고,0,0,1,0,차대차 - 기타,안전운전불이행,건조,맑음,교차로 - 교차로안,승용,남,54세,상해없음,승용,남,44세,상해없음
2023092800100031,2023년 9월 28일 02시,목요일,경상북도 경주시 도지동,사망사고,1,0,0,0,차량단독 - 공작물충돌,안전운전불이행,건조,맑음,교차로 - 교차로안,승용,남,59세,사망,,,,
2023092800100032,2023년 9월 28일 02시,목요일,경상북도 경산시 조영동,경상사고,0,0,2,0,차대차 - 측면충돌,안전운전불이행,건조,맑음,교차로 - 교차로안,승용,여,31세,상해없음,승용,남,74세,경상
2023092800100062,2023년 9월 28일 07시,목요일,경상북도 경주시 안강읍,경상사고,0,0,1,0,차량단독 - 공작물충돌,기타,건조,맑음,교차로 - 교차로안,승용,남,64세,경상,,,,
2023092800100064,2023년 9월 28일 07시,목요일,경상북도 영덕군 강구면,경상사고,0,0,1,0,차대차 - 기타,기타,건조,맑음,교차로 - 교차로부근,승용,여,47세,상해없음,승용,여,61세,경상
2023092800100074,2023년 9월 28일 08시,목요일,경상북도 의성군 점곡면,경상사고,0,0,1,0,차대차 - 측면충돌,직진우회전진행방해,건조,맑음,교차로 - 교차로안,농기계,남,67세,경상,화물,남,74세,상해없음
2023092800100075,2023년 9월 28일 08시,목요일,경상북도 구미시 공단동,경상사고,0,0,1,0,차대차 - 측면충돌,차로위반,건조,맑음,단일로 - 기타,승용,남,29세,상해없음,이륜,남,43세,경상
2023092800100076,2023년 9월 28일 08시,목요일,경상북도 구미시 상모동,중상사고,0,1,1,0,차대사람 - 횡단중,보행자보호의무위반,건조,맑음,단일로 - 기타,승용,여,41세,상해없음,보행자,여,68세,중상
2023092800100096,2023년 9월 28일 09시,목요일,경상북도 포항시 북구 흥해읍,경상사고,0,0,1,0,차대차 - 기타,안전거리미확보,건조,맑음,단일로 - 기타,승용,남,33세,상해없음,승용,여,29세,경상
2023092800100097,2023년 9월 28일 09시,목요일,경상북도 영천시 북안면,경상사고,0,0,1,0,차대차 - 측면충돌,신호위반,건조,맑음,단일로 - 기타,승용,남,62세,상해없음,특수,남,31세,경상
2023092800100122,2023년 9월 28일 10시,목요일,경상북도 상주시 화서면,중상사고,0,1,0,0,차대차 - 측면충돌,교차로운행방법위반,건조,맑음,교차로 - 교차로안,이륜,남,72세,중상,승용,남,64세,상해없음
2023092800100123,2023년 9월 28일 10시,목요일,경상북도 영주시 가흥동,중상사고,0,1,0,0,차대차 - 측면충돌,안전운전불이행,건조,맑음,교차로 - 교차로안,승용,여,48세,상해없음,이륜,남,79세,중상
2023092800100124,2023년 9월 28일 10시,목요일,경상북도 포항시 남구 해도동,중상사고,0,1,0,0,차대사람 - 차도통행중,안전운전불이행,건조,맑음,단일로 - 기타,승용,남,70세,상해없음,보행자,남,78세,중상
2023092800100146,2023년 9월 28일 11시,목요일,경상북도 경주시 감포읍,경상사고,0,0,2,0,차대차 - 측면충돌,중앙선침범,건조,맑음,단일로 - 기타,승용,남,67세,상해없음,승용,남,24세,경상
2023092800100190,2023년 9월 28일 12시,목요일,경상북도 구미시 신평동,중상사고,0,1,0,0,차대사람 - 기타,안전운전불이행,건조,맑음,단일로 - 기타,승용,남,57세,상해없음,보행자,여,74세,중상
2023092800100191,2023년 9월 28일 12시,목요일,경상북도 포항시 남구 상도동,경상사고,0,0,1,0,차대차 - 기타,기타,건조,맑음,단일로 - 기타,승용,남,56세,상해없음,이륜,남,42세,경상
2023092800100193,2023년 9월 28일 12시,목요일,경상북도 칠곡군 동명면,경상사고,0,0,1,0,차대차 - 기타,안전운전불이행,건조,맑음,기타 - 기타,승용,남,51세,상해없음,승용,남,62세,경상
2023092800100228,2023년 9월 28일 13시,목요일,경상북도 포항시 북구 죽도동,경상사고,0,0,2,0,차대차 - 기타,안전운전불이행,건조,맑음,교차로 - 교차로부근,승용,여,56세,경상,이륜,남,19세,경상
2023092800100229,2023년 9월 28일 13시,목요일,경상북도 구미시 사곡동,경상사고,0,0,1,0,차대차 - 후진중충돌,안전운전불이행,건조,맑음,단일로 - 기타,승용,여,63세,상해없음,승용,남,44세,경상
2023092800100230,2023년 9월 28일 13시,목요일,경상북도 포항시 남구 구룡포읍,중상사고,0,1,1,0,차대차 - 측면충돌,직진우회전진행방해,건조,맑음,교차로 - 교차로안,이륜,남,77세,기타불명,승용,남,37세,상해없음
2023092800100231,2023년 9월 28일 13시,목요일,경상북도 포항시 남구 해도동,부상신고사고,0,0,0,1,차대사람 - 기타,안전운전불이행,건조,맑음,기타 - 기타,승용,여,55세,상해없음,보행자,남,64세,부상신고
2023092800100232,2023년 9월 28일 13시,목요일,경상북도 포항시 남구 상도동,경상사고,0,0,1,0,차대사람 - 기타,안전운전불이행,건조,맑음,기타 - 기타,원동기,여,57세,상해없음,보행자,여,53세,경상
2023092800100259,2023년 9월 28일 14시,목요일,경상북도 포항시 북구 대신동,경상사고,0,0,1,0,차대차 - 추돌,안전운전불이행,건조,맑음,단일로 - 기타,승용,남,81세,상해없음,승합,남,45세,경상
2023092800100294,2023년 9월 28일 15시,목요일,경상북도 영천시 금호읍,경상사고,0,0,1,0,차대차 - 후진중충돌,안전운전불이행,건조,맑음,단일로 - 기타,승용,여,51세,상해없음,자전거,남,63세,경상
2023092800100295,2023년 9월 28일 15시,목요일,경상북도 문경시 마성면,경상사고,0,0,1,0,차대차 - 측면충돌,안전운전불이행,건조,맑음,단일로 - 기타,승용,여,47세,상해없음,이륜,남,30세,경상
2023092800100326,2023년 9월 28일 16시,목요일,경상북도 경주시 양남면,중상사고,0,1,0,0,차대사람 - 기타,안전운전불이행,건조,맑음,기타 - 기타,승용,여,32세,상해없음,보행자,여,65세,중상
2023092800100327,2023년 9월 28일 16시,목요일,경상북도 문경시 산양면,중상사고,0,1,0,0,차대차 - 측면충돌,안전운전불이행,건조,맑음,단일로 - 기타,승용,여,62세,상해없음,이륜,여,62세,중상
2023092800100350,2023년 9월 28일 17시,목요일,경상북도 영주시 안정면,중상사고,0,1,1,0,차대차 - 측면충돌,기타,건조,맑음,교차로 - 교차로안,승용,여,50세,상해없음,승용,남,64세,경상
2023092800100372,2023년 9월 28일 18시,목요일,경상북도 포항시 북구 죽도동,경상사고,0,0,1,0,차대차 - 측면충돌,교차로운행방법위반,건조,맑음,교차로 - 교차로안,승용,남,71세,상해없음,승용,여,60세,경상
2023092800100373,2023년 9월 28일 18시,목요일,경상북도 김천시 율곡동,경상사고,0,0,1,0,차대사람 - 차도통행중,안전운전불이행,건조,맑음,기타 - 기타,승용,여,49세,상해없음,보행자,여,66세,경상
2023092800100374,2023년 9월 28일 18시,목요일,경상북도 영주시 가흥동,경상사고,0,0,1,0,차대사람 - 기타,기타,건조,맑음,단일로 - 기타,승합,남,57세,상해없음,보행자,여,70세,경상
2023092800100415,2023년 9월 28일 20시,목요일,경상북도 안동시 옥동,경상사고,0,0,2,0,차대차 - 기타,안전운전불이행,건조,맑음,단일로 - 기타,승용,여,39세,상해없음,승용,남,44세,상해없음
2023092800100416,2023년 9월 28일 20시,목요일,경상북도 경산시 정평동,경상사고,0,0,1,0,차대사람 - 차도통행중,안전운전불이행,건조,맑음,단일로 - 기타,승용,남,54세,상해없음,보행자,남,14세,경상
2023092800100417,2023년 9월 28일 20시,목요일,경상북도 포항시 남구 해도동,경상사고,0,0,2,0,차대차 - 측면충돌,신호위반,건조,맑음,교차로 - 교차로안,승용,남,51세,상해없음,승용,여,46세,상해없음
2023092800100418,2023년 9월 28일 20시,목요일,경상북도 포항시 남구 송도동,경상사고,0,0,2,0,차량단독 - 공작물충돌,안전운전불이행,건조,맑음,단일로 - 기타,승용,남,69세,상해없음,,,,
2023092800100447,2023년 9월 28일 21시,목요일,경상북도 안동시 송현동,중상사고,0,2,2,0,차대차 - 기타,안전운전불이행,건조,맑음,교차로 - 교차로안,승용,여,25세,상해없음,승용,남,72세,중상
2023092800100448,2023년 9월 28일 21시,목요일,경상북도 구미시 도량동,경상사고,0,0,1,0,차대차 - 측면충돌,안전운전불이행,건조,맑음,교차로 - 교차로부근,이륜,남,37세,상해없음,승용,여,38세,경상
2023092800100463,2023년 9월 28일 22시,목요일,경상북도 경주시 용강동,경상사고,0,0,1,0,차대차 - 측면충돌,안전운전불이행,건조,맑음,교차로 - 교차로안,승용,남,26세,상해없음,승용,남,66세,경상
2023092800100464,2023년 9월 28일 22시,목요일,경상북도 경산시 진량읍,사망사고,1,0,0,0,차대사람 - 기타,안전운전불이행,건조,맑음,주차장 - 주차장,승용,남,27세,상해없음,보행자,남,56세,사망
2023092900100003,2023년 9월 29일 00시,금요일,경상북도 봉화군 춘양면,경상사고,0,0,1,0,차대차 - 기타,안전운전불이행,건조,맑음,교차로 - 교차로안,화물,남,55세,상해없음,승용,남,44세,경상
2023092900100031,2023년 9월 29일 06시,금요일,경상북도 포항시 남구 호미곶면,경상사고,0,0,8,0,차대차 - 측면충돌,신호위반,건조,맑음,교차로 - 교차로안,승용,여,61세,경상,승용,남,19세,경상
2023092900100042,2023년 9월 29일 08시,금요일,경상북도 의성군 단밀면,경상사고,0,0,1,0,차대차 - 측면충돌,안전운전불이행,건조,맑음,주차장 - 주차장,승용,여,56세,상해없음,승용,여,52세,경상
2023092900100072,2023년 9월 29일 10시,금요일,경상북도 안동시 안기동,중상사고,0,1,5,0,차대차 - 측면충돌,교차로운행방법위반,건조,맑음,교차로 - 교차로부근,승용,남,74세,상해없음,승용,남,51세,경상
2023092900100110,2023년 9월 29일 12시,금요일,경상북도 경주시 서면,경상사고,0,0,2,0,차대차 - 측면충돌,안전운전불이행,건조,맑음,교차로 - 교차로부근,화물,남,44세,상해없음,승용,남,58세,경상
2023092900100111,2023년 9월 29일 12시,금요일,경상북도 포항시 남구 인덕동,중상사고,0,1,1,0,차대차 - 측면충돌,기타,건조,맑음,교차로 - 교차로안,승용,남,28세,경상,승용,남,61세,중상
2023092900100139,2023년 9월 29일 13시,금요일,경상북도 안동시 와룡면,경상사고,0,0,2,0,차대차 - 기타,안전거리미확보,건조,맑음,단일로 - 기타,승용,남,73세,상해없음,승용,여,75세,경상
2023092900100163,2023년 9월 29일 14시,금요일,경상북도 경주시 양남면,경상사고,0,0,1,0,차대차 - 측면충돌,안전운전불이행,건조,맑음,단일로 - 기타,화물,남,73세,상해없음,이륜,남,48세,경상
2023092900100164,2023년 9월 29일 14시,금요일,경상북도 칠곡군 기산면,경상사고,0,0,3,0,차대차 - 기타,안전운전불이행,건조,맑음,단일로 - 기타,승용,남,62세,기타불명,승용,남,30세,경상
2023092900100183,2023년 9월 29일 15시,금요일,경상북도 예천군 예천읍,중상사고,0,1,0,0,차대차 - 측면충돌,안전운전불이행,건조,맑음,교차로 - 교차로부근,승용,남,57세,상해없음,이륜,남,19세,상해없음
2023092900100184,2023년 9월 29일 15시,금요일,경상북도 청송군 안덕면,부상신고사고,0,0,0,1,차량단독 - 도로외이탈 - 기타,안전운전불이행,건조,맑음,단일로 - 기타,이륜,남,60세,부상신고,,,,
2023092900100238,2023년 9월 29일 17시,금요일,경상북도 구미시 지산동,경상사고,0,0,2,1,차대차 - 측면충돌,직진우회전진행방해,건조,맑음,교차로 - 교차로안,화물,남,83세,부상신고,승용,남,26세,경상
2023092900100258,2023년 9월 29일 18시,금요일,경상북도 안동시 송현동,경상사고,0,0,1,5,차대차 - 기타,차로위반,건조,맑음,단일로 - 기타,승용,남,50세,부상신고,승합,남,37세,경상
2023092900100259,2023년 9월 29일 18시,금요일,경상북도 상주시 낙동면,경상사고,0,0,1,0,차대차 - 기타,직진우회전진행방해,건조,맑음,교차로 - 교차로안,승용,남,27세,상해없음,승용,여,35세,경상
2023092900100285,2023년 9월 29일 19시,금요일,경상북도 울진군 기성면,중상사고,0,1,2,0,차대차 - 정면충돌,중앙선침범,건조,맑음,단일로 - 기타,승용,남,53세,중상,화물,남,59세,경상
2023092900100319,2023년 9월 29일 21시,금요일,경상북도 경주시 동천동,경상사고,0,0,1,0,차대차 - 기타,안전운전불이행,건조,맑음,기타 - 기타,승용,남,22세,상해없음,자전거,여,23세,경상
2023092900100320,2023년 9월 29일 21시,금요일,경상북도 예천군 유천면,경상사고,0,0,2,0,차대차 - 측면충돌,안전운전불이행,건조,맑음,교차로 - 교차로안,승용,남,27세,경상,승용,여,50세,경상
2023093000100014,2023년 9월 30일 01시,토요일,경상북도 경산시 평산동,중상사고,0,1,1,0,차대차 - 추돌,안전운전불이행,건조,맑음,교차로 - 교차로부근,승용,남,50세,상해없음,승용,여,55세,중상
2023093000100059,2023년 9월 30일 09시,토요일,경상북도 구미시 산동읍,사망사고,1,0,0,0,차량단독 - 공작물충돌,안전운전불이행,젖음/습기,흐림,단일로 - 기타,이륜,남,54세,사망,,,,
2023093000100060,2023년 9월 30일 09시,토요일,경상북도 구미시 원평동,경상사고,0,0,1,0,차대차 - 측면충돌,안전거리미확보,건조,맑음,단일로 - 기타,화물,남,62세,상해없음,승용,여,53세,경상
2023093000100093,2023년 9월 30일 11시,토요일,경상북도 경주시 강동면,중상사고,0,1,0,0,차대차 - 기타,신호위반,건조,맑음,단일로 - 기타,승용,남,59세,상해없음,승용,여,62세,중상
2023093000100094,2023년 9월 30일 11시,토요일,경상북도 칠곡군 동명면,중상사고,0,1,1,0,차대차 - 측면충돌,직진우회전진행방해,건조,맑음,교차로 - 교차로안,이륜,남,27세,중상,승용,여,50세,경상
2023093000100095,2023년 9월 30일 11시,토요일,경상북도 포항시 남구 연일읍,중상사고,0,1,1,0,차대차 - 기타,안전운전불이행,건조,맑음,교차로 - 교차로안,이륜,남,67세,경상,승용,남,31세,중상
2023093000100119,2023년 9월 30일 12시,토요일,경상북도 구미시 형곡동,경상사고,0,0,3,0,차대차 - 정면충돌,중앙선침범,건조,맑음,단일로 - 기타,승용,남,27세,상해없음,승용,여,33세,경상
2023093000100120,2023년 9월 30일 12시,토요일,경상북도 포항시 남구 호미곶면,중상사고,0,1,6,0,차대차 - 추돌,안전운전불이행,건조,맑음,단일로 - 고가도로위,승용,남,72세,중상,화물,남,51세,상해없음
2023093000100172,2023년 9월 30일 14시,토요일,경상북도 포항시 북구 장성동,경상사고,0,0,2,0,차대차 - 측면충돌,중앙선침범,건조,맑음,단일로 - 기타,승용,여,69세,상해없음,승용,남,35세,경상
2023093000100173,2023년 9월 30일 14시,토요일,경상북도 안동시 송현동,중상사고,0,3,0,0,차대차 - 기타,안전거리미확보,건조,맑음,교차로 - 교차로부근,화물,남,52세,상해없음,승용,남,54세,중상
2023093000100174,2023년 9월 30일 14시,토요일,경상북도 영덕군 지품면,사망사고,1,0,0,0,차량단독 - 공작물충돌,안전운전불이행,건조,맑음,단일로 - 기타,이륜,남,39세,사망,,,,
2023093000100175,2023년 9월 30일 14시,토요일,경상북도 울릉군 울릉읍,경상사고,0,0,1,0,차대사람 - 차도통행중,안전운전불이행,건조,맑음,단일로 - 기타,승용,남,52세,상해없음,보행자,여,22세,경상
2023093000100202,2023년 9월 30일 15시,토요일,경상북도 경주시 신평동,중상사고,0,1,0,0,차대사람 - 보도통행중,기타,건조,맑음,단일로 - 기타,원동기,여,35세,상해없음,보행자,여,53세,중상
2023093000100203,2023년 9월 30일 15시,토요일,경상북도 포항시 남구 오천읍,경상사고,0,0,2,0,차대차 - 측면충돌,차로위반,건조,맑음,단일로 - 교량,승용,여,29세,상해없음,승용,남,32세,경상
2023093000100204,2023년 9월 30일 15시,토요일,경상북도 포항시 남구 대잠동,경상사고,0,0,1,0,차대차 - 측면충돌,안전운전불이행,건조,맑음,기타 - 기타,승용,여,64세,상해없음,화물,남,47세,경상
2023093000100234,2023년 9월 30일 16시,토요일,경상북도 상주시 냉림동,부상신고사고,0,0,0,1,차대차 - 측면충돌,신호위반,건조,맑음,단일로 - 기타,이륜,남,82세,부상신고,승용,남,54세,상해없음
2023093000100235,2023년 9월 30일 16시,토요일,경상북도 청도군 각북면,경상사고,0,0,2,0,차대차 - 정면충돌,중앙선침범,건조,맑음,단일로 - 기타,농기계,남,71세,상해없음,승용,남,48세,경상
2023093000100267,2023년 9월 30일 17시,토요일,경상북도 구미시 선기동,경상사고,0,0,1,0,차대차 - 측면충돌,안전운전불이행,건조,맑음,단일로 - 기타,승용,여,44세,상해없음,승용,남,21세,경상
2023093000100268,2023년 9월 30일 17시,토요일,경상북도 영천시 청통면,중상사고,0,1,6,0,차대차 - 추돌,안전운전불이행,건조,맑음,기타 - 기타,승용,남,19세,상해없음,승용,남,33세,경상
2023093000100293,2023년 9월 30일 18시,토요일,경상북도 안동시 풍천면,부상신고사고,0,0,0,7,차대차 - 기타,기타,건조,맑음,교차로 - 교차로안,승용,남,63세,부상신고,승용,남,74세,부상신고
2023093000100294,2023년 9월 30일 18시,토요일,경상북도 의성군 다인면,중상사고,0,1,0,0,차대사람 - 길가장자리구역통행중,안전운전불이행,젖음/습기,맑음,교차로 - 교차로안,화물,남,68세,상해없음,보행자,여,55세,중상
2023093000100295,2023년 9월 30일 18시,토요일,경상북도 포항시 남구 해도동,경상사고,0,0,1,0,차대차 - 측면충돌,안전운전불이행,건조,맑음,교차로 - 교차로안,승용,여,59세,기타불명,승용,남,31세,경상
2023093000100317,2023년 9월 30일 19시,토요일,경상북도 경산시 옥산동,경상사고,0,0,1,0,차대사람 - 기타,안전운전불이행,건조,맑음,단일로 - 기타,승용,남,31세,상해없음,보행자,여,81세,경상
2023093000100318,2023년 9월 30일 19시,토요일,경상북도 영덕군 축산면,경상사고,0,0,1,0,차대사람 - 차도통행중,안전운전불이행,건조,맑음,단일로 - 기타,승용,남,23세,상해없음,보행자,남,57세,경상
2023093000100319,2023년 9월 30일 19시,토요일,경상북도 구미시 사곡동,중상사고,0,1,1,0,차대차 - 측면충돌,기타,건조,맑음,교차로 - 교차로안,승용,여,52세,경상,이륜,남,52세,중상
2023093000100344,2023년 9월 30일 20시,토요일,경상북도 경주시 황남동,경상사고,0,0,1,0,차대사람 - 기타,안전운전불이행,건조,맑음,단일로 - 기타,승용,남,65세,상해없음,보행자,남,33세,경상
2023093000100362,2023년 9월 30일 21시,토요일,경상북도 포항시 남구 동해면,부상신고사고,0,0,0,1,차대차 - 측면충돌,신호위반,건조,맑음,교차로 - 교차로안,개인형이동수단(PM),남,13세,부상신고,승용,여,48세,상해없음
2023093000100385,2023년 9월 30일 23시,토요일,경상북도 포항시 북구 덕수동,경상사고,0,0,2,0,차대차 - 측면충돌,신호위반,건조,맑음,교차로 - 교차로안,승용,여,26세,기타불명,승용,남,28세,경상
2023093000100386,2023년 9월 30일 23시,토요일,경상북도 영덕군 강구면,중상사고,0,1,0,0,차량단독 - 공작물충돌,안전거리미확보,건조,맑음,단일로 - 기타,승용,여,36세,중상,,,,
2023093000100387,2023년 9월 30일 23시,토요일,경상북도 구미시 산동읍,경상사고,0,0,1,0,차대차 - 기타,신호위반,건조,맑음,교차로 - 교차로안,승용,남,18세,상해없음,승용,남,69세,경상
2023093000100388,2023년 9월 30일 23시,토요일,경상북도 칠곡군 석적읍,경상사고,0,0,1,0,차대차 - 기타,차로위반,건조,맑음,단일로 - 기타,승용,남,42세,상해없음,승용,여,59세,경상
2023100100100056,2023년 10월 1일 06시,일요일,경상북도 포항시 북구 장성동,경상사고,0,0,1,0,차량단독 - 공작물충돌,안전운전불이행,건조,맑음,교차로 - 교차로부근,승용,남,75세,상해없음,,,,
2023100100100057,2023년 10월 1일 06시,일요일,경상북도 포항시 남구 대도동,중상사고,0,1,1,0,차대차 - 측면충돌,직진우회전진행방해,건조,맑음,교차로 - 교차로안,승용,남,46세,경상,원동기,남,21세,중상
2023100100100063,2023년 10월 1일 07시,일요일,경상북도 포항시 북구 용흥동,경상사고,0,0,4,0,차대차 - 측면충돌,안전운전불이행,건조,맑음,단일로 - 고가도로위,승용,남,40세,상해없음,승용,남,72세,경상
2023100100100096,2023년 10월 1일 10시,일요일,경상북도 울진군 후포면,중상사고,0,1,0,0,차대사람 - 기타,안전운전불이행,건조,맑음,주차장 - 주차장,승합,여,58세,상해없음,보행자,여,70세,중상
2023100100100148,2023년 10월 1일 12시,일요일,경상북도 구미시 선산읍,중상사고,0,1,0,0,차대사람 - 기타,안전운전불이행,건조,맑음,교차로 - 교차로안,승용,남,46세,상해없음,보행자,남,67세,중상
2023100100100185,2023년 10월 1일 13시,일요일,경상북도 경주시 건천읍,중상사고,0,1,0,0,차대차 - 측면충돌,안전운전불이행,건조,맑음,교차로 - 교차로안,승용,남,66세,상해없음,이륜,남,65세,중상
2023100100100186,2023년 10월 1일 13시,일요일,경상북도 영덕군 지품면,경상사고,0,0,1,0,차대차 - 정면충돌,안전운전불이행,건조,맑음,단일로 - 기타,자전거,남,70세,경상,승합,남,58세,상해없음
2023100100100215,2023년 10월 1일 14시,일요일,경상북도 경주시 황남동,경상사고,0,0,1,0,차대사람 - 기타,안전운전불이행,건조,맑음,기타 - 기타,기타불명,여,18세,상해없음,보행자,여,31세,경상
2023100100100216,2023년 10월 1일 14시,일요일,경상북도 경산시 사동,경상사고,0,0,1,0,차대차 - 기타,신호위반,건조,맑음,교차로 - 교차로안,이륜,남,24세,상해없음,자전거,남,11세,경상
2023100100100246,2023년 10월 1일 15시,일요일,경상북도 포항시 북구 학산동,경상사고,0,0,3,0,차대차 - 기타,안전운전불이행,건조,맑음,교차로 - 교차로부근,승용,남,72세,경상,승합,남,52세,경상
2023100100100247,2023년 10월 1일 15시,일요일,경상북도 상주시 도남동,중상사고,0,1,0,0,차대사람 - 횡단중,안전운전불이행,건조,맑음,단일로 - 기타,승용,여,59세,상해없음,보행자,남,11세,중상
2023100100100248,2023년 10월 1일 15시,일요일,경상북도 성주군 성주읍,경상사고,0,0,1,0,차대차 - 정면충돌,안전운전불이행,건조,맑음,주차장 - 주차장,승용,남,63세,상해없음,자전거,남,72세,경상
2023100100100278,2023년 10월 1일 16시,일요일,경상북도 경주시 서면,경상사고,0,0,1,0,차대차 - 측면충돌,안전운전불이행,건조,맑음,교차로 - 교차로안,승용,기타불명,미분류,기타불명,승용,여,48세,경상
2023100100100279,2023년 10월 1일 16시,일요일,경상북도 경주시 황남동,부상신고사고,0,0,0,1,차대사람 - 기타,안전운전불이행,건조,맑음,교차로 - 교차로부근,원동기,남,42세,상해없음,보행자,여,23세,부상신고
2023100100100280,2023년 10월 1일 16시,일요일,경상북도 포항시 북구 두호동,중상사고,0,1,0,0,차대차 - 측면충돌,교차로운행방법위반,건조,맑음,교차로 - 교차로안,승용,여,55세,상해없음,이륜,남,61세,중상
2023100100100281,2023년 10월 1일 16시,일요일,경상북도 포항시 북구 죽도동,부상신고사고,0,0,0,1,차대차 - 측면충돌,교차로운행방법위반,건조,맑음,교차로 - 교차로안,승용,남,65세,상해없음,승합,남,53세,부상신고
2023100100100282,2023년 10월 1일 16시,일요일,경상북도 상주시 낙양동,경상사고,0,0,3,0,차대차 - 추돌,안전운전불이행,건조,맑음,단일로 - 기타,승용,남,60세,상해없음,승용,여,37세,경상
2023100100100283,2023년 10월 1일 16시,일요일,경상북도 청도군 운문면,경상사고,0,0,2,0,차대차 - 측면충돌,중앙선침범,건조,맑음,단일로 - 기타,이륜,남,47세,경상,승용,남,46세,경상
2023100100100314,2023년 10월 1일 17시,일요일,경상북도 포항시 남구 연일읍,경상사고,0,0,1,0,차대차 - 측면충돌,교차로운행방법위반,건조,맑음,교차로 - 교차로안,화물,남,67세,경상,승용,여,32세,상해없음
2023100100100373,2023년 10월 1일 19시,일요일,경상북도 경주시 동천동,중상사고,0,1,0,0,차대차 - 측면충돌,안전운전불이행,건조,맑음,교차로 - 교차로안,승합,남,52세,상해없음,원동기,남,22세,중상
2023100100100399,2023년 10월 1일 20시,일요일,경상북도 청도군 청도읍,중상사고,0,1,5,0,차대차 - 후진중충돌,안전운전불이행,건조,맑음,단일로 - 기타,승용,여,69세,상해없음,승용,남,39세,중상
2023100100100451,2023년 10월 1일 23시,일요일,경상북도 포항시 북구 죽도동,경상사고,0,0,1,0,차대차 - 측면충돌,안전운전불이행,건조,맑음,단일로 - 기타,승용,남,63세,상해없음,승합,남,51세,경상
2023100200100020,2023년 10월 2일 03시,월요일,경상북도 경산시 진량읍,경상사고,0,0,1,0,차대차 - 측면충돌,신호위반,건조,맑음,교차로 - 교차로안,승용,남,58세,상해없음,화물,남,68세,경상
2023100200100046,2023년 10월 2일 07시,월요일,경상북도 안동시 풍산읍,경상사고,0,0,3,0,차대차 - 추돌,안전운전불이행,기타,안개,교차로 - 교차로부근,화물,남,68세,경상,승용,여,29세,경상
2023100200100047,2023년 10월 2일 07시,월요일,경상북도 청도군 각북면,사망사고,1,0,0,0,차대차 - 측면충돌,교차로운행방법위반,건조,맑음,단일로 - 기타,화물,남,78세,상해없음,농기계,남,75세,사망
2023100200100059,2023년 10월 2일 08시,월요일,경상북도 포항시 남구 상도동,중상사고,0,1,0,0,차대차 - 측면충돌,신호위반,건조,맑음,교차로 - 교차로부근,승용,여,76세,기타불명,이륜,남,42세,중상
2023100200100070,2023년 10월 2일 09시,월요일,경상북도 상주시 남성동,경상사고,0,0,1,0,차대차 - 기타,안전운전불이행,건조,맑음,단일로 - 기타,승용,여,56세,상해없음,자전거,여,76세,경상
2023100200100071,2023년 10월 2일 09시,월요일,경상북도 의성군 봉양면,중상사고,0,1,1,0,차량단독 - 도로외이탈 - 기타,안전운전불이행,건조,맑음,단일로 - 기타,화물,남,68세,중상,,,,
2023100200100096,2023년 10월 2일 10시,월요일,경상북도 경주시 안강읍,경상사고,0,0,2,0,차대차 - 정면충돌,안전운전불이행,건조,맑음,교차로 - 교차로부근,승용,여,62세,상해없음,승용,남,55세,경상
2023100200100119,2023년 10월 2일 11시,월요일,경상북도 안동시 풍천면,중상사고,0,1,0,0,차대차 - 기타,직진우회전진행방해,건조,맑음,교차로 - 교차로안,화물,남,63세,상해없음,자전거,남,26세,중상
2023100200100120,2023년 10월 2일 11시,월요일,경상북도 봉화군 봉성면,경상사고,0,0,1,0,차대차 - 측면충돌,안전운전불이행,건조,맑음,주차장 - 주차장,승용,여,70세,상해없음,승용,여,66세,상해없음
2023100200100147,2023년 10월 2일 12시,월요일,경상북도 포항시 북구 상원동,중상사고,0,1,0,0,차대사람 - 보도통행중,기타,건조,맑음,기타 - 기타,자전거,여,20세,상해없음,보행자,여,55세,중상