사고번호,사고일시,요일,시군구,사고내용,사망자수,중상자수,경상자수,부상신고자수,사고유형,법규위반,노면상태,기상상태,도로형태,가해운전자 차종,가해운전자 성별,가해운전자 연령,가해운전자 상해정도,피해운전자 차종,피해운전자 성별,피해운전자 연령,피해운전자 상해정도
2023100200100148,2023년 10월 2일 12시,월요일,경상북도 구미시 옥성면,중상사고,0,2,5,1,차대차 - 추돌,안전운전불이행,건조,맑음,단일로 - 기타,승용,남,60세,상해없음,승용,남,39세,중상
2023100200100189,2023년 10월 2일 13시,월요일,경상북도 상주시 함창읍,중상사고,0,2,1,0,차대차 - 기타,차로위반,건조,맑음,단일로 - 기타,승용,남,70세,상해없음,승용,남,60세,중상
2023100200100190,2023년 10월 2일 13시,월요일,경상북도 경산시 옥산동,중상사고,0,1,0,0,차대차 - 측면충돌,직진우회전진행방해,건조,맑음,교차로 - 교차로안,원동기,남,64세,중상,승용,여,34세,상해없음
2023100200100191,2023년 10월 2일 13시,월요일,경상북도 청도군 금천면,경상사고,0,0,1,0,차대차 - 추돌,안전운전불이행,건조,맑음,단일로 - 기타,승용,여,67세,상해없음,농기계,남,67세,경상
2023100200100224,2023년 10월 2일 14시,월요일,경상북도 경주시 건천읍,경상사고,0,0,3,0,차대차 - 측면충돌,신호위반,건조,맑음,교차로 - 교차로안,승용,남,43세,상해없음,승용,남,32세,경상
2023100200100225,2023년 10월 2일 14시,월요일,경상북도 울진군 평해읍,중상사고,0,1,0,0,차대차 - 추돌,안전운전불이행,건조,맑음,교차로 - 교차로부근,화물,남,69세,상해없음,승용,여,52세,중상
2023100200100262,2023년 10월 2일 15시,월요일,경상북도 안동시 남후면,경상사고,0,0,1,0,차대차 - 기타,안전거리미확보,건조,맑음,단일로 - 기타,승용,여,51세,상해없음,승용,남,42세,경상
2023100200100285,2023년 10월 2일 16시,월요일,경상북도 포항시 남구 이동,경상사고,0,0,2,0,차대차 - 측면충돌,신호위반,건조,맑음,단일로 - 기타,이륜,남,59세,경상,승용,남,24세,경상
2023100200100316,2023년 10월 2일 17시,월요일,경상북도 포항시 북구 학잠동,경상사고,0,0,1,0,차대차 - 측면충돌,안전운전불이행,건조,맑음,단일로 - 기타,승용,여,46세,상해없음,승용,남,54세,경상
2023100200100355,2023년 10월 2일 18시,월요일,경상북도 칠곡군 약목면,사망사고,1,0,0,1,차대차 - 추돌,안전운전불이행,건조,맑음,단일로 - 기타,화물,남,69세,부상신고,농기계,남,68세,사망
2023100200100385,2023년 10월 2일 19시,월요일,경상북도 구미시 광평동,경상사고,0,0,2,0,차대차 - 측면충돌,신호위반,건조,맑음,교차로 - 교차로부근,승용,여,29세,상해없음,승용,남,32세,경상
2023100200100412,2023년 10월 2일 20시,월요일,경상북도 성주군 가천면,경상사고,0,0,2,0,차대차 - 기타,안전운전불이행,건조,맑음,교차로 - 교차로부근,화물,남,61세,상해없음,승용,남,27세,경상
2023100200100413,2023년 10월 2일 20시,월요일,경상북도 구미시 인의동,중상사고,0,1,1,0,차대차 - 측면충돌,중앙선침범,건조,흐림,단일로 - 기타,이륜,남,24세,경상,이륜,남,26세,중상
2023100200100446,2023년 10월 2일 21시,월요일,경상북도 영주시 가흥동,중상사고,0,1,0,0,차대차 - 기타,안전운전불이행,건조,맑음,단일로 - 기타,승용,남,39세,상해없음,자전거,남,39세,중상
2023100200100475,2023년 10월 2일 23시,월요일,경상북도 포항시 남구 상도동,중상사고,0,1,0,0,차대사람 - 보도통행중,안전운전불이행,건조,맑음,주차장 - 주차장,승용,여,34세,상해없음,보행자,여,31세,중상
2023100200100476,2023년 10월 2일 23시,월요일,경상북도 포항시 남구 상도동,경상사고,0,0,1,1,차대차 - 추돌,안전운전불이행,건조,맑음,단일로 - 기타,승합,남,41세,부상신고,이륜,남,29세,경상
2023100300100013,2023년 10월 3일 01시,화요일,경상북도 포항시 남구 해도동,중상사고,0,1,1,0,차대차 - 기타,안전운전불이행,건조,맑음,교차로 - 교차로부근,승용,남,55세,상해없음,승용,여,67세,중상
2023100300100028,2023년 10월 3일 04시,화요일,경상북도 문경시 문경읍,사망사고,1,0,0,0,차대차 - 추돌,안전운전불이행,건조,맑음,단일로 - 고가도로위,승용,남,47세,사망,화물,남,53세,기타불명
2023100300100049,2023년 10월 3일 07시,화요일,경상북도 경주시 건천읍,중상사고,0,1,1,1,차대차 - 측면충돌,신호위반,건조,맑음,교차로 - 교차로안,승용,여,65세,부상신고,승용,남,44세,경상
2023100300100059,2023년 10월 3일 08시,화요일,경상북도 경산시 계양동,중상사고,0,1,0,0,차대사람 - 길가장자리구역통행중,안전운전불이행,건조,맑음,단일로 - 기타,승용,여,27세,상해없음,보행자,여,65세,중상
2023100300100076,2023년 10월 3일 10시,화요일,경상북도 포항시 남구 대잠동,경상사고,0,0,1,0,차대차 - 측면충돌,안전운전불이행,건조,맑음,단일로 - 기타,건설기계,남,52세,상해없음,건설기계,남,46세,경상
2023100300100093,2023년 10월 3일 11시,화요일,경상북도 청도군 각북면,중상사고,0,1,0,0,차대차 - 측면충돌,교차로운행방법위반,건조,맑음,교차로 - 교차로안,승용,남,79세,상해없음,승용,남,45세,중상
2023100300100133,2023년 10월 3일 13시,화요일,경상북도 경주시 신평동,중상사고,0,1,0,0,차대차 - 기타,안전운전불이행,건조,맑음,교차로 - 교차로안,승용,여,21세,상해없음,이륜,남,39세,중상
2023100300100134,2023년 10월 3일 13시,화요일,경상북도 예천군 감천면,부상신고사고,0,0,0,1,차대차 - 측면충돌,기타,건조,맑음,교차로 - 교차로안,원동기,남,40세,부상신고,승용,여,57세,상해없음
2023100300100184,2023년 10월 3일 15시,화요일,경상북도 상주시 화서면,중상사고,0,1,0,0,차대차 - 측면충돌,안전운전불이행,건조,맑음,단일로 - 기타,화물,남,71세,상해없음,원동기,여,77세,중상
2023100300100185,2023년 10월 3일 15시,화요일,경상북도 칠곡군 지천면,중상사고,0,1,4,0,차대차 - 측면충돌,안전운전불이행,건조,맑음,단일로 - 지하차도(도로)내,승용,남,73세,경상,승용,남,26세,경상
2023100300100186,2023년 10월 3일 15시,화요일,경상북도 포항시 남구 연일읍,경상사고,0,0,1,0,차대차 - 측면충돌,교차로운행방법위반,건조,맑음,교차로 - 교차로안,승용,남,62세,상해없음,자전거,남,12세,경상
2023100300100211,2023년 10월 3일 16시,화요일,경상북도 경주시 건천읍,중상사고,0,1,0,0,차대사람 - 차도통행중,안전운전불이행,건조,맑음,단일로 - 지하차도(도로)내,승용,남,60세,상해없음,보행자,남,23세,중상
2023100300100212,2023년 10월 3일 16시,화요일,경상북도 안동시 안기동,경상사고,0,0,3,0,차대차 - 추돌,안전운전불이행,건조,맑음,교차로 - 교차로안,승용,여,61세,상해없음,승용,남,34세,경상
2023100300100213,2023년 10월 3일 16시,화요일,경상북도 영천시 야사동,경상사고,0,0,2,0,차대차 - 기타,중앙선침범,건조,맑음,단일로 - 기타,건설기계,남,38세,상해없음,승용,남,39세,경상
2023100300100214,2023년 10월 3일 16시,화요일,경상북도 경산시 하양읍,중상사고,0,1,1,0,차대차 - 추돌,안전운전불이행,젖음/습기,비,단일로 - 기타,화물,남,58세,상해없음,승용,여,67세,경상
2023100300100215,2023년 10월 3일 16시,화요일,경상북도 봉화군 소천면,경상사고,0,0,1,0,차대차 - 측면충돌,안전운전불이행,건조,맑음,단일로 - 기타,승용,남,66세,상해없음,승용,남,53세,경상
2023100300100216,2023년 10월 3일 16시,화요일,경상북도 구미시 송정동,경상사고,0,0,3,0,차대차 - 기타,안전운전불이행,건조,맑음,교차로 - 교차로부근,승용,남,21세,상해없음,승용,남,56세,경상
2023100300100239,2023년 10월 3일 17시,화요일,경상북도 포항시 북구 흥해읍,경상사고,0,0,1,0,차대차 - 추돌,안전거리미확보,건조,맑음,단일로 - 기타,화물,남,32세,상해없음,화물,남,52세,경상
2023100300100240,2023년 10월 3일 17시,화요일,경상북도 영덕군 영해면,중상사고,0,1,0,0,차대사람 - 길가장자리구역통행중,안전운전불이행,건조,맑음,단일로 - 기타,승용,여,62세,상해없음,보행자,여,82세,중상
2023100300100271,2023년 10월 3일 18시,화요일,경상북도 안동시 일직면,중상사고,0,1,0,0,차량단독 - 공작물충돌,안전운전불이행,건조,맑음,기타 - 기타,화물,남,71세,중상,,,,
2023100300100272,2023년 10월 3일 18시,화요일,경상북도 포항시 남구 송내동,경상사고,0,0,1,0,차대차 - 기타,안전거리미확보,건조,맑음,단일로 - 기타,승합,남,48세,상해없음,승용,남,40세,경상
2023100300100331,2023년 10월 3일 21시,화요일,경상북도 포항시 북구 장성동,중상사고,0,1,0,0,차대차 - 기타,교차로운행방법위반,건조,맑음,교차로 - 교차로안,승용,여,49세,상해없음,이륜,남,40세,중상
2023100400100010,2023년 10월 4일 01시,수요일,경상북도 경산시 압량읍,중상사고,0,1,0,0,차량단독 - 공작물충돌,안전거리미확보,건조,맑음,기타 - 기타,자전거,남,53세,중상,,,,
2023100400100041,2023년 10월 4일 06시,수요일,경상북도 구미시 시미동,경상사고,0,0,1,1,차대차 - 측면충돌,신호위반,건조,맑음,교차로 - 교차로안,이륜,남,31세,부상신고,자전거,남,54세,경상
2023100400100042,2023년 10월 4일 06시,수요일,경상북도 구미시 형곡동,중상사고,0,1,0,0,차대사람 - 기타,신호위반,건조,맑음,교차로 - 교차로부근,승용,남,34세,상해없음,보행자,여,85세,중상
2023100400100058,2023년 10월 4일 07시,수요일,경상북도 영천시 본촌동,경상사고,0,0,1,0,차대차 - 측면충돌,안전운전불이행,건조,맑음,교차로 - 교차로안,화물,남,47세,상해없음,승합,남,42세,경상
2023100400100059,2023년 10월 4일 07시,수요일,경상북도 청도군 금천면,경상사고,0,0,1,0,차대차 - 정면충돌,안전운전불이행,건조,맑음,교차로 - 교차로안,승용,여,64세,상해없음,승용,여,56세,경상
2023100400100094,2023년 10월 4일 08시,수요일,경상북도 경주시 남산동,중상사고,0,1,0,0,차대차 - 측면충돌,중앙선침범,건조,맑음,단일로 - 기타,이륜,남,79세,중상,승용,남,71세,상해없음
2023100400100095,2023년 10월 4일 08시,수요일,경상북도 김천시 율곡동,중상사고,0,1,0,0,차대차 - 측면충돌,안전운전불이행,건조,맑음,교차로 - 교차로횡단보도내,승용,남,31세,상해없음,자전거,여,16세,중상
2023100400100136,2023년 10월 4일 09시,수요일,경상북도 경주시 용강동,경상사고,0,0,1,0,차대차 - 추돌,안전운전불이행,건조,맑음,단일로 - 기타,화물,남,52세,상해없음,화물,남,57세,경상
2023100400100137,2023년 10월 4일 09시,수요일,경상북도 칠곡군 석적읍,경상사고,0,0,1,0,차대차 - 기타,안전운전불이행,건조,맑음,교차로 - 교차로부근,화물,남,29세,상해없음,승용,여,68세,경상
2023100400100165,2023년 10월 4일 10시,수요일,경상북도 영천시 금노동,중상사고,0,1,0,0,차대사람 - 차도통행중,안전운전불이행,건조,맑음,단일로 - 기타,승합,남,66세,상해없음,보행자,여,84세,중상
2023100400100166,2023년 10월 4일 10시,수요일,경상북도 경산시 하양읍,경상사고,0,0,1,0,차대차 - 측면충돌,안전운전불이행,건조,맑음,교차로 - 교차로안,승용,남,66세,상해없음,승용,기타불명,미분류,기타불명
2023100400100202,2023년 10월 4일 11시,수요일,경상북도 청도군 화양읍,경상사고,0,0,1,0,차대사람 - 길가장자리구역통행중,안전운전불이행,건조,맑음,단일로 - 기타,화물,남,58세,상해없음,보행자,남,58세,경상
2023100400100267,2023년 10월 4일 13시,수요일,경상북도 의성군 의성읍,중상사고,0,1,2,0,차대차 - 추돌,안전운전불이행,건조,맑음,교차로 - 교차로부근,화물,남,63세,중상,화물,남,72세,경상
2023100400100268,2023년 10월 4일 13시,수요일,경상북도 문경시 모전동,경상사고,0,0,1,0,차대차 - 측면충돌,직진우회전진행방해,건조,맑음,교차로 - 교차로안,승용,남,58세,상해없음,승용,여,48세,경상
2023100400100269,2023년 10월 4일 13시,수요일,경상북도 영양군 영양읍,중상사고,0,1,0,0,차대사람 - 기타,안전운전불이행,건조,맑음,단일로 - 기타,사륜오토바이(ATV),남,80세,기타불명,보행자,여,59세,중상
2023100400100304,2023년 10월 4일 14시,수요일,경상북도 영천시 고경면,중상사고,0,1,0,0,차대차 - 측면충돌,안전운전불이행,건조,맑음,교차로 - 교차로안,승용,여,32세,기타불명,승용,여,67세,중상
2023100400100305,2023년 10월 4일 14시,수요일,경상북도 영천시 금호읍,경상사고,0,0,1,0,차대차 - 후진중충돌,안전운전불이행,건조,맑음,단일로 - 기타,화물,남,79세,기타불명,승용,남,63세,경상
2023100400100332,2023년 10월 4일 15시,수요일,경상북도 성주군 초전면,경상사고,0,0,3,0,차대차 - 측면충돌,안전운전불이행,건조,맑음,교차로 - 교차로안,승용,남,58세,경상,승용,남,62세,경상
2023100400100333,2023년 10월 4일 15시,수요일,경상북도 포항시 남구 대도동,경상사고,0,0,1,0,차대차 - 기타,직진우회전진행방해,건조,맑음,교차로 - 교차로안,이륜,남,39세,상해없음,승합,남,53세,상해없음
2023100400100379,2023년 10월 4일 16시,수요일,경상북도 영주시 상줄동,중상사고,0,1,0,0,차대차 - 측면충돌,안전운전불이행,건조,맑음,단일로 - 기타,화물,남,52세,상해없음,이륜,남,23세,중상
2023100400100380,2023년 10월 4일 16시,수요일,경상북도 포항시 남구 상도동,경상사고,0,0,1,2,차대차 - 측면충돌,신호위반,건조,맑음,교차로 - 교차로안,이륜,남,18세,경상,승용,남,32세,부상신고
2023100400100413,2023년 10월 4일 17시,수요일,경상북도 경주시 천군동,중상사고,0,1,0,0,차대차 - 정면충돌,중앙선침범,건조,맑음,교차로 - 교차로부근,승용,남,66세,상해없음,승용,남,64세,중상
2023100400100414,2023년 10월 4일 17시,수요일,경상북도 포항시 북구 두호동,경상사고,0,0,1,0,차대사람 - 차도통행중,안전운전불이행,건조,맑음,교차로 - 교차로부근,승용,여,53세,상해없음,보행자,여,57세,경상
2023100400100458,2023년 10월 4일 18시,수요일,경상북도 경주시 광명동,경상사고,0,0,1,0,차대차 - 측면충돌,직진우회전진행방해,건조,맑음,교차로 - 교차로부근,승용,여,38세,상해없음,승용,남,60세,경상
2023100400100459,2023년 10월 4일 18시,수요일,경상북도 상주시 남성동,경상사고,0,0,1,0,차대차 - 측면충돌,중앙선침범,건조,맑음,단일로 - 기타,자전거,남,11세,경상,승용,여,57세,상해없음
2023100400100460,2023년 10월 4일 18시,수요일,경상북도 영주시 상줄동,중상사고,0,2,0,0,차대차 - 추돌,안전운전불이행,건조,맑음,단일로 - 기타,승합,남,72세,상해없음,승용,여,38세,중상
2023100400100461,2023년 10월 4일 18시,수요일,경상북도 구미시 선산읍,중상사고,0,1,0,0,차대차 - 측면충돌,안전운전불이행,건조,맑음,교차로 - 교차로안,승용,남,56세,상해없음,자전거,여,75세,중상
2023100400100462,2023년 10월 4일 18시,수요일,경상북도 구미시 옥계동,경상사고,0,0,1,0,차대차 - 기타,안전운전불이행,건조,맑음,교차로 - 교차로부근,승용,남,65세,상해없음,이륜,남,48세,경상
2023100400100508,2023년 10월 4일 19시,수요일,경상북도 안동시 용상동,경상사고,0,0,1,0,차대차 - 기타,안전운전불이행,건조,맑음,교차로 - 교차로부근,원동기,남,44세,경상,승용,여,33세,상해없음
2023100400100509,2023년 10월 4일 19시,수요일,경상북도 구미시 옥계동,경상사고,0,0,1,0,차대사람 - 기타,중앙선침범,건조,흐림,단일로 - 기타,승용,여,31세,상해없음,보행자,남,33세,경상
2023100400100510,2023년 10월 4일 19시,수요일,경상북도 포항시 남구 상도동,경상사고,0,0,1,0,차대차 - 기타,안전운전불이행,건조,맑음,교차로 - 교차로부근,화물,남,30세,상해없음,승용,남,69세,경상
2023100400100544,2023년 10월 4일 20시,수요일,경상북도 경주시 성건동,경상사고,0,0,1,0,차대사람 - 횡단중,안전운전불이행,건조,맑음,단일로 - 기타,승용,남,66세,상해없음,보행자,남,2세,경상
2023100400100545,2023년 10월 4일 20시,수요일,경상북도 구미시 사곡동,경상사고,0,0,3,0,차대차 - 추돌,안전운전불이행,건조,맑음,단일로 - 기타,승용,여,24세,상해없음,승용,여,33세,경상
2023100400100573,2023년 10월 4일 22시,수요일,경상북도 김천시 지좌동,중상사고,0,2,0,0,차대차 - 추돌,안전운전불이행,건조,맑음,교차로 - 교차로안,이륜,남,50세,중상,승용,남,34세,상해없음
2023100500100064,2023년 10월 5일 07시,목요일,경상북도 예천군 호명면,경상사고,0,0,1,0,차대차 - 추돌,안전운전불이행,건조,맑음,단일로 - 기타,승용,남,54세,상해없음,승용,남,21세,경상
2023100500100066,2023년 10월 5일 07시,목요일,경상북도 포항시 남구 오천읍,경상사고,0,0,1,0,차대차 - 측면충돌,안전운전불이행,건조,맑음,단일로 - 기타,승용,남,53세,상해없음,승용,남,73세,상해없음
2023100500100109,2023년 10월 5일 08시,목요일,경상북도 영주시 상망동,경상사고,0,0,1,0,차대차 - 추돌,안전운전불이행,건조,맑음,단일로 - 기타,승용,여,49세,상해없음,승용,남,32세,상해없음
2023100500100183,2023년 10월 5일 10시,목요일,경상북도 안동시 송현동,중상사고,0,1,0,0,차량단독 - 기타,기타,건조,맑음,교차로 - 교차로부근,승합,남,53세,상해없음,,,,
2023100500100184,2023년 10월 5일 10시,목요일,경상북도 영주시 가흥동,경상사고,0,0,2,0,차대차 - 측면충돌,안전운전불이행,건조,맑음,교차로 - 교차로안,화물,남,75세,상해없음,승용,여,34세,경상
2023100500100216,2023년 10월 5일 11시,목요일,경상북도 포항시 남구 오천읍,중상사고,0,1,2,0,차대차 - 측면충돌,직진우회전진행방해,건조,맑음,교차로 - 교차로안,승용,여,63세,경상,승용,여,54세,중상
2023100500100241,2023년 10월 5일 12시,목요일,경상북도 청도군 청도읍,경상사고,0,0,1,0,차대사람 - 기타,안전운전불이행,건조,맑음,주차장 - 주차장,화물,남,55세,상해없음,보행자,남,52세,경상
2023100500100273,2023년 10월 5일 13시,목요일,경상북도 포항시 북구 장성동,경상사고,0,0,1,0,차대차 - 추돌,안전운전불이행,건조,맑음,단일로 - 기타,승용,여,59세,상해없음,승용,남,42세,상해없음
2023100500100274,2023년 10월 5일 13시,목요일,경상북도 영덕군 영덕읍,중상사고,0,1,0,0,차대차 - 측면충돌,직진우회전진행방해,건조,맑음,교차로 - 교차로안,승합,남,62세,상해없음,이륜,남,57세,중상
2023100500100300,2023년 10월 5일 14시,목요일,경상북도 영주시 봉현면,중상사고,0,1,0,0,차대사람 - 횡단중,보행자보호의무위반,건조,맑음,교차로 - 교차로횡단보도내,승용,여,73세,상해없음,보행자,여,58세,중상
2023100500100301,2023년 10월 5일 14시,목요일,경상북도 경산시 중방동,경상사고,0,0,1,0,차대차 - 측면충돌,신호위반,기타,맑음,교차로 - 교차로안,이륜,남,28세,기타불명,승용,여,60세,경상
2023100500100330,2023년 10월 5일 15시,목요일,경상북도 포항시 북구 우현동,중상사고,0,1,0,0,차대사람 - 차도통행중,안전운전불이행,건조,맑음,단일로 - 기타,승용,남,32세,상해없음,보행자,여,79세,중상
2023100500100366,2023년 10월 5일 16시,목요일,경상북도 포항시 북구 환호동,경상사고,0,0,1,0,차대차 - 추돌,안전운전불이행,건조,맑음,단일로 - 기타,승용,남,52세,상해없음,화물,남,66세,상해없음
2023100500100367,2023년 10월 5일 16시,목요일,경상북도 경산시 백천동,경상사고,0,0,1,0,차대사람 - 횡단중,보행자보호의무위반,건조,맑음,단일로 - 기타,승용,여,58세,상해없음,보행자,남,10세,경상
2023100500100368,2023년 10월 5일 16시,목요일,경상북도 포항시 남구 송도동,중상사고,0,3,0,0,차대차 - 정면충돌,중앙선침범,건조,맑음,단일로 - 기타,승용,여,55세,중상,승용,남,54세,중상
2023100500100468,2023년 10월 5일 18시,목요일,경상북도 경주시 동천동,경상사고,0,0,1,0,차대사람 - 기타,안전운전불이행,건조,맑음,단일로 - 기타,승용,여,27세,상해없음,보행자,남,56세,경상
2023100500100469,2023년 10월 5일 18시,목요일,경상북도 경주시 용강동,경상사고,0,0,2,0,차대차 - 기타,안전운전불이행,건조,맑음,교차로 - 교차로안,승용,남,65세,상해없음,승용,여,34세,경상
2023100500100498,2023년 10월 5일 19시,목요일,경상북도 칠곡군 북삼읍,경상사고,0,0,1,0,차대차 - 측면충돌,안전운전불이행,건조,맑음,단일로 - 기타,승용,남,64세,상해없음,화물,남,46세,경상
2023100500100499,2023년 10월 5일 19시,목요일,경상북도 칠곡군 왜관읍,경상사고,0,0,1,0,차대차 - 후진중충돌,안전운전불이행,건조,맑음,교차로 - 교차로안,승용,여,47세,기타불명,승용,여,59세,경상
2023100500100500,2023년 10월 5일 19시,목요일,경상북도 구미시 광평동,경상사고,0,0,1,0,차대사람 - 횡단중,안전운전불이행,건조,맑음,단일로 - 기타,승용,남,61세,상해없음,보행자,여,35세,경상
2023100500100523,2023년 10월 5일 20시,목요일,경상북도 영덕군 영덕읍,경상사고,0,0,1,0,차대사람 - 차도통행중,안전운전불이행,건조,맑음,단일로 - 기타,승용,남,60세,상해없음,보행자,남,52세,경상
2023100500100524,2023년 10월 5일 20시,목요일,경상북도 청도군 청도읍,경상사고,0,0,1,0,차대차 - 측면충돌,직진우회전진행방해,건조,맑음,교차로 - 교차로안,승용,남,51세,상해없음,승용,여,55세,경상
2023100500100561,2023년 10월 5일 22시,목요일,경상북도 경산시 대동,중상사고,0,1,0,0,차대차 - 기타,안전운전불이행,건조,맑음,기타 - 기타,이륜,남,30세,상해없음,개인형이동수단(PM),여,22세,중상
2023100500100577,2023년 10월 5일 23시,목요일,경상북도 안동시 풍천면,경상사고,0,0,1,0,차대사람 - 기타,안전운전불이행,건조,맑음,단일로 - 기타,승용,여,47세,상해없음,보행자,남,22세,경상
2023100600100023,2023년 10월 6일 03시,금요일,경상북도 칠곡군 왜관읍,중상사고,0,1,0,1,차대차 - 측면충돌,신호위반,건조,맑음,교차로 - 교차로안,화물,남,59세,부상신고,화물,남,44세,중상
2023100600100051,2023년 10월 6일 06시,금요일,경상북도 포항시 남구 해도동,경상사고,0,0,1,0,차대차 - 측면충돌,안전거리미확보,건조,맑음,단일로 - 기타,화물,남,62세,상해없음,승용,여,58세,경상
2023100600100071,2023년 10월 6일 07시,금요일,경상북도 영덕군 강구면,중상사고,0,1,0,0,차대차 - 측면충돌,안전운전불이행,건조,맑음,교차로 - 교차로부근,승용,여,61세,상해없음,자전거,여,79세,중상
2023100600100104,2023년 10월 6일 08시,금요일,경상북도 상주시 서문동,중상사고,0,1,0,0,차대사람 - 횡단중,안전운전불이행,건조,맑음,교차로 - 교차로안,승용,여,49세,상해없음,보행자,여,81세,중상
2023100600100105,2023년 10월 6일 08시,금요일,경상북도 상주시 냉림동,경상사고,0,0,5,0,차대차 - 측면충돌,직진우회전진행방해,건조,맑음,교차로 - 교차로안,승용,여,26세,경상,승용,남,44세,경상
2023100600100106,2023년 10월 6일 08시,금요일,경상북도 영주시 가흥동,경상사고,0,0,1,0,차대차 - 정면충돌,안전운전불이행,건조,맑음,교차로 - 교차로안,화물,남,54세,상해없음,화물,남,53세,경상
2023100600100107,2023년 10월 6일 08시,금요일,경상북도 구미시 형곡동,중상사고,0,1,0,0,차대차 - 기타,안전거리미확보,건조,맑음,교차로 - 교차로안,승용,여,43세,상해없음,이륜,남,17세,중상
2023100600100144,2023년 10월 6일 09시,금요일,경상북도 안동시 금곡동,중상사고,0,2,1,0,차대차 - 측면충돌,중앙선침범,건조,맑음,단일로 - 기타,승용,남,52세,경상,승용,여,52세,중상
2023100600100145,2023년 10월 6일 09시,금요일,경상북도 칠곡군 석적읍,경상사고,0,0,2,0,차대차 - 추돌,안전운전불이행,건조,맑음,단일로 - 기타,승용,남,48세,상해없음,승용,남,48세,경상
2023100600100177,2023년 10월 6일 10시,금요일,경상북도 경산시 압량읍,부상신고사고,0,0,0,1,차량단독 - 기타,안전운전불이행,건조,흐림,기타 - 기타,이륜,남,20세,부상신고,,,,
2023100600100207,2023년 10월 6일 11시,금요일,경상북도 안동시 운흥동,경상사고,0,0,1,0,차대차 - 후진중충돌,안전운전불이행,건조,맑음,주차장 - 주차장,승용,남,71세,상해없음,승용,여,50세,경상
2023100600100241,2023년 10월 6일 12시,금요일,경상북도 청도군 풍각면,경상사고,0,0,1,0,차대차 - 정면충돌,안전운전불이행,건조,맑음,단일로 - 기타,화물,남,61세,상해없음,화물,남,60세,상해없음
2023100600100242,2023년 10월 6일 12시,금요일,경상북도 포항시 남구 이동,경상사고,0,0,1,0,차대차 - 측면충돌,안전운전불이행,건조,맑음,단일로 - 기타,특수,남,54세,상해없음,승용,여,50세,경상
2023100600100243,2023년 10월 6일 12시,금요일,경상북도 포항시 남구 해도동,경상사고,0,0,1,0,차대차 - 추돌,안전거리미확보,건조,맑음,단일로 - 기타,승용,남,68세,상해없음,승용,여,60세,경상
2023100600100275,2023년 10월 6일 13시,금요일,경상북도 안동시 옥동,경상사고,0,0,1,0,차대차 - 기타,안전운전불이행,건조,맑음,단일로 - 기타,화물,남,34세,상해없음,이륜,남,47세,경상
2023100600100276,2023년 10월 6일 13시,금요일,경상북도 봉화군 봉화읍,중상사고,0,1,0,0,차대차 - 추돌,안전운전불이행,건조,맑음,단일로 - 기타,승용,남,78세,상해없음,자전거,여,69세,중상
2023100600100310,2023년 10월 6일 14시,금요일,경상북도 김천시 어모면,중상사고,0,1,0,0,차대차 - 기타,안전운전불이행,건조,맑음,단일로 - 기타,이륜,남,40세,상해없음,이륜,남,35세,중상
2023100600100384,2023년 10월 6일 16시,금요일,경상북도 안동시 옥동,경상사고,0,0,1,0,차대차 - 기타,안전운전불이행,건조,맑음,교차로 - 교차로횡단보도내,승용,여,57세,상해없음,자전거,남,65세,경상
2023100600100421,2023년 10월 6일 17시,금요일,경상북도 포항시 북구 흥해읍,경상사고,0,0,1,0,차대차 - 기타,안전거리미확보,건조,맑음,단일로 - 기타,승용,남,69세,상해없음,승용,남,50세,상해없음
2023100600100422,2023년 10월 6일 17시,금요일,경상북도 구미시 형곡동,경상사고,0,0,2,0,차대차 - 측면충돌,안전운전불이행,건조,맑음,단일로 - 기타,승용,여,65세,경상,승용,여,49세,경상
2023100600100470,2023년 10월 6일 18시,금요일,경상북도 경주시 건천읍,중상사고,0,1,1,0,차대차 - 기타,신호위반,건조,맑음,교차로 - 교차로안,승용,남,64세,중상,승용,남,70세,경상
2023100600100471,2023년 10월 6일 18시,금요일,경상북도 울진군 근남면,경상사고,0,0,2,0,차대차 - 측면충돌,신호위반,건조,맑음,교차로 - 교차로안,화물,남,57세,상해없음,승용,남,40세,경상
2023100600100511,2023년 10월 6일 19시,금요일,경상북도 봉화군 법전면,경상사고,0,0,1,0,차대차 - 측면충돌,안전운전불이행,건조,맑음,기타 - 기타,승용,남,45세,상해없음,특수,남,62세,경상
2023100600100512,2023년 10월 6일 19시,금요일,경상북도 구미시 인의동,경상사고,0,0,1,0,차대차 - 측면충돌,중앙선침범,건조,맑음,교차로 - 교차로안,승용,남,27세,상해없음,이륜,남,37세,경상
2023100600100580,2023년 10월 6일 21시,금요일,경상북도 경주시 석장동,중상사고,0,1,0,0,차대차 - 측면충돌,안전운전불이행,건조,맑음,단일로 - 기타,승용,남,32세,상해없음,이륜,남,27세,중상
2023100600100581,2023년 10월 6일 21시,금요일,경상북도 구미시 황상동,경상사고,0,0,1,0,차대차 - 측면충돌,안전운전불이행,건조,맑음,교차로 - 교차로안,승용,여,42세,상해없음,승용,남,25세,경상
2023100600100626,2023년 10월 6일 23시,금요일,경상북도 칠곡군 왜관읍,경상사고,0,0,1,0,차대차 - 후진중충돌,안전운전불이행,건조,맑음,단일로 - 지하차도(도로)내,승용,남,28세,상해없음,이륜,남,56세,경상