사고번호,사고일시,요일,시군구,사고내용,사망자수,중상자수,경상자수,부상신고자수,사고유형,법규위반,노면상태,기상상태,도로형태,가해운전자 차종,가해운전자 성별,가해운전자 연령,가해운전자 상해정도,피해운전자 차종,피해운전자 성별,피해운전자 연령,피해운전자 상해정도
2023100600100627,2023년 10월 6일 23시,금요일,경상북도 구미시 신평동,사망사고,1,0,0,0,차량단독 - 공작물충돌,안전운전불이행,건조,맑음,단일로 - 기타,이륜,남,22세,사망,,,,
2023100700100026,2023년 10월 7일 02시,토요일,경상북도 칠곡군 석적읍,경상사고,0,0,2,0,차대차 - 측면충돌,직진우회전진행방해,건조,맑음,교차로 - 교차로안,승용,남,39세,상해없음,승용,남,20세,경상
2023100700100041,2023년 10월 7일 04시,토요일,경상북도 경주시 노서동,중상사고,0,1,0,0,차대사람 - 기타,기타,건조,맑음,주차장 - 주차장,승용,남,29세,상해없음,보행자,남,62세,중상
2023100700100057,2023년 10월 7일 06시,토요일,경상북도 포항시 남구 장기면,중상사고,0,1,0,0,차대사람 - 기타,안전운전불이행,건조,맑음,단일로 - 기타,화물,남,51세,상해없음,보행자,남,81세,중상
2023100700100095,2023년 10월 7일 09시,토요일,경상북도 포항시 남구 대잠동,경상사고,0,0,1,0,차대차 - 추돌,안전운전불이행,건조,맑음,교차로 - 교차로부근,승용,여,26세,상해없음,승용,여,56세,경상
2023100700100123,2023년 10월 7일 10시,토요일,경상북도 경주시 양남면,중상사고,0,1,4,0,차대차 - 측면충돌,안전운전불이행,건조,맑음,교차로 - 교차로부근,승용,남,38세,경상,화물,남,26세,중상
2023100700100187,2023년 10월 7일 12시,토요일,경상북도 안동시 옥동,경상사고,0,0,1,0,차대사람 - 기타,안전운전불이행,건조,맑음,단일로 - 기타,승용,여,46세,상해없음,보행자,남,35세,경상
2023100700100188,2023년 10월 7일 12시,토요일,경상북도 안동시 북문동,경상사고,0,0,1,0,차대차 - 기타,안전운전불이행,건조,맑음,단일로 - 기타,승용,남,34세,상해없음,이륜,남,41세,경상
2023100700100189,2023년 10월 7일 12시,토요일,경상북도 성주군 용암면,중상사고,0,1,0,0,차대차 - 측면충돌,직진우회전진행방해,건조,맑음,교차로 - 교차로안,자전거,여,44세,중상,농기계,남,64세,상해없음
2023100700100251,2023년 10월 7일 14시,토요일,경상북도 경주시 하동,중상사고,0,1,0,0,차대사람 - 기타,안전운전불이행,건조,맑음,교차로 - 교차로부근,승용,여,50세,상해없음,보행자,여,89세,중상
2023100700100252,2023년 10월 7일 14시,토요일,경상북도 안동시 남문동,경상사고,0,0,1,0,차대차 - 측면충돌,교차로운행방법위반,건조,맑음,교차로 - 교차로안,승용,남,68세,상해없음,승용,남,40세,경상
2023100700100294,2023년 10월 7일 15시,토요일,경상북도 포항시 북구 죽도동,경상사고,0,0,2,0,차대차 - 추돌,안전운전불이행,건조,맑음,단일로 - 기타,승용,남,64세,상해없음,승용,남,38세,경상
2023100700100295,2023년 10월 7일 15시,토요일,경상북도 예천군 은풍면,중상사고,0,1,0,0,차대사람 - 차도통행중,안전운전불이행,건조,맑음,단일로 - 기타,승용,여,64세,상해없음,보행자,남,48세,중상
2023100700100327,2023년 10월 7일 16시,토요일,경상북도 경주시 서면,사망사고,1,0,0,0,차량단독 - 기타,안전운전불이행,젖음/습기,맑음,단일로 - 기타,승용,남,71세,사망,,,,
2023100700100328,2023년 10월 7일 16시,토요일,경상북도 상주시 공성면,경상사고,0,0,2,0,차대차 - 기타,안전운전불이행,건조,맑음,단일로 - 기타,승용,여,60세,상해없음,승용,남,44세,경상
2023100700100329,2023년 10월 7일 16시,토요일,경상북도 울진군 후포면,경상사고,0,0,1,0,차량단독 - 전도전복 - 전도,안전운전불이행,젖음/습기,흐림,단일로 - 기타,원동기,남,58세,경상,,,,
2023100700100330,2023년 10월 7일 16시,토요일,경상북도 포항시 남구 상도동,경상사고,0,0,1,0,차대차 - 추돌,안전운전불이행,건조,맑음,교차로 - 교차로안,건설기계,남,72세,상해없음,승용,여,52세,경상
2023100700100358,2023년 10월 7일 17시,토요일,경상북도 칠곡군 왜관읍,경상사고,0,0,1,0,차대차 - 측면충돌,안전운전불이행,건조,맑음,기타 - 기타,자전거,남,56세,상해없음,자전거,남,57세,경상
2023100700100359,2023년 10월 7일 17시,토요일,경상북도 구미시 산동읍,경상사고,0,0,1,0,차대차 - 추돌,안전운전불이행,건조,맑음,교차로 - 교차로부근,승용,남,43세,상해없음,승용,남,31세,경상
2023100700100388,2023년 10월 7일 18시,토요일,경상북도 경주시 동천동,경상사고,0,0,1,0,차대차 - 측면충돌,안전거리미확보,젖음/습기,흐림,단일로 - 교량,승용,남,62세,상해없음,승용,남,38세,경상
2023100700100389,2023년 10월 7일 18시,토요일,경상북도 경산시 하양읍,사망사고,1,0,0,0,차대사람 - 횡단중,보행자보호의무위반,건조,맑음,교차로 - 교차로횡단보도내,승용,여,52세,상해없음,보행자,여,37세,사망
2023100700100428,2023년 10월 7일 19시,토요일,경상북도 경주시 외동읍,경상사고,0,0,3,0,차대차 - 추돌,안전운전불이행,건조,맑음,교차로 - 교차로부근,승용,여,44세,상해없음,승용,남,46세,경상
2023100800100013,2023년 10월 8일 01시,일요일,경상북도 포항시 남구 효자동,경상사고,0,0,2,0,차대차 - 기타,안전운전불이행,건조,맑음,교차로 - 교차로부근,승용,남,61세,상해없음,승용,남,61세,경상
2023100800100020,2023년 10월 8일 02시,일요일,경상북도 칠곡군 북삼읍,경상사고,0,0,2,0,차대차 - 측면충돌,직진우회전진행방해,건조,맑음,교차로 - 교차로안,승용,여,63세,경상,승용,남,43세,경상
2023100800100021,2023년 10월 8일 02시,일요일,경상북도 포항시 북구 기계면,중상사고,0,1,3,0,차대차 - 추돌,안전운전불이행,건조,맑음,단일로 - 기타,승용,남,59세,상해없음,승용,여,42세,중상
2023100800100052,2023년 10월 8일 07시,일요일,경상북도 봉화군 석포면,경상사고,0,0,1,0,차대차 - 측면충돌,안전운전불이행,건조,맑음,단일로 - 기타,승용,남,44세,상해없음,이륜,남,37세,경상
2023100800100127,2023년 10월 8일 12시,일요일,경상북도 경주시 구황동,중상사고,0,2,0,0,차대차 - 측면충돌,안전운전불이행,건조,맑음,기타 - 기타,승용,여,64세,상해없음,승용,남,23세,중상
2023100800100195,2023년 10월 8일 15시,일요일,경상북도 경주시 용강동,경상사고,0,0,1,0,차대차 - 측면충돌,안전운전불이행,건조,맑음,교차로 - 교차로부근,화물,남,57세,상해없음,승용,남,58세,경상
2023100800100214,2023년 10월 8일 16시,일요일,경상북도 안동시 임동면,경상사고,0,0,1,0,차대차 - 기타,안전운전불이행,건조,맑음,단일로 - 기타,승용,여,50세,상해없음,승용,남,50세,경상
2023100800100215,2023년 10월 8일 16시,일요일,경상북도 경산시 용성면,경상사고,0,0,2,0,차대차 - 측면충돌,안전운전불이행,건조,맑음,교차로 - 교차로안,승용,남,76세,상해없음,승용,남,68세,경상
2023100800100217,2023년 10월 8일 16시,일요일,경상북도 성주군 성주읍,중상사고,0,1,0,0,차대사람 - 기타,안전운전불이행,건조,맑음,교차로 - 교차로부근,화물,남,71세,상해없음,보행자,남,49세,중상
2023100800100233,2023년 10월 8일 17시,일요일,경상북도 경주시 사정동,경상사고,0,0,3,0,차대차 - 추돌,안전운전불이행,건조,맑음,단일로 - 지하차도(도로)내,승용,여,39세,상해없음,승용,남,46세,경상
2023100800100234,2023년 10월 8일 17시,일요일,경상북도 의성군 금성면,경상사고,0,0,2,0,차대차 - 후진중충돌,불법유턴,건조,흐림,교차로 - 교차로안,승용,여,45세,경상,승용,남,26세,경상
2023100800100235,2023년 10월 8일 17시,일요일,경상북도 문경시 흥덕동,경상사고,0,0,1,0,차대사람 - 기타,안전운전불이행,건조,맑음,기타 - 기타,승용,여,68세,상해없음,보행자,여,44세,경상
2023100800100236,2023년 10월 8일 17시,일요일,경상북도 청도군 운문면,중상사고,0,1,0,0,차대차 - 측면충돌,안전운전불이행,건조,맑음,교차로 - 교차로안,화물,남,68세,상해없음,이륜,남,33세,중상
2023100800100238,2023년 10월 8일 17시,일요일,경상북도 포항시 남구 연일읍,경상사고,0,0,1,0,차대차 - 측면충돌,신호위반,건조,맑음,교차로 - 교차로안,승용,남,57세,상해없음,승용,남,29세,경상
2023100800100268,2023년 10월 8일 18시,일요일,경상북도 영천시 교촌동,경상사고,0,0,2,0,차대차 - 측면충돌,안전운전불이행,건조,맑음,교차로 - 교차로안,승용,남,72세,상해없음,승용,남,56세,경상
2023100800100293,2023년 10월 8일 19시,일요일,경상북도 구미시 봉곡동,중상사고,0,1,1,0,차대차 - 측면충돌,신호위반,건조,맑음,교차로 - 교차로안,승용,여,39세,상해없음,승용,남,28세,중상
2023100800100294,2023년 10월 8일 19시,일요일,경상북도 구미시 원평동,경상사고,0,0,1,0,차대차 - 측면충돌,교차로운행방법위반,건조,맑음,교차로 - 교차로안,승용,여,50세,경상,화물,남,58세,상해없음
2023100800100295,2023년 10월 8일 19시,일요일,경상북도 구미시 봉곡동,경상사고,0,0,1,0,차대차 - 기타,교차로운행방법위반,건조,맑음,교차로 - 교차로부근,승용,남,59세,상해없음,승용,남,32세,경상
2023100800100312,2023년 10월 8일 20시,일요일,경상북도 경주시 외동읍,중상사고,0,1,1,0,차대차 - 기타,중앙선침범,건조,맑음,교차로 - 교차로부근,승용,여,61세,상해없음,이륜,남,33세,경상
2023100800100313,2023년 10월 8일 20시,일요일,경상북도 포항시 북구 두호동,중상사고,0,1,0,0,차대사람 - 횡단중,기타,건조,맑음,단일로 - 기타,승용,남,23세,상해없음,보행자,여,46세,중상
2023100900100033,2023년 10월 9일 03시,월요일,경상북도 경주시 인왕동,경상사고,0,0,3,0,차대차 - 측면충돌,안전운전불이행,건조,맑음,교차로 - 교차로부근,승용,남,33세,상해없음,승용,남,41세,상해없음
2023100900100048,2023년 10월 9일 05시,월요일,경상북도 경주시 내남면,사망사고,1,1,1,0,차대차 - 추돌,안전운전불이행,젖음/습기,비,단일로 - 기타,승용,남,54세,사망,기타불명,남,53세,경상
2023100900100060,2023년 10월 9일 06시,월요일,경상북도 포항시 북구 죽도동,경상사고,0,0,2,0,차대차 - 측면충돌,신호위반,건조,맑음,교차로 - 교차로안,승용,여,46세,상해없음,화물,남,40세,경상
2023100900100067,2023년 10월 9일 07시,월요일,경상북도 울진군 울진읍,중상사고,0,1,0,0,차대차 - 측면충돌,교차로운행방법위반,건조,맑음,교차로 - 교차로안,승용,남,66세,상해없음,승용,여,50세,중상
2023100900100091,2023년 10월 9일 09시,월요일,경상북도 상주시 외답동,중상사고,0,1,0,0,차대차 - 측면충돌,안전운전불이행,건조,맑음,단일로 - 기타,화물,남,60세,상해없음,승용,남,79세,중상
2023100900100092,2023년 10월 9일 09시,월요일,경상북도 칠곡군 지천면,경상사고,0,0,1,0,차대차 - 측면충돌,교차로운행방법위반,건조,맑음,교차로 - 교차로안,화물,남,54세,상해없음,자전거,여,30세,경상
2023100900100137,2023년 10월 9일 11시,월요일,경상북도 울진군 죽변면,경상사고,0,0,1,0,차대차 - 추돌,기타,건조,맑음,단일로 - 기타,승용,남,70세,상해없음,승용,여,32세,경상
2023100900100138,2023년 10월 9일 11시,월요일,경상북도 울진군 근남면,경상사고,0,0,1,0,차대차 - 추돌,안전운전불이행,건조,맑음,단일로 - 기타,승용,남,72세,상해없음,승용,여,32세,경상
2023100900100166,2023년 10월 9일 12시,월요일,경상북도 포항시 북구 창포동,중상사고,0,2,8,0,차대차 - 기타,안전거리미확보,건조,맑음,단일로 - 기타,승용,남,25세,경상,승합,남,52세,경상
2023100900100167,2023년 10월 9일 12시,월요일,경상북도 안동시 송천동,중상사고,0,1,1,0,차대차 - 측면충돌,직진우회전진행방해,건조,맑음,교차로 - 교차로안,승용,남,51세,경상,승용,여,25세,중상
2023100900100168,2023년 10월 9일 12시,월요일,경상북도 안동시 운흥동,경상사고,0,0,1,0,차대차 - 기타,안전운전불이행,건조,맑음,교차로 - 교차로부근,승용,남,49세,상해없음,승용,남,42세,경상
2023100900100219,2023년 10월 9일 14시,월요일,경상북도 포항시 남구 동해면,경상사고,0,0,1,0,차대차 - 기타,안전운전불이행,건조,맑음,단일로 - 기타,기타불명,기타불명,미분류,기타불명,자전거,여,64세,경상
2023100900100242,2023년 10월 9일 15시,월요일,경상북도 의성군 의성읍,중상사고,0,1,1,0,차대차 - 측면충돌,직진우회전진행방해,건조,맑음,교차로 - 교차로안,자전거,여,83세,중상,승용,여,39세,상해없음
2023100900100259,2023년 10월 9일 16시,월요일,경상북도 구미시 원평동,경상사고,0,0,1,0,차대차 - 측면충돌,교차로운행방법위반,건조,맑음,교차로 - 교차로안,이륜,남,47세,경상,승용,남,68세,상해없음
2023100900100260,2023년 10월 9일 16시,월요일,경상북도 구미시 진평동,경상사고,0,0,1,0,차대차 - 후진중충돌,안전운전불이행,건조,맑음,단일로 - 기타,승용,남,39세,상해없음,원동기,남,39세,경상
2023100900100261,2023년 10월 9일 16시,월요일,경상북도 포항시 남구 해도동,경상사고,0,0,1,0,차대차 - 측면충돌,안전운전불이행,건조,맑음,기타 - 기타,화물,남,70세,상해없음,자전거,남,66세,경상
2023100900100287,2023년 10월 9일 17시,월요일,경상북도 경주시 외동읍,경상사고,0,0,2,0,차대차 - 추돌,안전운전불이행,건조,맑음,교차로 - 교차로부근,화물,남,58세,상해없음,화물,남,68세,경상
2023100900100288,2023년 10월 9일 17시,월요일,경상북도 포항시 북구 창포동,경상사고,0,0,1,0,차대차 - 추돌,안전운전불이행,건조,맑음,교차로 - 교차로안,승용,남,62세,상해없음,승용,여,53세,경상
2023100900100289,2023년 10월 9일 17시,월요일,경상북도 구미시 인의동,경상사고,0,0,1,0,차대사람 - 기타,안전운전불이행,건조,맑음,단일로 - 기타,승용,남,30세,상해없음,보행자,남,38세,경상
2023100900100290,2023년 10월 9일 17시,월요일,경상북도 구미시 지산동,경상사고,0,0,3,0,차대차 - 기타,안전운전불이행,건조,맑음,단일로 - 기타,화물,남,67세,상해없음,승용,남,43세,경상
2023100900100322,2023년 10월 9일 18시,월요일,경상북도 안동시 동부동,중상사고,0,1,0,0,차대사람 - 횡단중,보행자보호의무위반,건조,맑음,단일로 - 기타,승용,여,45세,상해없음,보행자,여,86세,중상
2023100900100323,2023년 10월 9일 18시,월요일,경상북도 안동시 용상동,부상신고사고,0,0,0,1,차대사람 - 기타,안전운전불이행,건조,맑음,단일로 - 기타,승용,여,26세,상해없음,보행자,여,26세,부상신고
2023100900100325,2023년 10월 9일 18시,월요일,경상북도 칠곡군 동명면,경상사고,0,0,2,0,차대차 - 추돌,안전운전불이행,건조,맑음,단일로 - 기타,승용,남,19세,상해없음,승용,남,49세,경상
2023100900100404,2023년 10월 9일 21시,월요일,경상북도 경주시 안강읍,사망사고,1,0,0,0,차대차 - 기타,안전운전불이행,건조,맑음,교차로 - 교차로안,승용,남,57세,기타불명,자전거,여,61세,사망
2023101000100064,2023년 10월 10일 07시,화요일,경상북도 김천시 감문면,중상사고,0,1,0,0,차대차 - 정면충돌,교차로운행방법위반,건조,맑음,교차로 - 교차로안,화물,남,75세,상해없음,이륜,남,54세,중상
2023101000100065,2023년 10월 10일 07시,화요일,경상북도 구미시 인의동,경상사고,0,0,1,0,차대차 - 기타,안전거리미확보,건조,맑음,단일로 - 기타,승용,남,54세,상해없음,승용,남,48세,경상
2023101000100066,2023년 10월 10일 07시,화요일,경상북도 포항시 남구 괴동동,중상사고,0,1,0,0,차대차 - 측면충돌,직진우회전진행방해,건조,맑음,교차로 - 교차로안,승용,남,36세,상해없음,이륜,남,64세,중상
2023101000100109,2023년 10월 10일 08시,화요일,경상북도 경주시 안강읍,경상사고,0,0,2,0,차대차 - 측면충돌,안전운전불이행,건조,맑음,단일로 - 기타,건설기계,남,69세,상해없음,승용,남,34세,경상
2023101000100110,2023년 10월 10일 08시,화요일,경상북도 포항시 북구 장성동,경상사고,0,0,1,0,차대차 - 추돌,안전운전불이행,건조,맑음,단일로 - 기타,승용,남,55세,상해없음,승용,여,43세,경상
2023101000100111,2023년 10월 10일 08시,화요일,경상북도 안동시 운안동,중상사고,0,1,0,0,차대사람 - 횡단중,안전운전불이행,건조,맑음,단일로 - 기타,승용,여,27세,상해없음,보행자,여,70세,중상
2023101000100158,2023년 10월 10일 09시,화요일,경상북도 김천시 율곡동,경상사고,0,0,2,0,차대차 - 측면충돌,교차로운행방법위반,건조,맑음,교차로 - 교차로안,승용,여,47세,상해없음,승용,여,28세,경상
2023101000100159,2023년 10월 10일 09시,화요일,경상북도 문경시 영신동,중상사고,0,1,0,0,차대차 - 측면충돌,안전운전불이행,건조,맑음,기타 - 기타,이륜,남,74세,중상,승용,남,48세,상해없음
2023101000100195,2023년 10월 10일 10시,화요일,경상북도 안동시 정하동,경상사고,0,0,2,0,차대차 - 측면충돌,교차로운행방법위반,건조,맑음,교차로 - 교차로부근,화물,남,56세,상해없음,승용,여,53세,경상
2023101000100196,2023년 10월 10일 10시,화요일,경상북도 김천시 평화동,부상신고사고,0,0,0,1,차대차 - 측면충돌,안전운전불이행,건조,맑음,단일로 - 기타,승용,남,75세,상해없음,이륜,남,88세,부상신고
2023101000100197,2023년 10월 10일 10시,화요일,경상북도 상주시 남성동,경상사고,0,0,1,0,차대사람 - 길가장자리구역통행중,안전운전불이행,건조,맑음,교차로 - 교차로부근,화물,남,69세,상해없음,보행자,여,41세,경상
2023101000100199,2023년 10월 10일 10시,화요일,경상북도 포항시 남구 청림동,경상사고,0,0,1,0,차대차 - 측면충돌,직진우회전진행방해,건조,맑음,교차로 - 교차로안,승용,여,21세,상해없음,승용,여,41세,경상
2023101000100240,2023년 10월 10일 11시,화요일,경상북도 의성군 가음면,중상사고,0,1,0,0,차량단독 - 기타,안전운전불이행,건조,맑음,기타 - 기타,화물,남,80세,중상,,,,
2023101000100241,2023년 10월 10일 11시,화요일,경상북도 경산시 옥곡동,경상사고,0,0,1,0,차대차 - 측면충돌,안전거리미확보,건조,맑음,교차로 - 교차로안,승용,남,25세,상해없음,승용,남,34세,경상
2023101000100242,2023년 10월 10일 11시,화요일,경상북도 예천군 예천읍,경상사고,0,0,1,0,차대차 - 측면충돌,직진우회전진행방해,건조,맑음,교차로 - 교차로안,승용,여,66세,상해없음,승용,여,63세,경상
2023101000100243,2023년 10월 10일 11시,화요일,경상북도 포항시 남구 이동,경상사고,0,0,1,1,차대차 - 기타,안전운전불이행,건조,맑음,교차로 - 교차로부근,승용,여,70세,상해없음,건설기계,남,56세,상해없음
2023101000100311,2023년 10월 10일 13시,화요일,경상북도 포항시 남구 해도동,경상사고,0,0,1,0,차대차 - 측면충돌,안전운전불이행,건조,맑음,단일로 - 기타,승용,남,66세,상해없음,이륜,여,33세,경상
2023101000100351,2023년 10월 10일 14시,화요일,경상북도 안동시 송현동,경상사고,0,0,1,0,차대차 - 기타,직진우회전진행방해,건조,맑음,단일로 - 기타,승용,남,43세,상해없음,자전거,남,68세,경상
2023101000100352,2023년 10월 10일 14시,화요일,경상북도 고령군 대가야읍,경상사고,0,0,1,0,차대차 - 정면충돌,안전운전불이행,건조,맑음,단일로 - 기타,화물,남,74세,상해없음,화물,남,42세,경상
2023101000100353,2023년 10월 10일 14시,화요일,경상북도 포항시 남구 대잠동,경상사고,0,0,1,0,차대차 - 측면충돌,안전운전불이행,건조,맑음,교차로 - 교차로안,승용,여,60세,상해없음,승용,남,66세,경상
2023101000100398,2023년 10월 10일 15시,화요일,경상북도 경산시 중방동,경상사고,0,0,1,0,차대차 - 측면충돌,직진우회전진행방해,건조,맑음,교차로 - 교차로안,승용,여,29세,상해없음,승용,여,59세,경상
2023101000100399,2023년 10월 10일 15시,화요일,경상북도 예천군 예천읍,경상사고,0,0,1,0,차대사람 - 기타,안전운전불이행,건조,맑음,단일로 - 기타,승용,여,27세,상해없음,보행자,여,8세,경상
2023101000100443,2023년 10월 10일 16시,화요일,경상북도 포항시 북구 동빈1가,경상사고,0,0,2,0,차대차 - 기타,중앙선침범,건조,맑음,단일로 - 기타,자전거,남,74세,경상,승용,여,27세,경상
2023101000100444,2023년 10월 10일 16시,화요일,경상북도 구미시 선산읍,부상신고사고,0,0,0,1,차량단독 - 공작물충돌,안전운전불이행,건조,맑음,단일로 - 기타,화물,남,75세,부상신고,,,,
2023101000100445,2023년 10월 10일 16시,화요일,경상북도 구미시 송정동,부상신고사고,0,0,0,1,차대사람 - 기타,보행자보호의무위반,건조,맑음,교차로 - 교차로부근,승용,남,69세,상해없음,보행자,여,35세,부상신고
2023101000100474,2023년 10월 10일 17시,화요일,경상북도 칠곡군 약목면,경상사고,0,0,1,0,차대차 - 측면충돌,신호위반,건조,맑음,교차로 - 교차로부근,승용,남,65세,상해없음,승용,남,56세,경상
2023101000100475,2023년 10월 10일 17시,화요일,경상북도 영덕군 영덕읍,경상사고,0,0,1,0,차대차 - 측면충돌,직진우회전진행방해,건조,맑음,교차로 - 교차로안,승용,남,71세,경상,건설기계,남,39세,상해없음
2023101000100476,2023년 10월 10일 17시,화요일,경상북도 청도군 청도읍,중상사고,0,1,0,0,차대차 - 정면충돌,안전운전불이행,건조,맑음,교차로 - 교차로안,승용,여,56세,상해없음,화물,남,64세,중상
2023101000100477,2023년 10월 10일 17시,화요일,경상북도 구미시 공단동,경상사고,0,0,1,0,차대차 - 측면충돌,신호위반,건조,맑음,교차로 - 교차로안,승용,남,42세,상해없음,승용,여,48세,경상
2023101000100521,2023년 10월 10일 18시,화요일,경상북도 포항시 북구 장성동,경상사고,0,0,2,0,차대차 - 측면충돌,교차로운행방법위반,건조,맑음,교차로 - 교차로안,승용,남,53세,경상,승용,남,36세,경상
2023101000100522,2023년 10월 10일 18시,화요일,경상북도 포항시 북구 항구동,경상사고,0,0,1,0,차대차 - 기타,중앙선침범,건조,맑음,교차로 - 교차로부근,승용,여,65세,상해없음,승용,여,33세,경상
2023101000100562,2023년 10월 10일 19시,화요일,경상북도 경주시 동천동,중상사고,0,1,0,0,차대사람 - 횡단중,안전운전불이행,건조,맑음,교차로 - 교차로안,화물,여,46세,상해없음,보행자,남,45세,중상
2023101000100563,2023년 10월 10일 19시,화요일,경상북도 상주시 함창읍,사망사고,1,0,0,0,차대사람 - 기타,안전운전불이행,건조,맑음,단일로 - 지하차도(도로)내,승용,남,47세,상해없음,보행자,남,65세,사망
2023101000100564,2023년 10월 10일 19시,화요일,경상북도 칠곡군 동명면,경상사고,0,0,4,0,차대차 - 기타,안전운전불이행,건조,맑음,단일로 - 기타,승용,남,76세,상해없음,화물,남,47세,경상
2023101000100565,2023년 10월 10일 19시,화요일,경상북도 울진군 매화면,경상사고,0,0,1,0,차대차 - 추돌,안전운전불이행,건조,맑음,단일로 - 기타,승용,남,53세,상해없음,화물,남,54세,경상
2023101000100566,2023년 10월 10일 19시,화요일,경상북도 구미시 지산동,경상사고,0,0,1,0,차대차 - 추돌,안전운전불이행,건조,기타,교차로 - 교차로부근,승용,남,49세,상해없음,승용,남,39세,경상
2023101000100567,2023년 10월 10일 19시,화요일,경상북도 포항시 남구 연일읍,부상신고사고,0,0,0,1,차대차 - 정면충돌,안전운전불이행,건조,맑음,교차로 - 교차로안,승용,남,26세,상해없음,자전거,남,10세,부상신고
2023101000100617,2023년 10월 10일 21시,화요일,경상북도 경산시 옥산동,중상사고,0,1,0,0,차대차 - 기타,중앙선침범,건조,맑음,단일로 - 기타,승용,여,49세,상해없음,이륜,남,18세,중상
2023101000100618,2023년 10월 10일 21시,화요일,경상북도 구미시 고아읍,중상사고,0,1,0,0,차대차 - 기타,안전운전불이행,건조,맑음,교차로 - 교차로안,승용,여,50세,상해없음,자전거,남,15세,중상
2023101000100619,2023년 10월 10일 21시,화요일,경상북도 포항시 남구 해도동,경상사고,0,0,1,0,차대차 - 측면충돌,안전운전불이행,건조,맑음,교차로 - 교차로안,승용,남,69세,상해없음,승용,남,22세,경상
2023101000100644,2023년 10월 10일 22시,화요일,경상북도 포항시 남구 연일읍,경상사고,0,0,1,0,차대사람 - 횡단중,보행자보호의무위반,건조,맑음,교차로 - 교차로횡단보도내,승용,남,45세,상해없음,보행자,여,56세,경상
2023101100100029,2023년 10월 11일 05시,수요일,경상북도 상주시 화동면,중상사고,0,1,0,0,차대사람 - 차도통행중,안전운전불이행,젖음/습기,안개,단일로 - 기타,승용,남,66세,상해없음,보행자,여,84세,중상
2023101100100030,2023년 10월 11일 05시,수요일,경상북도 경산시 옥산동,중상사고,0,2,0,0,차대차 - 추돌,안전운전불이행,건조,맑음,교차로 - 교차로부근,승합,여,23세,상해없음,승용,남,52세,중상
2023101100100057,2023년 10월 11일 07시,수요일,경상북도 경주시 동천동,중상사고,0,1,0,0,차대사람 - 차도통행중,안전운전불이행,건조,맑음,단일로 - 기타,승용,남,36세,상해없음,보행자,여,53세,중상
2023101100100058,2023년 10월 11일 07시,수요일,경상북도 상주시 남성동,중상사고,0,1,0,0,차대차 - 기타,교차로운행방법위반,건조,맑음,교차로 - 교차로안,화물,남,44세,상해없음,자전거,남,18세,중상
2023101100100101,2023년 10월 11일 08시,수요일,경상북도 경주시 건천읍,중상사고,0,1,2,0,차대차 - 기타,안전운전불이행,건조,맑음,교차로 - 교차로안,승용,여,42세,상해없음,승용,여,53세,중상
2023101100100102,2023년 10월 11일 08시,수요일,경상북도 포항시 북구 죽도동,경상사고,0,0,1,0,차대차 - 추돌,안전운전불이행,건조,맑음,기타 - 기타,승용,여,40세,상해없음,승용,남,57세,기타불명
2023101100100103,2023년 10월 11일 08시,수요일,경상북도 성주군 벽진면,중상사고,0,1,0,0,차대차 - 후진중충돌,안전운전불이행,건조,맑음,단일로 - 기타,화물,남,67세,상해없음,이륜,여,66세,중상
2023101100100196,2023년 10월 11일 11시,수요일,경상북도 김천시 율곡동,부상신고사고,0,0,0,4,차대사람 - 기타,기타,건조,맑음,단일로 - 기타,승합,남,66세,상해없음,보행자,여,32세,부상신고
2023101100100197,2023년 10월 11일 11시,수요일,경상북도 문경시 모전동,경상사고,0,0,1,0,차대차 - 측면충돌,기타,건조,맑음,단일로 - 기타,승용,여,60세,기타불명,승용,남,50세,경상
2023101100100280,2023년 10월 11일 13시,수요일,경상북도 경주시 황남동,경상사고,0,0,1,0,차대사람 - 횡단중,안전운전불이행,건조,맑음,교차로 - 교차로부근,승용,남,76세,상해없음,보행자,여,86세,경상
2023101100100311,2023년 10월 11일 14시,수요일,경상북도 경산시 진량읍,경상사고,0,0,1,0,차대사람 - 차도통행중,안전운전불이행,건조,맑음,교차로 - 교차로부근,승용,남,43세,상해없음,보행자,남,17세,경상
2023101100100312,2023년 10월 11일 14시,수요일,경상북도 영덕군 영덕읍,경상사고,0,0,1,0,차대사람 - 기타,안전운전불이행,건조,맑음,교차로 - 교차로횡단보도내,승용,여,44세,상해없음,보행자,여,8세,경상
2023101100100353,2023년 10월 11일 15시,수요일,경상북도 상주시 연원동,중상사고,0,1,2,0,차대차 - 추돌,안전거리미확보,건조,맑음,단일로 - 기타,화물,남,66세,상해없음,화물,남,56세,경상
2023101100100354,2023년 10월 11일 15시,수요일,경상북도 문경시 영신동,경상사고,0,0,1,0,차대차 - 측면충돌,직진우회전진행방해,건조,맑음,교차로 - 교차로부근,승용,여,33세,기타불명,화물,남,57세,경상
2023101100100355,2023년 10월 11일 15시,수요일,경상북도 칠곡군 지천면,중상사고,0,1,0,0,차대차 - 측면충돌,안전운전불이행,건조,맑음,단일로 - 기타,승용,여,42세,상해없음,승용,남,50세,중상