사고번호,사고일시,요일,시군구,사고내용,사망자수,중상자수,경상자수,부상신고자수,사고유형,법규위반,노면상태,기상상태,도로형태,가해운전자 차종,가해운전자 성별,가해운전자 연령,가해운전자 상해정도,피해운전자 차종,피해운전자 성별,피해운전자 연령,피해운전자 상해정도
2023101100100390,2023년 10월 11일 16시,수요일,경상북도 포항시 남구 장흥동,경상사고,0,0,2,0,차대차 - 추돌,안전운전불이행,건조,맑음,교차로 - 교차로부근,특수,남,26세,기타불명,승용,남,62세,경상
2023101100100391,2023년 10월 11일 16시,수요일,경상북도 포항시 남구 연일읍,경상사고,0,0,2,0,차대차 - 측면충돌,직진우회전진행방해,건조,맑음,교차로 - 교차로안,승합,여,55세,경상,자전거,남,82세,경상
2023101100100422,2023년 10월 11일 17시,수요일,경상북도 상주시 남성동,부상신고사고,0,0,0,2,차대차 - 정면충돌,안전운전불이행,건조,맑음,단일로 - 기타,자전거,남,37세,부상신고,자전거,남,38세,부상신고
2023101100100423,2023년 10월 11일 17시,수요일,경상북도 영덕군 병곡면,경상사고,0,0,1,0,차대차 - 측면충돌,직진우회전진행방해,건조,맑음,교차로 - 교차로안,승용,여,28세,경상,화물,남,34세,상해없음
2023101100100424,2023년 10월 11일 17시,수요일,경상북도 청송군 주왕산면,사망사고,1,0,0,0,차대차 - 정면충돌,중앙선침범,건조,맑음,단일로 - 기타,승용,남,33세,상해없음,이륜,남,67세,사망
2023101100100425,2023년 10월 11일 17시,수요일,경상북도 구미시 남통동,경상사고,0,0,1,0,차대차 - 추돌,안전운전불이행,건조,맑음,단일로 - 기타,승용,남,57세,상해없음,승용,여,57세,경상
2023101100100426,2023년 10월 11일 17시,수요일,경상북도 포항시 남구 인덕동,경상사고,0,0,1,0,차대차 - 추돌,안전운전불이행,건조,맑음,교차로 - 교차로부근,승용,남,61세,상해없음,승용,남,61세,경상
2023101100100503,2023년 10월 11일 18시,수요일,경상북도 포항시 북구 우현동,경상사고,0,0,1,0,차대차 - 기타,안전운전불이행,건조,맑음,교차로 - 교차로안,승용,남,52세,상해없음,이륜,남,24세,경상
2023101100100504,2023년 10월 11일 18시,수요일,경상북도 포항시 북구 우현동,경상사고,0,0,1,0,차대차 - 추돌,안전운전불이행,건조,맑음,교차로 - 교차로부근,승용,남,52세,상해없음,승용,남,40세,경상
2023101100100555,2023년 10월 11일 19시,수요일,경상북도 문경시 점촌동,경상사고,0,0,1,0,차대사람 - 기타,안전운전불이행,건조,맑음,교차로 - 교차로부근,기타불명,기타불명,미분류,기타불명,보행자,남,45세,경상
2023101100100556,2023년 10월 11일 19시,수요일,경상북도 문경시 모전동,경상사고,0,0,1,0,차대차 - 기타,안전운전불이행,건조,맑음,기타 - 기타,승용,여,28세,상해없음,자전거,여,52세,경상
2023101100100601,2023년 10월 11일 20시,수요일,경상북도 포항시 북구 흥해읍,경상사고,0,0,1,0,차대차 - 측면충돌,안전운전불이행,건조,맑음,교차로 - 교차로안,승용,남,33세,상해없음,승용,남,19세,상해없음
2023101100100635,2023년 10월 11일 21시,수요일,경상북도 경주시 성건동,경상사고,0,0,3,0,차대차 - 기타,안전운전불이행,건조,맑음,교차로 - 교차로부근,승용,남,59세,상해없음,승용,남,55세,경상
2023101100100636,2023년 10월 11일 21시,수요일,경상북도 상주시 낙양동,경상사고,0,0,1,0,차대차 - 측면충돌,교차로운행방법위반,건조,맑음,교차로 - 교차로안,자전거,남,18세,경상,승용,여,64세,상해없음
2023101100100637,2023년 10월 11일 21시,수요일,경상북도 경산시 진량읍,경상사고,0,0,1,0,차대차 - 추돌,안전운전불이행,건조,맑음,단일로 - 기타,승용,남,43세,상해없음,승용,남,53세,경상
2023101100100638,2023년 10월 11일 21시,수요일,경상북도 구미시 원평동,경상사고,0,0,1,0,차대차 - 기타,교차로운행방법위반,건조,맑음,교차로 - 교차로안,승용,남,57세,기타불명,자전거,남,56세,경상
2023101200100025,2023년 10월 12일 02시,목요일,경상북도 울진군 근남면,중상사고,0,1,0,0,차량단독 - 공작물충돌,안전운전불이행,건조,맑음,단일로 - 기타,승용,남,64세,중상,,,,
2023101200100055,2023년 10월 12일 06시,목요일,경상북도 상주시 무양동,경상사고,0,0,1,0,차대차 - 측면충돌,안전운전불이행,건조,맑음,단일로 - 기타,승용,남,58세,기타불명,승용,여,60세,경상
2023101200100056,2023년 10월 12일 06시,목요일,경상북도 문경시 산양면,중상사고,0,1,0,0,차대차 - 측면충돌,안전운전불이행,건조,맑음,단일로 - 기타,승용,남,46세,상해없음,승용,남,57세,중상
2023101200100057,2023년 10월 12일 06시,목요일,경상북도 포항시 남구 이동,중상사고,0,1,0,0,차대차 - 측면충돌,신호위반,건조,맑음,단일로 - 기타,승용,남,26세,상해없음,승용,남,80세,중상
2023101200100080,2023년 10월 12일 07시,목요일,경상북도 경주시 문무대왕면,사망사고,1,0,0,0,차대차 - 측면충돌,중앙선침범,건조,맑음,단일로 - 기타,승용,여,31세,상해없음,자전거,남,62세,사망
2023101200100081,2023년 10월 12일 07시,목요일,경상북도 안동시 용상동,중상사고,0,1,0,1,차대차 - 측면충돌,신호위반,젖음/습기,안개,교차로 - 교차로안,화물,남,45세,부상신고,승용,남,69세,중상
2023101200100107,2023년 10월 12일 08시,목요일,경상북도 김천시 삼락동,경상사고,0,0,2,0,차대차 - 측면충돌,안전운전불이행,건조,맑음,교차로 - 교차로안,승용,남,24세,상해없음,승용,남,35세,경상
2023101200100108,2023년 10월 12일 08시,목요일,경상북도 포항시 남구 오천읍,경상사고,0,0,1,0,차대차 - 측면충돌,안전운전불이행,건조,맑음,단일로 - 기타,승용,여,37세,상해없음,승용,여,34세,경상
2023101200100109,2023년 10월 12일 08시,목요일,경상북도 포항시 남구 대잠동,경상사고,0,0,1,0,차대차 - 추돌,안전운전불이행,건조,맑음,교차로 - 교차로부근,승용,여,61세,상해없음,승용,여,32세,경상
2023101200100153,2023년 10월 12일 09시,목요일,경상북도 경산시 사동,경상사고,0,0,2,0,차대차 - 측면충돌,안전운전불이행,건조,맑음,교차로 - 교차로부근,승용,여,75세,경상,승용,여,21세,경상
2023101200100224,2023년 10월 12일 11시,목요일,경상북도 의성군 금성면,중상사고,0,1,0,0,차대차 - 정면충돌,안전운전불이행,건조,맑음,단일로 - 기타,이륜,남,80세,중상,농기계,남,67세,상해없음
2023101200100225,2023년 10월 12일 11시,목요일,경상북도 칠곡군 동명면,중상사고,0,1,1,1,차대차 - 측면충돌,안전운전불이행,건조,맑음,단일로 - 지하차도(도로)내,화물,남,91세,부상신고,승용,여,68세,경상
2023101200100226,2023년 10월 12일 11시,목요일,경상북도 경산시 서상동,중상사고,0,1,0,0,차대차 - 추돌,안전운전불이행,건조,맑음,단일로 - 기타,승용,남,69세,상해없음,자전거,남,75세,중상
2023101200100227,2023년 10월 12일 11시,목요일,경상북도 청송군 진보면,중상사고,0,1,0,0,차대차 - 측면충돌,안전운전불이행,건조,맑음,교차로 - 교차로안,승용,남,66세,상해없음,화물,남,56세,중상
2023101200100291,2023년 10월 12일 13시,목요일,경상북도 상주시 함창읍,중상사고,0,1,0,0,차대사람 - 횡단중,안전운전불이행,건조,맑음,교차로 - 교차로안,화물,남,44세,상해없음,보행자,여,79세,중상
2023101200100292,2023년 10월 12일 13시,목요일,경상북도 울진군 매화면,경상사고,0,0,1,0,차대차 - 측면충돌,중앙선침범,건조,맑음,교차로 - 교차로부근,승용,여,58세,상해없음,사륜오토바이(ATV),남,84세,경상
2023101200100293,2023년 10월 12일 13시,목요일,경상북도 상주시 헌신동,사망사고,1,0,1,0,차대차 - 추돌,안전운전불이행,건조,맑음,단일로 - 기타,승합,남,32세,사망,화물,남,33세,상해없음
2023101200100334,2023년 10월 12일 14시,목요일,경상북도 포항시 북구 학잠동,경상사고,0,0,2,0,차대차 - 추돌,안전운전불이행,건조,맑음,교차로 - 교차로부근,승용,남,74세,상해없음,승용,남,55세,경상
2023101200100335,2023년 10월 12일 14시,목요일,경상북도 경산시 대평동,경상사고,0,0,1,0,차대차 - 측면충돌,안전운전불이행,건조,맑음,교차로 - 교차로안,승용,남,63세,상해없음,승용,여,66세,경상
2023101200100336,2023년 10월 12일 14시,목요일,경상북도 영양군 영양읍,중상사고,0,1,0,0,차대사람 - 기타,안전운전불이행,건조,맑음,단일로 - 기타,승용,남,35세,상해없음,보행자,남,59세,중상
2023101200100337,2023년 10월 12일 14시,목요일,경상북도 구미시 황상동,경상사고,0,0,1,0,차량단독 - 전도전복 - 전복,안전운전불이행,건조,맑음,단일로 - 기타,승용,여,55세,경상,,,,
2023101200100373,2023년 10월 12일 15시,목요일,경상북도 경산시 중방동,경상사고,0,0,2,0,차대차 - 측면충돌,신호위반,건조,맑음,교차로 - 교차로안,승용,여,34세,상해없음,승용,여,43세,경상
2023101200100374,2023년 10월 12일 15시,목요일,경상북도 영덕군 달산면,경상사고,0,0,1,0,차량단독 - 공작물충돌,안전운전불이행,건조,맑음,단일로 - 기타,승용,남,81세,경상,,,,
2023101200100411,2023년 10월 12일 16시,목요일,경상북도 구미시 신평동,경상사고,0,0,2,0,차대차 - 측면충돌,안전거리미확보,건조,맑음,교차로 - 교차로부근,승용,여,56세,경상,승용,여,61세,경상
2023101200100482,2023년 10월 12일 18시,목요일,경상북도 포항시 남구 호동,경상사고,0,0,1,1,차대차 - 기타,직진우회전진행방해,건조,맑음,교차로 - 교차로안,승용,여,44세,경상,승용,여,41세,부상신고
2023101200100550,2023년 10월 12일 19시,목요일,경상북도 김천시 삼락동,경상사고,0,0,1,0,차대차 - 기타,교차로운행방법위반,건조,맑음,교차로 - 교차로안,승용,남,62세,상해없음,이륜,남,24세,경상
2023101200100642,2023년 10월 12일 23시,목요일,경상북도 청도군 청도읍,경상사고,0,0,1,0,차대사람 - 차도통행중,안전운전불이행,건조,맑음,단일로 - 기타,승용,남,21세,상해없음,보행자,여,16세,경상
2023101300100005,2023년 10월 13일 00시,금요일,경상북도 칠곡군 석적읍,사망사고,1,0,0,0,차대사람 - 횡단중,안전운전불이행,건조,맑음,단일로 - 기타,승용,남,60세,상해없음,보행자,남,49세,사망
2023101300100029,2023년 10월 13일 04시,금요일,경상북도 경주시 천북면,중상사고,0,1,1,0,차대차 - 추돌,안전운전불이행,건조,맑음,단일로 - 기타,승합,남,47세,상해없음,농기계,남,71세,중상
2023101300100055,2023년 10월 13일 06시,금요일,경상북도 포항시 남구 해도동,경상사고,0,0,1,0,차대사람 - 횡단중,안전운전불이행,건조,맑음,단일로 - 기타,승합,남,57세,상해없음,보행자,여,81세,경상
2023101300100073,2023년 10월 13일 07시,금요일,경상북도 경산시 하양읍,중상사고,0,1,0,0,차대사람 - 기타,안전운전불이행,건조,맑음,단일로 - 기타,자전거,남,43세,상해없음,보행자,여,72세,중상
2023101300100147,2023년 10월 13일 09시,금요일,경상북도 경주시 안강읍,중상사고,0,1,0,0,차대차 - 측면충돌,직진우회전진행방해,건조,맑음,교차로 - 교차로안,건설기계,남,56세,상해없음,화물,여,69세,중상
2023101300100193,2023년 10월 13일 10시,금요일,경상북도 경주시 외동읍,중상사고,0,2,1,0,차대차 - 측면충돌,중앙선침범,건조,맑음,단일로 - 기타,승용,여,68세,중상,화물,남,52세,중상
2023101300100194,2023년 10월 13일 10시,금요일,경상북도 경산시 중방동,경상사고,0,0,1,0,차대차 - 기타,안전운전불이행,건조,맑음,교차로 - 교차로부근,화물,여,57세,상해없음,승용,여,70세,경상
2023101300100195,2023년 10월 13일 10시,금요일,경상북도 포항시 남구 장기면,중상사고,0,1,0,0,차대차 - 측면충돌,중앙선침범,건조,맑음,단일로 - 기타,건설기계,남,50세,상해없음,원동기,남,84세,중상
2023101300100236,2023년 10월 13일 11시,금요일,경상북도 포항시 북구 항구동,중상사고,0,1,0,0,차대차 - 측면충돌,교차로운행방법위반,건조,맑음,교차로 - 교차로안,승용,여,50세,상해없음,이륜,남,59세,중상
2023101300100237,2023년 10월 13일 11시,금요일,경상북도 김천시 평화동,중상사고,0,1,0,0,차대사람 - 차도통행중,안전운전불이행,건조,맑음,단일로 - 기타,승용,남,66세,상해없음,보행자,여,66세,중상
2023101300100238,2023년 10월 13일 11시,금요일,경상북도 포항시 남구 상도동,경상사고,0,0,1,0,차대차 - 기타,안전운전불이행,건조,맑음,단일로 - 기타,승용,여,46세,상해없음,승합,남,51세,경상
2023101300100278,2023년 10월 13일 12시,금요일,경상북도 경주시 외동읍,경상사고,0,0,2,0,차대차 - 추돌,안전운전불이행,건조,맑음,단일로 - 기타,승용,여,31세,상해없음,승용,여,55세,경상
2023101300100311,2023년 10월 13일 13시,금요일,경상북도 포항시 북구 양덕동,경상사고,0,0,1,0,차대차 - 측면충돌,신호위반,건조,맑음,교차로 - 교차로안,승용,남,47세,상해없음,승용,남,48세,경상
2023101300100312,2023년 10월 13일 13시,금요일,경상북도 안동시 풍산읍,경상사고,0,0,2,0,차대차 - 기타,안전운전불이행,건조,맑음,단일로 - 기타,화물,남,35세,상해없음,승용,남,55세,상해없음
2023101300100313,2023년 10월 13일 13시,금요일,경상북도 구미시 오태동,경상사고,0,0,3,0,차대차 - 기타,안전운전불이행,건조,맑음,단일로 - 기타,화물,남,56세,상해없음,승용,여,65세,경상
2023101300100335,2023년 10월 13일 14시,금요일,경상북도 영천시 야사동,경상사고,0,0,1,0,차대사람 - 차도통행중,안전운전불이행,건조,맑음,교차로 - 교차로안,승용,여,62세,상해없음,보행자,남,65세,경상
2023101300100336,2023년 10월 13일 14시,금요일,경상북도 울진군 후포면,중상사고,0,1,0,0,차대차 - 기타,기타,건조,맑음,교차로 - 교차로안,화물,여,59세,상해없음,자전거,여,72세,중상
2023101300100372,2023년 10월 13일 15시,금요일,경상북도 안동시 북후면,경상사고,0,0,1,0,차대차 - 추돌,안전운전불이행,건조,맑음,단일로 - 기타,화물,남,50세,상해없음,화물,남,59세,상해없음
2023101300100373,2023년 10월 13일 15시,금요일,경상북도 칠곡군 석적읍,경상사고,0,0,2,0,차대차 - 측면충돌,안전운전불이행,건조,맑음,교차로 - 교차로안,승용,여,35세,상해없음,승용,여,22세,경상
2023101300100374,2023년 10월 13일 15시,금요일,경상북도 경산시 남산면,중상사고,0,1,0,0,차대차 - 기타,안전운전불이행,건조,맑음,교차로 - 교차로안,승용,남,65세,상해없음,자전거,남,42세,중상
2023101300100416,2023년 10월 13일 16시,금요일,경상북도 칠곡군 지천면,중상사고,0,1,0,0,차대사람 - 횡단중,보행자보호의무위반,건조,맑음,단일로 - 기타,화물,남,65세,상해없음,보행자,여,78세,중상
2023101300100465,2023년 10월 13일 17시,금요일,경상북도 안동시 풍천면,경상사고,0,0,2,0,차대차 - 기타,안전운전불이행,건조,맑음,교차로 - 교차로안,승용,남,27세,상해없음,승용,남,19세,경상
2023101300100527,2023년 10월 13일 18시,금요일,경상북도 경주시 황오동,경상사고,0,0,2,0,차대차 - 측면충돌,안전거리미확보,건조,맑음,교차로 - 교차로안,승용,남,70세,상해없음,화물,여,52세,경상
2023101300100528,2023년 10월 13일 18시,금요일,경상북도 포항시 북구 장성동,중상사고,0,1,0,0,차대차 - 측면충돌,중앙선침범,건조,맑음,단일로 - 기타,개인형이동수단(PM),남,17세,중상,승용,여,31세,상해없음
2023101300100529,2023년 10월 13일 18시,금요일,경상북도 김천시 삼락동,경상사고,0,0,2,0,차대차 - 정면충돌,안전운전불이행,건조,맑음,교차로 - 교차로안,승용,남,44세,상해없음,승용,여,59세,경상
2023101300100530,2023년 10월 13일 18시,금요일,경상북도 구미시 임은동,경상사고,0,0,1,0,차대차 - 추돌,안전운전불이행,건조,맑음,교차로 - 교차로부근,승용,남,59세,상해없음,승용,여,28세,경상
2023101300100531,2023년 10월 13일 18시,금요일,경상북도 포항시 남구 효자동,경상사고,0,0,1,0,차대차 - 정면충돌,안전운전불이행,건조,맑음,교차로 - 교차로부근,승용,남,76세,상해없음,승용,여,30세,상해없음
2023101300100602,2023년 10월 13일 19시,금요일,경상북도 안동시 용상동,중상사고,0,1,0,0,차대사람 - 기타,안전운전불이행,건조,맑음,단일로 - 기타,승용,남,23세,상해없음,보행자,남,68세,중상
2023101300100603,2023년 10월 13일 19시,금요일,경상북도 안동시 태화동,중상사고,0,1,0,0,차대사람 - 기타,안전운전불이행,건조,맑음,단일로 - 기타,승용,남,37세,상해없음,보행자,남,66세,중상
2023101300100604,2023년 10월 13일 19시,금요일,경상북도 울진군 후포면,경상사고,0,0,1,0,차대차 - 기타,안전운전불이행,건조,맑음,단일로 - 기타,화물,여,62세,상해없음,승용,여,57세,경상
2023101300100660,2023년 10월 13일 21시,금요일,경상북도 상주시 무양동,경상사고,0,0,2,0,차대차 - 기타,교차로운행방법위반,건조,맑음,교차로 - 교차로횡단보도내,승용,여,52세,상해없음,자전거,여,44세,경상
2023101300100661,2023년 10월 13일 21시,금요일,경상북도 영천시 신녕면,중상사고,0,1,2,0,차량단독 - 공작물충돌,안전운전불이행,건조,맑음,단일로 - 기타,승합,남,56세,상해없음,,,,
2023101300100685,2023년 10월 13일 22시,금요일,경상북도 안동시 서후면,중상사고,0,1,0,0,차대차 - 추돌,안전운전불이행,건조,맑음,교차로 - 교차로부근,승용,남,64세,상해없음,이륜,남,41세,중상
2023101300100686,2023년 10월 13일 22시,금요일,경상북도 안동시 길안면,경상사고,0,0,1,0,차량단독 - 공작물충돌,안전운전불이행,건조,맑음,단일로 - 기타,화물,남,27세,경상,,,,
2023101400100011,2023년 10월 14일 00시,토요일,경상북도 안동시 옥야동,경상사고,0,0,1,0,차대차 - 측면충돌,안전운전불이행,건조,맑음,교차로 - 교차로부근,이륜,남,28세,경상,승용,남,50세,상해없음
2023101400100012,2023년 10월 14일 00시,토요일,경상북도 영주시 가흥동,경상사고,0,0,1,0,차대차 - 측면충돌,안전운전불이행,젖음/습기,비,교차로 - 교차로안,승용,남,60세,상해없음,화물,여,73세,경상
2023101400100013,2023년 10월 14일 00시,토요일,경상북도 경산시 중산동,경상사고,0,0,2,0,차대차 - 추돌,안전운전불이행,건조,맑음,단일로 - 기타,승용,남,31세,상해없음,승용,남,46세,경상
2023101400100014,2023년 10월 14일 00시,토요일,경상북도 포항시 남구 상도동,경상사고,0,0,3,0,차대차 - 측면충돌,신호위반,건조,맑음,교차로 - 교차로부근,승용,여,62세,경상,승용,남,26세,경상
2023101400100019,2023년 10월 14일 01시,토요일,경상북도 경주시 동천동,경상사고,0,0,1,0,차대사람 - 횡단중,보행자보호의무위반,건조,맑음,교차로 - 교차로횡단보도내,승용,여,64세,상해없음,보행자,남,22세,경상
2023101400100020,2023년 10월 14일 01시,토요일,경상북도 경산시 하양읍,경상사고,0,0,1,0,차대사람 - 보도통행중,기타,건조,맑음,교차로 - 교차로부근,승용,남,19세,상해없음,보행자,남,25세,경상
2023101400100064,2023년 10월 14일 06시,토요일,경상북도 포항시 남구 효자동,중상사고,0,1,0,0,차대차 - 측면충돌,안전운전불이행,건조,맑음,단일로 - 기타,자전거,여,61세,중상,승용,여,54세,상해없음
2023101400100076,2023년 10월 14일 07시,토요일,경상북도 포항시 남구 연일읍,경상사고,0,0,1,0,차대차 - 기타,차로위반,건조,맑음,교차로 - 교차로부근,승용,남,65세,상해없음,승용,여,32세,경상
2023101400100114,2023년 10월 14일 09시,토요일,경상북도 경주시 용강동,경상사고,0,0,1,1,차대차 - 기타,안전운전불이행,건조,맑음,교차로 - 교차로안,승용,여,49세,상해없음,승용,여,70세,경상
2023101400100115,2023년 10월 14일 09시,토요일,경상북도 의성군 비안면,경상사고,0,0,1,0,차대차 - 후진중충돌,안전운전불이행,건조,맑음,단일로 - 기타,화물,남,61세,상해없음,화물,남,74세,경상
2023101400100145,2023년 10월 14일 10시,토요일,경상북도 구미시 해평면,중상사고,0,1,0,0,차대차 - 측면충돌,안전운전불이행,건조,맑음,교차로 - 교차로안,원동기,여,73세,중상,승용,여,61세,상해없음
2023101400100177,2023년 10월 14일 11시,토요일,경상북도 포항시 남구 대도동,경상사고,0,0,2,0,차대차 - 측면충돌,안전운전불이행,건조,맑음,교차로 - 교차로안,승용,남,30세,상해없음,승용,남,50세,경상
2023101400100214,2023년 10월 14일 12시,토요일,경상북도 경주시 안강읍,부상신고사고,0,0,0,1,차대사람 - 횡단중,안전운전불이행,건조,맑음,교차로 - 교차로부근,승용,여,62세,상해없음,보행자,남,71세,부상신고
2023101400100215,2023년 10월 14일 12시,토요일,경상북도 김천시 지좌동,중상사고,0,2,0,0,차대차 - 측면충돌,안전운전불이행,건조,맑음,단일로 - 기타,승용,남,39세,상해없음,승용,여,46세,중상
2023101400100216,2023년 10월 14일 12시,토요일,경상북도 구미시 신평동,경상사고,0,0,1,0,차량단독 - 기타,안전거리미확보,건조,맑음,교차로 - 교차로안,승용,여,47세,경상,,,,
2023101400100217,2023년 10월 14일 12시,토요일,경상북도 포항시 남구 동촌동,경상사고,0,0,1,0,차대차 - 측면충돌,안전운전불이행,건조,맑음,단일로 - 기타,승용,남,73세,상해없음,승용,남,30세,경상
2023101400100218,2023년 10월 14일 12시,토요일,경상북도 포항시 남구 해도동,경상사고,0,0,2,0,차대차 - 측면충돌,안전거리미확보,건조,맑음,교차로 - 교차로부근,화물,남,56세,상해없음,승용,남,26세,경상
2023101400100289,2023년 10월 14일 14시,토요일,경상북도 청송군 청송읍,경상사고,0,0,1,0,차대차 - 추돌,안전운전불이행,건조,맑음,교차로 - 교차로부근,승용,여,68세,상해없음,승용,남,67세,경상
2023101400100324,2023년 10월 14일 15시,토요일,경상북도 영천시 야사동,경상사고,0,0,4,0,차대차 - 기타,안전운전불이행,건조,맑음,단일로 - 기타,승용,남,67세,경상,승용,여,22세,경상
2023101400100362,2023년 10월 14일 16시,토요일,경상북도 상주시 복룡동,중상사고,0,1,0,0,차대차 - 기타,기타,건조,맑음,단일로 - 기타,승용,남,59세,상해없음,개인형이동수단(PM),여,61세,중상
2023101400100469,2023년 10월 14일 19시,토요일,경상북도 칠곡군 석적읍,경상사고,0,0,2,0,차대차 - 측면충돌,안전거리미확보,건조,맑음,단일로 - 기타,승용,남,18세,상해없음,승용,여,29세,경상
2023101400100502,2023년 10월 14일 20시,토요일,경상북도 안동시 수상동,경상사고,0,0,2,0,차대차 - 기타,안전운전불이행,젖음/습기,비,단일로 - 기타,승용,남,42세,경상,승용,남,63세,경상
2023101400100503,2023년 10월 14일 20시,토요일,경상북도 김천시 신음동,경상사고,0,0,2,0,차대사람 - 기타,안전운전불이행,건조,맑음,교차로 - 교차로안,승용,여,53세,상해없음,보행자,남,23세,경상
2023101400100504,2023년 10월 14일 20시,토요일,경상북도 영덕군 지품면,경상사고,0,0,1,0,차량단독 - 도로외이탈 - 추락,안전운전불이행,건조,맑음,단일로 - 기타,승용,남,56세,경상,,,,
2023101400100505,2023년 10월 14일 20시,토요일,경상북도 포항시 남구 오천읍,경상사고,0,0,2,0,차대차 - 기타,안전운전불이행,건조,맑음,교차로 - 교차로부근,화물,남,39세,상해없음,승용,여,36세,경상
2023101400100538,2023년 10월 14일 21시,토요일,경상북도 경주시 감포읍,경상사고,0,0,1,0,차대사람 - 기타,안전운전불이행,건조,맑음,교차로 - 교차로부근,승용,남,53세,상해없음,보행자,남,63세,경상
2023101400100539,2023년 10월 14일 21시,토요일,경상북도 의성군 봉양면,중상사고,0,1,2,0,차대차 - 정면충돌,중앙선침범,건조,맑음,단일로 - 기타,승용,여,57세,상해없음,승용,남,48세,중상
2023101400100558,2023년 10월 14일 22시,토요일,경상북도 경주시 동방동,경상사고,0,0,2,0,차대차 - 기타,안전운전불이행,건조,맑음,단일로 - 기타,승용,남,46세,상해없음,승용,남,36세,경상
2023101400100571,2023년 10월 14일 23시,토요일,경상북도 포항시 남구 상도동,경상사고,0,0,1,1,차대사람 - 기타,신호위반,건조,맑음,단일로 - 기타,원동기,남,16세,상해없음,보행자,여,21세,경상
2023101500100032,2023년 10월 15일 02시,일요일,경상북도 구미시 시미동,경상사고,0,0,4,0,차대차 - 측면충돌,안전운전불이행,건조,맑음,교차로 - 교차로부근,승용,남,25세,상해없음,승합,남,52세,경상
2023101500100037,2023년 10월 15일 03시,일요일,경상북도 영주시 봉현면,중상사고,0,1,0,0,차대사람 - 기타,안전운전불이행,건조,맑음,단일로 - 기타,승용,남,34세,상해없음,보행자,남,69세,중상
2023101500100046,2023년 10월 15일 04시,일요일,경상북도 영천시 교촌동,경상사고,0,0,1,0,차대차 - 측면충돌,중앙선침범,건조,맑음,단일로 - 기타,승용,남,18세,상해없음,승용,남,20세,경상
2023101500100054,2023년 10월 15일 06시,일요일,경상북도 청송군 파천면,중상사고,0,1,1,0,차량단독 - 공작물충돌,안전운전불이행,젖음/습기,안개,교차로 - 교차로부근,승용,남,69세,경상,,,,
2023101500100072,2023년 10월 15일 08시,일요일,경상북도 경산시 용성면,중상사고,0,1,0,0,차대차 - 기타,안전운전불이행,건조,맑음,교차로 - 교차로안,화물,남,59세,상해없음,자전거,남,76세,중상
2023101500100073,2023년 10월 15일 08시,일요일,경상북도 성주군 성주읍,경상사고,0,0,1,0,차대차 - 추돌,안전운전불이행,건조,맑음,단일로 - 기타,자전거,남,61세,경상,승용,남,34세,상해없음
2023101500100086,2023년 10월 15일 09시,일요일,경상북도 청송군 부남면,부상신고사고,0,0,0,1,차량단독 - 공작물충돌,안전운전불이행,건조,맑음,단일로 - 기타,승용,여,51세,부상신고,,,,
2023101500100112,2023년 10월 15일 10시,일요일,경상북도 경주시 황오동,부상신고사고,0,0,0,1,차대차 - 측면충돌,안전운전불이행,건조,맑음,교차로 - 교차로부근,승용,남,31세,상해없음,승용,여,54세,부상신고
2023101500100113,2023년 10월 15일 10시,일요일,경상북도 봉화군 춘양면,중상사고,0,1,4,0,차대차 - 측면충돌,안전운전불이행,건조,맑음,기타 - 기타,이륜,남,34세,중상,승합,남,63세,상해없음
2023101500100151,2023년 10월 15일 12시,일요일,경상북도 포항시 북구 송라면,경상사고,0,0,2,0,차대차 - 측면충돌,안전운전불이행,건조,맑음,교차로 - 교차로안,승용,남,60세,상해없음,승용,여,47세,경상
2023101500100152,2023년 10월 15일 12시,일요일,경상북도 포항시 남구 상도동,중상사고,0,1,0,0,차대차 - 측면충돌,직진우회전진행방해,건조,맑음,교차로 - 교차로안,원동기,남,31세,중상,승용,남,60세,상해없음
2023101500100183,2023년 10월 15일 13시,일요일,경상북도 포항시 북구 흥해읍,경상사고,0,0,2,0,차대차 - 기타,신호위반,건조,맑음,교차로 - 교차로안,승용,남,68세,상해없음,승용,여,65세,경상
2023101500100184,2023년 10월 15일 13시,일요일,경상북도 안동시 송현동,부상신고사고,0,0,0,1,차대차 - 측면충돌,안전거리미확보,건조,맑음,단일로 - 기타,승용,여,44세,부상신고,승용,남,61세,상해없음
2023101500100186,2023년 10월 15일 13시,일요일,경상북도 구미시 선산읍,중상사고,0,2,0,0,차대차 - 기타,교차로운행방법위반,건조,맑음,교차로 - 교차로안,승용,남,23세,상해없음,승용,여,46세,중상
2023101500100263,2023년 10월 15일 15시,일요일,경상북도 구미시 해평면,경상사고,0,0,2,0,차대차 - 측면충돌,기타,건조,맑음,단일로 - 기타,승용,남,34세,상해없음,승합,남,48세,경상
2023101500100290,2023년 10월 15일 16시,일요일,경상북도 구미시 진평동,경상사고,0,0,2,0,차대차 - 기타,안전운전불이행,건조,맑음,단일로 - 기타,승용,여,43세,상해없음,승용,여,30세,경상