사고번호,사고일시,요일,시군구,사고내용,사망자수,중상자수,경상자수,부상신고자수,사고유형,법규위반,노면상태,기상상태,도로형태,가해운전자 차종,가해운전자 성별,가해운전자 연령,가해운전자 상해정도,피해운전자 차종,피해운전자 성별,피해운전자 연령,피해운전자 상해정도
2023101500100320,2023년 10월 15일 17시,일요일,경상북도 안동시 태화동,경상사고,0,0,3,1,차대차 - 기타,안전운전불이행,건조,맑음,교차로 - 교차로안,승용,여,44세,경상,승용,남,48세,경상
2023101500100350,2023년 10월 15일 18시,일요일,경상북도 경주시 성동동,경상사고,0,0,1,0,차대차 - 측면충돌,안전운전불이행,건조,맑음,교차로 - 교차로횡단보도내,승용,여,39세,상해없음,자전거,남,44세,경상
2023101500100351,2023년 10월 15일 18시,일요일,경상북도 영주시 하망동,중상사고,0,1,0,0,차대차 - 측면충돌,직진우회전진행방해,건조,맑음,교차로 - 교차로안,승용,남,60세,상해없음,이륜,남,56세,중상
2023101500100381,2023년 10월 15일 19시,일요일,경상북도 문경시 점촌동,경상사고,0,0,1,0,차대차 - 측면충돌,기타,건조,맑음,교차로 - 교차로안,승용,여,55세,상해없음,자전거,남,71세,경상
2023101500100382,2023년 10월 15일 19시,일요일,경상북도 문경시 점촌동,경상사고,0,0,1,0,차대차 - 측면충돌,교차로운행방법위반,건조,맑음,교차로 - 교차로안,승용,남,61세,상해없음,승용,여,46세,경상
2023101500100383,2023년 10월 15일 19시,일요일,경상북도 경산시 중산동,경상사고,0,0,1,0,차대차 - 기타,안전거리미확보,기타,맑음,단일로 - 기타,승용,여,27세,상해없음,이륜,남,40세,경상
2023101500100404,2023년 10월 15일 20시,일요일,경상북도 포항시 북구 장성동,경상사고,0,0,1,0,차대차 - 측면충돌,신호위반,건조,맑음,교차로 - 교차로안,이륜,남,53세,상해없음,이륜,남,62세,경상
2023101500100434,2023년 10월 15일 22시,일요일,경상북도 상주시 복룡동,중상사고,0,1,0,0,차대차 - 추돌,안전운전불이행,건조,기타,단일로 - 기타,승용,남,60세,상해없음,자전거,여,45세,중상
2023101600100109,2023년 10월 16일 08시,월요일,경상북도 안동시 와룡면,중상사고,0,1,0,0,차대차 - 측면충돌,안전운전불이행,건조,맑음,단일로 - 기타,승용,남,31세,상해없음,승용,여,53세,중상
2023101600100110,2023년 10월 16일 08시,월요일,경상북도 안동시 북후면,부상신고사고,0,0,0,5,차대차 - 기타,중앙선침범,건조,맑음,단일로 - 기타,승용,여,77세,상해없음,화물,남,41세,부상신고
2023101600100111,2023년 10월 16일 08시,월요일,경상북도 의성군 의성읍,경상사고,0,0,2,0,차대차 - 측면충돌,직진우회전진행방해,건조,맑음,교차로 - 교차로안,승용,남,26세,경상,화물,여,66세,경상
2023101600100112,2023년 10월 16일 08시,월요일,경상북도 의성군 의성읍,경상사고,0,0,1,0,차대차 - 측면충돌,안전운전불이행,건조,맑음,단일로 - 기타,건설기계,남,48세,상해없음,승용,남,53세,경상
2023101600100153,2023년 10월 16일 09시,월요일,경상북도 문경시 점촌동,중상사고,0,1,0,0,차대차 - 측면충돌,안전운전불이행,건조,맑음,교차로 - 교차로안,승용,남,55세,상해없음,이륜,남,66세,중상
2023101600100154,2023년 10월 16일 09시,월요일,경상북도 경산시 하양읍,중상사고,0,2,0,0,차대차 - 추돌,안전운전불이행,건조,맑음,교차로 - 교차로부근,승용,남,60세,상해없음,승용,남,73세,중상
2023101600100183,2023년 10월 16일 10시,월요일,경상북도 포항시 북구 흥해읍,경상사고,0,0,1,0,차대사람 - 기타,안전운전불이행,건조,맑음,교차로 - 교차로부근,승용,남,72세,상해없음,보행자,남,56세,경상
2023101600100184,2023년 10월 16일 10시,월요일,경상북도 안동시 남후면,부상신고사고,0,0,0,1,차대차 - 추돌,안전운전불이행,건조,맑음,단일로 - 기타,화물,남,43세,상해없음,화물,남,74세,부상신고
2023101600100185,2023년 10월 16일 10시,월요일,경상북도 영덕군 강구면,경상사고,0,0,2,0,차대차 - 추돌,안전운전불이행,건조,맑음,교차로 - 교차로안,승용,남,69세,상해없음,승용,남,76세,경상
2023101600100186,2023년 10월 16일 10시,월요일,경상북도 구미시 도량동,경상사고,0,0,2,0,차대차 - 기타,안전운전불이행,건조,맑음,교차로 - 교차로안,승용,여,53세,상해없음,승용,여,57세,경상
2023101600100259,2023년 10월 16일 12시,월요일,경상북도 구미시 옥계동,경상사고,0,0,1,0,차대차 - 기타,신호위반,건조,맑음,교차로 - 교차로안,승용,남,21세,상해없음,승용,여,44세,경상
2023101600100301,2023년 10월 16일 13시,월요일,경상북도 영천시 금호읍,경상사고,0,0,1,0,차대차 - 측면충돌,안전거리미확보,건조,맑음,교차로 - 교차로부근,승용,남,61세,상해없음,승용,남,49세,경상
2023101600100335,2023년 10월 16일 14시,월요일,경상북도 경주시 성건동,경상사고,0,0,1,0,차대차 - 기타,안전운전불이행,건조,맑음,기타 - 기타,승용,남,44세,상해없음,자전거,남,9세,경상
2023101600100336,2023년 10월 16일 14시,월요일,경상북도 경산시 중산동,중상사고,0,1,0,0,차대차 - 측면충돌,교차로운행방법위반,건조,맑음,교차로 - 교차로안,승용,여,87세,상해없음,자전거,여,75세,중상
2023101600100371,2023년 10월 16일 15시,월요일,경상북도 칠곡군 약목면,경상사고,0,0,1,0,차대차 - 측면충돌,교차로운행방법위반,건조,맑음,교차로 - 교차로안,승용,남,68세,경상,건설기계,남,41세,상해없음
2023101600100372,2023년 10월 16일 15시,월요일,경상북도 청송군 진보면,경상사고,0,0,1,0,차대차 - 측면충돌,안전운전불이행,건조,맑음,단일로 - 기타,화물,남,50세,상해없음,자전거,남,89세,경상
2023101600100373,2023년 10월 16일 15시,월요일,경상북도 포항시 남구 연일읍,부상신고사고,0,0,0,1,차대차 - 측면충돌,안전거리미확보,건조,맑음,교차로 - 교차로부근,승용,남,61세,상해없음,승용,남,31세,부상신고
2023101600100415,2023년 10월 16일 16시,월요일,경상북도 포항시 북구 죽도동,중상사고,0,1,0,0,차대사람 - 횡단중,안전운전불이행,건조,맑음,단일로 - 기타,승용,여,33세,상해없음,보행자,여,84세,중상
2023101600100416,2023년 10월 16일 16시,월요일,경상북도 포항시 북구 동빈1가,경상사고,0,0,2,1,차대차 - 추돌,안전운전불이행,건조,맑음,단일로 - 기타,승용,남,31세,경상,승합,남,52세,부상신고
2023101600100417,2023년 10월 16일 16시,월요일,경상북도 안동시 풍산읍,중상사고,0,1,0,0,차대사람 - 횡단중,안전운전불이행,건조,맑음,단일로 - 기타,승용,남,66세,상해없음,보행자,남,15세,중상
2023101600100418,2023년 10월 16일 16시,월요일,경상북도 경산시 하양읍,경상사고,0,0,1,0,차대사람 - 기타,안전운전불이행,건조,맑음,단일로 - 기타,승용,남,24세,상해없음,보행자,남,34세,경상
2023101600100419,2023년 10월 16일 16시,월요일,경상북도 경산시 대평동,경상사고,0,0,2,0,차대차 - 기타,신호위반,건조,맑음,교차로 - 교차로안,승용,여,57세,상해없음,승용,남,33세,경상
2023101600100420,2023년 10월 16일 16시,월요일,경상북도 경산시 중방동,경상사고,0,0,1,0,차대사람 - 횡단중,보행자보호의무위반,건조,맑음,단일로 - 기타,개인형이동수단(PM),남,13세,상해없음,보행자,여,76세,경상
2023101600100421,2023년 10월 16일 16시,월요일,경상북도 포항시 남구 송도동,경상사고,0,0,1,0,차대차 - 측면충돌,불법유턴,건조,맑음,교차로 - 교차로부근,자전거,여,56세,경상,승용,남,70세,상해없음
2023101600100422,2023년 10월 16일 16시,월요일,경상북도 포항시 남구 장기면,중상사고,0,1,0,0,차대사람 - 횡단중,보행자보호의무위반,건조,맑음,교차로 - 교차로횡단보도내,승용,여,64세,상해없음,보행자,여,79세,중상
2023101600100423,2023년 10월 16일 16시,월요일,경상북도 포항시 남구 구룡포읍,중상사고,0,1,0,0,차대차 - 측면충돌,안전운전불이행,건조,맑음,교차로 - 교차로횡단보도내,승용,남,61세,상해없음,자전거,남,35세,중상
2023101600100473,2023년 10월 16일 17시,월요일,경상북도 경산시 대동,경상사고,0,0,1,0,차대사람 - 기타,안전운전불이행,건조,맑음,단일로 - 기타,승용,남,18세,상해없음,보행자,남,26세,경상
2023101600100530,2023년 10월 16일 18시,월요일,경상북도 영주시 휴천동,경상사고,0,0,2,0,차대차 - 후진중충돌,안전운전불이행,건조,맑음,단일로 - 기타,승용,남,52세,상해없음,승용,남,37세,경상
2023101600100531,2023년 10월 16일 18시,월요일,경상북도 경산시 대평동,중상사고,0,1,2,0,차대차 - 측면충돌,교차로운행방법위반,건조,맑음,교차로 - 교차로안,승용,남,66세,경상,승용,남,60세,중상
2023101600100532,2023년 10월 16일 18시,월요일,경상북도 구미시 원평동,경상사고,0,0,1,0,차대사람 - 횡단중,보행자보호의무위반,건조,맑음,교차로 - 교차로횡단보도내,승용,여,54세,상해없음,보행자,여,76세,경상
2023101600100570,2023년 10월 16일 19시,월요일,경상북도 안동시 태화동,중상사고,0,1,0,0,차대차 - 기타,안전거리미확보,건조,맑음,단일로 - 기타,승용,여,56세,상해없음,원동기,남,69세,중상
2023101600100600,2023년 10월 16일 20시,월요일,경상북도 문경시 산양면,중상사고,0,1,2,0,차대차 - 추돌,안전운전불이행,건조,맑음,단일로 - 기타,승용,남,76세,경상,승용,남,58세,경상
2023101600100643,2023년 10월 16일 23시,월요일,경상북도 경산시 압량읍,경상사고,0,0,4,0,차대차 - 추돌,안전운전불이행,건조,맑음,교차로 - 교차로부근,승용,여,43세,경상,승용,남,46세,경상
2023101600100644,2023년 10월 16일 23시,월요일,경상북도 구미시 구포동,중상사고,0,2,0,0,차대차 - 측면충돌,안전거리미확보,건조,맑음,교차로 - 교차로안,이륜,남,45세,상해없음,승용,남,57세,중상
2023101700100012,2023년 10월 17일 01시,화요일,경상북도 고령군 다산면,사망사고,1,0,0,0,차량단독 - 전도전복 - 전도,안전운전불이행,건조,맑음,교차로 - 교차로부근,원동기,남,30세,사망,,,,
2023101700100025,2023년 10월 17일 04시,화요일,경상북도 구미시 공단동,경상사고,0,0,1,0,차량단독 - 공작물충돌,안전운전불이행,건조,흐림,단일로 - 기타,이륜,남,22세,경상,,,,
2023101700100044,2023년 10월 17일 06시,화요일,경상북도 포항시 남구 오천읍,경상사고,0,0,1,0,차대차 - 측면충돌,직진우회전진행방해,건조,맑음,교차로 - 교차로안,승용,남,52세,경상,승용,여,29세,상해없음
2023101700100121,2023년 10월 17일 08시,화요일,경상북도 상주시 연원동,중상사고,0,1,1,0,차대차 - 측면충돌,안전운전불이행,건조,맑음,단일로 - 기타,승용,남,68세,상해없음,화물,남,68세,경상
2023101700100122,2023년 10월 17일 08시,화요일,경상북도 예천군 예천읍,경상사고,0,0,2,0,차대차 - 측면충돌,직진우회전진행방해,건조,맑음,교차로 - 교차로안,승용,남,70세,경상,승용,여,32세,경상
2023101700100160,2023년 10월 17일 09시,화요일,경상북도 문경시 흥덕동,중상사고,0,1,0,0,차대차 - 측면충돌,안전운전불이행,건조,맑음,교차로 - 교차로안,승용,여,61세,상해없음,이륜,남,78세,중상
2023101700100161,2023년 10월 17일 09시,화요일,경상북도 성주군 벽진면,경상사고,0,0,3,0,차대차 - 기타,안전운전불이행,건조,맑음,교차로 - 교차로안,승용,남,58세,경상,승용,여,32세,경상
2023101700100162,2023년 10월 17일 09시,화요일,경상북도 포항시 남구 대도동,경상사고,0,0,1,0,차대차 - 측면충돌,안전운전불이행,건조,맑음,단일로 - 기타,화물,남,58세,상해없음,승합,남,53세,경상
2023101700100163,2023년 10월 17일 09시,화요일,경상북도 포항시 남구 연일읍,경상사고,0,0,1,0,차대사람 - 횡단중,보행자보호의무위반,건조,맑음,교차로 - 교차로부근,화물,남,61세,상해없음,보행자,여,71세,경상
2023101700100164,2023년 10월 17일 09시,화요일,경상북도 포항시 남구 상도동,경상사고,0,0,1,0,차대차 - 측면충돌,차로위반,건조,맑음,단일로 - 고가도로위,승용,남,55세,상해없음,승용,남,60세,경상
2023101700100206,2023년 10월 17일 10시,화요일,경상북도 안동시 풍천면,경상사고,0,0,2,0,차대차 - 기타,신호위반,건조,맑음,교차로 - 교차로안,승용,남,75세,상해없음,건설기계,남,61세,경상
2023101700100207,2023년 10월 17일 10시,화요일,경상북도 상주시 남성동,중상사고,0,1,0,0,차대사람 - 차도통행중,안전운전불이행,건조,맑음,단일로 - 기타,화물,남,65세,상해없음,보행자,남,66세,중상
2023101700100245,2023년 10월 17일 11시,화요일,경상북도 포항시 북구 남빈동,중상사고,0,2,2,0,차대차 - 측면충돌,직진우회전진행방해,건조,맑음,교차로 - 교차로안,이륜,남,50세,경상,승용,여,36세,경상
2023101700100246,2023년 10월 17일 11시,화요일,경상북도 영주시 휴천동,중상사고,0,2,0,0,차대차 - 측면충돌,교차로운행방법위반,건조,맑음,교차로 - 교차로안,승용,여,73세,중상,승용,여,51세,중상
2023101700100281,2023년 10월 17일 12시,화요일,경상북도 안동시 천리동,경상사고,0,0,1,0,차대차 - 기타,안전운전불이행,건조,맑음,단일로 - 기타,화물,남,66세,상해없음,자전거,남,87세,경상
2023101700100282,2023년 10월 17일 12시,화요일,경상북도 영덕군 강구면,경상사고,0,0,1,0,차대차 - 측면충돌,신호위반,건조,맑음,교차로 - 교차로안,자전거,남,55세,경상,승용,여,67세,상해없음
2023101700100283,2023년 10월 17일 12시,화요일,경상북도 영덕군 강구면,중상사고,0,1,0,0,차량단독 - 기타,안전운전불이행,건조,맑음,단일로 - 기타,승용,여,67세,중상,,,,
2023101700100284,2023년 10월 17일 12시,화요일,경상북도 예천군 개포면,경상사고,0,0,1,0,차대차 - 측면충돌,차로위반,건조,맑음,단일로 - 기타,원동기,남,85세,경상,승용,여,66세,상해없음
2023101700100320,2023년 10월 17일 13시,화요일,경상북도 상주시 공검면,중상사고,0,1,0,0,차대차 - 추돌,안전운전불이행,건조,맑음,교차로 - 교차로부근,승용,여,68세,상해없음,이륜,남,85세,중상
2023101700100358,2023년 10월 17일 14시,화요일,경상북도 안동시 목성동,경상사고,0,0,1,0,차대차 - 기타,안전거리미확보,건조,맑음,단일로 - 기타,승용,남,66세,상해없음,승용,여,33세,상해없음
2023101700100359,2023년 10월 17일 14시,화요일,경상북도 예천군 예천읍,경상사고,0,0,1,0,차대차 - 측면충돌,차로위반,건조,맑음,단일로 - 교량,승용,남,83세,상해없음,승용,남,32세,경상
2023101700100360,2023년 10월 17일 14시,화요일,경상북도 구미시 신평동,경상사고,0,0,1,0,차대차 - 기타,안전운전불이행,건조,맑음,교차로 - 교차로부근,화물,남,46세,상해없음,승용,여,60세,경상
2023101700100398,2023년 10월 17일 15시,화요일,경상북도 안동시 송천동,중상사고,0,1,0,0,차대사람 - 횡단중,신호위반,건조,맑음,교차로 - 교차로횡단보도내,건설기계,남,59세,상해없음,보행자,여,20세,중상
2023101700100399,2023년 10월 17일 15시,화요일,경상북도 경산시 남산면,경상사고,0,0,1,0,차대차 - 정면충돌,중앙선침범,건조,맑음,단일로 - 기타,승용,남,18세,상해없음,승용,여,52세,경상
2023101700100400,2023년 10월 17일 15시,화요일,경상북도 포항시 남구 호동,경상사고,0,0,1,0,차대차 - 측면충돌,차로위반,건조,맑음,교차로 - 교차로부근,승용,남,57세,상해없음,화물,남,47세,경상
2023101700100445,2023년 10월 17일 16시,화요일,경상북도 안동시 송현동,경상사고,0,0,1,0,차대차 - 기타,안전운전불이행,건조,맑음,단일로 - 기타,이륜,남,18세,경상,원동기,남,18세,상해없음
2023101700100446,2023년 10월 17일 16시,화요일,경상북도 영주시 이산면,중상사고,0,1,1,0,차대차 - 측면충돌,기타,건조,맑음,단일로 - 기타,승용,남,46세,경상,승용,여,61세,중상
2023101700100447,2023년 10월 17일 16시,화요일,경상북도 포항시 남구 해도동,경상사고,0,0,2,0,차대차 - 측면충돌,교차로운행방법위반,건조,맑음,교차로 - 교차로안,승용,남,49세,경상,승용,남,32세,경상
2023101700100448,2023년 10월 17일 16시,화요일,경상북도 포항시 남구 상도동,경상사고,0,0,3,0,차대차 - 측면충돌,직진우회전진행방해,건조,맑음,교차로 - 교차로안,승합,남,50세,경상,승용,남,33세,경상
2023101700100498,2023년 10월 17일 17시,화요일,경상북도 의성군 가음면,중상사고,0,1,0,0,차대차 - 추돌,안전운전불이행,건조,맑음,단일로 - 기타,사륜오토바이(ATV),남,81세,상해없음,이륜,남,66세,중상
2023101700100499,2023년 10월 17일 17시,화요일,경상북도 의성군 의성읍,경상사고,0,0,1,0,차대차 - 기타,기타,건조,맑음,단일로 - 기타,화물,남,63세,상해없음,승용,여,57세,경상
2023101700100500,2023년 10월 17일 17시,화요일,경상북도 구미시 선기동,경상사고,0,0,1,0,차대차 - 기타,중앙선침범,건조,맑음,단일로 - 기타,자전거,남,65세,경상,승용,남,29세,상해없음
2023101700100545,2023년 10월 17일 18시,화요일,경상북도 경주시 사정동,중상사고,0,1,1,1,차대차 - 추돌,신호위반,건조,맑음,교차로 - 교차로부근,승용,여,66세,상해없음,승합,남,62세,중상
2023101700100546,2023년 10월 17일 18시,화요일,경상북도 포항시 북구 죽도동,경상사고,0,0,1,0,차대사람 - 기타,안전운전불이행,건조,맑음,교차로 - 교차로안,화물,남,44세,상해없음,보행자,여,69세,경상
2023101700100547,2023년 10월 17일 18시,화요일,경상북도 안동시 태화동,경상사고,0,0,3,0,차대차 - 추돌,안전거리미확보,건조,맑음,단일로 - 기타,승용,여,42세,상해없음,승용,여,39세,경상
2023101700100548,2023년 10월 17일 18시,화요일,경상북도 상주시 무양동,경상사고,0,0,3,0,차대차 - 측면충돌,교차로운행방법위반,건조,맑음,교차로 - 교차로부근,승용,남,87세,상해없음,승용,남,50세,경상
2023101700100549,2023년 10월 17일 18시,화요일,경상북도 경산시 사동,중상사고,0,1,0,0,차대차 - 기타,신호위반,건조,맑음,교차로 - 교차로안,이륜,남,26세,상해없음,승용,여,36세,중상
2023101700100603,2023년 10월 17일 19시,화요일,경상북도 포항시 북구 송라면,중상사고,0,1,0,0,차대차 - 추돌,안전거리미확보,건조,맑음,단일로 - 기타,화물,남,78세,상해없음,승용,남,74세,중상
2023101700100604,2023년 10월 17일 19시,화요일,경상북도 구미시 고아읍,중상사고,0,1,0,0,차대차 - 기타,교차로운행방법위반,건조,맑음,교차로 - 교차로안,승용,남,42세,기타불명,이륜,남,55세,중상
2023101700100629,2023년 10월 17일 20시,화요일,경상북도 포항시 북구 우현동,경상사고,0,0,1,0,차대차 - 추돌,안전거리미확보,건조,맑음,단일로 - 기타,승용,남,43세,상해없음,승용,여,66세,경상
2023101700100630,2023년 10월 17일 20시,화요일,경상북도 안동시 옥동,중상사고,0,1,0,0,차대차 - 측면충돌,안전운전불이행,건조,맑음,단일로 - 기타,승용,여,48세,상해없음,이륜,남,18세,중상
2023101700100651,2023년 10월 17일 21시,화요일,경상북도 안동시 용상동,경상사고,0,0,2,0,차대차 - 측면충돌,신호위반,건조,맑음,교차로 - 교차로안,승합,남,74세,상해없음,승용,여,23세,경상
2023101700100652,2023년 10월 17일 21시,화요일,경상북도 경산시 하양읍,중상사고,0,1,0,0,차대사람 - 횡단중,보행자보호의무위반,건조,맑음,교차로 - 교차로부근,이륜,남,33세,상해없음,보행자,남,58세,중상
2023101700100653,2023년 10월 17일 21시,화요일,경상북도 포항시 남구 대잠동,경상사고,0,0,2,0,차대차 - 측면충돌,차로위반,건조,맑음,교차로 - 교차로안,화물,남,62세,상해없음,승용,남,36세,경상
2023101800100042,2023년 10월 18일 05시,수요일,경상북도 경주시 탑동,경상사고,0,0,1,0,차대차 - 추돌,안전거리미확보,건조,맑음,교차로 - 교차로부근,화물,남,47세,상해없음,승용,남,62세,경상
2023101800100082,2023년 10월 18일 07시,수요일,경상북도 포항시 남구 인덕동,경상사고,0,0,1,0,차대차 - 측면충돌,차로위반,건조,맑음,단일로 - 지하차도(도로)내,승용,여,81세,상해없음,승용,남,49세,경상
2023101800100122,2023년 10월 18일 08시,수요일,경상북도 포항시 북구 용흥동,경상사고,0,0,1,0,차대차 - 기타,안전운전불이행,건조,맑음,교차로 - 교차로부근,승합,남,69세,상해없음,승용,여,29세,경상
2023101800100123,2023년 10월 18일 08시,수요일,경상북도 상주시 모동면,부상신고사고,0,0,0,1,차대차 - 측면충돌,안전운전불이행,건조,맑음,교차로 - 교차로안,기타불명,남,87세,부상신고,승합,여,51세,상해없음
2023101800100124,2023년 10월 18일 08시,수요일,경상북도 상주시 모서면,중상사고,0,1,0,0,차량단독 - 기타,기타,건조,맑음,단일로 - 기타,승용,여,51세,상해없음,,,,
2023101800100125,2023년 10월 18일 08시,수요일,경상북도 구미시 황상동,중상사고,0,1,0,0,차대사람 - 횡단중,안전운전불이행,건조,맑음,단일로 - 기타,승용,남,59세,상해없음,보행자,남,64세,중상
2023101800100126,2023년 10월 18일 08시,수요일,경상북도 구미시 옥계동,경상사고,0,0,1,0,차대차 - 기타,안전운전불이행,건조,맑음,단일로 - 기타,화물,남,72세,상해없음,승용,남,36세,경상
2023101800100162,2023년 10월 18일 09시,수요일,경상북도 포항시 남구 상도동,경상사고,0,0,1,0,차대차 - 측면충돌,안전운전불이행,건조,맑음,단일로 - 기타,화물,남,45세,상해없음,자전거,남,75세,경상
2023101800100230,2023년 10월 18일 11시,수요일,경상북도 포항시 북구 죽도동,경상사고,0,0,1,0,차대사람 - 횡단중,안전운전불이행,건조,맑음,기타 - 기타,승용,남,73세,상해없음,보행자,남,80세,경상
2023101800100231,2023년 10월 18일 11시,수요일,경상북도 포항시 남구 대도동,경상사고,0,0,1,0,차대차 - 기타,안전운전불이행,건조,맑음,교차로 - 교차로안,승용,여,34세,상해없음,승합,남,48세,경상
2023101800100265,2023년 10월 18일 12시,수요일,경상북도 봉화군 명호면,중상사고,0,3,0,0,차대차 - 측면충돌,중앙선침범,건조,맑음,단일로 - 기타,화물,남,51세,중상,화물,남,64세,중상
2023101800100266,2023년 10월 18일 12시,수요일,경상북도 성주군 선남면,중상사고,0,1,0,0,차대사람 - 기타,안전운전불이행,건조,맑음,주차장 - 주차장,승용,남,65세,상해없음,보행자,여,78세,중상
2023101800100307,2023년 10월 18일 13시,수요일,경상북도 경주시 내남면,경상사고,0,0,1,0,차대차 - 기타,안전운전불이행,건조,맑음,단일로 - 기타,이륜,남,39세,상해없음,승용,남,34세,경상
2023101800100308,2023년 10월 18일 13시,수요일,경상북도 포항시 북구 죽도동,경상사고,0,0,1,0,차대사람 - 길가장자리구역통행중,교차로운행방법위반,건조,맑음,기타 - 기타,승용,남,76세,상해없음,보행자,여,72세,경상
2023101800100309,2023년 10월 18일 13시,수요일,경상북도 안동시 송현동,중상사고,0,1,0,0,차대차 - 기타,신호위반,건조,맑음,교차로 - 교차로안,화물,남,62세,상해없음,이륜,남,43세,중상
2023101800100346,2023년 10월 18일 14시,수요일,경상북도 경주시 강동면,경상사고,0,0,1,0,차대사람 - 기타,안전운전불이행,건조,맑음,교차로 - 교차로부근,화물,남,54세,상해없음,보행자,남,81세,경상
2023101800100383,2023년 10월 18일 15시,수요일,경상북도 포항시 북구 장성동,경상사고,0,0,1,0,차대차 - 추돌,안전운전불이행,건조,맑음,교차로 - 교차로부근,승합,남,66세,상해없음,승용,남,35세,경상
2023101800100384,2023년 10월 18일 15시,수요일,경상북도 영주시 가흥동,경상사고,0,0,1,0,차대차 - 측면충돌,안전운전불이행,건조,맑음,단일로 - 기타,승용,남,81세,상해없음,승용,여,53세,경상
2023101800100423,2023년 10월 18일 16시,수요일,경상북도 청도군 화양읍,중상사고,0,1,1,0,차대차 - 후진중충돌,안전운전불이행,건조,맑음,단일로 - 기타,화물,여,66세,상해없음,승합,남,38세,중상
2023101800100467,2023년 10월 18일 17시,수요일,경상북도 포항시 북구 용흥동,경상사고,0,0,1,0,차대차 - 측면충돌,안전운전불이행,건조,맑음,교차로 - 교차로부근,승용,남,55세,상해없음,이륜,남,78세,경상
2023101800100524,2023년 10월 18일 18시,수요일,경상북도 영주시 가흥동,경상사고,0,0,3,0,차대차 - 측면충돌,교차로운행방법위반,건조,맑음,교차로 - 교차로안,승용,여,62세,상해없음,승용,여,62세,경상
2023101800100525,2023년 10월 18일 18시,수요일,경상북도 포항시 남구 오천읍,경상사고,0,0,2,0,차대차 - 측면충돌,안전운전불이행,건조,맑음,교차로 - 교차로부근,승용,남,47세,경상,승용,남,28세,경상
2023101800100563,2023년 10월 18일 19시,수요일,경상북도 안동시 수상동,경상사고,0,0,1,0,차대차 - 기타,안전운전불이행,건조,맑음,단일로 - 기타,승용,남,36세,경상,화물,기타불명,미분류,기타불명
2023101800100564,2023년 10월 18일 19시,수요일,경상북도 봉화군 봉화읍,중상사고,0,1,0,0,차대차 - 기타,직진우회전진행방해,건조,맑음,교차로 - 교차로안,승용,여,48세,상해없음,승용,여,55세,중상
2023101800100565,2023년 10월 18일 19시,수요일,경상북도 성주군 대가면,경상사고,0,0,1,0,차대차 - 추돌,안전운전불이행,건조,맑음,단일로 - 기타,화물,남,51세,상해없음,농기계,남,62세,경상
2023101800100566,2023년 10월 18일 19시,수요일,경상북도 고령군 대가야읍,경상사고,0,0,1,0,차대사람 - 차도통행중,안전운전불이행,건조,맑음,교차로 - 교차로부근,화물,남,34세,기타불명,보행자,남,63세,경상
2023101800100595,2023년 10월 18일 20시,수요일,경상북도 경산시 남산면,중상사고,0,2,0,0,차대차 - 측면충돌,교차로운행방법위반,건조,맑음,교차로 - 교차로안,승용,여,73세,상해없음,이륜,남,30세,중상
2023101800100596,2023년 10월 18일 20시,수요일,경상북도 구미시 도량동,중상사고,0,1,0,0,차대차 - 기타,안전운전불이행,건조,맑음,단일로 - 기타,승용,남,70세,상해없음,승용,남,42세,중상
2023101800100597,2023년 10월 18일 20시,수요일,경상북도 구미시 도량동,경상사고,0,0,1,0,차대사람 - 횡단중,신호위반,건조,맑음,교차로 - 교차로횡단보도내,이륜,남,36세,상해없음,보행자,여,27세,경상
2023101800100598,2023년 10월 18일 20시,수요일,경상북도 구미시 남통동,중상사고,0,1,0,0,차대사람 - 횡단중,안전운전불이행,건조,맑음,단일로 - 기타,승용,여,31세,상해없음,보행자,여,16세,중상
2023101800100625,2023년 10월 18일 21시,수요일,경상북도 경산시 진량읍,경상사고,0,0,1,0,차대사람 - 기타,안전운전불이행,건조,맑음,단일로 - 기타,이륜,남,22세,상해없음,보행자,여,23세,경상
2023101800100650,2023년 10월 18일 22시,수요일,경상북도 안동시 태화동,경상사고,0,0,1,0,차대차 - 추돌,안전거리미확보,건조,맑음,교차로 - 교차로부근,승용,남,62세,상해없음,승용,여,56세,경상
2023101900100022,2023년 10월 19일 03시,목요일,경상북도 구미시 진평동,중상사고,0,1,0,0,차대차 - 기타,안전운전불이행,건조,맑음,교차로 - 교차로안,이륜,남,27세,중상,승용,남,29세,상해없음
2023101900100048,2023년 10월 19일 06시,목요일,경상북도 성주군 성주읍,중상사고,0,1,1,0,차대차 - 추돌,안전운전불이행,건조,맑음,단일로 - 기타,화물,남,58세,중상,특수,남,54세,경상
2023101900100049,2023년 10월 19일 06시,목요일,경상북도 구미시 구평동,경상사고,0,0,1,0,차대차 - 측면충돌,중앙선침범,건조,맑음,교차로 - 교차로부근,화물,남,67세,상해없음,승용,남,59세,경상