사고번호,사고일시,요일,시군구,사고내용,사망자수,중상자수,경상자수,부상신고자수,사고유형,법규위반,노면상태,기상상태,도로형태,가해운전자 차종,가해운전자 성별,가해운전자 연령,가해운전자 상해정도,피해운전자 차종,피해운전자 성별,피해운전자 연령,피해운전자 상해정도
2023102200100334,2023년 10월 22일 17시,일요일,경상북도 봉화군 법전면,경상사고,0,0,2,0,차대차 - 기타,안전거리미확보,건조,맑음,교차로 - 교차로부근,화물,남,60세,상해없음,승용,남,39세,상해없음
2023102200100365,2023년 10월 22일 18시,일요일,경상북도 안동시 안흥동,경상사고,0,0,1,0,차대차 - 기타,안전운전불이행,건조,맑음,교차로 - 교차로안,승용,여,59세,상해없음,이륜,남,41세,경상
2023102200100366,2023년 10월 22일 18시,일요일,경상북도 의성군 다인면,중상사고,0,1,0,0,차대차 - 추돌,안전운전불이행,건조,맑음,단일로 - 기타,화물,남,81세,기타불명,농기계,남,63세,중상
2023102200100396,2023년 10월 22일 19시,일요일,경상북도 경주시 감포읍,경상사고,0,0,3,0,차대차 - 측면충돌,안전운전불이행,건조,맑음,교차로 - 교차로부근,승용,여,54세,상해없음,승용,남,50세,경상
2023102200100397,2023년 10월 22일 19시,일요일,경상북도 포항시 북구 죽도동,중상사고,0,1,0,0,차대사람 - 횡단중,신호위반,건조,맑음,단일로 - 터널,이륜,남,28세,상해없음,보행자,여,36세,중상
2023102200100398,2023년 10월 22일 19시,일요일,경상북도 칠곡군 북삼읍,중상사고,0,1,3,1,차대차 - 측면충돌,직진우회전진행방해,건조,맑음,교차로 - 교차로안,승용,여,69세,경상,승용,남,19세,경상
2023102200100399,2023년 10월 22일 19시,일요일,경상북도 청도군 이서면,경상사고,0,0,1,0,차대사람 - 기타,안전거리미확보,건조,맑음,단일로 - 기타,승용,남,39세,상해없음,보행자,남,55세,경상
2023102200100423,2023년 10월 22일 20시,일요일,경상북도 포항시 남구 해도동,경상사고,0,0,3,1,차대차 - 측면충돌,안전운전불이행,건조,맑음,단일로 - 기타,승용,여,42세,부상신고,승용,여,66세,경상
2023102200100439,2023년 10월 22일 21시,일요일,경상북도 포항시 북구 흥해읍,경상사고,0,0,2,0,차대차 - 기타,안전거리미확보,건조,맑음,단일로 - 기타,승용,여,59세,상해없음,승용,남,41세,경상
2023102200100446,2023년 10월 22일 22시,일요일,경상북도 청송군 현동면,경상사고,0,0,1,0,차량단독 - 공작물충돌,안전운전불이행,건조,맑음,단일로 - 기타,화물,남,65세,경상,,,,
2023102300100014,2023년 10월 23일 03시,월요일,경상북도 안동시 옥동,중상사고,0,2,1,0,차대차 - 기타,신호위반,건조,맑음,교차로 - 교차로안,승용,남,34세,상해없음,승용,남,18세,중상
2023102300100023,2023년 10월 23일 05시,월요일,경상북도 경주시 외동읍,경상사고,0,0,1,0,차대사람 - 횡단중,중앙선침범,건조,맑음,단일로 - 기타,승용,남,44세,상해없음,보행자,남,56세,경상
2023102300100024,2023년 10월 23일 05시,월요일,경상북도 구미시 도량동,경상사고,0,0,1,1,차대차 - 측면충돌,안전운전불이행,건조,맑음,단일로 - 기타,승용,여,55세,부상신고,승용,남,27세,경상
2023102300100060,2023년 10월 23일 07시,월요일,경상북도 포항시 북구 죽도동,중상사고,0,1,0,0,차대차 - 측면충돌,신호위반,건조,맑음,단일로 - 기타,자전거,남,71세,중상,승용,여,37세,상해없음
2023102300100061,2023년 10월 23일 07시,월요일,경상북도 상주시 가장동,경상사고,0,0,1,0,차대차 - 측면충돌,안전거리미확보,건조,맑음,단일로 - 기타,특수,남,52세,상해없음,승용,남,46세,경상
2023102300100062,2023년 10월 23일 07시,월요일,경상북도 칠곡군 지천면,경상사고,0,0,1,0,차대차 - 측면충돌,안전운전불이행,건조,맑음,교차로 - 교차로부근,승용,남,49세,상해없음,승용,여,30세,경상
2023102300100105,2023년 10월 23일 08시,월요일,경상북도 포항시 북구 흥해읍,경상사고,0,0,1,0,차대차 - 추돌,안전운전불이행,건조,맑음,교차로 - 교차로안,승합,남,55세,상해없음,승용,여,44세,경상
2023102300100106,2023년 10월 23일 08시,월요일,경상북도 포항시 남구 연일읍,경상사고,0,0,2,0,차대차 - 정면충돌,중앙선침범,건조,맑음,교차로 - 교차로부근,원동기,남,77세,경상,승용,여,45세,경상
2023102300100149,2023년 10월 23일 09시,월요일,경상북도 영천시 완산동,중상사고,0,1,0,0,차대차 - 추돌,안전운전불이행,건조,맑음,단일로 - 기타,승용,여,32세,상해없음,승용,여,30세,중상
2023102300100150,2023년 10월 23일 09시,월요일,경상북도 포항시 남구 연일읍,경상사고,0,0,1,0,차대차 - 추돌,안전운전불이행,건조,맑음,단일로 - 교량,화물,남,47세,상해없음,승용,여,61세,경상
2023102300100151,2023년 10월 23일 09시,월요일,경상북도 포항시 남구 연일읍,경상사고,0,0,2,0,차대차 - 추돌,안전거리미확보,건조,맑음,단일로 - 기타,승용,여,52세,경상,승용,여,43세,상해없음
2023102300100182,2023년 10월 23일 10시,월요일,경상북도 안동시 송천동,경상사고,0,0,3,0,차대차 - 추돌,안전운전불이행,건조,맑음,교차로 - 교차로부근,승용,여,30세,상해없음,승용,남,62세,경상
2023102300100207,2023년 10월 23일 11시,월요일,경상북도 포항시 북구 송라면,경상사고,0,0,1,0,차대차 - 추돌,안전운전불이행,건조,맑음,기타 - 기타,승용,남,52세,상해없음,승용,여,34세,경상
2023102300100208,2023년 10월 23일 11시,월요일,경상북도 김천시 성내동,중상사고,0,1,0,0,차대사람 - 횡단중,보행자보호의무위반,건조,맑음,단일로 - 기타,승용,여,62세,상해없음,보행자,여,87세,중상
2023102300100209,2023년 10월 23일 11시,월요일,경상북도 김천시 응명동,경상사고,0,0,2,0,차대차 - 측면충돌,안전거리미확보,건조,맑음,단일로 - 기타,특수,남,64세,상해없음,승용,여,51세,경상
2023102300100236,2023년 10월 23일 12시,월요일,경상북도 경산시 서상동,경상사고,0,0,1,0,차대차 - 기타,안전운전불이행,건조,맑음,교차로 - 교차로부근,승용,여,51세,상해없음,승용,여,67세,경상
2023102300100237,2023년 10월 23일 12시,월요일,경상북도 포항시 남구 송도동,부상신고사고,0,0,0,1,차대차 - 후진중충돌,안전운전불이행,건조,맑음,교차로 - 교차로안,승용,남,59세,상해없음,승용,여,31세,부상신고
2023102300100266,2023년 10월 23일 13시,월요일,경상북도 안동시 서후면,경상사고,0,0,1,3,차대차 - 기타,안전거리미확보,건조,맑음,단일로 - 기타,승용,여,53세,부상신고,승용,남,27세,경상
2023102300100267,2023년 10월 23일 13시,월요일,경상북도 경산시 자인면,중상사고,0,1,0,0,차대사람 - 기타,안전운전불이행,건조,맑음,교차로 - 교차로부근,화물,남,69세,상해없음,보행자,여,78세,중상
2023102300100268,2023년 10월 23일 13시,월요일,경상북도 경산시 조영동,경상사고,0,0,1,0,차대사람 - 기타,안전운전불이행,건조,맑음,단일로 - 기타,개인형이동수단(PM),여,27세,상해없음,보행자,남,49세,경상
2023102300100314,2023년 10월 23일 14시,월요일,경상북도 경산시 중방동,중상사고,0,1,0,0,차대차 - 기타,안전운전불이행,건조,맑음,교차로 - 교차로부근,승용,남,66세,상해없음,승합,남,51세,상해없음
2023102300100315,2023년 10월 23일 14시,월요일,경상북도 포항시 남구 연일읍,경상사고,0,0,1,0,차대사람 - 횡단중,보행자보호의무위반,건조,맑음,교차로 - 교차로횡단보도내,승용,여,56세,상해없음,보행자,여,60세,경상
2023102300100347,2023년 10월 23일 15시,월요일,경상북도 안동시 길안면,중상사고,0,1,2,0,차대차 - 정면충돌,중앙선침범,건조,맑음,단일로 - 기타,승합,여,57세,경상,승용,남,66세,중상
2023102300100348,2023년 10월 23일 15시,월요일,경상북도 안동시 남문동,중상사고,0,1,0,0,차대차 - 기타,안전운전불이행,건조,맑음,단일로 - 기타,승용,남,41세,상해없음,자전거,여,53세,중상
2023102300100349,2023년 10월 23일 15시,월요일,경상북도 경산시 조영동,경상사고,0,0,1,0,차대사람 - 길가장자리구역통행중,안전운전불이행,건조,맑음,단일로 - 기타,화물,남,47세,상해없음,보행자,여,22세,경상
2023102300100350,2023년 10월 23일 15시,월요일,경상북도 봉화군 봉성면,경상사고,0,0,1,0,차대차 - 측면충돌,안전운전불이행,건조,맑음,단일로 - 기타,승용,남,73세,상해없음,승용,남,56세,경상
2023102300100384,2023년 10월 23일 16시,월요일,경상북도 경산시 신교동,경상사고,0,0,1,0,차대차 - 기타,안전운전불이행,건조,맑음,교차로 - 교차로안,승용,남,59세,기타불명,승용,여,59세,경상
2023102300100386,2023년 10월 23일 16시,월요일,경상북도 경산시 진량읍,경상사고,0,0,1,0,차대차 - 추돌,안전운전불이행,건조,맑음,단일로 - 기타,화물,남,53세,상해없음,화물,남,49세,상해없음
2023102300100428,2023년 10월 23일 17시,월요일,경상북도 구미시 산동읍,경상사고,0,0,1,0,차대사람 - 횡단중,보행자보호의무위반,건조,맑음,교차로 - 교차로횡단보도내,기타불명,기타불명,미분류,기타불명,보행자,남,39세,경상
2023102300100485,2023년 10월 23일 18시,월요일,경상북도 구미시 형곡동,경상사고,0,0,2,0,차대차 - 측면충돌,신호위반,건조,맑음,교차로 - 교차로안,승용,남,71세,경상,승용,남,52세,경상
2023102300100526,2023년 10월 23일 19시,월요일,경상북도 상주시 성동동,경상사고,0,0,1,0,차대차 - 후진중충돌,안전운전불이행,건조,맑음,단일로 - 기타,승용,여,57세,상해없음,승용,남,34세,경상
2023102300100527,2023년 10월 23일 19시,월요일,경상북도 문경시 흥덕동,경상사고,0,0,1,0,차대차 - 정면충돌,중앙선침범,건조,맑음,교차로 - 교차로안,승용,여,70세,상해없음,승용,남,45세,경상
2023102300100528,2023년 10월 23일 19시,월요일,경상북도 구미시 구평동,중상사고,0,1,1,0,차대차 - 측면충돌,신호위반,건조,맑음,교차로 - 교차로부근,승용,여,30세,경상,이륜,남,43세,중상
2023102300100529,2023년 10월 23일 19시,월요일,경상북도 포항시 남구 연일읍,경상사고,0,0,1,0,차대차 - 측면충돌,안전운전불이행,건조,맑음,단일로 - 기타,승합,남,47세,상해없음,승용,여,64세,경상
2023102300100530,2023년 10월 23일 19시,월요일,경상북도 포항시 북구 기계면,사망사고,1,0,0,0,차대차 - 추돌,안전운전불이행,건조,맑음,단일로 - 교량,화물,남,30세,상해없음,화물,남,53세,상해없음
2023102300100556,2023년 10월 23일 20시,월요일,경상북도 영주시 가흥동,중상사고,0,1,0,0,차대사람 - 횡단중,보행자보호의무위반,건조,맑음,교차로 - 교차로횡단보도내,승용,남,58세,상해없음,보행자,남,48세,중상
2023102300100572,2023년 10월 23일 21시,월요일,경상북도 포항시 남구 오천읍,경상사고,0,0,1,0,차대사람 - 차도통행중,안전운전불이행,건조,맑음,단일로 - 기타,승용,남,69세,상해없음,보행자,남,33세,경상
2023102300100601,2023년 10월 23일 23시,월요일,경상북도 경산시 하양읍,경상사고,0,0,1,0,차대차 - 기타,안전거리미확보,건조,흐림,교차로 - 교차로부근,승용,남,20세,상해없음,승합,남,53세,경상
2023102400100009,2023년 10월 24일 00시,화요일,경상북도 포항시 북구 흥해읍,경상사고,0,0,1,0,차대사람 - 차도통행중,신호위반,건조,맑음,교차로 - 교차로횡단보도내,승용,남,71세,상해없음,보행자,여,65세,경상
2023102400100018,2023년 10월 24일 01시,화요일,경상북도 영덕군 달산면,사망사고,1,0,0,0,차량단독 - 공작물충돌,안전운전불이행,건조,맑음,교차로 - 교차로안,승용,남,50세,사망,,,,
2023102400100044,2023년 10월 24일 05시,화요일,경상북도 의성군 다인면,중상사고,0,5,1,0,차대차 - 추돌,안전운전불이행,젖음/습기,안개,단일로 - 기타,승용,남,69세,중상,화물,남,31세,상해없음
2023102400100045,2023년 10월 24일 05시,화요일,경상북도 포항시 남구 인덕동,중상사고,0,1,0,0,차대사람 - 보도통행중,안전운전불이행,건조,맑음,교차로 - 교차로부근,화물,남,69세,기타불명,보행자,남,56세,중상
2023102400100103,2023년 10월 24일 08시,화요일,경상북도 경산시 사동,경상사고,0,0,1,0,차대차 - 추돌,안전거리미확보,건조,맑음,교차로 - 교차로부근,승용,남,71세,상해없음,승용,여,49세,경상
2023102400100159,2023년 10월 24일 09시,화요일,경상북도 김천시 삼락동,중상사고,0,1,0,0,차대차 - 측면충돌,교차로운행방법위반,건조,맑음,교차로 - 교차로안,승용,남,73세,상해없음,승용,남,67세,중상
2023102400100160,2023년 10월 24일 09시,화요일,경상북도 영천시 문내동,경상사고,0,0,1,0,차대차 - 측면충돌,안전운전불이행,건조,맑음,교차로 - 교차로안,승용,여,66세,상해없음,승용,남,28세,경상
2023102400100161,2023년 10월 24일 09시,화요일,경상북도 예천군 호명면,중상사고,0,1,0,0,차대사람 - 기타,안전운전불이행,건조,맑음,단일로 - 기타,승합,남,54세,상해없음,보행자,여,39세,중상
2023102400100162,2023년 10월 24일 09시,화요일,경상북도 성주군 성주읍,경상사고,0,0,2,0,차대차 - 측면충돌,기타,건조,맑음,교차로 - 교차로안,승용,남,47세,경상,승합,남,64세,상해없음
2023102400100202,2023년 10월 24일 10시,화요일,경상북도 포항시 남구 이동,경상사고,0,0,1,1,차대차 - 측면충돌,안전운전불이행,건조,맑음,단일로 - 고가도로위,화물,남,67세,부상신고,승용,여,26세,경상
2023102400100227,2023년 10월 24일 11시,화요일,경상북도 성주군 성주읍,중상사고,0,1,0,0,차대차 - 기타,안전운전불이행,건조,맑음,단일로 - 기타,화물,남,51세,상해없음,승용,여,59세,중상
2023102400100228,2023년 10월 24일 11시,화요일,경상북도 포항시 남구 대잠동,경상사고,0,0,2,0,차대차 - 기타,안전운전불이행,건조,맑음,교차로 - 교차로안,승용,남,69세,경상,승용,여,45세,경상
2023102400100260,2023년 10월 24일 12시,화요일,경상북도 경산시 압량읍,중상사고,0,1,0,0,차대차 - 측면충돌,안전운전불이행,건조,맑음,단일로 - 기타,자전거,남,66세,기타불명,자전거,남,65세,중상
2023102400100291,2023년 10월 24일 13시,화요일,경상북도 경주시 안강읍,사망사고,1,0,0,0,차량단독 - 도로외이탈 - 추락,안전운전불이행,건조,맑음,교차로 - 교차로부근,사륜오토바이(ATV),남,60세,사망,,,,
2023102400100324,2023년 10월 24일 14시,화요일,경상북도 경주시 용강동,경상사고,0,0,1,0,차대차 - 기타,안전운전불이행,건조,맑음,교차로 - 교차로부근,승용,남,50세,기타불명,이륜,남,42세,경상
2023102400100325,2023년 10월 24일 14시,화요일,경상북도 청송군 진보면,중상사고,0,1,0,0,차대사람 - 기타,안전운전불이행,건조,맑음,단일로 - 기타,화물,남,56세,상해없음,보행자,여,62세,중상
2023102400100346,2023년 10월 24일 15시,화요일,경상북도 경주시 석장동,경상사고,0,0,1,0,차대차 - 정면충돌,교차로운행방법위반,건조,맑음,교차로 - 교차로안,승용,남,21세,상해없음,이륜,남,26세,경상
2023102400100347,2023년 10월 24일 15시,화요일,경상북도 경산시 임당동,경상사고,0,0,1,0,차대차 - 측면충돌,직진우회전진행방해,건조,맑음,교차로 - 교차로안,승용,남,25세,상해없음,승용,남,35세,경상
2023102400100348,2023년 10월 24일 15시,화요일,경상북도 경산시 계양동,경상사고,0,0,2,0,차대차 - 측면충돌,신호위반,건조,맑음,교차로 - 교차로안,이륜,남,37세,상해없음,승용,여,35세,경상
2023102400100349,2023년 10월 24일 15시,화요일,경상북도 포항시 남구 호미곶면,경상사고,0,0,1,0,차대차 - 정면충돌,중앙선침범,건조,맑음,교차로 - 교차로부근,승용,여,53세,상해없음,승용,남,32세,경상
2023102400100350,2023년 10월 24일 15시,화요일,경상북도 포항시 남구 대송면,경상사고,0,0,2,0,차대차 - 측면충돌,안전운전불이행,건조,맑음,주차장 - 주차장,화물,여,68세,경상,화물,남,69세,경상
2023102400100405,2023년 10월 24일 16시,화요일,경상북도 포항시 북구 상원동,경상사고,0,0,2,0,차대차 - 추돌,안전운전불이행,건조,맑음,단일로 - 기타,승합,남,71세,상해없음,승용,여,55세,경상
2023102400100406,2023년 10월 24일 16시,화요일,경상북도 포항시 남구 청림동,중상사고,0,1,0,0,차대차 - 측면충돌,신호위반,건조,맑음,단일로 - 기타,승용,남,69세,상해없음,이륜,남,28세,중상
2023102400100438,2023년 10월 24일 17시,화요일,경상북도 경주시 양남면,중상사고,0,1,0,0,차대차 - 측면충돌,중앙선침범,건조,맑음,단일로 - 기타,승용,남,66세,상해없음,승용,남,69세,중상
2023102400100439,2023년 10월 24일 17시,화요일,경상북도 영주시 가흥동,경상사고,0,0,1,0,차대차 - 측면충돌,안전운전불이행,건조,맑음,교차로 - 교차로부근,승용,남,61세,상해없음,승용,남,70세,경상
2023102400100440,2023년 10월 24일 17시,화요일,경상북도 칠곡군 석적읍,경상사고,0,0,1,1,차대차 - 기타,안전운전불이행,건조,맑음,단일로 - 기타,승용,남,37세,경상,승합,남,56세,부상신고
2023102400100496,2023년 10월 24일 18시,화요일,경상북도 포항시 북구 흥해읍,경상사고,0,0,2,0,차대차 - 측면충돌,안전운전불이행,건조,맑음,교차로 - 교차로안,승용,여,62세,상해없음,승용,남,21세,경상
2023102400100497,2023년 10월 24일 18시,화요일,경상북도 영주시 하망동,경상사고,0,0,1,0,차대차 - 측면충돌,직진우회전진행방해,건조,맑음,교차로 - 교차로안,승용,남,67세,기타불명,승용,여,31세,경상
2023102400100498,2023년 10월 24일 18시,화요일,경상북도 경산시 중방동,경상사고,0,0,1,0,차대차 - 기타,안전거리미확보,건조,흐림,교차로 - 교차로부근,승용,여,58세,상해없음,승합,남,53세,경상
2023102400100599,2023년 10월 24일 21시,화요일,경상북도 경산시 사동,경상사고,0,0,1,0,차대사람 - 기타,안전운전불이행,건조,맑음,단일로 - 기타,승용,남,62세,상해없음,보행자,여,17세,경상
2023102400100621,2023년 10월 24일 22시,화요일,경상북도 경주시 보문동,부상신고사고,0,0,0,1,차량단독 - 기타,안전운전불이행,건조,맑음,단일로 - 기타,이륜,남,66세,부상신고,,,,
2023102500100076,2023년 10월 25일 08시,수요일,경상북도 칠곡군 지천면,경상사고,0,0,2,0,차대차 - 추돌,안전운전불이행,건조,맑음,단일로 - 기타,승합,남,71세,상해없음,승용,여,64세,경상
2023102500100121,2023년 10월 25일 09시,수요일,경상북도 성주군 선남면,중상사고,0,1,0,0,차대차 - 기타,안전운전불이행,건조,맑음,단일로 - 기타,승용,남,74세,상해없음,이륜,남,61세,중상
2023102500100151,2023년 10월 25일 10시,수요일,경상북도 경산시 중방동,경상사고,0,0,2,0,차대차 - 측면충돌,직진우회전진행방해,건조,맑음,교차로 - 교차로안,이륜,남,29세,경상,화물,남,56세,경상
2023102500100184,2023년 10월 25일 11시,수요일,경상북도 포항시 북구 우현동,중상사고,0,2,1,0,차대차 - 정면충돌,안전운전불이행,건조,맑음,교차로 - 교차로부근,승용,남,29세,상해없음,승용,남,72세,경상
2023102500100185,2023년 10월 25일 11시,수요일,경상북도 안동시 태화동,경상사고,0,0,1,0,차대차 - 기타,안전운전불이행,건조,맑음,교차로 - 교차로안,자전거,남,88세,경상,승합,남,55세,상해없음
2023102500100186,2023년 10월 25일 11시,수요일,경상북도 영천시 청통면,중상사고,0,1,0,0,차대차 - 정면충돌,안전운전불이행,건조,맑음,교차로 - 교차로안,승용,남,67세,상해없음,농기계,남,64세,중상
2023102500100250,2023년 10월 25일 13시,수요일,경상북도 경주시 황남동,경상사고,0,0,1,0,차대사람 - 기타,안전운전불이행,건조,맑음,단일로 - 기타,승용,여,41세,상해없음,보행자,남,32세,경상
2023102500100251,2023년 10월 25일 13시,수요일,경상북도 김천시 황금동,중상사고,0,1,0,0,차대사람 - 횡단중,보행자보호의무위반,건조,맑음,단일로 - 기타,승합,남,71세,상해없음,보행자,여,70세,중상
2023102500100253,2023년 10월 25일 13시,수요일,경상북도 포항시 남구 대송면,중상사고,0,1,3,0,차대차 - 측면충돌,신호위반,건조,맑음,단일로 - 기타,특수,남,62세,상해없음,승용,남,36세,경상
2023102500100282,2023년 10월 25일 14시,수요일,경상북도 김천시 양천동,경상사고,0,0,2,0,차대차 - 측면충돌,안전거리미확보,건조,맑음,교차로 - 교차로부근,화물,남,63세,상해없음,화물,남,40세,경상
2023102500100283,2023년 10월 25일 14시,수요일,경상북도 김천시 덕곡동,중상사고,0,1,1,0,차대차 - 추돌,안전운전불이행,건조,맑음,단일로 - 기타,승용,여,47세,중상,승용,여,25세,경상
2023102500100316,2023년 10월 25일 15시,수요일,경상북도 포항시 북구 흥해읍,경상사고,0,0,2,1,차대차 - 측면충돌,기타,건조,맑음,교차로 - 교차로안,승용,여,49세,경상,승용,여,27세,경상
2023102500100317,2023년 10월 25일 15시,수요일,경상북도 고령군 대가야읍,경상사고,0,0,1,0,차대차 - 측면충돌,안전운전불이행,건조,맑음,교차로 - 교차로안,승용,남,58세,상해없음,이륜,남,73세,경상
2023102500100352,2023년 10월 25일 16시,수요일,경상북도 상주시 은척면,경상사고,0,0,1,0,차량단독 - 도로외이탈 - 추락,안전운전불이행,건조,맑음,단일로 - 기타,화물,남,69세,경상,,,,
2023102500100397,2023년 10월 25일 17시,수요일,경상북도 포항시 북구 덕수동,경상사고,0,0,2,0,차대차 - 측면충돌,안전운전불이행,건조,맑음,교차로 - 교차로안,승용,남,73세,상해없음,승용,남,31세,경상
2023102500100398,2023년 10월 25일 17시,수요일,경상북도 포항시 북구 장성동,중상사고,0,1,0,0,차대차 - 기타,신호위반,건조,맑음,교차로 - 교차로안,이륜,남,62세,중상,승용,남,58세,상해없음
2023102500100399,2023년 10월 25일 17시,수요일,경상북도 안동시 평화동,경상사고,0,0,1,0,차대차 - 추돌,안전운전불이행,건조,맑음,교차로 - 교차로부근,승용,남,57세,상해없음,승용,여,42세,경상
2023102500100400,2023년 10월 25일 17시,수요일,경상북도 상주시 무양동,경상사고,0,0,1,0,차대차 - 후진중충돌,안전운전불이행,건조,맑음,단일로 - 교량,승용,여,74세,상해없음,승용,여,39세,경상
2023102500100458,2023년 10월 25일 18시,수요일,경상북도 김천시 신음동,경상사고,0,0,1,0,차대차 - 측면충돌,안전거리미확보,건조,맑음,단일로 - 기타,승용,남,68세,상해없음,승용,여,43세,경상
2023102500100459,2023년 10월 25일 18시,수요일,경상북도 영천시 망정동,경상사고,0,0,1,0,차대차 - 측면충돌,안전운전불이행,건조,맑음,단일로 - 기타,승용,여,55세,상해없음,승용,여,51세,경상
2023102500100460,2023년 10월 25일 18시,수요일,경상북도 포항시 남구 지곡동,경상사고,0,0,1,0,차대사람 - 횡단중,신호위반,건조,맑음,교차로 - 교차로횡단보도내,승용,남,50세,상해없음,보행자,여,26세,경상
2023102500100461,2023년 10월 25일 18시,수요일,경상북도 포항시 남구 동촌동,경상사고,0,0,3,0,차대차 - 추돌,기타,건조,맑음,단일로 - 기타,승용,남,59세,기타불명,승용,남,45세,경상
2023102500100509,2023년 10월 25일 19시,수요일,경상북도 경주시 외동읍,경상사고,0,0,1,0,차대차 - 측면충돌,안전운전불이행,건조,맑음,교차로 - 교차로부근,특수,남,61세,상해없음,승용,여,52세,경상
2023102500100510,2023년 10월 25일 19시,수요일,경상북도 김천시 부곡동,부상신고사고,0,0,0,1,차대사람 - 기타,안전운전불이행,건조,맑음,단일로 - 기타,승합,남,65세,상해없음,보행자,여,65세,부상신고
2023102500100540,2023년 10월 25일 20시,수요일,경상북도 경주시 용강동,부상신고사고,0,0,0,1,차대사람 - 기타,기타,건조,맑음,단일로 - 기타,승합,남,63세,상해없음,보행자,여,77세,부상신고
2023102500100558,2023년 10월 25일 21시,수요일,경상북도 경주시 황성동,중상사고,0,1,0,0,차대사람 - 기타,안전운전불이행,건조,맑음,주차장 - 주차장,승합,남,58세,상해없음,보행자,남,63세,중상
2023102500100559,2023년 10월 25일 21시,수요일,경상북도 영주시 장수면,경상사고,0,0,1,0,차대차 - 측면충돌,기타,건조,맑음,단일로 - 교량,승용,남,47세,상해없음,화물,남,64세,경상
2023102500100560,2023년 10월 25일 21시,수요일,경상북도 포항시 남구 효자동,경상사고,0,0,1,0,차대사람 - 횡단중,보행자보호의무위반,건조,맑음,단일로 - 기타,승용,남,26세,상해없음,보행자,여,38세,경상
2023102600100065,2023년 10월 26일 07시,목요일,경상북도 경산시 와촌면,중상사고,0,1,0,0,차대차 - 기타,중앙선침범,건조,맑음,단일로 - 기타,승용,남,45세,상해없음,승용,여,34세,중상
2023102600100092,2023년 10월 26일 08시,목요일,경상북도 포항시 북구 장성동,경상사고,0,0,1,0,차대차 - 측면충돌,안전운전불이행,건조,맑음,교차로 - 교차로안,승용,남,70세,상해없음,승용,남,27세,경상
2023102600100093,2023년 10월 26일 08시,목요일,경상북도 성주군 성주읍,경상사고,0,0,2,0,차대차 - 기타,안전운전불이행,건조,맑음,교차로 - 교차로부근,화물,남,43세,경상,이륜,남,25세,상해없음
2023102600100094,2023년 10월 26일 08시,목요일,경상북도 구미시 봉곡동,경상사고,0,0,1,0,차대차 - 정면충돌,신호위반,건조,맑음,교차로 - 교차로안,승용,여,49세,상해없음,승용,남,39세,경상
2023102600100125,2023년 10월 26일 09시,목요일,경상북도 청도군 청도읍,경상사고,0,0,1,0,차대차 - 측면충돌,안전운전불이행,젖음/습기,안개,교차로 - 교차로안,화물,남,45세,상해없음,승용,남,50세,경상
2023102600100126,2023년 10월 26일 09시,목요일,경상북도 청송군 진보면,사망사고,1,0,0,0,차대사람 - 횡단중,안전운전불이행,젖음/습기,안개,단일로 - 기타,화물,남,60세,상해없음,보행자,남,84세,사망
2023102600100193,2023년 10월 26일 11시,목요일,경상북도 안동시 일직면,경상사고,0,0,1,1,차대차 - 기타,안전운전불이행,건조,맑음,단일로 - 기타,승용,남,58세,부상신고,승용,여,30세,경상
2023102600100194,2023년 10월 26일 11시,목요일,경상북도 칠곡군 왜관읍,중상사고,0,1,0,0,차대사람 - 기타,안전운전불이행,건조,맑음,단일로 - 지하차도(도로)내,승용,남,58세,상해없음,보행자,남,65세,중상
2023102600100221,2023년 10월 26일 12시,목요일,경상북도 포항시 북구 우현동,경상사고,0,0,1,0,차대사람 - 기타,안전운전불이행,건조,맑음,단일로 - 기타,기타불명,기타불명,미분류,기타불명,보행자,남,71세,경상
2023102600100256,2023년 10월 26일 13시,목요일,경상북도 경산시 하양읍,중상사고,0,1,0,0,차대차 - 정면충돌,안전운전불이행,건조,맑음,단일로 - 기타,화물,남,58세,상해없음,자전거,남,66세,중상
2023102600100257,2023년 10월 26일 13시,목요일,경상북도 경산시 중방동,중상사고,0,1,0,0,차대사람 - 횡단중,보행자보호의무위반,건조,맑음,교차로 - 교차로횡단보도내,승용,여,36세,상해없음,보행자,여,73세,중상
2023102600100283,2023년 10월 26일 14시,목요일,경상북도 영주시 가흥동,중상사고,0,2,0,0,차대차 - 측면충돌,직진우회전진행방해,건조,맑음,교차로 - 교차로안,승용,남,23세,기타불명,승용,여,47세,중상
2023102600100284,2023년 10월 26일 14시,목요일,경상북도 문경시 모전동,경상사고,0,0,1,0,차대차 - 기타,직진우회전진행방해,건조,맑음,교차로 - 교차로안,승용,여,33세,상해없음,승용,여,26세,경상
2023102600100285,2023년 10월 26일 14시,목요일,경상북도 포항시 남구 지곡동,중상사고,0,1,0,0,차대차 - 기타,안전운전불이행,건조,맑음,교차로 - 교차로횡단보도내,승용,남,26세,상해없음,개인형이동수단(PM),남,18세,중상