사고번호,사고일시,요일,시군구,사고내용,사망자수,중상자수,경상자수,부상신고자수,사고유형,법규위반,노면상태,기상상태,도로형태,가해운전자 차종,가해운전자 성별,가해운전자 연령,가해운전자 상해정도,피해운전자 차종,피해운전자 성별,피해운전자 연령,피해운전자 상해정도
2023102600100320,2023년 10월 26일 15시,목요일,경상북도 포항시 북구 대흥동,경상사고,0,0,8,0,차대차 - 측면충돌,안전운전불이행,건조,맑음,단일로 - 기타,승용,남,66세,상해없음,승용,남,57세,경상
2023102600100321,2023년 10월 26일 15시,목요일,경상북도 영주시 가흥동,경상사고,0,0,1,0,차대차 - 측면충돌,안전운전불이행,건조,맑음,교차로 - 교차로안,자전거,여,56세,경상,화물,남,48세,상해없음
2023102600100322,2023년 10월 26일 15시,목요일,경상북도 영천시 북안면,경상사고,0,0,1,0,차대사람 - 기타,안전운전불이행,건조,맑음,주차장 - 주차장,승용,남,75세,상해없음,보행자,남,68세,경상
2023102600100323,2023년 10월 26일 15시,목요일,경상북도 경산시 진량읍,경상사고,0,0,1,0,차대차 - 기타,안전거리미확보,건조,맑음,교차로 - 교차로부근,승용,남,56세,상해없음,승합,남,55세,상해없음
2023102600100324,2023년 10월 26일 15시,목요일,경상북도 봉화군 명호면,경상사고,0,0,2,0,차대차 - 측면충돌,중앙선침범,건조,맑음,기타 - 기타,화물,남,81세,상해없음,승용,여,71세,경상
2023102600100355,2023년 10월 26일 16시,목요일,경상북도 포항시 남구 이동,경상사고,0,0,1,1,차대차 - 측면충돌,안전거리미확보,건조,맑음,교차로 - 교차로부근,승합,남,54세,부상신고,승용,여,48세,경상
2023102600100412,2023년 10월 26일 17시,목요일,경상북도 경주시 황성동,경상사고,0,0,1,0,차대차 - 측면충돌,안전거리미확보,건조,맑음,교차로 - 교차로부근,승용,남,67세,상해없음,승용,남,31세,경상
2023102600100488,2023년 10월 26일 18시,목요일,경상북도 김천시 부곡동,중상사고,0,1,0,0,차대차 - 측면충돌,안전운전불이행,건조,맑음,교차로 - 교차로횡단보도내,화물,남,39세,상해없음,자전거,남,66세,중상
2023102600100489,2023년 10월 26일 18시,목요일,경상북도 포항시 남구 대도동,경상사고,0,0,1,0,차대차 - 측면충돌,안전거리미확보,건조,맑음,교차로 - 교차로안,이륜,남,82세,경상,승용,여,60세,상해없음
2023102600100533,2023년 10월 26일 19시,목요일,경상북도 김천시 성내동,경상사고,0,0,1,0,차대차 - 측면충돌,교차로운행방법위반,건조,맑음,교차로 - 교차로안,승용,남,58세,상해없음,자전거,남,70세,경상
2023102600100534,2023년 10월 26일 19시,목요일,경상북도 구미시 산동읍,중상사고,0,1,0,0,차대사람 - 차도통행중,안전운전불이행,건조,기타,교차로 - 교차로부근,승용,남,51세,상해없음,보행자,여,61세,중상
2023102600100535,2023년 10월 26일 19시,목요일,경상북도 포항시 남구 송내동,경상사고,0,0,6,0,차대차 - 측면충돌,안전거리미확보,건조,맑음,단일로 - 교량,승용,남,69세,경상,승용,남,59세,경상
2023102600100583,2023년 10월 26일 21시,목요일,경상북도 포항시 남구 연일읍,경상사고,0,0,3,0,차대차 - 측면충돌,직진우회전진행방해,건조,맑음,교차로 - 교차로안,승용,남,26세,경상,승용,여,67세,경상
2023102600100610,2023년 10월 26일 23시,목요일,경상북도 경산시 신교동,중상사고,0,1,0,0,차대차 - 측면충돌,기타,건조,맑음,교차로 - 교차로안,승용,여,40세,상해없음,이륜,남,31세,중상
2023102600100611,2023년 10월 26일 23시,목요일,경상북도 경산시 중산동,중상사고,0,1,0,0,차량단독 - 기타,안전운전불이행,건조,맑음,교차로 - 교차로부근,승용,남,53세,상해없음,,,,
2023102700100008,2023년 10월 27일 00시,금요일,경상북도 영주시 가흥동,사망사고,1,0,0,0,차대사람 - 차도통행중,기타,젖음/습기,맑음,교차로 - 교차로부근,승용,남,18세,상해없음,보행자,남,38세,사망
2023102700100055,2023년 10월 27일 06시,금요일,경상북도 안동시 태화동,중상사고,0,1,0,0,차대사람 - 기타,안전운전불이행,건조,맑음,교차로 - 교차로부근,승용,남,69세,상해없음,보행자,여,75세,중상
2023102700100056,2023년 10월 27일 06시,금요일,경상북도 영천시 화남면,경상사고,0,0,2,0,차대차 - 정면충돌,중앙선침범,건조,맑음,단일로 - 기타,화물,남,77세,상해없음,화물,남,68세,경상
2023102700100068,2023년 10월 27일 07시,금요일,경상북도 포항시 북구 죽도동,중상사고,0,1,0,0,차대차 - 기타,교차로운행방법위반,건조,맑음,교차로 - 교차로안,승합,남,56세,상해없음,이륜,남,35세,중상
2023102700100103,2023년 10월 27일 08시,금요일,경상북도 예천군 호명면,중상사고,0,1,0,0,차대사람 - 기타,안전운전불이행,건조,맑음,단일로 - 기타,승용,남,38세,상해없음,보행자,남,12세,중상
2023102700100104,2023년 10월 27일 08시,금요일,경상북도 경산시 계양동,경상사고,0,0,2,0,차대차 - 측면충돌,안전거리미확보,건조,맑음,단일로 - 기타,승용,남,75세,경상,승합,남,43세,경상
2023102700100145,2023년 10월 27일 09시,금요일,경상북도 포항시 북구 죽도동,경상사고,0,0,1,0,차대차 - 측면충돌,안전운전불이행,건조,맑음,단일로 - 기타,승용,남,63세,상해없음,승용,남,38세,경상
2023102700100146,2023년 10월 27일 09시,금요일,경상북도 경산시 진량읍,경상사고,0,0,1,0,차대차 - 추돌,안전운전불이행,건조,맑음,교차로 - 교차로부근,승용,남,58세,상해없음,승용,여,62세,경상
2023102700100178,2023년 10월 27일 10시,금요일,경상북도 의성군 사곡면,중상사고,0,1,0,0,차대사람 - 차도통행중,안전운전불이행,건조,맑음,단일로 - 기타,화물,남,73세,상해없음,보행자,여,76세,중상
2023102700100207,2023년 10월 27일 11시,금요일,경상북도 예천군 풍양면,경상사고,0,0,1,0,차대차 - 정면충돌,안전운전불이행,건조,맑음,교차로 - 교차로안,승용,여,70세,상해없음,승용,여,53세,경상
2023102700100208,2023년 10월 27일 11시,금요일,경상북도 칠곡군 왜관읍,경상사고,0,0,2,0,차대차 - 추돌,안전운전불이행,건조,맑음,단일로 - 기타,특수,남,65세,상해없음,승용,남,34세,경상
2023102700100235,2023년 10월 27일 12시,금요일,경상북도 칠곡군 왜관읍,경상사고,0,0,1,0,차대차 - 기타,안전거리미확보,건조,맑음,단일로 - 기타,화물,남,25세,상해없음,화물,남,26세,경상
2023102700100236,2023년 10월 27일 12시,금요일,경상북도 성주군 가천면,경상사고,0,0,1,0,차량단독 - 기타,안전운전불이행,건조,맑음,단일로 - 기타,원동기,남,82세,경상,,,,
2023102700100273,2023년 10월 27일 13시,금요일,경상북도 칠곡군 북삼읍,경상사고,0,0,1,0,차대차 - 측면충돌,안전운전불이행,건조,맑음,교차로 - 교차로부근,승용,남,68세,상해없음,승용,남,29세,경상
2023102700100274,2023년 10월 27일 13시,금요일,경상북도 영덕군 강구면,경상사고,0,0,1,0,차대차 - 추돌,안전운전불이행,건조,맑음,단일로 - 기타,승용,여,73세,상해없음,자전거,남,39세,경상
2023102700100299,2023년 10월 27일 14시,금요일,경상북도 의성군 안계면,중상사고,0,1,0,0,차대차 - 측면충돌,신호위반,건조,맑음,교차로 - 교차로안,이륜,남,80세,중상,승용,남,49세,상해없음
2023102700100330,2023년 10월 27일 15시,금요일,경상북도 상주시 공성면,부상신고사고,0,0,0,1,차대사람 - 횡단중,안전운전불이행,건조,맑음,단일로 - 기타,승용,남,64세,상해없음,보행자,여,85세,부상신고
2023102700100376,2023년 10월 27일 16시,금요일,경상북도 포항시 북구 덕수동,경상사고,0,0,1,0,차대차 - 기타,안전거리미확보,건조,맑음,교차로 - 교차로부근,화물,남,47세,경상,승용,남,64세,상해없음
2023102700100377,2023년 10월 27일 16시,금요일,경상북도 포항시 남구 장흥동,경상사고,0,0,4,0,차대차 - 측면충돌,중앙선침범,건조,맑음,단일로 - 기타,승용,여,56세,상해없음,승용,여,52세,경상
2023102700100421,2023년 10월 27일 17시,금요일,경상북도 김천시 구성면,중상사고,0,1,2,0,차대차 - 측면충돌,신호위반,건조,맑음,교차로 - 교차로안,승용,여,65세,상해없음,승합,남,66세,경상
2023102700100422,2023년 10월 27일 17시,금요일,경상북도 울진군 후포면,중상사고,0,1,0,0,차대차 - 측면충돌,신호위반,건조,맑음,교차로 - 교차로안,이륜,남,15세,상해없음,승용,남,63세,상해없음
2023102700100484,2023년 10월 27일 18시,금요일,경상북도 포항시 북구 흥해읍,경상사고,0,0,2,0,차대차 - 추돌,안전거리미확보,건조,맑음,단일로 - 기타,승용,여,29세,상해없음,승용,남,58세,경상
2023102700100582,2023년 10월 27일 20시,금요일,경상북도 경주시 건천읍,중상사고,0,1,0,0,차대차 - 측면충돌,신호위반,건조,맑음,교차로 - 교차로안,승용,남,71세,상해없음,승용,남,58세,중상
2023102700100612,2023년 10월 27일 21시,금요일,경상북도 경산시 조영동,경상사고,0,0,1,0,차대차 - 측면충돌,안전운전불이행,건조,맑음,교차로 - 교차로안,승용,남,38세,상해없음,승용,여,32세,경상
2023102700100639,2023년 10월 27일 22시,금요일,경상북도 경주시 황성동,중상사고,0,2,0,0,차대사람 - 기타,안전운전불이행,건조,맑음,교차로 - 교차로부근,승용,남,73세,상해없음,보행자,여,53세,중상
2023102700100654,2023년 10월 27일 23시,금요일,경상북도 포항시 북구 장성동,경상사고,0,0,2,0,차대차 - 측면충돌,신호위반,건조,맑음,교차로 - 교차로안,승용,남,43세,상해없음,승용,남,61세,경상
2023102800100012,2023년 10월 28일 00시,토요일,경상북도 영덕군 영덕읍,경상사고,0,0,1,0,차량단독 - 전도전복 - 전도,안전운전불이행,건조,맑음,단일로 - 기타,이륜,남,18세,경상,,,,
2023102800100013,2023년 10월 28일 00시,토요일,경상북도 구미시 봉곡동,중상사고,0,1,0,0,차대사람 - 횡단중,안전운전불이행,건조,흐림,단일로 - 기타,승용,남,50세,기타불명,보행자,남,27세,중상
2023102800100030,2023년 10월 28일 01시,토요일,경상북도 경산시 진량읍,경상사고,0,0,3,0,차대사람 - 기타,안전운전불이행,건조,맑음,단일로 - 기타,승용,여,50세,상해없음,보행자,남,20세,경상
2023102800100063,2023년 10월 28일 05시,토요일,경상북도 경주시 건천읍,중상사고,0,1,3,0,차대차 - 추돌,안전운전불이행,건조,맑음,단일로 - 기타,승용,남,41세,상해없음,화물,남,44세,경상
2023102800100076,2023년 10월 28일 06시,토요일,경상북도 구미시 오태동,경상사고,0,0,1,0,차대차 - 추돌,안전운전불이행,건조,맑음,단일로 - 기타,승용,남,56세,상해없음,화물,남,41세,경상
2023102800100094,2023년 10월 28일 07시,토요일,경상북도 경주시 현곡면,경상사고,0,0,1,0,차대차 - 정면충돌,중앙선침범,건조,맑음,단일로 - 기타,승용,남,68세,상해없음,승용,남,52세,경상
2023102800100095,2023년 10월 28일 07시,토요일,경상북도 포항시 북구 학산동,경상사고,0,0,2,0,차대차 - 측면충돌,안전거리미확보,건조,맑음,교차로 - 교차로부근,승용,남,71세,상해없음,승용,남,33세,경상
2023102800100116,2023년 10월 28일 08시,토요일,경상북도 포항시 북구 죽장면,중상사고,0,1,0,0,차대사람 - 기타,안전운전불이행,건조,맑음,단일로 - 기타,화물,남,63세,상해없음,보행자,여,82세,중상
2023102800100117,2023년 10월 28일 08시,토요일,경상북도 문경시 산양면,경상사고,0,0,1,0,차대차 - 정면충돌,안전운전불이행,건조,맑음,교차로 - 교차로안,화물,남,21세,상해없음,이륜,남,83세,경상
2023102800100143,2023년 10월 28일 09시,토요일,경상북도 문경시 마성면,경상사고,0,0,2,0,차대차 - 측면충돌,안전운전불이행,건조,맑음,교차로 - 교차로안,승용,남,65세,경상,승용,남,35세,경상
2023102800100144,2023년 10월 28일 09시,토요일,경상북도 문경시 문경읍,중상사고,0,2,0,0,차대차 - 정면충돌,중앙선침범,건조,맑음,교차로 - 교차로부근,화물,남,63세,기타불명,승용,남,54세,중상
2023102800100173,2023년 10월 28일 10시,토요일,경상북도 예천군 효자면,중상사고,0,2,0,0,차대차 - 추돌,안전운전불이행,건조,맑음,단일로 - 기타,자전거,남,41세,중상,자전거,여,35세,중상
2023102800100204,2023년 10월 28일 11시,토요일,경상북도 상주시 화동면,경상사고,0,0,2,0,차대차 - 후진중충돌,안전운전불이행,건조,맑음,단일로 - 지하차도(도로)내,화물,남,67세,상해없음,승용,남,60세,상해없음
2023102800100205,2023년 10월 28일 11시,토요일,경상북도 문경시 흥덕동,경상사고,0,0,1,0,차대사람 - 길가장자리구역통행중,안전운전불이행,건조,맑음,기타 - 기타,승용,여,62세,상해없음,보행자,여,69세,경상
2023102800100206,2023년 10월 28일 11시,토요일,경상북도 경산시 압량읍,경상사고,0,0,1,0,차대사람 - 보도통행중,기타,건조,맑음,단일로 - 기타,자전거,남,73세,상해없음,보행자,여,68세,경상
2023102800100248,2023년 10월 28일 12시,토요일,경상북도 경주시 사정동,경상사고,0,0,4,0,차대차 - 추돌,안전운전불이행,건조,맑음,단일로 - 지하차도(도로)내,승용,여,38세,상해없음,승용,남,54세,경상
2023102800100249,2023년 10월 28일 12시,토요일,경상북도 상주시 초산동,중상사고,0,1,0,0,차대차 - 측면충돌,안전거리미확보,건조,맑음,단일로 - 기타,승용,남,29세,상해없음,이륜,남,55세,중상
2023102800100250,2023년 10월 28일 12시,토요일,경상북도 포항시 남구 대도동,경상사고,0,0,1,0,차대차 - 기타,안전운전불이행,건조,맑음,단일로 - 기타,화물,남,47세,상해없음,승용,남,28세,경상
2023102800100293,2023년 10월 28일 13시,토요일,경상북도 포항시 북구 대흥동,경상사고,0,0,1,0,차대차 - 측면충돌,신호위반,건조,맑음,교차로 - 교차로안,승용,남,43세,상해없음,이륜,남,23세,경상
2023102800100294,2023년 10월 28일 13시,토요일,경상북도 김천시 신음동,경상사고,0,0,2,0,차대차 - 측면충돌,안전운전불이행,건조,맑음,교차로 - 교차로안,승용,여,52세,상해없음,승용,남,44세,경상
2023102800100295,2023년 10월 28일 13시,토요일,경상북도 문경시 동로면,사망사고,1,0,0,0,차량단독 - 기타,안전운전불이행,건조,맑음,단일로 - 기타,화물,남,70세,상해없음,,,,
2023102800100296,2023년 10월 28일 13시,토요일,경상북도 예천군 풍양면,중상사고,0,1,0,0,차대차 - 기타,안전운전불이행,건조,맑음,단일로 - 기타,농기계,남,70세,상해없음,특수,남,31세,기타불명
2023102800100297,2023년 10월 28일 13시,토요일,경상북도 구미시 옥계동,경상사고,0,0,1,0,차대차 - 측면충돌,교차로운행방법위반,건조,맑음,교차로 - 교차로안,화물,남,41세,상해없음,자전거,남,67세,경상
2023102800100298,2023년 10월 28일 13시,토요일,경상북도 포항시 남구 송도동,경상사고,0,0,1,0,차대차 - 측면충돌,안전운전불이행,건조,맑음,단일로 - 지하차도(도로)내,화물,남,57세,상해없음,이륜,남,23세,경상
2023102800100337,2023년 10월 28일 14시,토요일,경상북도 경주시 남산동,경상사고,0,0,2,0,차대차 - 추돌,안전거리미확보,건조,맑음,교차로 - 교차로부근,승용,남,28세,상해없음,승용,남,34세,경상
2023102800100338,2023년 10월 28일 14시,토요일,경상북도 의성군 의성읍,중상사고,0,1,1,0,차대차 - 측면충돌,신호위반,건조,맑음,교차로 - 교차로안,화물,여,69세,중상,승용,남,27세,경상
2023102800100339,2023년 10월 28일 14시,토요일,경상북도 영주시 풍기읍,경상사고,0,0,2,0,차대차 - 기타,안전운전불이행,건조,맑음,단일로 - 기타,이륜,남,31세,상해없음,승용,여,29세,경상
2023102800100340,2023년 10월 28일 14시,토요일,경상북도 칠곡군 북삼읍,중상사고,0,1,0,0,차대차 - 측면충돌,기타,건조,맑음,교차로 - 교차로안,승용,남,62세,상해없음,자전거,남,12세,중상
2023102800100385,2023년 10월 28일 15시,토요일,경상북도 경주시 외동읍,중상사고,0,1,0,1,차량단독 - 도로외이탈 - 추락,안전운전불이행,건조,맑음,교차로 - 교차로안,건설기계,남,65세,부상신고,,,,
2023102800100386,2023년 10월 28일 15시,토요일,경상북도 영양군 입암면,중상사고,0,1,0,0,차대차 - 기타,안전운전불이행,건조,맑음,단일로 - 기타,승용,남,83세,상해없음,화물,남,58세,중상
2023102800100387,2023년 10월 28일 15시,토요일,경상북도 구미시 송정동,경상사고,0,0,1,0,차대차 - 후진중충돌,불법유턴,건조,맑음,교차로 - 교차로안,승용,남,56세,상해없음,승용,남,47세,경상
2023102800100388,2023년 10월 28일 15시,토요일,경상북도 칠곡군 가산면,중상사고,0,1,2,0,차대차 - 추돌,안전운전불이행,건조,맑음,단일로 - 기타,승용,남,25세,상해없음,승용,남,49세,중상
2023102800100426,2023년 10월 28일 16시,토요일,경상북도 김천시 어모면,경상사고,0,0,1,0,차대차 - 측면충돌,안전운전불이행,건조,맑음,단일로 - 기타,화물,남,54세,상해없음,승용,남,50세,경상
2023102800100427,2023년 10월 28일 16시,토요일,경상북도 문경시 공평동,경상사고,0,0,1,0,차대차 - 추돌,안전운전불이행,건조,맑음,교차로 - 교차로부근,특수,남,54세,상해없음,승용,여,56세,경상
2023102800100462,2023년 10월 28일 17시,토요일,경상북도 포항시 북구 죽도동,경상사고,0,0,1,0,차대차 - 측면충돌,안전운전불이행,건조,맑음,기타 - 기타,승용,남,56세,상해없음,이륜,남,23세,경상
2023102800100463,2023년 10월 28일 17시,토요일,경상북도 청도군 각남면,중상사고,0,1,0,0,차량단독 - 전도전복 - 전도,기타,건조,맑음,단일로 - 기타,원동기,남,58세,중상,,,,
2023102800100520,2023년 10월 28일 18시,토요일,경상북도 경주시 인왕동,중상사고,0,1,1,0,차대차 - 측면충돌,중앙선침범,건조,맑음,단일로 - 지하차도(도로)내,승용,여,65세,상해없음,승용,남,66세,경상
2023102800100521,2023년 10월 28일 18시,토요일,경상북도 의성군 비안면,중상사고,0,2,0,0,차대차 - 추돌,안전운전불이행,건조,맑음,단일로 - 기타,화물,남,66세,중상,농기계,남,58세,상해없음
2023102800100522,2023년 10월 28일 18시,토요일,경상북도 구미시 송정동,경상사고,0,0,1,0,차량단독 - 기타,안전운전불이행,건조,맑음,교차로 - 교차로부근,승용,남,72세,기타불명,,,,
2023102800100568,2023년 10월 28일 19시,토요일,경상북도 안동시 풍산읍,경상사고,0,0,4,0,차대차 - 기타,중앙선침범,건조,맑음,단일로 - 기타,승용,여,56세,상해없음,승용,남,48세,경상
2023102800100569,2023년 10월 28일 19시,토요일,경상북도 상주시 초산동,중상사고,0,1,0,0,차대차 - 기타,안전운전불이행,건조,맑음,단일로 - 기타,승합,남,62세,상해없음,자전거,여,52세,중상
2023102800100624,2023년 10월 28일 22시,토요일,경상북도 청도군 화양읍,중상사고,0,1,0,0,차량단독 - 도로외이탈 - 추락,안전운전불이행,건조,맑음,단일로 - 기타,승용,남,57세,상해없음,,,,
2023102900100025,2023년 10월 29일 02시,일요일,경상북도 상주시 가장동,중상사고,0,1,1,0,차대사람 - 횡단중,기타,건조,맑음,교차로 - 교차로부근,승용,남,58세,상해없음,보행자,남,20세,중상
2023102900100046,2023년 10월 29일 05시,일요일,경상북도 포항시 남구 연일읍,중상사고,0,1,0,0,차량단독 - 기타,안전운전불이행,건조,맑음,교차로 - 교차로부근,승용,남,39세,중상,,,,
2023102900100064,2023년 10월 29일 07시,일요일,경상북도 칠곡군 석적읍,경상사고,0,0,1,0,차대차 - 측면충돌,안전운전불이행,건조,맑음,단일로 - 지하차도(도로)내,이륜,남,21세,기타불명,승용,남,42세,경상
2023102900100090,2023년 10월 29일 09시,일요일,경상북도 문경시 문경읍,경상사고,0,0,2,0,차대차 - 측면충돌,안전운전불이행,건조,맑음,기타 - 기타,승용,남,61세,기타불명,승용,남,54세,경상
2023102900100115,2023년 10월 29일 10시,일요일,경상북도 경주시 강동면,경상사고,0,0,1,0,차대차 - 추돌,안전운전불이행,건조,맑음,단일로 - 기타,승용,여,52세,상해없음,승용,남,71세,경상
2023102900100116,2023년 10월 29일 10시,일요일,경상북도 봉화군 춘양면,중상사고,0,1,0,0,차대차 - 측면충돌,기타,건조,맑음,교차로 - 교차로안,승용,남,62세,상해없음,이륜,남,77세,중상
2023102900100143,2023년 10월 29일 11시,일요일,경상북도 안동시 풍산읍,경상사고,0,0,2,3,차대차 - 측면충돌,안전운전불이행,건조,맑음,교차로 - 교차로안,승용,남,61세,부상신고,화물,남,69세,경상
2023102900100168,2023년 10월 29일 12시,일요일,경상북도 의성군 안계면,중상사고,0,1,0,0,차대차 - 기타,직진우회전진행방해,건조,맑음,교차로 - 교차로부근,이륜,남,82세,중상,승용,남,44세,상해없음
2023102900100169,2023년 10월 29일 12시,일요일,경상북도 청도군 운문면,경상사고,0,0,1,0,차대차 - 측면충돌,차로위반,건조,맑음,단일로 - 기타,승용,남,57세,상해없음,승용,여,49세,경상
2023102900100170,2023년 10월 29일 12시,일요일,경상북도 포항시 남구 동해면,경상사고,0,0,5,0,차대차 - 기타,안전운전불이행,건조,맑음,단일로 - 기타,승용,남,60세,상해없음,승용,남,75세,경상
2023102900100209,2023년 10월 29일 13시,일요일,경상북도 구미시 원평동,경상사고,0,0,2,0,차대차 - 추돌,안전거리미확보,건조,맑음,단일로 - 기타,승용,여,50세,상해없음,승용,여,54세,경상
2023102900100252,2023년 10월 29일 14시,일요일,경상북도 경주시 안강읍,중상사고,0,1,0,0,차대사람 - 보도통행중,안전운전불이행,건조,맑음,단일로 - 기타,승용,남,75세,상해없음,보행자,여,80세,중상
2023102900100253,2023년 10월 29일 14시,일요일,경상북도 포항시 북구 환호동,경상사고,0,0,2,0,차대차 - 측면충돌,안전거리미확보,건조,맑음,단일로 - 기타,개인형이동수단(PM),여,14세,경상,승용,여,53세,상해없음
2023102900100254,2023년 10월 29일 14시,일요일,경상북도 고령군 대가야읍,경상사고,0,0,2,0,차대차 - 정면충돌,중앙선침범,건조,맑음,교차로 - 교차로횡단보도내,원동기,남,80세,기타불명,승용,여,40세,경상
2023102900100255,2023년 10월 29일 14시,일요일,경상북도 구미시 형곡동,경상사고,0,0,6,0,차대차 - 측면충돌,신호위반,건조,맑음,교차로 - 교차로안,승용,남,36세,상해없음,승합,남,65세,상해없음
2023102900100256,2023년 10월 29일 14시,일요일,경상북도 문경시 불정동,경상사고,0,0,1,1,차대차 - 추돌,안전거리미확보,건조,맑음,단일로 - 기타,승용,남,58세,상해없음,승용,남,60세,경상
2023102900100290,2023년 10월 29일 15시,일요일,경상북도 포항시 북구 죽도동,중상사고,0,1,0,0,차대차 - 측면충돌,신호위반,건조,맑음,교차로 - 교차로안,이륜,남,83세,중상,승용,남,76세,상해없음
2023102900100291,2023년 10월 29일 15시,일요일,경상북도 안동시 풍산읍,경상사고,0,0,2,0,차량단독 - 공작물충돌,안전운전불이행,건조,맑음,기타 - 기타,승용,남,35세,경상,,,,
2023102900100292,2023년 10월 29일 15시,일요일,경상북도 포항시 남구 구룡포읍,경상사고,0,0,2,0,차대차 - 측면충돌,직진우회전진행방해,건조,맑음,교차로 - 교차로안,승용,남,44세,경상,승용,남,58세,경상
2023102900100330,2023년 10월 29일 16시,일요일,경상북도 안동시 정상동,중상사고,0,3,4,1,차대차 - 측면충돌,안전운전불이행,건조,맑음,교차로 - 교차로안,화물,남,22세,부상신고,승용,남,78세,중상
2023102900100331,2023년 10월 29일 16시,일요일,경상북도 경산시 와촌면,경상사고,0,0,3,0,차대차 - 추돌,안전운전불이행,건조,맑음,단일로 - 기타,화물,남,32세,상해없음,승용,여,53세,경상
2023102900100332,2023년 10월 29일 16시,일요일,경상북도 예천군 예천읍,경상사고,0,0,1,0,차대차 - 측면충돌,안전운전불이행,건조,맑음,단일로 - 기타,이륜,남,17세,경상,승용,여,81세,상해없음
2023102900100363,2023년 10월 29일 17시,일요일,경상북도 구미시 산동읍,경상사고,0,0,2,0,차대차 - 정면충돌,중앙선침범,건조,맑음,단일로 - 기타,승용,남,26세,경상,승합,남,41세,경상
2023102900100404,2023년 10월 29일 18시,일요일,경상북도 포항시 남구 연일읍,경상사고,0,0,1,0,차대사람 - 기타,안전운전불이행,건조,맑음,단일로 - 기타,승용,남,67세,상해없음,보행자,남,14세,경상
2023102900100436,2023년 10월 29일 19시,일요일,경상북도 칠곡군 석적읍,부상신고사고,0,0,0,1,차대차 - 기타,안전운전불이행,건조,맑음,단일로 - 기타,승용,여,36세,상해없음,이륜,남,36세,부상신고
2023102900100437,2023년 10월 29일 19시,일요일,경상북도 의성군 봉양면,경상사고,0,0,2,0,차대차 - 추돌,안전운전불이행,건조,맑음,단일로 - 기타,승용,남,28세,상해없음,승용,여,61세,경상
2023103000100020,2023년 10월 30일 04시,월요일,경상북도 칠곡군 석적읍,경상사고,0,0,1,0,차대차 - 후진중충돌,안전운전불이행,건조,맑음,단일로 - 기타,승용,남,38세,상해없음,승용,남,30세,경상
2023103000100102,2023년 10월 30일 08시,월요일,경상북도 포항시 남구 대잠동,경상사고,0,0,1,0,차대차 - 측면충돌,신호위반,건조,맑음,교차로 - 교차로안,이륜,남,28세,상해없음,승용,여,29세,경상
2023103000100133,2023년 10월 30일 09시,월요일,경상북도 안동시 북문동,경상사고,0,0,1,2,차대차 - 기타,교차로운행방법위반,건조,맑음,교차로 - 교차로안,승합,남,34세,상해없음,승용,여,59세,경상
2023103000100134,2023년 10월 30일 09시,월요일,경상북도 김천시 신음동,중상사고,0,1,0,0,차량단독 - 전도전복 - 전도,안전운전불이행,건조,맑음,교차로 - 교차로안,이륜,여,67세,중상,,,,
2023103000100135,2023년 10월 30일 09시,월요일,경상북도 칠곡군 동명면,중상사고,0,1,3,0,차대차 - 기타,기타,건조,맑음,단일로 - 기타,승용,여,37세,경상,승용,여,55세,경상
2023103000100136,2023년 10월 30일 09시,월요일,경상북도 칠곡군 북삼읍,경상사고,0,0,1,0,차대차 - 측면충돌,안전거리미확보,건조,맑음,교차로 - 교차로부근,승용,여,54세,상해없음,승용,남,49세,경상
2023103000100202,2023년 10월 30일 11시,월요일,경상북도 경산시 중방동,경상사고,0,0,1,0,차대차 - 기타,신호위반,건조,맑음,교차로 - 교차로부근,화물,남,52세,상해없음,승용,남,31세,경상
2023103000100203,2023년 10월 30일 11시,월요일,경상북도 예천군 예천읍,중상사고,0,1,0,0,차대차 - 측면충돌,안전운전불이행,건조,맑음,교차로 - 교차로안,승용,여,46세,상해없음,이륜,여,68세,중상
2023103000100229,2023년 10월 30일 12시,월요일,경상북도 포항시 남구 대도동,중상사고,0,1,0,0,차대차 - 기타,안전운전불이행,건조,맑음,단일로 - 기타,화물,남,71세,기타불명,이륜,남,28세,중상
2023103000100259,2023년 10월 30일 13시,월요일,경상북도 영주시 영주동,경상사고,0,0,1,0,차대사람 - 기타,보행자보호의무위반,건조,맑음,교차로 - 교차로안,화물,여,73세,상해없음,보행자,남,81세,경상
2023103000100260,2023년 10월 30일 13시,월요일,경상북도 영덕군 영덕읍,경상사고,0,0,1,1,차대차 - 측면충돌,안전운전불이행,건조,맑음,교차로 - 교차로부근,승용,남,79세,부상신고,승용,여,59세,경상
2023103000100261,2023년 10월 30일 13시,월요일,경상북도 구미시 구평동,경상사고,0,0,3,1,차대차 - 측면충돌,교차로운행방법위반,건조,맑음,교차로 - 교차로안,화물,남,80세,부상신고,승용,여,55세,경상
2023103000100296,2023년 10월 30일 14시,월요일,경상북도 청도군 각북면,경상사고,0,0,1,0,차대차 - 측면충돌,중앙선침범,건조,맑음,교차로 - 교차로안,승용,여,76세,상해없음,농기계,남,62세,경상
2023103000100343,2023년 10월 30일 15시,월요일,경상북도 경주시 강동면,경상사고,0,0,1,0,차대차 - 측면충돌,안전운전불이행,건조,맑음,주차장 - 주차장,승용,남,75세,상해없음,승용,남,65세,경상