사고번호,사고일시,요일,시군구,사고내용,사망자수,중상자수,경상자수,부상신고자수,사고유형,법규위반,노면상태,기상상태,도로형태,가해운전자 차종,가해운전자 성별,가해운전자 연령,가해운전자 상해정도,피해운전자 차종,피해운전자 성별,피해운전자 연령,피해운전자 상해정도
2023110300100459,2023년 11월 3일 17시,금요일,경상북도 상주시 남성동,경상사고,0,0,1,0,차대차 - 측면충돌,교차로운행방법위반,건조,맑음,교차로 - 교차로안,화물,남,78세,상해없음,승용,여,41세,경상
2023110300100520,2023년 11월 3일 18시,금요일,경상북도 안동시 서후면,경상사고,0,0,1,0,차대차 - 기타,안전운전불이행,건조,맑음,단일로 - 기타,이륜,남,24세,상해없음,농기계,남,77세,경상
2023110300100521,2023년 11월 3일 18시,금요일,경상북도 김천시 부곡동,중상사고,0,1,0,0,차대차 - 추돌,안전운전불이행,건조,맑음,단일로 - 기타,사륜오토바이(ATV),남,39세,상해없음,승용,여,59세,중상
2023110300100522,2023년 11월 3일 18시,금요일,경상북도 칠곡군 석적읍,부상신고사고,0,0,0,1,차량단독 - 기타,안전운전불이행,건조,맑음,단일로 - 기타,승합,남,60세,상해없음,,,,
2023110300100523,2023년 11월 3일 18시,금요일,경상북도 영천시 청통면,중상사고,0,1,0,0,차대차 - 측면충돌,안전운전불이행,건조,맑음,단일로 - 기타,화물,남,63세,기타불명,승합,남,21세,중상
2023110300100524,2023년 11월 3일 18시,금요일,경상북도 청송군 진보면,경상사고,0,0,1,0,차대차 - 측면충돌,안전운전불이행,건조,맑음,단일로 - 기타,화물,남,77세,상해없음,화물,남,68세,상해없음
2023110300100574,2023년 11월 3일 19시,금요일,경상북도 구미시 산동읍,경상사고,0,0,2,0,차대차 - 기타,교차로운행방법위반,건조,맑음,교차로 - 교차로안,승용,여,48세,경상,승합,남,35세,경상
2023110300100575,2023년 11월 3일 19시,금요일,경상북도 구미시 산동읍,부상신고사고,0,0,0,1,차대차 - 추돌,안전운전불이행,건조,맑음,단일로 - 기타,승용,여,36세,상해없음,개인형이동수단(PM),남,42세,부상신고
2023110300100613,2023년 11월 3일 20시,금요일,경상북도 안동시 와룡면,중상사고,0,1,1,0,차대차 - 기타,중앙선침범,건조,맑음,단일로 - 기타,화물,남,75세,경상,승용,남,69세,중상
2023110300100614,2023년 11월 3일 20시,금요일,경상북도 안동시 태화동,경상사고,0,0,1,0,차대차 - 후진중충돌,안전운전불이행,건조,맑음,단일로 - 기타,승용,남,66세,상해없음,승용,남,30세,경상
2023110300100615,2023년 11월 3일 20시,금요일,경상북도 포항시 남구 오천읍,경상사고,0,0,1,0,차대사람 - 차도통행중,안전운전불이행,건조,맑음,교차로 - 교차로안,승용,남,29세,상해없음,보행자,남,8세,경상
2023110300100639,2023년 11월 3일 21시,금요일,경상북도 포항시 북구 장성동,경상사고,0,0,2,0,차대차 - 측면충돌,안전거리미확보,건조,맑음,기타 - 기타,승용,남,69세,상해없음,승용,남,59세,경상
2023110400100005,2023년 11월 4일 00시,토요일,경상북도 구미시 오태동,중상사고,0,1,0,0,차대차 - 기타,안전운전불이행,건조,맑음,단일로 - 기타,승용,남,63세,상해없음,이륜,남,36세,중상
2023110400100058,2023년 11월 4일 06시,토요일,경상북도 경산시 하양읍,사망사고,1,0,0,0,차대사람 - 횡단중,보행자보호의무위반,건조,맑음,교차로 - 교차로횡단보도내,승용,남,37세,상해없음,보행자,여,73세,사망
2023110400100073,2023년 11월 4일 07시,토요일,경상북도 상주시 냉림동,중상사고,0,1,0,0,차대차 - 측면충돌,신호위반,건조,흐림,교차로 - 교차로안,자전거,여,54세,중상,승용,남,33세,상해없음
2023110400100107,2023년 11월 4일 09시,토요일,경상북도 포항시 남구 대잠동,경상사고,0,0,2,0,차대차 - 기타,신호위반,건조,맑음,단일로 - 기타,승용,여,30세,상해없음,승용,여,42세,경상
2023110400100136,2023년 11월 4일 10시,토요일,경상북도 안동시 옥동,경상사고,0,0,2,0,차대차 - 기타,교차로운행방법위반,건조,맑음,교차로 - 교차로안,승용,남,43세,상해없음,승용,여,45세,경상
2023110400100137,2023년 11월 4일 10시,토요일,경상북도 안동시 옥동,경상사고,0,0,1,0,차대차 - 추돌,안전운전불이행,건조,맑음,교차로 - 교차로안,승용,남,74세,상해없음,승용,여,19세,경상
2023110400100138,2023년 11월 4일 10시,토요일,경상북도 상주시 사벌국면,경상사고,0,0,1,0,차대차 - 후진중충돌,안전운전불이행,건조,맑음,교차로 - 교차로안,화물,남,40세,상해없음,자전거,남,67세,경상
2023110400100205,2023년 11월 4일 12시,토요일,경상북도 경주시 동천동,경상사고,0,0,1,0,차대차 - 측면충돌,안전운전불이행,건조,맑음,교차로 - 교차로안,이륜,남,92세,경상,화물,남,55세,상해없음
2023110400100206,2023년 11월 4일 12시,토요일,경상북도 안동시 옥동,경상사고,0,0,1,1,차대차 - 기타,안전운전불이행,건조,맑음,단일로 - 기타,승용,남,72세,상해없음,승용,남,24세,경상
2023110400100207,2023년 11월 4일 12시,토요일,경상북도 구미시 송정동,중상사고,0,1,0,0,차대사람 - 기타,안전운전불이행,건조,맑음,교차로 - 교차로안,승용,여,42세,상해없음,보행자,여,60세,중상
2023110400100208,2023년 11월 4일 12시,토요일,경상북도 경주시 율동,중상사고,0,3,6,0,차대차 - 추돌,안전운전불이행,건조,맑음,단일로 - 기타,화물,남,51세,상해없음,승용,여,36세,중상
2023110400100252,2023년 11월 4일 13시,토요일,경상북도 의성군 단밀면,중상사고,0,1,0,0,차대사람 - 기타,안전운전불이행,젖음/습기,비,단일로 - 기타,화물,남,73세,상해없음,보행자,여,83세,중상
2023110400100292,2023년 11월 4일 14시,토요일,경상북도 경주시 구황동,경상사고,0,0,3,0,차대차 - 추돌,안전운전불이행,건조,맑음,교차로 - 교차로부근,승용,남,26세,상해없음,승용,여,35세,경상
2023110400100328,2023년 11월 4일 15시,토요일,경상북도 안동시 풍산읍,경상사고,0,0,1,0,차량단독 - 공작물충돌,안전운전불이행,건조,맑음,단일로 - 기타,화물,남,75세,경상,,,,
2023110400100329,2023년 11월 4일 15시,토요일,경상북도 안동시 길안면,경상사고,0,0,3,0,차대차 - 기타,중앙선침범,젖음/습기,비,단일로 - 기타,화물,남,59세,상해없음,승용,여,26세,경상
2023110400100330,2023년 11월 4일 15시,토요일,경상북도 김천시 부곡동,경상사고,0,0,1,0,차대차 - 측면충돌,교차로운행방법위반,젖음/습기,흐림,교차로 - 교차로부근,승용,남,71세,상해없음,이륜,남,37세,경상
2023110400100439,2023년 11월 4일 18시,토요일,경상북도 상주시 낙동면,경상사고,0,0,1,0,차대사람 - 기타,안전운전불이행,건조,맑음,단일로 - 기타,화물,남,56세,상해없음,보행자,여,61세,경상
2023110400100440,2023년 11월 4일 18시,토요일,경상북도 영천시 도동,중상사고,0,1,0,0,차량단독 - 기타,안전운전불이행,건조,기타,교차로 - 교차로안,원동기,남,52세,중상,,,,
2023110400100441,2023년 11월 4일 18시,토요일,경상북도 영덕군 강구면,경상사고,0,0,1,0,차대차 - 측면충돌,안전운전불이행,젖음/습기,흐림,단일로 - 기타,승합,남,69세,상해없음,승용,남,34세,경상
2023110400100442,2023년 11월 4일 18시,토요일,경상북도 청도군 청도읍,경상사고,0,0,1,0,차대차 - 정면충돌,교차로운행방법위반,건조,맑음,교차로 - 교차로안,승용,남,66세,상해없음,이륜,남,65세,경상
2023110400100444,2023년 11월 4일 18시,토요일,경상북도 구미시 원평동,중상사고,0,1,0,0,차대차 - 기타,보행자보호의무위반,건조,맑음,단일로 - 기타,승용,남,47세,상해없음,개인형이동수단(PM),여,26세,중상
2023110400100445,2023년 11월 4일 18시,토요일,경상북도 구미시 구평동,중상사고,0,1,0,0,차대차 - 측면충돌,안전운전불이행,건조,맑음,단일로 - 기타,승용,남,30세,상해없음,승용,남,67세,중상
2023110400100518,2023년 11월 4일 20시,토요일,경상북도 포항시 남구 해도동,중상사고,0,1,1,0,차대차 - 추돌,안전운전불이행,건조,맑음,단일로 - 기타,승용,여,47세,상해없음,화물,남,44세,경상
2023110400100519,2023년 11월 4일 20시,토요일,경상북도 포항시 남구 대도동,중상사고,0,1,0,0,차대차 - 측면충돌,중앙선침범,건조,맑음,교차로 - 교차로부근,승용,여,21세,상해없음,이륜,남,42세,중상
2023110500100058,2023년 11월 5일 06시,일요일,경상북도 성주군 선남면,경상사고,0,0,3,0,차대차 - 측면충돌,직진우회전진행방해,건조,맑음,교차로 - 교차로안,화물,남,43세,상해없음,승용,여,33세,경상
2023110500100071,2023년 11월 5일 07시,일요일,경상북도 포항시 남구 장흥동,경상사고,0,0,1,0,차대차 - 측면충돌,안전운전불이행,건조,맑음,단일로 - 지하차도(도로)내,승용,남,58세,상해없음,승용,남,61세,경상
2023110500100091,2023년 11월 5일 09시,일요일,경상북도 안동시 법흥동,중상사고,0,1,2,0,차대차 - 기타,안전운전불이행,건조,맑음,교차로 - 교차로부근,화물,남,62세,중상,승용,남,29세,경상
2023110500100115,2023년 11월 5일 10시,일요일,경상북도 포항시 북구 동빈2가,중상사고,0,1,0,0,차량단독 - 공작물충돌,안전운전불이행,건조,맑음,교차로 - 교차로안,승용,여,27세,중상,,,,
2023110500100116,2023년 11월 5일 10시,일요일,경상북도 경산시 삼북동,중상사고,0,1,0,0,차대차 - 측면충돌,안전운전불이행,건조,맑음,교차로 - 교차로안,승용,여,42세,상해없음,승용,남,41세,중상
2023110500100132,2023년 11월 5일 11시,일요일,경상북도 청송군 청송읍,경상사고,0,0,1,0,차대사람 - 기타,안전운전불이행,건조,맑음,주차장 - 주차장,승용,남,68세,상해없음,보행자,남,21세,경상
2023110500100151,2023년 11월 5일 12시,일요일,경상북도 포항시 북구 흥해읍,경상사고,0,0,2,0,차대차 - 기타,안전운전불이행,건조,맑음,교차로 - 교차로부근,승용,남,52세,경상,승용,남,29세,경상
2023110500100152,2023년 11월 5일 12시,일요일,경상북도 칠곡군 석적읍,중상사고,0,1,1,0,차대차 - 기타,안전운전불이행,건조,맑음,단일로 - 기타,승용,남,59세,상해없음,승용,여,65세,경상
2023110500100181,2023년 11월 5일 13시,일요일,경상북도 구미시 오태동,사망사고,1,0,0,0,차량단독 - 공작물충돌,안전운전불이행,건조,맑음,단일로 - 기타,이륜,남,53세,사망,,,,
2023110500100245,2023년 11월 5일 15시,일요일,경상북도 포항시 북구 흥해읍,경상사고,0,0,1,0,차대차 - 추돌,안전운전불이행,건조,맑음,단일로 - 기타,승용,남,47세,상해없음,승용,여,58세,경상
2023110500100246,2023년 11월 5일 15시,일요일,경상북도 포항시 남구 장흥동,경상사고,0,0,1,0,차대차 - 측면충돌,교차로운행방법위반,건조,맑음,교차로 - 교차로안,특수,남,65세,상해없음,승용,여,48세,경상
2023110500100263,2023년 11월 5일 16시,일요일,경상북도 경주시 광명동,경상사고,0,0,2,0,차대차 - 측면충돌,신호위반,건조,맑음,교차로 - 교차로안,승용,남,61세,상해없음,승합,남,57세,경상
2023110500100264,2023년 11월 5일 16시,일요일,경상북도 경주시 서면,경상사고,0,0,1,0,차대차 - 측면충돌,안전운전불이행,건조,맑음,단일로 - 기타,화물,남,62세,상해없음,승용,남,83세,경상
2023110500100296,2023년 11월 5일 17시,일요일,경상북도 경주시 황남동,중상사고,0,1,0,0,차대차 - 측면충돌,안전운전불이행,건조,맑음,단일로 - 기타,승용,남,31세,상해없음,원동기,여,59세,중상
2023110500100331,2023년 11월 5일 18시,일요일,경상북도 경주시 건천읍,경상사고,0,0,2,0,차대사람 - 기타,안전운전불이행,건조,기타,기타 - 기타,승용,남,58세,상해없음,보행자,여,25세,경상
2023110500100370,2023년 11월 5일 19시,일요일,경상북도 경주시 강동면,경상사고,0,0,2,0,차대차 - 측면충돌,신호위반,건조,맑음,교차로 - 교차로안,승용,남,26세,상해없음,승용,남,25세,경상
2023110500100371,2023년 11월 5일 19시,일요일,경상북도 포항시 남구 청림동,경상사고,0,0,2,0,차대차 - 측면충돌,안전운전불이행,건조,맑음,교차로 - 교차로부근,승용,남,71세,기타불명,승합,남,52세,경상
2023110500100417,2023년 11월 5일 21시,일요일,경상북도 경주시 석장동,경상사고,0,0,1,0,차대차 - 측면충돌,신호위반,건조,맑음,교차로 - 교차로안,승용,남,19세,상해없음,승용,남,19세,경상
2023110500100440,2023년 11월 5일 22시,일요일,경상북도 구미시 광평동,경상사고,0,0,2,0,차대차 - 추돌,안전운전불이행,젖음/습기,비,단일로 - 기타,승용,남,55세,상해없음,승용,남,69세,경상
2023110500100454,2023년 11월 5일 23시,일요일,경상북도 상주시 복룡동,경상사고,0,0,1,0,차량단독 - 공작물충돌,안전운전불이행,젖음/습기,비,교차로 - 교차로안,승용,여,58세,경상,,,,
2023110600100021,2023년 11월 6일 02시,월요일,경상북도 경산시 임당동,중상사고,0,1,0,0,차대차 - 측면충돌,안전운전불이행,건조,맑음,교차로 - 교차로안,승용,남,29세,상해없음,이륜,남,47세,중상
2023110600100142,2023년 11월 6일 08시,월요일,경상북도 경산시 정평동,경상사고,0,0,1,0,차대차 - 후진중충돌,안전운전불이행,젖음/습기,비,단일로 - 기타,승용,여,57세,상해없음,승용,여,29세,경상
2023110600100143,2023년 11월 6일 08시,월요일,경상북도 영덕군 영덕읍,중상사고,0,1,1,0,차대차 - 측면충돌,안전운전불이행,건조,맑음,교차로 - 교차로안,승용,여,51세,중상,승용,여,28세,경상
2023110600100144,2023년 11월 6일 08시,월요일,경상북도 구미시 구포동,경상사고,0,0,1,0,차대차 - 기타,중앙선침범,젖음/습기,비,단일로 - 기타,승용,남,56세,상해없음,승용,남,34세,경상
2023110600100219,2023년 11월 6일 10시,월요일,경상북도 경주시 용강동,경상사고,0,0,2,0,차대차 - 추돌,안전거리미확보,건조,맑음,단일로 - 기타,승용,여,71세,상해없음,승용,남,65세,경상
2023110600100220,2023년 11월 6일 10시,월요일,경상북도 영덕군 남정면,경상사고,0,0,2,0,차대차 - 추돌,안전거리미확보,건조,맑음,교차로 - 교차로부근,승용,남,50세,상해없음,승용,남,65세,경상
2023110600100246,2023년 11월 6일 11시,월요일,경상북도 포항시 북구 흥해읍,중상사고,0,1,0,0,차량단독 - 공작물충돌,안전운전불이행,젖음/습기,비,단일로 - 기타,화물,남,57세,중상,,,,
2023110600100247,2023년 11월 6일 11시,월요일,경상북도 경산시 백천동,중상사고,0,2,0,0,차량단독 - 공작물충돌,안전운전불이행,건조,맑음,교차로 - 교차로안,승용,남,81세,중상,,,,
2023110600100297,2023년 11월 6일 13시,월요일,경상북도 영주시 상망동,중상사고,0,1,1,0,차대차 - 추돌,안전운전불이행,건조,맑음,교차로 - 교차로부근,화물,남,61세,경상,승용,여,57세,중상
2023110600100298,2023년 11월 6일 13시,월요일,경상북도 칠곡군 약목면,경상사고,0,0,1,0,차대사람 - 기타,안전운전불이행,건조,맑음,주차장 - 주차장,승용,남,76세,상해없음,보행자,여,68세,경상
2023110600100299,2023년 11월 6일 13시,월요일,경상북도 포항시 남구 대도동,경상사고,0,0,1,0,차대차 - 측면충돌,안전운전불이행,건조,맑음,단일로 - 기타,승용,남,66세,상해없음,승용,여,44세,경상
2023110600100326,2023년 11월 6일 14시,월요일,경상북도 안동시 정하동,경상사고,0,0,1,0,차대차 - 기타,안전거리미확보,건조,맑음,단일로 - 교량,화물,남,62세,상해없음,승용,남,41세,경상
2023110600100327,2023년 11월 6일 14시,월요일,경상북도 상주시 지천동,중상사고,0,1,0,0,차대차 - 추돌,기타,건조,맑음,단일로 - 기타,화물,남,28세,상해없음,승용,여,47세,중상
2023110600100355,2023년 11월 6일 15시,월요일,경상북도 고령군 대가야읍,중상사고,0,1,0,0,차대사람 - 차도통행중,안전운전불이행,건조,맑음,교차로 - 교차로안,승용,여,55세,기타불명,보행자,여,57세,중상
2023110600100396,2023년 11월 6일 16시,월요일,경상북도 포항시 남구 해도동,경상사고,0,0,1,0,차대차 - 측면충돌,안전운전불이행,건조,흐림,교차로 - 교차로안,승용,여,63세,상해없음,승용,여,72세,경상
2023110600100439,2023년 11월 6일 17시,월요일,경상북도 포항시 북구 죽도동,경상사고,0,0,1,0,차대차 - 측면충돌,안전운전불이행,건조,맑음,단일로 - 기타,승용,남,70세,상해없음,이륜,남,28세,경상
2023110600100440,2023년 11월 6일 17시,월요일,경상북도 안동시 대석동,경상사고,0,0,1,0,차대사람 - 기타,보행자보호의무위반,건조,맑음,교차로 - 교차로안,승용,여,57세,상해없음,보행자,여,72세,경상
2023110600100441,2023년 11월 6일 17시,월요일,경상북도 경산시 와촌면,중상사고,0,1,0,0,차대차 - 측면충돌,교차로운행방법위반,건조,맑음,교차로 - 교차로안,승용,여,50세,상해없음,이륜,남,65세,중상
2023110600100503,2023년 11월 6일 18시,월요일,경상북도 문경시 점촌동,경상사고,0,0,2,0,차대차 - 측면충돌,교차로운행방법위반,건조,맑음,교차로 - 교차로안,승용,여,52세,경상,승용,여,39세,경상
2023110600100553,2023년 11월 6일 19시,월요일,경상북도 경산시 삼북동,경상사고,0,0,1,0,차대차 - 측면충돌,안전거리미확보,건조,맑음,단일로 - 기타,화물,남,80세,상해없음,승용,남,20세,경상
2023110600100588,2023년 11월 6일 20시,월요일,경상북도 김천시 개령면,경상사고,0,0,1,0,차대차 - 측면충돌,교차로운행방법위반,건조,맑음,교차로 - 교차로안,승용,남,29세,상해없음,승용,남,40세,경상
2023110600100641,2023년 11월 6일 22시,월요일,경상북도 경주시 황성동,중상사고,0,1,1,0,차대차 - 기타,안전운전불이행,건조,맑음,교차로 - 교차로안,승용,남,33세,상해없음,승용,남,67세,중상
2023110600100642,2023년 11월 6일 22시,월요일,경상북도 칠곡군 석적읍,경상사고,0,0,2,0,차대차 - 측면충돌,안전운전불이행,건조,맑음,교차로 - 교차로안,승용,남,42세,상해없음,승용,남,35세,경상
2023110700100015,2023년 11월 7일 01시,화요일,경상북도 구미시 고아읍,중상사고,0,1,0,0,차대차 - 추돌,안전운전불이행,건조,맑음,교차로 - 교차로부근,승용,남,31세,상해없음,승용,여,40세,중상
2023110700100028,2023년 11월 7일 04시,화요일,경상북도 상주시 모서면,부상신고사고,0,0,0,1,차대차 - 추돌,안전운전불이행,건조,기타,단일로 - 기타,화물,여,56세,상해없음,화물,남,82세,부상신고
2023110700100068,2023년 11월 7일 07시,화요일,경상북도 경주시 용강동,경상사고,0,0,1,0,차대차 - 정면충돌,안전운전불이행,건조,맑음,교차로 - 교차로부근,승용,남,58세,상해없음,자전거,남,61세,경상
2023110700100069,2023년 11월 7일 07시,화요일,경상북도 의성군 사곡면,경상사고,0,0,1,0,차대차 - 측면충돌,직진우회전진행방해,건조,흐림,교차로 - 교차로안,자전거,여,16세,경상,화물,남,53세,상해없음
2023110700100120,2023년 11월 7일 08시,화요일,경상북도 영천시 본촌동,부상신고사고,0,0,0,1,차대차 - 추돌,안전운전불이행,건조,맑음,단일로 - 기타,이륜,남,39세,부상신고,화물,남,54세,상해없음
2023110700100121,2023년 11월 7일 08시,화요일,경상북도 경산시 하양읍,경상사고,0,0,1,0,차대차 - 추돌,안전운전불이행,건조,맑음,기타 - 기타,승용,여,28세,상해없음,승용,남,41세,경상
2023110700100122,2023년 11월 7일 08시,화요일,경상북도 울진군 울진읍,경상사고,0,0,2,0,차대차 - 추돌,안전운전불이행,건조,맑음,단일로 - 기타,승용,남,41세,경상,농기계,남,84세,경상
2023110700100140,2023년 11월 7일 09시,화요일,경상북도 경주시 외동읍,중상사고,0,1,0,0,차대차 - 추돌,안전거리미확보,건조,맑음,단일로 - 기타,승용,여,35세,상해없음,승용,남,70세,중상
2023110700100156,2023년 11월 7일 09시,화요일,경상북도 영천시 조교동,경상사고,0,0,1,0,차대차 - 측면충돌,안전운전불이행,건조,맑음,교차로 - 교차로안,승용,남,65세,기타불명,승용,남,68세,경상
2023110700100157,2023년 11월 7일 09시,화요일,경상북도 청송군 안덕면,중상사고,0,1,0,0,차대사람 - 기타,안전운전불이행,건조,맑음,단일로 - 기타,화물,남,56세,상해없음,보행자,여,83세,중상
2023110700100201,2023년 11월 7일 10시,화요일,경상북도 의성군 단촌면,중상사고,0,1,0,0,차량단독 - 도로외이탈 - 추락,안전운전불이행,건조,맑음,단일로 - 기타,사륜오토바이(ATV),남,80세,중상,,,,
2023110700100245,2023년 11월 7일 11시,화요일,경상북도 의성군 의성읍,경상사고,0,0,3,0,차대차 - 추돌,안전운전불이행,건조,맑음,기타 - 기타,승용,남,73세,경상,화물,남,75세,경상
2023110700100246,2023년 11월 7일 11시,화요일,경상북도 성주군 가천면,중상사고,0,1,1,0,차대차 - 기타,중앙선침범,건조,맑음,단일로 - 기타,사륜오토바이(ATV),남,93세,중상,건설기계,남,50세,경상
2023110700100282,2023년 11월 7일 12시,화요일,경상북도 청도군 청도읍,중상사고,0,1,0,0,차대차 - 정면충돌,안전운전불이행,건조,맑음,교차로 - 교차로안,승용,여,53세,상해없음,승용,남,72세,중상
2023110700100283,2023년 11월 7일 12시,화요일,경상북도 구미시 신평동,경상사고,0,0,1,0,차대차 - 측면충돌,신호위반,건조,맑음,교차로 - 교차로안,승용,여,58세,상해없음,승용,여,36세,경상
2023110700100284,2023년 11월 7일 12시,화요일,경상북도 상주시 낙동면,중상사고,0,1,0,0,차대차 - 측면충돌,안전운전불이행,건조,맑음,단일로 - 기타,화물,남,56세,상해없음,승용,남,56세,중상
2023110700100317,2023년 11월 7일 13시,화요일,경상북도 경주시 내남면,부상신고사고,0,0,0,1,차량단독 - 공작물충돌,안전운전불이행,건조,맑음,교차로 - 교차로부근,승용,여,61세,부상신고,,,,
2023110700100318,2023년 11월 7일 13시,화요일,경상북도 포항시 북구 죽장면,중상사고,0,1,2,0,차대차 - 정면충돌,중앙선침범,건조,맑음,단일로 - 기타,승합,남,58세,상해없음,화물,남,67세,경상
2023110700100319,2023년 11월 7일 13시,화요일,경상북도 포항시 북구 장성동,경상사고,0,0,1,0,차대차 - 측면충돌,안전운전불이행,건조,맑음,단일로 - 기타,승용,남,49세,상해없음,이륜,남,18세,경상
2023110700100320,2023년 11월 7일 13시,화요일,경상북도 포항시 북구 대흥동,경상사고,0,0,2,0,차대차 - 측면충돌,안전운전불이행,건조,맑음,단일로 - 기타,승용,남,18세,상해없음,이륜,남,17세,경상
2023110700100321,2023년 11월 7일 13시,화요일,경상북도 문경시 문경읍,경상사고,0,0,1,0,차대차 - 측면충돌,직진우회전진행방해,건조,맑음,교차로 - 교차로안,화물,남,59세,상해없음,승용,여,47세,경상
2023110700100322,2023년 11월 7일 13시,화요일,경상북도 봉화군 봉성면,중상사고,0,2,1,0,차대차 - 기타,교차로운행방법위반,건조,맑음,교차로 - 교차로안,승용,남,66세,상해없음,승용,여,60세,경상
2023110700100358,2023년 11월 7일 14시,화요일,경상북도 안동시 풍산읍,경상사고,0,0,1,0,차대차 - 기타,직진우회전진행방해,건조,맑음,교차로 - 교차로안,승용,남,53세,상해없음,승용,여,45세,경상
2023110700100359,2023년 11월 7일 14시,화요일,경상북도 영주시 영주동,중상사고,0,1,0,0,차대차 - 기타,안전운전불이행,건조,맑음,교차로 - 교차로안,승용,남,76세,상해없음,이륜,남,85세,중상
2023110700100360,2023년 11월 7일 14시,화요일,경상북도 포항시 남구 연일읍,경상사고,0,0,1,0,차대차 - 기타,안전운전불이행,건조,맑음,기타 - 기타,자전거,여,59세,경상,승용,남,50세,상해없음
2023110700100361,2023년 11월 7일 14시,화요일,경상북도 포항시 남구 이동,경상사고,0,0,1,0,차대차 - 측면충돌,안전운전불이행,건조,맑음,교차로 - 교차로부근,이륜,남,68세,경상,승용,남,77세,상해없음
2023110700100399,2023년 11월 7일 15시,화요일,경상북도 영천시 조교동,경상사고,0,0,1,0,차대사람 - 기타,안전운전불이행,건조,맑음,주차장 - 주차장,승용,여,41세,상해없음,보행자,여,56세,경상
2023110700100400,2023년 11월 7일 15시,화요일,경상북도 영덕군 영덕읍,중상사고,0,1,0,0,차량단독 - 기타,안전운전불이행,건조,맑음,교차로 - 교차로부근,승합,남,65세,상해없음,,,,
2023110700100439,2023년 11월 7일 16시,화요일,경상북도 경주시 외동읍,경상사고,0,0,1,0,차대차 - 정면충돌,안전운전불이행,건조,맑음,교차로 - 교차로부근,승용,남,25세,상해없음,승용,남,68세,경상
2023110700100440,2023년 11월 7일 16시,화요일,경상북도 안동시 풍천면,중상사고,0,1,3,0,차대차 - 측면충돌,안전운전불이행,건조,맑음,교차로 - 교차로안,승용,여,37세,경상,승용,여,43세,중상
2023110700100441,2023년 11월 7일 16시,화요일,경상북도 청송군 진보면,중상사고,0,1,1,0,차대차 - 정면충돌,중앙선침범,건조,맑음,교차로 - 교차로안,승합,남,56세,상해없음,승용,남,42세,경상
2023110700100442,2023년 11월 7일 16시,화요일,경상북도 구미시 산동읍,중상사고,0,1,1,0,차대차 - 추돌,안전거리미확보,건조,맑음,단일로 - 기타,특수,남,36세,상해없음,화물,남,84세,경상
2023110700100494,2023년 11월 7일 17시,화요일,경상북도 안동시 녹전면,중상사고,0,1,0,0,차대사람 - 기타,안전운전불이행,건조,맑음,교차로 - 교차로안,승용,남,64세,상해없음,보행자,여,81세,중상
2023110700100495,2023년 11월 7일 17시,화요일,경상북도 구미시 지산동,경상사고,0,0,1,0,차대차 - 측면충돌,안전운전불이행,건조,맑음,단일로 - 기타,이륜,여,77세,경상,승용,남,73세,기타불명
2023110700100496,2023년 11월 7일 17시,화요일,경상북도 구미시 해평면,중상사고,0,1,0,0,차대차 - 추돌,안전운전불이행,건조,맑음,단일로 - 기타,승용,여,53세,기타불명,자전거,남,80세,중상
2023110700100551,2023년 11월 7일 18시,화요일,경상북도 안동시 풍산읍,부상신고사고,0,0,0,1,차대사람 - 기타,안전운전불이행,건조,맑음,주차장 - 주차장,승용,여,48세,상해없음,보행자,남,57세,부상신고
2023110700100552,2023년 11월 7일 18시,화요일,경상북도 포항시 남구 이동,경상사고,0,0,1,0,차대차 - 측면충돌,차로위반,건조,맑음,단일로 - 기타,승용,남,58세,상해없음,승용,여,42세,경상
2023110700100676,2023년 11월 7일 23시,화요일,경상북도 포항시 북구 두호동,경상사고,0,0,1,0,차대사람 - 횡단중,보행자보호의무위반,건조,맑음,교차로 - 교차로횡단보도내,승용,여,49세,상해없음,보행자,남,55세,경상
2023110700100677,2023년 11월 7일 23시,화요일,경상북도 구미시 도량동,부상신고사고,0,0,0,1,차대차 - 측면충돌,안전운전불이행,건조,맑음,교차로 - 교차로부근,승용,남,28세,상해없음,승용,여,29세,부상신고
2023110800100024,2023년 11월 8일 05시,수요일,경상북도 포항시 남구 청림동,경상사고,0,0,1,0,차대차 - 측면충돌,안전운전불이행,건조,맑음,단일로 - 기타,건설기계,남,64세,상해없음,승용,여,43세,경상
2023110800100065,2023년 11월 8일 07시,수요일,경상북도 경산시 하양읍,중상사고,0,1,0,0,차대차 - 측면충돌,신호위반,건조,맑음,교차로 - 교차로안,화물,남,59세,상해없음,승용,남,55세,중상
2023110800100066,2023년 11월 8일 07시,수요일,경상북도 경산시 압량읍,중상사고,0,1,1,0,차대차 - 측면충돌,안전운전불이행,건조,맑음,단일로 - 기타,승용,남,54세,상해없음,화물,남,54세,상해없음
2023110800100115,2023년 11월 8일 08시,수요일,경상북도 포항시 북구 대흥동,경상사고,0,0,1,0,차대차 - 기타,안전운전불이행,건조,맑음,교차로 - 교차로안,화물,남,72세,상해없음,승용,남,60세,경상
2023110800100116,2023년 11월 8일 08시,수요일,경상북도 김천시 신음동,경상사고,0,0,1,0,차대차 - 측면충돌,안전거리미확보,건조,맑음,단일로 - 기타,화물,남,81세,상해없음,승용,남,49세,경상