사고번호,사고일시,요일,시군구,사고내용,사망자수,중상자수,경상자수,부상신고자수,사고유형,법규위반,노면상태,기상상태,도로형태,가해운전자 차종,가해운전자 성별,가해운전자 연령,가해운전자 상해정도,피해운전자 차종,피해운전자 성별,피해운전자 연령,피해운전자 상해정도
2023111500100393,2023년 11월 15일 16시,수요일,경상북도 문경시 점촌동,중상사고,0,1,0,0,차대사람 - 횡단중,보행자보호의무위반,건조,맑음,교차로 - 교차로안,승용,여,56세,상해없음,보행자,여,55세,중상
2023111500100394,2023년 11월 15일 16시,수요일,경상북도 영덕군 강구면,중상사고,0,1,1,0,차대차 - 측면충돌,안전거리미확보,건조,맑음,단일로 - 기타,특수,남,61세,상해없음,승용,남,68세,중상
2023111500100395,2023년 11월 15일 16시,수요일,경상북도 구미시 산동읍,경상사고,0,0,1,0,차대차 - 측면충돌,안전운전불이행,건조,맑음,교차로 - 교차로안,승용,여,34세,상해없음,자전거,남,11세,경상
2023111500100490,2023년 11월 15일 18시,수요일,경상북도 경주시 현곡면,경상사고,0,0,1,0,차대차 - 측면충돌,안전거리미확보,건조,맑음,교차로 - 교차로부근,승용,남,54세,상해없음,승용,남,39세,경상
2023111500100491,2023년 11월 15일 18시,수요일,경상북도 경주시 석장동,경상사고,0,0,1,0,차대차 - 측면충돌,안전운전불이행,건조,맑음,교차로 - 교차로횡단보도내,승용,여,29세,상해없음,자전거,여,22세,경상
2023111500100492,2023년 11월 15일 18시,수요일,경상북도 포항시 남구 상도동,중상사고,0,1,0,0,차대사람 - 기타,안전운전불이행,건조,맑음,교차로 - 교차로부근,승용,여,41세,상해없음,보행자,남,35세,중상
2023111600100027,2023년 11월 16일 05시,목요일,경상북도 경산시 대동,경상사고,0,0,1,0,차대차 - 측면충돌,불법유턴,건조,맑음,단일로 - 기타,승용,남,22세,상해없음,승용,남,59세,경상
2023111600100035,2023년 11월 16일 06시,목요일,경상북도 포항시 북구 흥해읍,경상사고,0,0,1,0,차대차 - 추돌,안전운전불이행,건조,흐림,교차로 - 교차로부근,승용,남,28세,상해없음,승용,남,64세,경상
2023111600100102,2023년 11월 16일 09시,목요일,경상북도 구미시 인의동,중상사고,0,1,0,0,차대차 - 기타,교차로운행방법위반,건조,맑음,교차로 - 교차로안,자전거,남,35세,중상,승용,남,34세,상해없음
2023111600100132,2023년 11월 16일 10시,목요일,경상북도 안동시 남후면,중상사고,0,2,3,0,차대차 - 기타,교차로운행방법위반,건조,맑음,교차로 - 교차로안,화물,남,57세,경상,승용,남,58세,중상
2023111600100172,2023년 11월 16일 11시,목요일,경상북도 영덕군 병곡면,중상사고,0,1,1,0,차량단독 - 도로외이탈 - 기타,기타,건조,맑음,단일로 - 기타,승용,남,62세,경상,,,,
2023111600100173,2023년 11월 16일 11시,목요일,경상북도 포항시 남구 오천읍,부상신고사고,0,0,0,1,차대차 - 기타,신호위반,건조,맑음,교차로 - 교차로안,승용,여,56세,부상신고,건설기계,남,61세,상해없음
2023111600100224,2023년 11월 16일 13시,목요일,경상북도 포항시 북구 죽도동,경상사고,0,0,1,0,차대사람 - 기타,안전운전불이행,건조,맑음,단일로 - 기타,승용,여,42세,상해없음,보행자,남,49세,경상
2023111600100225,2023년 11월 16일 13시,목요일,경상북도 예천군 예천읍,중상사고,0,1,0,0,차대사람 - 횡단중,안전운전불이행,젖음/습기,비,교차로 - 교차로안,승용,여,56세,상해없음,보행자,여,84세,중상
2023111600100226,2023년 11월 16일 13시,목요일,경상북도 성주군 성주읍,경상사고,0,0,4,0,차대차 - 추돌,안전운전불이행,건조,맑음,교차로 - 교차로부근,화물,남,53세,상해없음,승용,여,69세,경상
2023111600100248,2023년 11월 16일 14시,목요일,경상북도 영주시 휴천동,중상사고,0,1,0,0,차대차 - 측면충돌,기타,젖음/습기,비,교차로 - 교차로안,이륜,남,52세,중상,승용,여,63세,기타불명
2023111600100279,2023년 11월 16일 15시,목요일,경상북도 안동시 용상동,중상사고,0,1,0,1,차대사람 - 기타,안전운전불이행,건조,맑음,교차로 - 교차로부근,승용,남,32세,부상신고,보행자,여,83세,중상
2023111600100280,2023년 11월 16일 15시,목요일,경상북도 안동시 길안면,경상사고,0,0,2,0,차량단독 - 공작물충돌,안전운전불이행,젖음/습기,비,단일로 - 기타,화물,남,56세,경상,,,,
2023111600100281,2023년 11월 16일 15시,목요일,경상북도 영덕군 남정면,경상사고,0,0,2,0,차대차 - 추돌,안전거리미확보,젖음/습기,비,단일로 - 기타,화물,남,47세,상해없음,승용,여,43세,경상
2023111600100282,2023년 11월 16일 15시,목요일,경상북도 구미시 고아읍,경상사고,0,0,1,0,차대차 - 기타,안전거리미확보,젖음/습기,비,단일로 - 기타,승합,남,44세,기타불명,승용,여,61세,경상
2023111600100283,2023년 11월 16일 15시,목요일,경상북도 포항시 남구 송내동,경상사고,0,0,1,0,차대차 - 측면충돌,안전운전불이행,건조,맑음,단일로 - 기타,승용,남,64세,상해없음,승용,여,49세,경상
2023111600100321,2023년 11월 16일 16시,목요일,경상북도 경주시 동방동,중상사고,0,1,0,0,차대차 - 측면충돌,안전운전불이행,젖음/습기,흐림,단일로 - 기타,승용,여,50세,상해없음,승용,남,63세,중상
2023111600100322,2023년 11월 16일 16시,목요일,경상북도 상주시 남성동,경상사고,0,0,1,0,차대차 - 측면충돌,직진우회전진행방해,젖음/습기,비,교차로 - 교차로안,화물,남,64세,상해없음,승용,여,41세,경상
2023111600100323,2023년 11월 16일 16시,목요일,경상북도 영천시 망정동,경상사고,0,0,3,1,차대차 - 기타,안전운전불이행,젖음/습기,비,교차로 - 교차로부근,승용,남,76세,부상신고,승용,남,73세,경상
2023111600100324,2023년 11월 16일 16시,목요일,경상북도 봉화군 봉화읍,중상사고,0,1,0,0,차대차 - 측면충돌,안전운전불이행,젖음/습기,비,교차로 - 교차로부근,승용,남,64세,상해없음,이륜,남,72세,중상
2023111600100390,2023년 11월 16일 17시,목요일,경상북도 경주시 외동읍,경상사고,0,0,1,0,차대차 - 기타,안전거리미확보,젖음/습기,비,단일로 - 기타,승용,여,63세,상해없음,승용,남,41세,경상
2023111600100391,2023년 11월 16일 17시,목요일,경상북도 안동시 법상동,경상사고,0,0,1,0,차대사람 - 기타,안전운전불이행,젖음/습기,비,단일로 - 기타,승용,여,38세,상해없음,보행자,남,18세,경상
2023111600100463,2023년 11월 16일 18시,목요일,경상북도 경주시 조양동,중상사고,0,2,1,0,차대차 - 추돌,안전운전불이행,젖음/습기,비,단일로 - 기타,승용,남,73세,상해없음,승용,남,30세,경상
2023111600100464,2023년 11월 16일 18시,목요일,경상북도 영주시 이산면,중상사고,0,1,0,0,차대차 - 측면충돌,안전운전불이행,젖음/습기,비,단일로 - 기타,화물,남,54세,기타불명,화물,남,52세,중상
2023111600100465,2023년 11월 16일 18시,목요일,경상북도 포항시 남구 상도동,경상사고,0,0,1,0,차대차 - 측면충돌,안전운전불이행,젖음/습기,비,교차로 - 교차로안,화물,남,69세,상해없음,승용,남,28세,경상
2023111600100530,2023년 11월 16일 19시,목요일,경상북도 경산시 사동,경상사고,0,0,1,0,차대차 - 측면충돌,안전운전불이행,젖음/습기,비,교차로 - 교차로안,승용,여,49세,상해없음,이륜,남,31세,경상
2023111600100531,2023년 11월 16일 19시,목요일,경상북도 성주군 성주읍,경상사고,0,0,1,0,차대차 - 추돌,안전운전불이행,건조,맑음,교차로 - 교차로부근,승용,남,64세,상해없음,승용,여,55세,경상
2023111600100532,2023년 11월 16일 19시,목요일,경상북도 구미시 송정동,경상사고,0,0,1,0,차대차 - 측면충돌,교차로운행방법위반,젖음/습기,비,교차로 - 교차로부근,승용,여,32세,상해없음,승용,남,52세,경상
2023111600100533,2023년 11월 16일 19시,목요일,경상북도 포항시 남구 대도동,부상신고사고,0,0,0,1,차대사람 - 기타,보행자보호의무위반,젖음/습기,흐림,교차로 - 교차로횡단보도내,승용,남,74세,상해없음,보행자,남,21세,부상신고
2023111600100563,2023년 11월 16일 20시,목요일,경상북도 경주시 성건동,중상사고,0,1,0,0,차대사람 - 횡단중,보행자보호의무위반,건조,맑음,교차로 - 교차로안,승용,남,38세,상해없음,보행자,여,52세,중상
2023111600100564,2023년 11월 16일 20시,목요일,경상북도 청도군 청도읍,경상사고,0,0,1,0,차량단독 - 전도전복 - 전도,안전운전불이행,젖음/습기,비,단일로 - 기타,이륜,남,43세,경상,,,,
2023111600100591,2023년 11월 16일 21시,목요일,경상북도 포항시 북구 양덕동,부상신고사고,0,0,0,1,차대사람 - 기타,보행자보호의무위반,건조,맑음,단일로 - 기타,이륜,여,64세,상해없음,보행자,남,66세,부상신고
2023111600100592,2023년 11월 16일 21시,목요일,경상북도 포항시 남구 대잠동,경상사고,0,0,1,1,차대차 - 측면충돌,안전운전불이행,건조,맑음,단일로 - 기타,승용,여,51세,상해없음,승용,남,66세,경상
2023111600100617,2023년 11월 16일 22시,목요일,경상북도 구미시 신평동,경상사고,0,0,1,0,차대차 - 추돌,안전운전불이행,건조,맑음,단일로 - 기타,승용,남,24세,상해없음,승용,남,62세,경상
2023111700100064,2023년 11월 17일 06시,금요일,경상북도 칠곡군 지천면,경상사고,0,0,3,0,차대차 - 측면충돌,교차로운행방법위반,건조,맑음,교차로 - 교차로안,화물,남,50세,상해없음,승합,남,71세,경상
2023111700100065,2023년 11월 17일 06시,금요일,경상북도 고령군 쌍림면,경상사고,0,0,3,0,차대차 - 추돌,안전운전불이행,젖음/습기,비,단일로 - 기타,승용,남,24세,상해없음,승용,남,50세,상해없음
2023111700100127,2023년 11월 17일 08시,금요일,경상북도 경주시 구황동,중상사고,0,1,0,0,차대사람 - 기타,안전운전불이행,건조,맑음,교차로 - 교차로부근,화물,남,66세,상해없음,보행자,여,78세,중상
2023111700100128,2023년 11월 17일 08시,금요일,경상북도 경주시 황성동,중상사고,0,1,0,0,차대사람 - 횡단중,보행자보호의무위반,건조,맑음,교차로 - 교차로안,승용,여,37세,상해없음,보행자,여,85세,중상
2023111700100129,2023년 11월 17일 08시,금요일,경상북도 포항시 북구 두호동,경상사고,0,0,1,0,차대차 - 기타,신호위반,건조,맑음,교차로 - 교차로안,승용,여,56세,상해없음,승합,남,56세,상해없음
2023111700100130,2023년 11월 17일 08시,금요일,경상북도 김천시 개령면,경상사고,0,0,1,0,차대차 - 측면충돌,교차로운행방법위반,건조,맑음,교차로 - 교차로안,화물,남,50세,상해없음,승용,여,50세,경상
2023111700100131,2023년 11월 17일 08시,금요일,경상북도 상주시 낙양동,부상신고사고,0,0,0,1,차대사람 - 기타,안전운전불이행,건조,맑음,단일로 - 기타,화물,남,64세,상해없음,보행자,여,24세,부상신고
2023111700100132,2023년 11월 17일 08시,금요일,경상북도 구미시 공단동,경상사고,0,0,1,0,차대차 - 측면충돌,신호위반,건조,맑음,교차로 - 교차로부근,승합,남,71세,상해없음,특수,남,51세,경상
2023111700100133,2023년 11월 17일 08시,금요일,경상북도 포항시 남구 연일읍,부상신고사고,0,0,0,1,차대차 - 기타,안전운전불이행,건조,맑음,단일로 - 기타,기타불명,기타불명,미분류,기타불명,승용,남,35세,부상신고
2023111700100178,2023년 11월 17일 09시,금요일,경상북도 경주시 서부동,중상사고,0,1,0,0,차대차 - 측면충돌,안전운전불이행,건조,맑음,교차로 - 교차로안,자전거,여,69세,상해없음,자전거,남,80세,중상
2023111700100179,2023년 11월 17일 09시,금요일,경상북도 봉화군 석포면,중상사고,0,1,0,0,차량단독 - 기타,안전운전불이행,서리/결빙,맑음,단일로 - 기타,화물,남,66세,상해없음,,,,
2023111700100208,2023년 11월 17일 10시,금요일,경상북도 영천시 화룡동,중상사고,0,1,0,0,차대차 - 측면충돌,중앙선침범,건조,맑음,단일로 - 기타,승용,여,71세,상해없음,승용,남,45세,중상
2023111700100252,2023년 11월 17일 11시,금요일,경상북도 안동시 정하동,경상사고,0,0,1,0,차대차 - 기타,안전운전불이행,건조,맑음,단일로 - 기타,승용,여,44세,상해없음,승용,여,50세,경상
2023111700100253,2023년 11월 17일 11시,금요일,경상북도 구미시 선산읍,사망사고,1,0,0,0,차대사람 - 기타,보행자보호의무위반,건조,맑음,교차로 - 교차로횡단보도내,화물,남,60세,상해없음,보행자,여,79세,사망
2023111700100254,2023년 11월 17일 11시,금요일,경상북도 구미시 장천면,사망사고,1,0,0,0,차대사람 - 횡단중,보행자보호의무위반,건조,맑음,교차로 - 교차로횡단보도내,화물,남,57세,상해없음,보행자,여,77세,사망
2023111700100255,2023년 11월 17일 11시,금요일,경상북도 포항시 남구 연일읍,경상사고,0,0,3,0,차대차 - 측면충돌,직진우회전진행방해,건조,맑음,교차로 - 교차로안,승용,남,47세,경상,승용,여,48세,경상
2023111700100291,2023년 11월 17일 12시,금요일,경상북도 포항시 북구 장성동,경상사고,0,0,1,0,차대차 - 측면충돌,직진우회전진행방해,건조,맑음,교차로 - 교차로안,승용,여,64세,상해없음,승용,여,52세,경상
2023111700100292,2023년 11월 17일 12시,금요일,경상북도 성주군 용암면,경상사고,0,0,1,0,차대차 - 측면충돌,안전운전불이행,건조,맑음,교차로 - 교차로안,화물,남,30세,상해없음,승용,여,61세,경상
2023111700100293,2023년 11월 17일 12시,금요일,경상북도 울진군 근남면,중상사고,0,1,0,0,차대차 - 기타,교차로운행방법위반,건조,맑음,교차로 - 교차로안,승용,남,37세,상해없음,승용,남,62세,중상
2023111700100323,2023년 11월 17일 13시,금요일,경상북도 경산시 와촌면,경상사고,0,0,1,0,차대차 - 추돌,안전운전불이행,건조,맑음,단일로 - 기타,화물,남,48세,상해없음,화물,남,24세,경상
2023111700100324,2023년 11월 17일 13시,금요일,경상북도 구미시 오태동,경상사고,0,0,1,0,차대차 - 기타,교차로운행방법위반,건조,맑음,교차로 - 교차로부근,화물,남,51세,상해없음,개인형이동수단(PM),여,63세,경상
2023111700100354,2023년 11월 17일 14시,금요일,경상북도 상주시 내서면,경상사고,0,0,1,0,차대차 - 정면충돌,중앙선침범,건조,맑음,단일로 - 지하차도(도로)내,승용,남,75세,상해없음,승용,남,55세,경상
2023111700100390,2023년 11월 17일 15시,금요일,경상북도 포항시 남구 해도동,중상사고,0,1,0,0,차대차 - 측면충돌,안전거리미확보,건조,맑음,교차로 - 교차로부근,원동기,남,35세,중상,화물,남,45세,상해없음
2023111700100438,2023년 11월 17일 16시,금요일,경상북도 안동시 안기동,경상사고,0,0,1,0,차대사람 - 기타,안전운전불이행,건조,맑음,단일로 - 기타,승용,여,37세,상해없음,보행자,남,49세,경상
2023111700100481,2023년 11월 17일 17시,금요일,경상북도 경주시 노서동,경상사고,0,0,1,0,차대차 - 추돌,안전운전불이행,건조,맑음,단일로 - 기타,승용,남,26세,상해없음,승용,남,52세,경상
2023111700100482,2023년 11월 17일 17시,금요일,경상북도 영천시 야사동,중상사고,0,1,0,0,차대사람 - 횡단중,보행자보호의무위반,건조,맑음,교차로 - 교차로횡단보도내,승용,남,61세,상해없음,보행자,여,48세,중상
2023111700100483,2023년 11월 17일 17시,금요일,경상북도 청도군 금천면,경상사고,0,0,1,0,차대사람 - 횡단중,안전운전불이행,건조,맑음,교차로 - 교차로안,화물,남,71세,상해없음,보행자,여,80세,경상
2023111700100549,2023년 11월 17일 18시,금요일,경상북도 안동시 옥야동,중상사고,0,1,0,0,차대차 - 기타,교차로운행방법위반,건조,맑음,교차로 - 교차로안,승용,남,48세,상해없음,자전거,남,71세,중상
2023111700100550,2023년 11월 17일 18시,금요일,경상북도 안동시 풍산읍,중상사고,0,1,0,0,차대차 - 추돌,안전운전불이행,건조,맑음,단일로 - 기타,승용,남,68세,상해없음,승용,남,44세,중상
2023111700100551,2023년 11월 17일 18시,금요일,경상북도 칠곡군 석적읍,중상사고,0,1,0,0,차대차 - 측면충돌,안전거리미확보,건조,맑음,단일로 - 기타,승용,남,49세,기타불명,승용,여,50세,중상
2023111700100552,2023년 11월 17일 18시,금요일,경상북도 문경시 공평동,경상사고,0,0,2,0,차대차 - 추돌,안전거리미확보,건조,기타,단일로 - 기타,화물,남,50세,경상,승용,남,52세,상해없음
2023111700100553,2023년 11월 17일 18시,금요일,경상북도 구미시 구평동,경상사고,0,0,1,0,차대차 - 추돌,안전운전불이행,건조,맑음,교차로 - 교차로안,이륜,남,34세,기타불명,이륜,남,40세,경상
2023111700100606,2023년 11월 17일 19시,금요일,경상북도 경주시 내남면,경상사고,0,0,1,0,차대차 - 추돌,안전운전불이행,건조,맑음,단일로 - 지하차도(도로)내,승용,남,75세,상해없음,승용,남,37세,경상
2023111700100607,2023년 11월 17일 19시,금요일,경상북도 포항시 남구 해도동,경상사고,0,0,1,0,차대차 - 측면충돌,안전운전불이행,건조,맑음,교차로 - 교차로안,이륜,남,60세,상해없음,승용,여,53세,경상
2023111700100608,2023년 11월 17일 19시,금요일,경상북도 포항시 남구 오천읍,경상사고,0,0,1,1,차대차 - 추돌,안전운전불이행,건조,맑음,교차로 - 교차로부근,승용,여,31세,부상신고,승용,남,56세,경상
2023111700100642,2023년 11월 17일 20시,금요일,경상북도 영주시 장수면,부상신고사고,0,0,0,1,차량단독 - 공작물충돌,안전운전불이행,건조,맑음,단일로 - 기타,승용,남,47세,부상신고,,,,
2023111700100643,2023년 11월 17일 20시,금요일,경상북도 경산시 옥산동,중상사고,0,1,0,0,차대사람 - 기타,안전운전불이행,건조,맑음,단일로 - 기타,승용,남,74세,상해없음,보행자,남,60세,중상
2023111700100644,2023년 11월 17일 20시,금요일,경상북도 구미시 도량동,중상사고,0,1,0,0,차대차 - 정면충돌,신호위반,건조,흐림,교차로 - 교차로안,승용,남,30세,상해없음,이륜,남,43세,중상
2023111700100666,2023년 11월 17일 21시,금요일,경상북도 경주시 외동읍,중상사고,0,1,0,0,차대사람 - 길가장자리구역통행중,안전운전불이행,건조,맑음,교차로 - 교차로부근,승용,남,52세,상해없음,보행자,여,45세,중상
2023111700100667,2023년 11월 17일 21시,금요일,경상북도 문경시 문경읍,경상사고,0,0,1,0,차대차 - 추돌,안전거리미확보,건조,맑음,단일로 - 기타,승용,남,31세,상해없음,승용,남,25세,경상
2023111700100668,2023년 11월 17일 21시,금요일,경상북도 경산시 진량읍,중상사고,0,1,1,0,차대차 - 추돌,안전운전불이행,건조,맑음,단일로 - 기타,승용,남,64세,경상,승용,남,52세,중상
2023111700100669,2023년 11월 17일 21시,금요일,경상북도 영덕군 축산면,부상신고사고,0,0,0,1,차량단독 - 도로외이탈 - 추락,안전운전불이행,건조,맑음,단일로 - 기타,화물,남,65세,부상신고,,,,
2023111700100701,2023년 11월 17일 22시,금요일,경상북도 구미시 황상동,중상사고,0,1,0,0,차대차 - 측면충돌,안전운전불이행,건조,맑음,단일로 - 기타,승용,남,53세,상해없음,이륜,남,34세,중상
2023111800100011,2023년 11월 18일 00시,토요일,경상북도 안동시 옥동,사망사고,1,0,0,0,차대사람 - 기타,안전운전불이행,건조,맑음,단일로 - 기타,승용,남,22세,상해없음,보행자,여,53세,사망
2023111800100012,2023년 11월 18일 00시,토요일,경상북도 안동시 길안면,부상신고사고,0,0,0,1,차량단독 - 기타,안전운전불이행,건조,기타,기타 - 기타,승용,남,56세,부상신고,,,,
2023111800100013,2023년 11월 18일 00시,토요일,경상북도 김천시 아포읍,중상사고,0,1,0,0,차량단독 - 기타,안전운전불이행,건조,맑음,단일로 - 기타,승용,여,65세,상해없음,,,,
2023111800100014,2023년 11월 18일 00시,토요일,경상북도 구미시 진평동,중상사고,0,1,0,0,차대차 - 기타,교차로운행방법위반,건조,맑음,교차로 - 교차로안,승용,남,44세,상해없음,자전거,남,50세,중상
2023111800100015,2023년 11월 18일 00시,토요일,경상북도 포항시 남구 효자동,경상사고,0,0,1,0,차대차 - 추돌,안전운전불이행,건조,맑음,단일로 - 지하차도(도로)내,승용,남,32세,상해없음,승용,여,61세,경상
2023111800100042,2023년 11월 18일 03시,토요일,경상북도 상주시 화서면,경상사고,0,0,1,1,차대차 - 추돌,안전운전불이행,건조,맑음,단일로 - 기타,승합,남,59세,부상신고,화물,남,59세,경상
2023111800100051,2023년 11월 18일 04시,토요일,경상북도 경주시 시래동,중상사고,0,1,0,0,차대차 - 측면충돌,안전운전불이행,서리/결빙,눈,단일로 - 기타,승용,남,18세,상해없음,화물,남,70세,중상
2023111800100075,2023년 11월 18일 06시,토요일,경상북도 포항시 북구 용흥동,경상사고,0,0,1,0,차대사람 - 길가장자리구역통행중,기타,건조,맑음,단일로 - 기타,화물,남,69세,상해없음,보행자,여,63세,경상
2023111800100120,2023년 11월 18일 08시,토요일,경상북도 성주군 대가면,경상사고,0,0,3,0,차대차 - 기타,신호위반,서리/결빙,맑음,단일로 - 교량,화물,여,55세,경상,화물,남,41세,경상
2023111800100121,2023년 11월 18일 08시,토요일,경상북도 포항시 남구 연일읍,부상신고사고,0,0,0,1,차대사람 - 보도통행중,안전운전불이행,건조,맑음,단일로 - 기타,화물,남,42세,상해없음,보행자,남,48세,부상신고
2023111800100148,2023년 11월 18일 09시,토요일,경상북도 포항시 북구 죽도동,경상사고,0,0,1,0,차대차 - 측면충돌,안전운전불이행,건조,맑음,교차로 - 교차로안,이륜,남,18세,경상,승합,남,65세,상해없음
2023111800100149,2023년 11월 18일 09시,토요일,경상북도 포항시 북구 죽도동,중상사고,0,1,0,0,차대사람 - 기타,안전운전불이행,건조,맑음,단일로 - 기타,승용,여,51세,상해없음,보행자,남,57세,중상
2023111800100150,2023년 11월 18일 09시,토요일,경상북도 경산시 평산동,경상사고,0,0,1,0,차대차 - 추돌,안전운전불이행,건조,맑음,교차로 - 교차로부근,승용,여,55세,상해없음,승합,남,47세,경상
2023111800100183,2023년 11월 18일 10시,토요일,경상북도 경주시 성동동,경상사고,0,0,1,0,차대차 - 추돌,안전운전불이행,건조,흐림,단일로 - 기타,승용,남,48세,상해없음,이륜,남,32세,경상
2023111800100184,2023년 11월 18일 10시,토요일,경상북도 경주시 진현동,경상사고,0,0,4,0,차대차 - 기타,안전운전불이행,건조,맑음,교차로 - 교차로안,승용,남,41세,상해없음,승용,남,41세,경상
2023111800100185,2023년 11월 18일 10시,토요일,경상북도 영천시 망정동,경상사고,0,0,1,0,차대사람 - 횡단중,안전운전불이행,건조,맑음,주차장 - 주차장,승용,여,50세,상해없음,보행자,여,61세,경상
2023111800100186,2023년 11월 18일 10시,토요일,경상북도 경산시 중방동,중상사고,0,1,2,0,차대차 - 측면충돌,신호위반,건조,맑음,교차로 - 교차로안,승용,남,71세,상해없음,승용,여,62세,중상
2023111800100223,2023년 11월 18일 11시,토요일,경상북도 포항시 북구 흥해읍,경상사고,0,0,1,0,차대차 - 측면충돌,교차로운행방법위반,건조,맑음,교차로 - 교차로안,승합,여,59세,상해없음,화물,남,21세,상해없음
2023111800100224,2023년 11월 18일 11시,토요일,경상북도 문경시 흥덕동,경상사고,0,0,1,0,차대차 - 추돌,안전거리미확보,건조,맑음,단일로 - 기타,승용,남,66세,상해없음,승용,여,53세,경상
2023111800100225,2023년 11월 18일 11시,토요일,경상북도 성주군 수륜면,경상사고,0,0,2,0,차대차 - 측면충돌,안전운전불이행,건조,맑음,교차로 - 교차로안,승용,여,71세,경상,승용,남,45세,경상
2023111800100269,2023년 11월 18일 12시,토요일,경상북도 포항시 남구 오천읍,부상신고사고,0,0,0,2,차대차 - 측면충돌,직진우회전진행방해,건조,맑음,교차로 - 교차로안,개인형이동수단(PM),남,14세,부상신고,승용,남,58세,상해없음
2023111800100304,2023년 11월 18일 13시,토요일,경상북도 포항시 북구 우현동,경상사고,0,0,2,2,차대차 - 측면충돌,안전거리미확보,건조,맑음,단일로 - 기타,승용,남,60세,상해없음,승용,여,58세,경상
2023111800100340,2023년 11월 18일 14시,토요일,경상북도 포항시 남구 해도동,경상사고,0,0,1,0,차대차 - 측면충돌,안전운전불이행,건조,맑음,단일로 - 고가도로위,승용,남,51세,상해없음,승용,여,63세,경상
2023111800100369,2023년 11월 18일 15시,토요일,경상북도 안동시 태화동,사망사고,1,0,0,0,차량단독 - 기타,안전운전불이행,건조,맑음,기타 - 기타,자전거,남,68세,사망,,,,
2023111800100370,2023년 11월 18일 15시,토요일,경상북도 칠곡군 북삼읍,경상사고,0,0,4,0,차대차 - 측면충돌,직진우회전진행방해,건조,맑음,교차로 - 교차로안,승용,여,57세,경상,화물,남,64세,경상
2023111800100371,2023년 11월 18일 15시,토요일,경상북도 영천시 성내동,경상사고,0,0,2,0,차대차 - 측면충돌,안전운전불이행,건조,맑음,교차로 - 교차로부근,이륜,남,74세,경상,승용,여,34세,경상
2023111800100372,2023년 11월 18일 15시,토요일,경상북도 성주군 수륜면,중상사고,0,1,0,0,차대사람 - 기타,안전운전불이행,건조,맑음,교차로 - 교차로안,화물,남,61세,상해없음,보행자,여,81세,중상
2023111800100400,2023년 11월 18일 16시,토요일,경상북도 포항시 북구 흥해읍,경상사고,0,0,1,0,차대차 - 측면충돌,안전운전불이행,건조,맑음,단일로 - 기타,승용,남,65세,상해없음,자전거,남,26세,경상
2023111800100401,2023년 11월 18일 16시,토요일,경상북도 칠곡군 약목면,중상사고,0,1,0,1,차대차 - 측면충돌,직진우회전진행방해,건조,맑음,교차로 - 교차로안,승용,여,28세,부상신고,승용,여,45세,중상
2023111800100402,2023년 11월 18일 16시,토요일,경상북도 고령군 운수면,중상사고,0,1,3,0,차대차 - 추돌,안전운전불이행,건조,맑음,미분류 - 미분류,화물,남,40세,상해없음,승용,여,65세,중상
2023111800100403,2023년 11월 18일 16시,토요일,경상북도 구미시 사곡동,경상사고,0,0,1,0,차대차 - 측면충돌,교차로운행방법위반,건조,맑음,교차로 - 교차로부근,승용,여,59세,상해없음,승용,여,47세,경상
2023111800100435,2023년 11월 18일 17시,토요일,경상북도 포항시 남구 대도동,부상신고사고,0,0,0,1,차대차 - 기타,안전운전불이행,건조,맑음,교차로 - 교차로부근,승용,남,28세,부상신고,승용,남,67세,상해없음
2023111800100486,2023년 11월 18일 18시,토요일,경상북도 칠곡군 동명면,경상사고,0,0,1,0,차대차 - 측면충돌,교차로운행방법위반,건조,맑음,교차로 - 교차로안,승용,남,58세,상해없음,화물,남,56세,경상
2023111800100487,2023년 11월 18일 18시,토요일,경상북도 청도군 이서면,중상사고,0,1,0,0,차대차 - 측면충돌,안전운전불이행,건조,맑음,교차로 - 교차로안,화물,남,75세,상해없음,승용,남,44세,중상
2023111800100488,2023년 11월 18일 18시,토요일,경상북도 포항시 남구 지곡동,경상사고,0,0,1,0,차대차 - 측면충돌,교차로운행방법위반,건조,맑음,주차장 - 주차장,승용,여,45세,상해없음,이륜,여,33세,경상
2023111800100518,2023년 11월 18일 19시,토요일,경상북도 구미시 선기동,경상사고,0,0,1,0,차대차 - 추돌,안전운전불이행,건조,맑음,단일로 - 기타,승용,남,44세,상해없음,승용,남,67세,경상
2023111800100556,2023년 11월 18일 21시,토요일,경상북도 경주시 외동읍,경상사고,0,0,1,0,차량단독 - 기타,안전운전불이행,건조,맑음,단일로 - 기타,승용,남,50세,경상,,,,
2023111900100007,2023년 11월 19일 00시,일요일,경상북도 포항시 북구 송라면,경상사고,0,0,1,0,차대차 - 추돌,안전운전불이행,건조,맑음,교차로 - 교차로부근,승용,남,59세,상해없음,승용,남,74세,경상
2023111900100016,2023년 11월 19일 01시,일요일,경상북도 구미시 광평동,경상사고,0,0,1,0,차대차 - 기타,안전운전불이행,건조,맑음,교차로 - 교차로부근,승용,여,44세,상해없음,승용,여,31세,경상