사고번호,사고일시,요일,시군구,사고내용,사망자수,중상자수,경상자수,부상신고자수,사고유형,법규위반,노면상태,기상상태,도로형태,가해운전자 차종,가해운전자 성별,가해운전자 연령,가해운전자 상해정도,피해운전자 차종,피해운전자 성별,피해운전자 연령,피해운전자 상해정도
2023111900100038,2023년 11월 19일 04시,일요일,경상북도 포항시 북구 학잠동,경상사고,0,0,1,1,차대차 - 측면충돌,교차로운행방법위반,건조,맑음,교차로 - 교차로안,승합,남,63세,상해없음,승용,남,70세,부상신고
2023111900100059,2023년 11월 19일 07시,일요일,경상북도 포항시 북구 두호동,경상사고,0,0,1,0,차대차 - 기타,신호위반,건조,맑음,교차로 - 교차로안,승용,남,54세,상해없음,승용,남,67세,상해없음
2023111900100071,2023년 11월 19일 08시,일요일,경상북도 안동시 정상동,경상사고,0,0,1,0,차대차 - 기타,직진우회전진행방해,건조,맑음,교차로 - 교차로안,승용,남,71세,상해없음,승용,여,40세,경상
2023111900100090,2023년 11월 19일 09시,일요일,경상북도 김천시 황금동,경상사고,0,0,1,0,차대사람 - 횡단중,보행자보호의무위반,건조,맑음,교차로 - 교차로부근,승용,남,58세,상해없음,보행자,남,85세,경상
2023111900100139,2023년 11월 19일 11시,일요일,경상북도 성주군 가천면,부상신고사고,0,0,0,1,차량단독 - 도로외이탈 - 추락,안전운전불이행,젖음/습기,맑음,기타 - 기타,화물,남,60세,부상신고,,,,
2023111900100140,2023년 11월 19일 11시,일요일,경상북도 구미시 봉곡동,경상사고,0,0,1,1,차대차 - 추돌,안전운전불이행,건조,맑음,교차로 - 교차로부근,승용,남,54세,상해없음,승용,남,41세,경상
2023111900100157,2023년 11월 19일 12시,일요일,경상북도 포항시 남구 효자동,부상신고사고,0,0,0,1,차대차 - 기타,안전운전불이행,건조,맑음,단일로 - 기타,이륜,남,33세,상해없음,이륜,남,25세,부상신고
2023111900100181,2023년 11월 19일 13시,일요일,경상북도 경산시 옥산동,경상사고,0,0,3,0,차대차 - 추돌,안전운전불이행,건조,맑음,교차로 - 교차로안,승합,남,92세,상해없음,승용,여,43세,경상
2023111900100217,2023년 11월 19일 14시,일요일,경상북도 경주시 황남동,경상사고,0,0,1,0,차대사람 - 횡단중,안전운전불이행,건조,맑음,교차로 - 교차로안,승용,여,65세,상해없음,보행자,여,28세,경상
2023111900100218,2023년 11월 19일 14시,일요일,경상북도 경주시 감포읍,경상사고,0,0,1,0,차대차 - 측면충돌,안전운전불이행,건조,맑음,단일로 - 기타,승용,여,37세,상해없음,승용,여,34세,경상
2023111900100219,2023년 11월 19일 14시,일요일,경상북도 영덕군 축산면,경상사고,0,0,1,0,차량단독 - 전도전복 - 전도,안전운전불이행,건조,맑음,단일로 - 기타,이륜,남,59세,경상,,,,
2023111900100220,2023년 11월 19일 14시,일요일,경상북도 포항시 남구 효자동,경상사고,0,0,1,0,차대차 - 정면충돌,안전운전불이행,건조,맑음,단일로 - 지하차도(도로)내,이륜,남,27세,상해없음,승용,여,59세,경상
2023111900100221,2023년 11월 19일 14시,일요일,경상북도 포항시 남구 호미곶면,부상신고사고,0,0,0,2,차대차 - 측면충돌,교차로운행방법위반,건조,맑음,교차로 - 교차로안,화물,남,32세,상해없음,승용,남,27세,부상신고
2023111900100253,2023년 11월 19일 15시,일요일,경상북도 경산시 백천동,중상사고,0,1,0,0,차대차 - 추돌,안전운전불이행,건조,맑음,교차로 - 교차로부근,화물,남,67세,상해없음,승용,남,52세,중상
2023111900100254,2023년 11월 19일 15시,일요일,경상북도 영덕군 병곡면,경상사고,0,0,1,0,차대차 - 추돌,안전거리미확보,건조,맑음,단일로 - 기타,승용,여,34세,상해없음,화물,남,41세,경상
2023111900100310,2023년 11월 19일 17시,일요일,경상북도 영천시 청통면,경상사고,0,0,3,0,차대차 - 기타,안전운전불이행,건조,맑음,주차장 - 주차장,승용,남,68세,상해없음,승용,남,47세,기타불명
2023111900100348,2023년 11월 19일 18시,일요일,경상북도 안동시 태화동,중상사고,0,1,0,0,차대차 - 기타,중앙선침범,건조,맑음,단일로 - 기타,승용,남,66세,상해없음,승용,남,60세,중상
2023111900100349,2023년 11월 19일 18시,일요일,경상북도 경산시 하양읍,경상사고,0,0,1,0,차대차 - 측면충돌,신호위반,건조,맑음,교차로 - 교차로안,화물,남,63세,상해없음,승용,여,46세,경상
2023111900100413,2023년 11월 19일 20시,일요일,경상북도 경산시 옥산동,경상사고,0,0,1,0,차대차 - 측면충돌,안전운전불이행,건조,맑음,교차로 - 교차로부근,승용,여,28세,상해없음,이륜,남,29세,경상
2023111900100414,2023년 11월 19일 20시,일요일,경상북도 구미시 원평동,경상사고,0,0,1,0,차대사람 - 기타,안전운전불이행,건조,맑음,단일로 - 기타,승용,남,60세,상해없음,보행자,남,29세,경상
2023111900100430,2023년 11월 19일 21시,일요일,경상북도 경주시 외동읍,경상사고,0,0,1,0,차대차 - 측면충돌,안전운전불이행,건조,맑음,단일로 - 기타,승용,남,49세,상해없음,승용,남,26세,경상
2023111900100431,2023년 11월 19일 21시,일요일,경상북도 상주시 이안면,사망사고,1,0,0,0,차대차 - 기타,안전운전불이행,건조,맑음,단일로 - 기타,화물,남,60세,사망,농기계,남,67세,상해없음
2023111900100432,2023년 11월 19일 21시,일요일,경상북도 칠곡군 왜관읍,중상사고,0,1,0,0,차량단독 - 전도전복 - 전복,안전운전불이행,건조,맑음,단일로 - 기타,승용,남,30세,중상,,,,
2023111900100433,2023년 11월 19일 21시,일요일,경상북도 영덕군 영덕읍,경상사고,0,0,1,0,차대사람 - 길가장자리구역통행중,안전운전불이행,건조,맑음,교차로 - 교차로안,승용,남,32세,상해없음,보행자,남,54세,경상
2023112000100060,2023년 11월 20일 07시,월요일,경상북도 영천시 조교동,경상사고,0,0,1,0,차대차 - 측면충돌,안전운전불이행,건조,맑음,교차로 - 교차로안,승용,남,70세,상해없음,승용,남,35세,경상
2023112000100061,2023년 11월 20일 07시,월요일,경상북도 경산시 압량읍,중상사고,0,1,0,0,차대차 - 기타,안전운전불이행,건조,맑음,단일로 - 기타,승용,남,74세,상해없음,농기계,남,74세,중상
2023112000100118,2023년 11월 20일 08시,월요일,경상북도 칠곡군 가산면,경상사고,0,0,2,0,차대차 - 측면충돌,안전운전불이행,건조,맑음,교차로 - 교차로안,화물,여,64세,상해없음,승용,남,32세,경상
2023112000100119,2023년 11월 20일 08시,월요일,경상북도 문경시 모전동,중상사고,0,1,0,0,차대차 - 측면충돌,직진우회전진행방해,건조,맑음,교차로 - 교차로부근,승용,남,32세,기타불명,이륜,남,82세,중상
2023112000100166,2023년 11월 20일 09시,월요일,경상북도 포항시 남구 오천읍,경상사고,0,0,2,0,차대차 - 추돌,안전운전불이행,건조,맑음,교차로 - 교차로부근,승용,여,49세,기타불명,승용,남,39세,경상
2023112000100206,2023년 11월 20일 10시,월요일,경상북도 포항시 북구 두호동,경상사고,0,0,1,0,차대차 - 추돌,안전운전불이행,건조,맑음,단일로 - 기타,승용,여,66세,상해없음,승용,남,41세,경상
2023112000100246,2023년 11월 20일 11시,월요일,경상북도 안동시 용상동,중상사고,0,1,0,0,차대사람 - 횡단중,보행자보호의무위반,건조,맑음,교차로 - 교차로안,화물,남,31세,상해없음,보행자,여,69세,중상
2023112000100247,2023년 11월 20일 11시,월요일,경상북도 구미시 비산동,중상사고,0,1,0,0,차대사람 - 횡단중,안전운전불이행,건조,맑음,단일로 - 기타,화물,남,53세,상해없음,보행자,여,45세,중상
2023112000100290,2023년 11월 20일 12시,월요일,경상북도 포항시 북구 죽도동,경상사고,0,0,2,0,차대차 - 측면충돌,안전거리미확보,건조,맑음,기타 - 기타,승용,남,78세,상해없음,승용,남,60세,경상
2023112000100292,2023년 11월 20일 12시,월요일,경상북도 구미시 구평동,경상사고,0,0,2,0,차대차 - 기타,안전운전불이행,건조,맑음,단일로 - 기타,화물,남,73세,상해없음,승용,남,26세,경상
2023112000100293,2023년 11월 20일 12시,월요일,경상북도 구미시 원평동,경상사고,0,0,2,0,차대차 - 기타,안전운전불이행,건조,맑음,기타 - 기타,승용,여,59세,경상,승용,여,64세,경상
2023112000100373,2023년 11월 20일 14시,월요일,경상북도 포항시 남구 대잠동,경상사고,0,0,1,1,차대차 - 측면충돌,안전운전불이행,건조,맑음,주차장 - 주차장,화물,남,48세,상해없음,승용,여,49세,경상
2023112000100414,2023년 11월 20일 15시,월요일,경상북도 상주시 낙동면,경상사고,0,0,1,0,차대차 - 측면충돌,안전운전불이행,건조,맑음,교차로 - 교차로부근,화물,남,65세,상해없음,화물,남,71세,경상
2023112000100415,2023년 11월 20일 15시,월요일,경상북도 영천시 조교동,경상사고,0,0,1,0,차대차 - 측면충돌,신호위반,건조,맑음,교차로 - 교차로부근,사륜오토바이(ATV),남,71세,경상,승용,남,63세,상해없음
2023112000100453,2023년 11월 20일 16시,월요일,경상북도 경산시 하양읍,중상사고,0,1,0,0,차대사람 - 횡단중,보행자보호의무위반,건조,맑음,교차로 - 교차로횡단보도내,승용,남,71세,상해없음,보행자,여,22세,중상
2023112000100454,2023년 11월 20일 16시,월요일,경상북도 경산시 정평동,경상사고,0,0,2,0,차대차 - 기타,안전운전불이행,건조,맑음,단일로 - 기타,승용,남,62세,상해없음,승용,남,69세,경상
2023112000100455,2023년 11월 20일 16시,월요일,경상북도 구미시 인의동,경상사고,0,0,2,0,차대차 - 추돌,안전거리미확보,건조,맑음,단일로 - 기타,승용,여,31세,경상,승용,남,36세,경상
2023112000100456,2023년 11월 20일 16시,월요일,경상북도 포항시 남구 상도동,경상사고,0,0,1,0,차대차 - 측면충돌,안전운전불이행,건조,맑음,교차로 - 교차로부근,승용,남,71세,기타불명,승용,남,42세,경상
2023112000100457,2023년 11월 20일 16시,월요일,경상북도 포항시 남구 오천읍,경상사고,0,0,1,0,차대사람 - 기타,보행자보호의무위반,건조,맑음,단일로 - 기타,화물,남,63세,상해없음,보행자,여,28세,경상
2023112000100493,2023년 11월 20일 17시,월요일,경상북도 김천시 남산동,경상사고,0,0,1,0,차대차 - 추돌,안전운전불이행,건조,맑음,단일로 - 기타,승용,남,84세,상해없음,승용,여,49세,경상
2023112000100494,2023년 11월 20일 17시,월요일,경상북도 칠곡군 약목면,경상사고,0,0,1,0,차대차 - 추돌,안전거리미확보,건조,맑음,단일로 - 지하차도(도로)내,승용,남,67세,상해없음,화물,남,63세,상해없음
2023112000100495,2023년 11월 20일 17시,월요일,경상북도 경산시 진량읍,경상사고,0,0,1,0,차대차 - 추돌,안전거리미확보,건조,맑음,단일로 - 지하차도(도로)내,승용,남,57세,상해없음,승용,남,46세,경상
2023112000100496,2023년 11월 20일 17시,월요일,경상북도 경산시 정평동,경상사고,0,0,3,0,차대차 - 측면충돌,기타,건조,맑음,교차로 - 교차로안,승합,남,61세,상해없음,승용,여,37세,경상
2023112000100497,2023년 11월 20일 17시,월요일,경상북도 구미시 거의동,경상사고,0,0,1,0,차량단독 - 공작물충돌,안전운전불이행,건조,맑음,단일로 - 기타,승용,여,47세,경상,,,,
2023112000100498,2023년 11월 20일 17시,월요일,경상북도 포항시 남구 해도동,경상사고,0,0,1,0,차대차 - 측면충돌,신호위반,건조,맑음,교차로 - 교차로부근,승용,남,31세,상해없음,승용,남,57세,경상
2023112000100539,2023년 11월 20일 18시,월요일,경상북도 상주시 화서면,사망사고,1,0,0,0,차대사람 - 횡단중,보행자보호의무위반,건조,맑음,교차로 - 교차로횡단보도내,화물,남,76세,상해없음,보행자,여,84세,사망
2023112000100540,2023년 11월 20일 18시,월요일,경상북도 포항시 남구 대잠동,경상사고,0,0,2,0,차대차 - 측면충돌,안전운전불이행,건조,맑음,교차로 - 교차로횡단보도내,승용,여,56세,상해없음,승용,여,44세,경상
2023112000100580,2023년 11월 20일 19시,월요일,경상북도 경주시 동천동,경상사고,0,0,1,1,차대차 - 추돌,안전운전불이행,건조,맑음,단일로 - 기타,이륜,남,24세,부상신고,승용,여,63세,상해없음
2023112000100581,2023년 11월 20일 19시,월요일,경상북도 의성군 비안면,중상사고,0,1,0,1,차대차 - 추돌,안전운전불이행,건조,맑음,기타 - 기타,승용,남,67세,부상신고,농기계,남,72세,중상
2023112000100582,2023년 11월 20일 19시,월요일,경상북도 문경시 모전동,경상사고,0,0,1,0,차대차 - 측면충돌,안전운전불이행,건조,맑음,교차로 - 교차로안,화물,남,61세,상해없음,이륜,남,56세,경상
2023112000100635,2023년 11월 20일 21시,월요일,경상북도 구미시 봉곡동,경상사고,0,0,1,0,차대사람 - 기타,안전운전불이행,건조,맑음,교차로 - 교차로부근,승용,남,54세,상해없음,보행자,여,22세,경상
2023112000100661,2023년 11월 20일 22시,월요일,경상북도 포항시 북구 두호동,경상사고,0,0,2,0,차대차 - 측면충돌,신호위반,건조,맑음,교차로 - 교차로부근,승용,남,66세,상해없음,승용,남,22세,경상
2023112000100662,2023년 11월 20일 22시,월요일,경상북도 구미시 옥계동,경상사고,0,0,2,0,차대차 - 측면충돌,안전거리미확보,건조,맑음,교차로 - 교차로부근,승용,남,60세,상해없음,승용,남,26세,경상
2023112100100012,2023년 11월 21일 01시,화요일,경상북도 구미시 공단동,사망사고,1,0,0,0,차대사람 - 횡단중,기타,건조,맑음,교차로 - 교차로부근,승용,남,52세,상해없음,보행자,남,52세,사망
2023112100100019,2023년 11월 21일 02시,화요일,경상북도 영천시 망정동,경상사고,0,0,1,0,차대사람 - 기타,보행자보호의무위반,건조,맑음,교차로 - 교차로횡단보도내,승용,남,50세,상해없음,보행자,남,48세,경상
2023112100100077,2023년 11월 21일 07시,화요일,경상북도 포항시 남구 장흥동,중상사고,0,1,0,0,차대차 - 측면충돌,안전운전불이행,건조,맑음,단일로 - 기타,승용,남,71세,상해없음,화물,남,62세,중상
2023112100100123,2023년 11월 21일 08시,화요일,경상북도 안동시 정상동,경상사고,0,0,3,0,차대차 - 기타,교차로운행방법위반,젖음/습기,안개,교차로 - 교차로안,승용,여,42세,상해없음,승용,여,33세,경상
2023112100100124,2023년 11월 21일 08시,화요일,경상북도 칠곡군 석적읍,경상사고,0,0,1,0,차대차 - 측면충돌,안전운전불이행,건조,맑음,교차로 - 교차로안,승용,남,37세,상해없음,승용,남,35세,경상
2023112100100125,2023년 11월 21일 08시,화요일,경상북도 경산시 자인면,중상사고,0,1,0,0,차대차 - 측면충돌,신호위반,건조,맑음,교차로 - 교차로안,승용,남,32세,상해없음,승용,여,48세,중상
2023112100100126,2023년 11월 21일 08시,화요일,경상북도 구미시 임수동,부상신고사고,0,0,0,1,차대차 - 추돌,안전운전불이행,건조,맑음,단일로 - 기타,화물,남,44세,부상신고,승합,남,58세,상해없음
2023112100100127,2023년 11월 21일 08시,화요일,경상북도 포항시 남구 동촌동,경상사고,0,0,1,0,차대차 - 기타,안전운전불이행,건조,맑음,교차로 - 교차로부근,승용,남,63세,상해없음,승용,여,43세,경상
2023112100100208,2023년 11월 21일 10시,화요일,경상북도 경주시 내남면,중상사고,0,1,0,0,차대차 - 측면충돌,안전운전불이행,건조,맑음,단일로 - 기타,화물,남,40세,상해없음,화물,남,59세,상해없음
2023112100100244,2023년 11월 21일 11시,화요일,경상북도 청송군 현서면,중상사고,0,1,0,0,차대사람 - 기타,보행자보호의무위반,건조,맑음,단일로 - 기타,화물,남,78세,상해없음,보행자,남,68세,중상
2023112100100270,2023년 11월 21일 12시,화요일,경상북도 김천시 부곡동,중상사고,0,1,0,0,차대차 - 추돌,안전운전불이행,건조,맑음,단일로 - 기타,화물,여,47세,상해없음,승용,여,65세,중상
2023112100100271,2023년 11월 21일 12시,화요일,경상북도 영천시 금호읍,부상신고사고,0,0,0,1,차대차 - 기타,안전운전불이행,건조,맑음,단일로 - 기타,건설기계,남,67세,상해없음,화물,남,37세,부상신고
2023112100100272,2023년 11월 21일 12시,화요일,경상북도 영덕군 달산면,경상사고,0,0,1,0,차량단독 - 도로외이탈 - 기타,안전운전불이행,건조,맑음,단일로 - 기타,이륜,여,81세,경상,,,,
2023112100100273,2023년 11월 21일 12시,화요일,경상북도 청도군 청도읍,경상사고,0,0,1,0,차대차 - 기타,교차로운행방법위반,건조,맑음,교차로 - 교차로안,승용,여,67세,상해없음,이륜,여,50세,경상
2023112100100314,2023년 11월 21일 13시,화요일,경상북도 구미시 원평동,중상사고,0,1,0,0,차대사람 - 기타,보행자보호의무위반,건조,맑음,교차로 - 교차로부근,승용,여,34세,상해없음,보행자,여,69세,중상
2023112100100345,2023년 11월 21일 14시,화요일,경상북도 경주시 안강읍,경상사고,0,0,2,0,차대차 - 추돌,안전운전불이행,건조,맑음,교차로 - 교차로부근,승용,여,60세,경상,승용,남,54세,경상
2023112100100346,2023년 11월 21일 14시,화요일,경상북도 안동시 남문동,경상사고,0,0,1,0,차대사람 - 기타,보행자보호의무위반,건조,맑음,교차로 - 교차로횡단보도내,이륜,남,72세,상해없음,보행자,여,48세,경상
2023112100100347,2023년 11월 21일 14시,화요일,경상북도 안동시 정하동,중상사고,0,1,2,0,차대차 - 기타,교차로운행방법위반,건조,맑음,교차로 - 교차로안,화물,남,54세,경상,승용,여,29세,중상
2023112100100348,2023년 11월 21일 14시,화요일,경상북도 김천시 봉산면,중상사고,0,1,0,0,차대사람 - 차도통행중,안전운전불이행,건조,맑음,교차로 - 교차로안,승용,남,44세,상해없음,보행자,여,79세,중상
2023112100100349,2023년 11월 21일 14시,화요일,경상북도 울진군 북면,경상사고,0,0,1,0,차대사람 - 기타,안전운전불이행,건조,맑음,단일로 - 기타,화물,남,50세,상해없음,보행자,남,55세,경상
2023112100100386,2023년 11월 21일 15시,화요일,경상북도 안동시 용상동,경상사고,0,0,1,0,차대차 - 기타,안전운전불이행,건조,맑음,단일로 - 기타,승용,여,38세,상해없음,승용,여,70세,경상
2023112100100438,2023년 11월 21일 16시,화요일,경상북도 영천시 완산동,경상사고,0,0,1,0,차대차 - 측면충돌,교차로운행방법위반,건조,맑음,교차로 - 교차로안,승용,남,75세,상해없음,승용,남,47세,경상
2023112100100439,2023년 11월 21일 16시,화요일,경상북도 포항시 남구 오천읍,경상사고,0,0,1,0,차대차 - 측면충돌,신호위반,건조,맑음,교차로 - 교차로안,이륜,남,33세,상해없음,이륜,남,44세,경상
2023112100100499,2023년 11월 21일 17시,화요일,경상북도 경주시 동천동,중상사고,0,1,0,1,차대차 - 추돌,안전운전불이행,건조,맑음,교차로 - 교차로안,승용,남,59세,부상신고,승용,남,28세,중상
2023112100100500,2023년 11월 21일 17시,화요일,경상북도 문경시 모전동,경상사고,0,0,1,0,차대차 - 추돌,직진우회전진행방해,건조,맑음,교차로 - 교차로안,승용,남,62세,기타불명,승용,여,47세,경상
2023112100100501,2023년 11월 21일 17시,화요일,경상북도 청송군 안덕면,경상사고,0,0,1,0,차대차 - 측면충돌,중앙선침범,건조,맑음,단일로 - 기타,화물,남,44세,상해없음,승용,여,61세,경상
2023112100100551,2023년 11월 21일 18시,화요일,경상북도 영주시 상망동,중상사고,0,1,0,0,차대사람 - 횡단중,안전운전불이행,건조,맑음,단일로 - 기타,승용,여,52세,상해없음,보행자,여,76세,중상
2023112100100552,2023년 11월 21일 18시,화요일,경상북도 영천시 청통면,사망사고,1,0,0,0,차량단독 - 도로외이탈 - 추락,안전운전불이행,건조,맑음,교차로 - 교차로부근,승용,남,73세,사망,,,,
2023112100100553,2023년 11월 21일 18시,화요일,경상북도 영천시 작산동,경상사고,0,0,2,0,차대차 - 측면충돌,안전운전불이행,건조,맑음,단일로 - 기타,승용,남,56세,상해없음,이륜,남,24세,경상
2023112100100554,2023년 11월 21일 18시,화요일,경상북도 구미시 광평동,경상사고,0,0,1,0,차대차 - 정면충돌,신호위반,건조,맑음,교차로 - 교차로안,승용,여,39세,상해없음,화물,남,41세,경상
2023112100100604,2023년 11월 21일 19시,화요일,경상북도 영주시 장수면,경상사고,0,0,1,0,차대차 - 정면충돌,안전운전불이행,건조,맑음,단일로 - 기타,승용,남,54세,상해없음,승용,남,25세,경상
2023112100100605,2023년 11월 21일 19시,화요일,경상북도 울진군 울진읍,중상사고,0,1,3,0,차대차 - 측면충돌,직진우회전진행방해,건조,맑음,교차로 - 교차로안,승용,여,30세,중상,화물,남,52세,경상
2023112100100606,2023년 11월 21일 19시,화요일,경상북도 구미시 상모동,경상사고,0,0,1,0,차대차 - 기타,직진우회전진행방해,건조,맑음,교차로 - 교차로안,승용,여,50세,상해없음,이륜,남,38세,경상
2023112200100009,2023년 11월 22일 00시,수요일,경상북도 포항시 북구 죽도동,경상사고,0,0,1,0,차대차 - 후진중충돌,안전운전불이행,건조,맑음,단일로 - 기타,승용,남,29세,상해없음,승용,남,31세,경상
2023112200100059,2023년 11월 22일 06시,수요일,경상북도 포항시 북구 죽도동,경상사고,0,0,1,0,차대사람 - 기타,안전운전불이행,건조,맑음,단일로 - 기타,자전거,남,77세,기타불명,보행자,여,73세,경상
2023112200100083,2023년 11월 22일 07시,수요일,경상북도 상주시 함창읍,경상사고,0,0,1,0,차대차 - 측면충돌,신호위반,건조,맑음,단일로 - 기타,승용,남,62세,상해없음,이륜,남,41세,경상
2023112200100084,2023년 11월 22일 07시,수요일,경상북도 포항시 남구 송도동,경상사고,0,0,1,0,차대차 - 측면충돌,교차로운행방법위반,건조,맑음,교차로 - 교차로안,승용,남,68세,상해없음,자전거,남,78세,경상
2023112200100123,2023년 11월 22일 08시,수요일,경상북도 경주시 현곡면,경상사고,0,0,1,0,차대차 - 추돌,안전거리미확보,건조,맑음,교차로 - 교차로안,승용,남,58세,상해없음,승용,여,45세,경상
2023112200100124,2023년 11월 22일 08시,수요일,경상북도 칠곡군 지천면,경상사고,0,0,1,0,차대차 - 측면충돌,교차로운행방법위반,건조,맑음,교차로 - 교차로안,화물,남,70세,상해없음,화물,남,47세,경상
2023112200100125,2023년 11월 22일 08시,수요일,경상북도 청도군 화양읍,중상사고,0,1,2,0,차대차 - 측면충돌,교차로운행방법위반,건조,맑음,교차로 - 교차로안,승용,여,60세,경상,승용,여,49세,경상
2023112200100126,2023년 11월 22일 08시,수요일,경상북도 구미시 부곡동,경상사고,0,0,1,0,차대차 - 기타,안전운전불이행,건조,맑음,단일로 - 기타,승용,남,45세,기타불명,승용,남,43세,경상
2023112200100170,2023년 11월 22일 09시,수요일,경상북도 안동시 도산면,중상사고,0,1,1,0,차대사람 - 길가장자리구역통행중,안전운전불이행,건조,맑음,단일로 - 기타,이륜,남,59세,경상,보행자,남,64세,중상
2023112200100212,2023년 11월 22일 10시,수요일,경상북도 영주시 상망동,중상사고,0,1,0,0,차대차 - 추돌,안전운전불이행,건조,맑음,교차로 - 교차로부근,화물,남,31세,상해없음,승용,여,24세,중상
2023112200100213,2023년 11월 22일 10시,수요일,경상북도 성주군 벽진면,경상사고,0,0,1,1,차량단독 - 공작물충돌,안전운전불이행,건조,맑음,기타 - 기타,승용,남,79세,부상신고,,,,
2023112200100242,2023년 11월 22일 11시,수요일,경상북도 경주시 천북면,경상사고,0,0,2,0,차대차 - 정면충돌,중앙선침범,건조,맑음,단일로 - 기타,승용,남,50세,경상,화물,남,30세,경상
2023112200100273,2023년 11월 22일 12시,수요일,경상북도 경주시 안강읍,중상사고,0,1,0,0,차대차 - 측면충돌,중앙선침범,건조,맑음,교차로 - 교차로부근,자전거,남,78세,중상,승용,여,34세,상해없음
2023112200100274,2023년 11월 22일 12시,수요일,경상북도 경산시 유곡동,경상사고,0,0,1,0,차대차 - 측면충돌,안전거리미확보,건조,맑음,교차로 - 교차로부근,승용,남,68세,상해없음,승용,남,40세,경상
2023112200100275,2023년 11월 22일 12시,수요일,경상북도 포항시 남구 대도동,경상사고,0,0,2,0,차대차 - 측면충돌,안전운전불이행,건조,맑음,단일로 - 기타,승용,남,35세,경상,화물,남,44세,경상
2023112200100309,2023년 11월 22일 13시,수요일,경상북도 경주시 강동면,경상사고,0,0,1,0,차대차 - 측면충돌,기타,건조,맑음,교차로 - 교차로안,화물,남,67세,상해없음,승용,여,53세,경상
2023112200100310,2023년 11월 22일 13시,수요일,경상북도 경주시 황성동,중상사고,0,1,0,0,차대차 - 측면충돌,신호위반,건조,맑음,교차로 - 교차로안,원동기,남,42세,중상,승용,남,36세,상해없음
2023112200100311,2023년 11월 22일 13시,수요일,경상북도 경주시 현곡면,경상사고,0,0,1,0,차대차 - 측면충돌,안전운전불이행,건조,맑음,교차로 - 교차로부근,승용,여,36세,상해없음,승용,남,40세,경상
2023112200100312,2023년 11월 22일 13시,수요일,경상북도 청송군 파천면,경상사고,0,0,1,0,차대차 - 추돌,안전운전불이행,건조,맑음,단일로 - 기타,화물,남,75세,상해없음,화물,남,61세,경상
2023112200100313,2023년 11월 22일 13시,수요일,경상북도 포항시 남구 오천읍,경상사고,0,0,2,1,차대차 - 측면충돌,직진우회전진행방해,건조,맑음,교차로 - 교차로안,이륜,남,43세,경상,승용,여,44세,경상
2023112200100334,2023년 11월 22일 14시,수요일,경상북도 경주시 황오동,경상사고,0,0,2,0,차대차 - 측면충돌,신호위반,건조,맑음,교차로 - 교차로부근,승용,여,52세,상해없음,승용,남,74세,경상
2023112200100335,2023년 11월 22일 14시,수요일,경상북도 경산시 옥산동,경상사고,0,0,4,0,차대차 - 측면충돌,안전운전불이행,건조,맑음,교차로 - 교차로부근,승용,여,44세,상해없음,승용,남,52세,경상
2023112200100378,2023년 11월 22일 15시,수요일,경상북도 안동시 정하동,경상사고,0,0,1,0,차대사람 - 기타,안전운전불이행,건조,맑음,교차로 - 교차로부근,승합,남,66세,상해없음,보행자,남,41세,경상
2023112200100379,2023년 11월 22일 15시,수요일,경상북도 안동시 서후면,경상사고,0,0,1,0,차대차 - 기타,안전거리미확보,건조,맑음,단일로 - 기타,승용,여,63세,상해없음,승용,남,48세,경상
2023112200100380,2023년 11월 22일 15시,수요일,경상북도 상주시 낙양동,경상사고,0,0,1,0,차대차 - 측면충돌,교차로운행방법위반,건조,맑음,교차로 - 교차로안,승용,남,58세,상해없음,자전거,남,14세,경상
2023112200100381,2023년 11월 22일 15시,수요일,경상북도 경산시 옥곡동,경상사고,0,0,1,0,차대사람 - 기타,안전운전불이행,건조,맑음,단일로 - 기타,승용,남,25세,상해없음,보행자,여,47세,경상
2023112200100382,2023년 11월 22일 15시,수요일,경상북도 영덕군 지품면,경상사고,0,0,1,0,차대차 - 측면충돌,중앙선침범,건조,맑음,단일로 - 기타,승용,남,54세,상해없음,화물,남,61세,경상
2023112200100383,2023년 11월 22일 15시,수요일,경상북도 구미시 구평동,경상사고,0,0,1,0,차대차 - 측면충돌,안전운전불이행,건조,맑음,단일로 - 기타,승용,남,60세,상해없음,승용,여,35세,경상
2023112200100406,2023년 11월 22일 16시,수요일,경상북도 봉화군 소천면,경상사고,0,0,3,0,차대차 - 추돌,안전운전불이행,건조,맑음,단일로 - 터널,승용,여,29세,상해없음,화물,여,49세,경상
2023112200100407,2023년 11월 22일 16시,수요일,경상북도 고령군 대가야읍,중상사고,0,1,0,0,차대사람 - 기타,안전운전불이행,건조,맑음,기타 - 기타,건설기계,남,51세,상해없음,보행자,여,75세,중상
2023112200100503,2023년 11월 22일 18시,수요일,경상북도 포항시 북구 장성동,경상사고,0,0,1,0,차대차 - 측면충돌,중앙선침범,건조,맑음,단일로 - 기타,승용,남,61세,상해없음,이륜,남,33세,경상
2023112200100504,2023년 11월 22일 18시,수요일,경상북도 안동시 옥동,경상사고,0,0,2,0,차대차 - 측면충돌,안전운전불이행,건조,맑음,교차로 - 교차로부근,승용,여,57세,상해없음,승용,남,54세,경상