사고번호,사고일시,요일,시군구,사고내용,사망자수,중상자수,경상자수,부상신고자수,사고유형,법규위반,노면상태,기상상태,도로형태,가해운전자 차종,가해운전자 성별,가해운전자 연령,가해운전자 상해정도,피해운전자 차종,피해운전자 성별,피해운전자 연령,피해운전자 상해정도
2023112200100505,2023년 11월 22일 18시,수요일,경상북도 경산시 조영동,경상사고,0,0,1,0,차대차 - 기타,안전운전불이행,건조,맑음,교차로 - 교차로부근,승용,남,58세,상해없음,승용,여,51세,경상
2023112200100506,2023년 11월 22일 18시,수요일,경상북도 포항시 남구 동촌동,경상사고,0,0,2,1,차대차 - 기타,안전운전불이행,건조,맑음,단일로 - 기타,승용,여,44세,상해없음,승용,남,26세,경상
2023112200100507,2023년 11월 22일 18시,수요일,경상북도 포항시 남구 대잠동,경상사고,0,0,1,0,차대차 - 측면충돌,안전운전불이행,건조,맑음,단일로 - 기타,승용,여,26세,상해없음,승용,남,25세,경상
2023112200100554,2023년 11월 22일 19시,수요일,경상북도 경주시 석장동,중상사고,0,1,0,0,차대차 - 측면충돌,직진우회전진행방해,건조,맑음,교차로 - 교차로안,승용,여,52세,상해없음,이륜,남,48세,중상
2023112200100555,2023년 11월 22일 19시,수요일,경상북도 김천시 율곡동,중상사고,0,1,0,0,차대사람 - 횡단중,신호위반,건조,맑음,교차로 - 교차로횡단보도내,이륜,남,32세,상해없음,보행자,남,12세,중상
2023112200100600,2023년 11월 22일 21시,수요일,경상북도 구미시 봉곡동,중상사고,0,1,0,0,차대사람 - 횡단중,안전운전불이행,건조,맑음,단일로 - 기타,이륜,남,20세,상해없음,보행자,남,30세,중상
2023112200100619,2023년 11월 22일 22시,수요일,경상북도 김천시 신음동,경상사고,0,0,1,0,차대사람 - 횡단중,안전운전불이행,건조,맑음,기타 - 기타,승용,남,40세,상해없음,보행자,여,72세,경상
2023112300100005,2023년 11월 23일 00시,목요일,경상북도 안동시 옥동,중상사고,0,1,0,0,차대사람 - 횡단중,보행자보호의무위반,건조,맑음,교차로 - 교차로횡단보도내,승용,남,32세,상해없음,보행자,남,60세,중상
2023112300100074,2023년 11월 23일 07시,목요일,경상북도 상주시 외서면,경상사고,0,0,2,0,차대차 - 측면충돌,안전운전불이행,건조,맑음,단일로 - 기타,화물,남,35세,경상,승용,여,52세,경상
2023112300100075,2023년 11월 23일 07시,목요일,경상북도 포항시 남구 오천읍,부상신고사고,0,0,0,1,차대사람 - 보도통행중,보행자보호의무위반,건조,맑음,교차로 - 교차로횡단보도내,승용,남,58세,상해없음,보행자,남,25세,부상신고
2023112300100076,2023년 11월 23일 07시,목요일,경상북도 포항시 남구 오천읍,중상사고,0,1,0,0,차대차 - 정면충돌,안전운전불이행,건조,맑음,교차로 - 교차로횡단보도내,승용,남,71세,상해없음,자전거,남,64세,중상
2023112300100111,2023년 11월 23일 08시,목요일,경상북도 포항시 북구 장성동,경상사고,0,0,1,0,차대차 - 기타,안전운전불이행,건조,맑음,교차로 - 교차로부근,승용,여,38세,기타불명,승합,남,48세,경상
2023112300100112,2023년 11월 23일 08시,목요일,경상북도 영천시 신녕면,경상사고,0,0,2,0,차대차 - 측면충돌,안전운전불이행,건조,맑음,교차로 - 교차로안,승용,여,28세,경상,화물,남,71세,경상
2023112300100113,2023년 11월 23일 08시,목요일,경상북도 경산시 옥산동,중상사고,0,1,0,0,차량단독 - 기타,기타,건조,맑음,단일로 - 기타,승합,남,62세,상해없음,,,,
2023112300100114,2023년 11월 23일 08시,목요일,경상북도 청송군 진보면,경상사고,0,0,1,0,차대차 - 측면충돌,안전운전불이행,건조,맑음,교차로 - 교차로부근,화물,남,49세,상해없음,자전거,남,73세,경상
2023112300100151,2023년 11월 23일 09시,목요일,경상북도 고령군 대가야읍,경상사고,0,0,1,0,차대차 - 기타,안전운전불이행,건조,맑음,단일로 - 기타,승용,남,81세,상해없음,승용,여,56세,경상
2023112300100176,2023년 11월 23일 10시,목요일,경상북도 포항시 북구 흥해읍,경상사고,0,0,1,0,차대사람 - 길가장자리구역통행중,안전운전불이행,건조,맑음,단일로 - 기타,승용,여,33세,상해없음,보행자,남,59세,경상
2023112300100177,2023년 11월 23일 10시,목요일,경상북도 영천시 완산동,경상사고,0,0,1,1,차대차 - 측면충돌,직진우회전진행방해,건조,맑음,교차로 - 교차로안,자전거,남,76세,경상,승용,여,51세,부상신고
2023112300100203,2023년 11월 23일 11시,목요일,경상북도 경주시 도지동,경상사고,0,0,2,0,차대차 - 추돌,안전거리미확보,건조,맑음,교차로 - 교차로안,승용,남,32세,상해없음,승용,여,69세,경상
2023112300100232,2023년 11월 23일 12시,목요일,경상북도 예천군 풍양면,중상사고,0,1,0,0,차대차 - 측면충돌,안전운전불이행,건조,맑음,교차로 - 교차로안,승용,여,70세,중상,승합,남,29세,상해없음
2023112300100233,2023년 11월 23일 12시,목요일,경상북도 봉화군 춘양면,경상사고,0,0,1,0,차대차 - 기타,안전거리미확보,건조,맑음,단일로 - 기타,승용,남,44세,상해없음,승용,남,49세,경상
2023112300100261,2023년 11월 23일 13시,목요일,경상북도 청송군 진보면,중상사고,0,1,0,1,차대차 - 추돌,안전운전불이행,건조,맑음,단일로 - 기타,승용,남,58세,상해없음,승용,여,43세,중상
2023112300100291,2023년 11월 23일 14시,목요일,경상북도 경주시 동천동,경상사고,0,0,1,0,차대차 - 측면충돌,안전운전불이행,건조,맑음,교차로 - 교차로횡단보도내,승용,여,56세,상해없음,자전거,남,72세,경상
2023112300100292,2023년 11월 23일 14시,목요일,경상북도 경주시 내남면,중상사고,0,1,0,0,차대차 - 추돌,안전운전불이행,건조,맑음,교차로 - 교차로부근,화물,남,69세,상해없음,이륜,남,46세,중상
2023112300100293,2023년 11월 23일 14시,목요일,경상북도 구미시 인의동,경상사고,0,0,1,0,차대사람 - 길가장자리구역통행중,안전운전불이행,건조,맑음,교차로 - 교차로부근,승용,남,66세,상해없음,보행자,여,60세,경상
2023112300100320,2023년 11월 23일 15시,목요일,경상북도 칠곡군 북삼읍,경상사고,0,0,3,0,차대차 - 측면충돌,안전운전불이행,건조,맑음,교차로 - 교차로부근,승용,남,72세,상해없음,승용,남,32세,경상
2023112300100358,2023년 11월 23일 16시,목요일,경상북도 칠곡군 가산면,경상사고,0,0,1,0,차대차 - 추돌,안전거리미확보,건조,맑음,단일로 - 기타,승용,남,63세,상해없음,승용,남,73세,상해없음
2023112300100359,2023년 11월 23일 16시,목요일,경상북도 포항시 남구 연일읍,경상사고,0,0,1,0,차대차 - 정면충돌,안전운전불이행,건조,맑음,단일로 - 지하차도(도로)내,화물,남,65세,상해없음,승용,남,24세,경상
2023112300100406,2023년 11월 23일 17시,목요일,경상북도 안동시 북후면,중상사고,0,1,0,1,차대차 - 기타,안전거리미확보,건조,맑음,단일로 - 기타,승용,남,83세,부상신고,건설기계,남,57세,상해없음
2023112300100407,2023년 11월 23일 17시,목요일,경상북도 칠곡군 왜관읍,경상사고,0,0,1,0,차대차 - 기타,안전운전불이행,건조,맑음,단일로 - 기타,승용,여,44세,상해없음,기타불명,남,29세,경상
2023112300100408,2023년 11월 23일 17시,목요일,경상북도 울진군 북면,중상사고,0,1,0,0,차대사람 - 횡단중,보행자보호의무위반,건조,맑음,교차로 - 교차로안,승용,남,51세,상해없음,보행자,여,48세,중상
2023112300100457,2023년 11월 23일 18시,목요일,경상북도 상주시 낙양동,경상사고,0,0,1,0,차대차 - 기타,안전운전불이행,건조,맑음,교차로 - 교차로부근,승용,남,55세,상해없음,자전거,남,25세,경상
2023112300100458,2023년 11월 23일 18시,목요일,경상북도 영천시 문내동,중상사고,0,1,0,1,차대차 - 기타,안전운전불이행,건조,맑음,교차로 - 교차로안,승용,남,28세,부상신고,자전거,남,67세,중상
2023112300100459,2023년 11월 23일 18시,목요일,경상북도 영천시 완산동,경상사고,0,0,2,0,차대차 - 측면충돌,신호위반,건조,맑음,교차로 - 교차로안,이륜,남,45세,경상,승용,남,37세,경상
2023112300100460,2023년 11월 23일 18시,목요일,경상북도 경산시 진량읍,경상사고,0,0,2,0,차대사람 - 기타,안전운전불이행,건조,맑음,단일로 - 기타,이륜,남,72세,경상,보행자,남,73세,경상
2023112300100461,2023년 11월 23일 18시,목요일,경상북도 봉화군 석포면,경상사고,0,0,1,0,차대차 - 정면충돌,교차로운행방법위반,건조,맑음,교차로 - 교차로안,승용,여,28세,상해없음,승용,남,55세,경상
2023112300100462,2023년 11월 23일 18시,목요일,경상북도 구미시 선산읍,경상사고,0,0,1,0,차대차 - 기타,교차로운행방법위반,건조,맑음,교차로 - 교차로안,승용,남,49세,상해없음,개인형이동수단(PM),남,57세,경상
2023112300100463,2023년 11월 23일 18시,목요일,경상북도 포항시 남구 대도동,경상사고,0,0,1,0,차대차 - 측면충돌,안전운전불이행,건조,맑음,단일로 - 기타,승용,남,47세,상해없음,이륜,여,37세,경상
2023112300100503,2023년 11월 23일 19시,목요일,경상북도 칠곡군 왜관읍,중상사고,0,1,0,0,차대사람 - 차도통행중,안전운전불이행,건조,맑음,단일로 - 기타,승용,남,45세,상해없음,보행자,남,74세,중상
2023112300100537,2023년 11월 23일 20시,목요일,경상북도 포항시 북구 양덕동,중상사고,0,1,0,0,차대사람 - 기타,안전운전불이행,건조,맑음,단일로 - 기타,승용,남,65세,상해없음,보행자,여,78세,중상
2023112300100538,2023년 11월 23일 20시,목요일,경상북도 포항시 북구 장성동,중상사고,0,2,0,0,차대차 - 기타,교차로운행방법위반,건조,맑음,교차로 - 교차로안,승용,여,42세,상해없음,이륜,남,21세,중상
2023112300100539,2023년 11월 23일 20시,목요일,경상북도 구미시 거의동,경상사고,0,0,1,0,차대차 - 기타,안전운전불이행,건조,맑음,교차로 - 교차로안,승용,남,62세,상해없음,이륜,남,23세,경상
2023112300100571,2023년 11월 23일 21시,목요일,경상북도 칠곡군 가산면,경상사고,0,0,1,0,차대차 - 측면충돌,차로위반,건조,맑음,단일로 - 기타,승용,남,72세,상해없음,승용,남,40세,경상
2023112300100593,2023년 11월 23일 22시,목요일,경상북도 포항시 남구 오천읍,중상사고,0,1,0,0,차대차 - 측면충돌,기타,건조,맑음,단일로 - 기타,승용,남,50세,상해없음,이륜,남,54세,중상
2023112300100594,2023년 11월 23일 22시,목요일,경상북도 포항시 남구 연일읍,경상사고,0,0,1,0,차대사람 - 횡단중,보행자보호의무위반,건조,맑음,교차로 - 교차로횡단보도내,승용,남,32세,상해없음,보행자,남,58세,경상
2023112400100020,2023년 11월 24일 01시,금요일,경상북도 포항시 북구 흥해읍,경상사고,0,0,2,0,차대차 - 측면충돌,신호위반,건조,맑음,교차로 - 교차로안,승용,여,49세,경상,승용,남,61세,경상
2023112400100024,2023년 11월 24일 02시,금요일,경상북도 구미시 인의동,경상사고,0,0,1,0,차대차 - 추돌,안전운전불이행,건조,맑음,교차로 - 교차로안,승용,남,40세,상해없음,승용,남,41세,경상
2023112400100027,2023년 11월 24일 03시,금요일,경상북도 김천시 아포읍,경상사고,0,0,1,0,차대차 - 기타,안전운전불이행,건조,맑음,단일로 - 기타,화물,남,56세,경상,화물,남,52세,상해없음
2023112400100110,2023년 11월 24일 08시,금요일,경상북도 상주시 남성동,중상사고,0,1,0,0,차대차 - 측면충돌,안전운전불이행,건조,맑음,기타 - 기타,승용,남,67세,상해없음,자전거,남,12세,중상
2023112400100111,2023년 11월 24일 08시,금요일,경상북도 영주시 하망동,중상사고,0,1,0,0,차대사람 - 기타,안전운전불이행,건조,맑음,교차로 - 교차로안,승용,여,51세,기타불명,보행자,남,66세,중상
2023112400100112,2023년 11월 24일 08시,금요일,경상북도 고령군 대가야읍,경상사고,0,0,3,0,차대사람 - 기타,안전운전불이행,건조,맑음,기타 - 기타,승용,남,87세,상해없음,보행자,남,68세,경상
2023112400100149,2023년 11월 24일 09시,금요일,경상북도 경주시 내남면,중상사고,0,1,2,0,차대차 - 측면충돌,중앙선침범,건조,맑음,단일로 - 기타,승용,남,60세,경상,승용,남,65세,중상
2023112400100186,2023년 11월 24일 10시,금요일,경상북도 문경시 공평동,경상사고,0,0,2,0,차대차 - 추돌,안전운전불이행,건조,맑음,단일로 - 기타,화물,남,21세,경상,화물,남,68세,경상
2023112400100187,2023년 11월 24일 10시,금요일,경상북도 고령군 대가야읍,경상사고,0,0,1,0,차대사람 - 기타,안전운전불이행,건조,맑음,기타 - 기타,승용,여,61세,상해없음,보행자,남,78세,경상
2023112400100219,2023년 11월 24일 11시,금요일,경상북도 상주시 성하동,중상사고,0,1,0,0,차대차 - 측면충돌,중앙선침범,건조,맑음,교차로 - 교차로안,승용,남,66세,상해없음,이륜,여,64세,중상
2023112400100220,2023년 11월 24일 11시,금요일,경상북도 포항시 남구 지곡동,경상사고,0,0,2,0,차대차 - 측면충돌,직진우회전진행방해,건조,맑음,교차로 - 교차로안,승용,남,35세,경상,화물,남,32세,경상
2023112400100258,2023년 11월 24일 12시,금요일,경상북도 청도군 청도읍,경상사고,0,0,1,0,차대차 - 측면충돌,안전운전불이행,건조,맑음,단일로 - 기타,승용,여,68세,상해없음,승용,여,49세,경상
2023112400100259,2023년 11월 24일 12시,금요일,경상북도 구미시 원평동,중상사고,0,1,0,0,차대차 - 측면충돌,안전운전불이행,건조,맑음,단일로 - 기타,화물,남,33세,상해없음,원동기,남,17세,상해없음
2023112400100260,2023년 11월 24일 12시,금요일,경상북도 구미시 임수동,경상사고,0,0,1,0,차대차 - 기타,안전운전불이행,건조,맑음,교차로 - 교차로부근,승용,남,32세,상해없음,승용,남,51세,경상
2023112400100301,2023년 11월 24일 13시,금요일,경상북도 경산시 사동,중상사고,0,1,0,0,차대사람 - 횡단중,보행자보호의무위반,건조,맑음,교차로 - 교차로횡단보도내,승용,남,48세,상해없음,보행자,남,13세,중상
2023112400100342,2023년 11월 24일 14시,금요일,경상북도 포항시 북구 용흥동,중상사고,0,1,0,0,차대사람 - 기타,안전운전불이행,건조,맑음,교차로 - 교차로부근,승합,여,60세,상해없음,보행자,여,77세,중상
2023112400100343,2023년 11월 24일 14시,금요일,경상북도 김천시 용두동,중상사고,0,1,0,0,차대사람 - 횡단중,보행자보호의무위반,건조,맑음,교차로 - 교차로횡단보도내,승용,남,62세,상해없음,보행자,남,81세,중상
2023112400100344,2023년 11월 24일 14시,금요일,경상북도 영천시 화남면,경상사고,0,0,2,0,차대차 - 추돌,안전운전불이행,건조,맑음,교차로 - 교차로부근,승용,남,35세,경상,승용,여,53세,경상
2023112400100345,2023년 11월 24일 14시,금요일,경상북도 고령군 대가야읍,경상사고,0,0,1,0,차대사람 - 기타,안전운전불이행,건조,맑음,단일로 - 터널,화물,남,75세,상해없음,보행자,남,65세,경상
2023112400100379,2023년 11월 24일 15시,금요일,경상북도 안동시 옥동,경상사고,0,0,2,0,차대차 - 기타,교차로운행방법위반,건조,맑음,교차로 - 교차로안,승용,여,68세,상해없음,승용,여,69세,경상
2023112400100380,2023년 11월 24일 15시,금요일,경상북도 상주시 함창읍,중상사고,0,1,2,0,차대차 - 측면충돌,차로위반,건조,맑음,단일로 - 기타,승용,여,66세,상해없음,화물,남,45세,경상
2023112400100381,2023년 11월 24일 15시,금요일,경상북도 성주군 대가면,경상사고,0,0,2,0,차대차 - 정면충돌,신호위반,건조,맑음,교차로 - 교차로안,화물,남,68세,상해없음,화물,여,60세,경상
2023112400100383,2023년 11월 24일 15시,금요일,경상북도 포항시 남구 구룡포읍,경상사고,0,0,1,1,차대차 - 기타,안전거리미확보,건조,맑음,단일로 - 기타,승용,여,55세,부상신고,화물,남,27세,경상
2023112400100415,2023년 11월 24일 16시,금요일,경상북도 경주시 용강동,부상신고사고,0,0,0,1,차대차 - 기타,안전운전불이행,건조,맑음,교차로 - 교차로안,자전거,남,79세,부상신고,화물,남,63세,상해없음
2023112400100417,2023년 11월 24일 16시,금요일,경상북도 의성군 의성읍,중상사고,0,1,0,0,차대사람 - 기타,안전운전불이행,건조,맑음,기타 - 기타,화물,남,77세,상해없음,보행자,여,69세,중상
2023112400100418,2023년 11월 24일 16시,금요일,경상북도 포항시 남구 상도동,경상사고,0,0,2,0,차대차 - 측면충돌,안전운전불이행,건조,맑음,단일로 - 기타,승용,여,65세,경상,화물,남,71세,경상
2023112400100469,2023년 11월 24일 17시,금요일,경상북도 경주시 외동읍,경상사고,0,0,1,0,차대차 - 추돌,안전운전불이행,건조,맑음,단일로 - 기타,화물,여,62세,상해없음,화물,남,40세,경상
2023112400100470,2023년 11월 24일 17시,금요일,경상북도 김천시 응명동,경상사고,0,0,1,0,차대차 - 추돌,안전운전불이행,건조,맑음,단일로 - 기타,승용,남,59세,상해없음,승용,남,53세,경상
2023112400100471,2023년 11월 24일 17시,금요일,경상북도 영덕군 강구면,경상사고,0,0,2,0,차대차 - 추돌,안전거리미확보,건조,맑음,교차로 - 교차로부근,승용,남,88세,상해없음,승용,남,22세,경상
2023112400100472,2023년 11월 24일 17시,금요일,경상북도 성주군 성주읍,경상사고,0,0,3,0,차대차 - 기타,안전운전불이행,건조,맑음,교차로 - 교차로안,화물,남,63세,경상,승용,남,57세,경상
2023112400100473,2023년 11월 24일 17시,금요일,경상북도 구미시 형곡동,경상사고,0,0,1,0,차대차 - 후진중충돌,안전운전불이행,건조,맑음,단일로 - 기타,화물,남,53세,상해없음,승용,남,33세,경상
2023112400100527,2023년 11월 24일 18시,금요일,경상북도 안동시 태화동,경상사고,0,0,1,0,차대차 - 기타,안전거리미확보,건조,맑음,단일로 - 교량,화물,남,40세,상해없음,승용,남,59세,경상
2023112400100528,2023년 11월 24일 18시,금요일,경상북도 상주시 남성동,중상사고,0,1,0,0,차대사람 - 차도통행중,안전운전불이행,건조,맑음,교차로 - 교차로안,승용,여,58세,상해없음,보행자,여,60세,중상
2023112400100529,2023년 11월 24일 18시,금요일,경상북도 청도군 화양읍,경상사고,0,0,1,0,차대차 - 추돌,안전운전불이행,건조,맑음,교차로 - 교차로부근,승용,남,52세,상해없음,승용,여,64세,경상
2023112400100530,2023년 11월 24일 18시,금요일,경상북도 포항시 남구 오천읍,경상사고,0,0,1,0,차대차 - 기타,교차로운행방법위반,건조,맑음,교차로 - 교차로안,승용,여,58세,상해없음,승용,남,55세,경상
2023112400100531,2023년 11월 24일 18시,금요일,경상북도 칠곡군 지천면,중상사고,0,1,1,0,차대차 - 기타,안전운전불이행,건조,맑음,단일로 - 기타,승합,남,56세,상해없음,화물,남,63세,중상
2023112400100592,2023년 11월 24일 19시,금요일,경상북도 포항시 남구 대잠동,중상사고,0,1,0,0,차대사람 - 횡단중,보행자보호의무위반,건조,맑음,단일로 - 기타,이륜,남,28세,상해없음,보행자,여,64세,중상
2023112400100653,2023년 11월 24일 21시,금요일,경상북도 구미시 선기동,경상사고,0,0,1,0,차대차 - 측면충돌,교차로운행방법위반,건조,맑음,교차로 - 교차로안,승용,여,57세,상해없음,승용,여,30세,경상
2023112400100654,2023년 11월 24일 21시,금요일,경상북도 경산시 남천면,경상사고,0,0,2,0,차대차 - 추돌,안전운전불이행,건조,맑음,단일로 - 기타,승용,남,25세,상해없음,승용,남,30세,경상
2023112400100681,2023년 11월 24일 22시,금요일,경상북도 영주시 영주동,경상사고,0,0,2,0,차대차 - 정면충돌,중앙선침범,건조,맑음,교차로 - 교차로안,승용,남,33세,상해없음,승용,남,54세,경상
2023112400100682,2023년 11월 24일 22시,금요일,경상북도 구미시 공단동,경상사고,0,0,1,0,차대차 - 추돌,안전운전불이행,건조,맑음,교차로 - 교차로부근,승용,남,44세,상해없음,승용,남,41세,경상
2023112400100703,2023년 11월 24일 23시,금요일,경상북도 포항시 남구 대도동,경상사고,0,0,1,0,차대차 - 측면충돌,교차로운행방법위반,건조,맑음,단일로 - 지하차도(도로)내,승용,남,29세,상해없음,승용,남,68세,경상
2023112500100013,2023년 11월 25일 00시,토요일,경상북도 포항시 남구 상도동,경상사고,0,0,2,0,차대차 - 추돌,안전운전불이행,건조,맑음,단일로 - 기타,이륜,남,28세,상해없음,승용,남,57세,경상
2023112500100058,2023년 11월 25일 05시,토요일,경상북도 영주시 가흥동,경상사고,0,0,2,0,차대차 - 추돌,안전운전불이행,건조,맑음,교차로 - 교차로부근,승용,남,63세,상해없음,승용,남,49세,경상
2023112500100092,2023년 11월 25일 08시,토요일,경상북도 경주시 성동동,경상사고,0,0,1,0,차대차 - 측면충돌,중앙선침범,건조,맑음,교차로 - 교차로안,자전거,여,52세,경상,화물,남,64세,상해없음
2023112500100093,2023년 11월 25일 08시,토요일,경상북도 포항시 북구 장성동,경상사고,0,0,2,0,차대차 - 측면충돌,안전운전불이행,건조,맑음,교차로 - 교차로안,승용,여,51세,상해없음,승용,남,67세,경상
2023112500100126,2023년 11월 25일 09시,토요일,경상북도 영천시 오수동,중상사고,0,2,0,0,차대차 - 기타,안전운전불이행,건조,맑음,교차로 - 교차로부근,승용,여,83세,상해없음,승용,여,53세,중상
2023112500100153,2023년 11월 25일 10시,토요일,경상북도 청도군 각남면,중상사고,0,1,0,0,차량단독 - 공작물충돌,안전운전불이행,건조,맑음,단일로 - 기타,승용,여,60세,중상,,,,
2023112500100234,2023년 11월 25일 12시,토요일,경상북도 포항시 남구 대잠동,경상사고,0,0,1,0,차대차 - 추돌,안전운전불이행,건조,맑음,교차로 - 교차로부근,승용,여,25세,상해없음,승합,남,43세,경상
2023112500100281,2023년 11월 25일 13시,토요일,경상북도 경주시 성건동,중상사고,0,1,0,0,차대사람 - 기타,안전운전불이행,건조,맑음,교차로 - 교차로안,승용,남,66세,상해없음,보행자,여,62세,중상
2023112500100282,2023년 11월 25일 13시,토요일,경상북도 경주시 율동,경상사고,0,0,2,0,차대차 - 추돌,안전운전불이행,건조,맑음,단일로 - 기타,승용,여,20세,상해없음,승용,남,66세,상해없음
2023112500100283,2023년 11월 25일 13시,토요일,경상북도 김천시 황금동,중상사고,0,1,0,0,차대사람 - 횡단중,안전운전불이행,건조,맑음,교차로 - 교차로안,특수,남,56세,상해없음,보행자,남,84세,중상
2023112500100284,2023년 11월 25일 13시,토요일,경상북도 구미시 형곡동,경상사고,0,0,4,0,차대차 - 측면충돌,안전거리미확보,건조,맑음,단일로 - 기타,승용,여,40세,경상,승용,여,35세,경상
2023112500100328,2023년 11월 25일 14시,토요일,경상북도 포항시 북구 흥해읍,경상사고,0,0,2,0,차대차 - 후진중충돌,안전운전불이행,건조,맑음,교차로 - 교차로안,화물,남,55세,상해없음,승용,남,71세,경상
2023112500100329,2023년 11월 25일 14시,토요일,경상북도 영덕군 영해면,경상사고,0,0,3,0,차대차 - 추돌,안전운전불이행,건조,맑음,단일로 - 기타,승용,여,23세,상해없음,승용,남,27세,경상
2023112500100365,2023년 11월 25일 15시,토요일,경상북도 포항시 북구 죽도동,중상사고,0,1,0,0,차대사람 - 차도통행중,안전운전불이행,건조,맑음,단일로 - 기타,자전거,남,82세,상해없음,보행자,여,66세,중상
2023112500100366,2023년 11월 25일 15시,토요일,경상북도 고령군 성산면,중상사고,0,1,0,0,차대차 - 기타,안전운전불이행,건조,맑음,교차로 - 교차로안,승합,남,57세,상해없음,농기계,남,68세,중상
2023112500100411,2023년 11월 25일 16시,토요일,경상북도 포항시 북구 여천동,경상사고,0,0,1,0,차대차 - 후진중충돌,안전운전불이행,건조,맑음,단일로 - 기타,승용,남,66세,상해없음,이륜,남,24세,경상
2023112500100412,2023년 11월 25일 16시,토요일,경상북도 상주시 화동면,중상사고,0,1,1,0,차량단독 - 공작물충돌,안전운전불이행,건조,맑음,단일로 - 기타,승용,남,73세,경상,,,,
2023112500100413,2023년 11월 25일 16시,토요일,경상북도 울릉군 북면,사망사고,1,2,0,0,차대차 - 정면충돌,중앙선침범,건조,흐림,단일로 - 기타,승용,남,49세,사망,화물,남,66세,중상
2023112500100414,2023년 11월 25일 16시,토요일,경상북도 구미시 임은동,경상사고,0,0,1,0,차대차 - 측면충돌,신호위반,건조,맑음,교차로 - 교차로안,승용,남,44세,상해없음,승용,남,42세,경상
2023112500100415,2023년 11월 25일 16시,토요일,경상북도 문경시 불정동,경상사고,0,0,1,0,차대차 - 추돌,안전운전불이행,건조,맑음,단일로 - 기타,승용,남,67세,상해없음,승용,남,28세,경상
2023112500100450,2023년 11월 25일 17시,토요일,경상북도 경산시 하양읍,경상사고,0,0,1,0,차대차 - 측면충돌,안전운전불이행,건조,맑음,단일로 - 기타,승용,남,51세,상해없음,승용,여,56세,경상
2023112500100451,2023년 11월 25일 17시,토요일,경상북도 구미시 원평동,경상사고,0,0,1,0,차대사람 - 기타,안전운전불이행,건조,흐림,단일로 - 기타,승용,여,38세,상해없음,보행자,남,56세,경상
2023112500100499,2023년 11월 25일 18시,토요일,경상북도 경산시 하양읍,중상사고,0,1,0,0,차대차 - 추돌,안전운전불이행,건조,맑음,교차로 - 교차로부근,승용,남,30세,상해없음,승용,남,56세,중상
2023112500100500,2023년 11월 25일 18시,토요일,경상북도 청송군 주왕산면,중상사고,0,1,0,0,차대사람 - 기타,안전운전불이행,건조,맑음,단일로 - 기타,승합,남,68세,상해없음,보행자,남,80세,중상
2023112500100526,2023년 11월 25일 19시,토요일,경상북도 칠곡군 왜관읍,중상사고,0,1,0,0,차대차 - 측면충돌,안전운전불이행,건조,맑음,교차로 - 교차로안,승용,남,33세,상해없음,이륜,남,42세,중상
2023112500100527,2023년 11월 25일 19시,토요일,경상북도 경산시 하양읍,중상사고,0,1,0,0,차대차 - 기타,안전운전불이행,건조,맑음,단일로 - 기타,승용,남,56세,상해없음,이륜,남,49세,중상
2023112500100560,2023년 11월 25일 20시,토요일,경상북도 포항시 북구 죽도동,경상사고,0,0,1,0,차대차 - 기타,중앙선침범,건조,맑음,단일로 - 기타,이륜,남,57세,상해없음,승용,남,34세,경상
2023112500100561,2023년 11월 25일 20시,토요일,경상북도 안동시 태화동,경상사고,0,0,1,0,차대차 - 기타,직진우회전진행방해,건조,맑음,교차로 - 교차로부근,승용,여,44세,상해없음,승용,남,41세,경상
2023112500100562,2023년 11월 25일 20시,토요일,경상북도 경산시 하양읍,경상사고,0,0,2,0,차대차 - 측면충돌,안전거리미확보,건조,맑음,교차로 - 교차로안,승용,여,32세,상해없음,승용,남,30세,경상
2023112500100582,2023년 11월 25일 21시,토요일,경상북도 의성군 의성읍,경상사고,0,0,1,0,차량단독 - 공작물충돌,안전운전불이행,건조,흐림,단일로 - 기타,승용,남,29세,경상,,,,
2023112500100583,2023년 11월 25일 21시,토요일,경상북도 구미시 선산읍,경상사고,0,0,1,0,차량단독 - 공작물충돌,안전운전불이행,건조,흐림,단일로 - 기타,승용,남,50세,경상,,,,
2023112500100599,2023년 11월 25일 22시,토요일,경상북도 경산시 진량읍,중상사고,0,2,0,0,차대사람 - 횡단중,보행자보호의무위반,건조,맑음,단일로 - 기타,이륜,남,24세,상해없음,보행자,남,24세,중상
2023112600100003,2023년 11월 26일 00시,일요일,경상북도 안동시 옥동,경상사고,0,0,1,0,차대사람 - 기타,신호위반,건조,맑음,단일로 - 기타,이륜,남,44세,상해없음,보행자,남,54세,경상
2023112600100004,2023년 11월 26일 00시,일요일,경상북도 구미시 원평동,중상사고,0,1,0,0,차대차 - 추돌,안전운전불이행,건조,맑음,단일로 - 기타,승용,남,62세,상해없음,승합,남,68세,기타불명