사고번호,사고일시,요일,시군구,사고내용,사망자수,중상자수,경상자수,부상신고자수,사고유형,법규위반,노면상태,기상상태,도로형태,가해운전자 차종,가해운전자 성별,가해운전자 연령,가해운전자 상해정도,피해운전자 차종,피해운전자 성별,피해운전자 연령,피해운전자 상해정도
2023112600100046,2023년 11월 26일 05시,일요일,경상북도 포항시 북구 용흥동,경상사고,0,0,2,0,차대차 - 측면충돌,안전거리미확보,건조,맑음,단일로 - 기타,승용,남,75세,상해없음,승용,남,26세,경상
2023112600100096,2023년 11월 26일 10시,일요일,경상북도 의성군 금성면,경상사고,0,0,2,0,차대차 - 측면충돌,안전운전불이행,건조,맑음,단일로 - 기타,화물,남,76세,경상,승용,남,58세,상해없음
2023112600100097,2023년 11월 26일 10시,일요일,경상북도 청도군 청도읍,경상사고,0,0,1,0,차대차 - 정면충돌,안전운전불이행,건조,맑음,단일로 - 기타,승용,남,79세,상해없음,승용,여,55세,경상
2023112600100123,2023년 11월 26일 11시,일요일,경상북도 경주시 노서동,중상사고,0,1,0,0,차대차 - 측면충돌,직진우회전진행방해,건조,맑음,교차로 - 교차로안,승용,남,70세,상해없음,승용,여,65세,상해없음
2023112600100164,2023년 11월 26일 13시,일요일,경상북도 경주시 외동읍,경상사고,0,0,1,0,차량단독 - 전도전복 - 전도,안전운전불이행,건조,맑음,단일로 - 지하차도(도로)내,원동기,남,49세,경상,,,,
2023112600100165,2023년 11월 26일 13시,일요일,경상북도 포항시 북구 장성동,경상사고,0,0,1,0,차대사람 - 기타,안전운전불이행,건조,맑음,단일로 - 기타,승용,남,32세,상해없음,보행자,남,26세,경상
2023112600100190,2023년 11월 26일 14시,일요일,경상북도 포항시 북구 장성동,경상사고,0,0,5,0,차대차 - 측면충돌,중앙선침범,건조,맑음,교차로 - 교차로부근,승용,여,60세,상해없음,승용,남,42세,경상
2023112600100191,2023년 11월 26일 14시,일요일,경상북도 안동시 옥동,중상사고,0,1,1,1,차대차 - 측면충돌,교차로운행방법위반,건조,맑음,교차로 - 교차로안,특수,남,42세,부상신고,승용,여,33세,중상
2023112600100192,2023년 11월 26일 14시,일요일,경상북도 상주시 병성동,경상사고,0,0,3,0,차대차 - 추돌,안전거리미확보,건조,맑음,단일로 - 기타,화물,남,37세,경상,화물,남,41세,경상
2023112600100242,2023년 11월 26일 16시,일요일,경상북도 상주시 함창읍,경상사고,0,0,3,0,차대차 - 추돌,안전운전불이행,건조,맑음,단일로 - 기타,승용,여,64세,상해없음,승용,남,51세,경상
2023112600100331,2023년 11월 26일 19시,일요일,경상북도 경주시 성건동,경상사고,0,0,1,0,차대차 - 기타,신호위반,건조,맑음,교차로 - 교차로안,이륜,남,22세,상해없음,이륜,남,34세,경상
2023112600100332,2023년 11월 26일 19시,일요일,경상북도 경주시 성동동,중상사고,0,1,0,0,차대차 - 측면충돌,안전운전불이행,건조,맑음,교차로 - 교차로횡단보도내,승용,여,37세,상해없음,자전거,남,38세,중상
2023112600100354,2023년 11월 26일 20시,일요일,경상북도 포항시 북구 죽도동,경상사고,0,0,1,0,차대차 - 측면충돌,안전운전불이행,건조,맑음,교차로 - 교차로부근,승용,남,59세,상해없음,이륜,남,30세,경상
2023112600100373,2023년 11월 26일 21시,일요일,경상북도 성주군 성주읍,경상사고,0,0,2,0,차대차 - 기타,안전운전불이행,건조,맑음,기타 - 기타,화물,남,60세,상해없음,승용,남,37세,경상
2023112600100383,2023년 11월 26일 22시,일요일,경상북도 구미시 진평동,부상신고사고,0,0,0,1,차대차 - 기타,신호위반,젖음/습기,비,교차로 - 교차로안,기타불명,기타불명,미분류,기타불명,승용,남,76세,상해없음
2023112600100384,2023년 11월 26일 22시,일요일,경상북도 구미시 임은동,경상사고,0,0,1,0,차대차 - 기타,안전운전불이행,건조,맑음,단일로 - 기타,승합,남,60세,상해없음,자전거,여,64세,경상
2023112700100130,2023년 11월 27일 08시,월요일,경상북도 김천시 아포읍,경상사고,0,0,2,0,차대차 - 측면충돌,안전운전불이행,건조,흐림,단일로 - 기타,승용,남,30세,경상,승용,여,41세,경상
2023112700100191,2023년 11월 27일 10시,월요일,경상북도 포항시 북구 죽도동,경상사고,0,0,1,0,차대사람 - 기타,안전운전불이행,건조,맑음,단일로 - 기타,승용,남,53세,상해없음,보행자,여,78세,경상
2023112700100258,2023년 11월 27일 12시,월요일,경상북도 영덕군 축산면,경상사고,0,0,1,0,차량단독 - 공작물충돌,안전운전불이행,건조,맑음,단일로 - 기타,승용,남,48세,경상,,,,
2023112700100290,2023년 11월 27일 13시,월요일,경상북도 김천시 평화동,경상사고,0,0,1,0,차대사람 - 길가장자리구역통행중,안전운전불이행,건조,맑음,주차장 - 주차장,승용,여,75세,상해없음,보행자,여,18세,경상
2023112700100291,2023년 11월 27일 13시,월요일,경상북도 의성군 비안면,중상사고,0,1,0,0,차대차 - 기타,직진우회전진행방해,건조,맑음,교차로 - 교차로안,화물,남,36세,상해없음,화물,남,73세,중상
2023112700100292,2023년 11월 27일 13시,월요일,경상북도 문경시 점촌동,경상사고,0,0,1,0,차대차 - 추돌,안전거리미확보,젖음/습기,흐림,교차로 - 교차로부근,승용,남,52세,상해없음,승용,여,64세,상해없음
2023112700100332,2023년 11월 27일 14시,월요일,경상북도 구미시 원평동,경상사고,0,0,1,0,차대차 - 추돌,안전운전불이행,젖음/습기,흐림,주차장 - 주차장,승용,여,66세,상해없음,승용,여,37세,경상
2023112700100362,2023년 11월 27일 15시,월요일,경상북도 문경시 모전동,경상사고,0,0,1,0,차대차 - 측면충돌,안전운전불이행,건조,맑음,교차로 - 교차로부근,승용,남,60세,상해없음,승용,여,63세,경상
2023112700100394,2023년 11월 27일 16시,월요일,경상북도 영천시 완산동,경상사고,0,0,1,0,차량단독 - 기타,안전운전불이행,건조,맑음,교차로 - 교차로안,승합,남,61세,상해없음,,,,
2023112700100442,2023년 11월 27일 17시,월요일,경상북도 포항시 북구 두호동,경상사고,0,0,2,0,차대차 - 측면충돌,안전운전불이행,건조,맑음,교차로 - 교차로안,승합,여,41세,상해없음,승용,여,35세,경상
2023112700100443,2023년 11월 27일 17시,월요일,경상북도 상주시 신봉동,중상사고,0,1,0,0,차대차 - 측면충돌,안전운전불이행,건조,맑음,기타 - 기타,승용,남,63세,상해없음,자전거,여,81세,중상
2023112700100444,2023년 11월 27일 17시,월요일,경상북도 영천시 도동,경상사고,0,0,1,0,차대차 - 추돌,안전운전불이행,건조,맑음,교차로 - 교차로부근,승용,여,60세,상해없음,승용,여,60세,경상
2023112700100445,2023년 11월 27일 17시,월요일,경상북도 포항시 남구 오천읍,경상사고,0,0,2,0,차대차 - 추돌,안전운전불이행,건조,맑음,단일로 - 기타,승용,남,53세,상해없음,승용,여,63세,경상
2023112700100514,2023년 11월 27일 18시,월요일,경상북도 김천시 감문면,중상사고,0,1,0,0,차대차 - 추돌,안전운전불이행,건조,맑음,단일로 - 기타,화물,남,80세,상해없음,자전거,남,62세,중상
2023112700100515,2023년 11월 27일 18시,월요일,경상북도 상주시 무양동,중상사고,0,1,0,0,차대차 - 기타,신호위반,건조,맑음,단일로 - 기타,승용,남,69세,상해없음,승용,여,25세,중상
2023112700100516,2023년 11월 27일 18시,월요일,경상북도 상주시 무양동,경상사고,0,0,1,0,차대차 - 추돌,안전거리미확보,건조,맑음,교차로 - 교차로부근,승용,여,54세,상해없음,승용,남,63세,경상
2023112700100517,2023년 11월 27일 18시,월요일,경상북도 경산시 진량읍,중상사고,0,1,0,0,차대차 - 추돌,안전운전불이행,건조,맑음,단일로 - 기타,승용,남,31세,기타불명,승용,남,30세,중상
2023112700100518,2023년 11월 27일 18시,월요일,경상북도 구미시 형곡동,경상사고,0,0,1,0,차대차 - 추돌,안전운전불이행,건조,맑음,단일로 - 기타,승용,남,59세,상해없음,이륜,남,32세,경상
2023112700100562,2023년 11월 27일 19시,월요일,경상북도 김천시 신음동,중상사고,0,1,0,0,차대사람 - 횡단중,보행자보호의무위반,건조,맑음,단일로 - 기타,승용,남,42세,상해없음,보행자,여,11세,중상
2023112700100638,2023년 11월 27일 23시,월요일,경상북도 경주시 현곡면,경상사고,0,0,2,0,차대차 - 측면충돌,안전운전불이행,건조,맑음,단일로 - 기타,승용,남,34세,상해없음,승용,남,52세,경상
2023112800100111,2023년 11월 28일 08시,화요일,경상북도 청도군 화양읍,경상사고,0,0,1,0,차대차 - 측면충돌,안전운전불이행,건조,맑음,단일로 - 기타,화물,남,55세,상해없음,승용,여,32세,경상
2023112800100112,2023년 11월 28일 08시,화요일,경상북도 구미시 고아읍,중상사고,0,2,0,0,차대차 - 추돌,안전운전불이행,건조,맑음,단일로 - 기타,화물,남,31세,상해없음,승용,남,47세,중상
2023112800100113,2023년 11월 28일 08시,화요일,경상북도 포항시 남구 대잠동,경상사고,0,0,1,0,차대사람 - 횡단중,보행자보호의무위반,건조,맑음,교차로 - 교차로횡단보도내,승용,여,39세,상해없음,보행자,여,46세,경상
2023112800100152,2023년 11월 28일 09시,화요일,경상북도 포항시 북구 환호동,경상사고,0,0,1,0,차대차 - 기타,안전운전불이행,건조,맑음,교차로 - 교차로부근,자전거,남,84세,경상,승용,남,57세,상해없음
2023112800100153,2023년 11월 28일 09시,화요일,경상북도 김천시 아포읍,중상사고,0,1,0,0,차대차 - 추돌,안전거리미확보,건조,맑음,단일로 - 기타,승용,남,67세,상해없음,농기계,남,70세,중상
2023112800100154,2023년 11월 28일 09시,화요일,경상북도 칠곡군 왜관읍,경상사고,0,0,2,0,차대차 - 추돌,안전거리미확보,건조,맑음,교차로 - 교차로안,화물,남,56세,상해없음,승용,남,83세,경상
2023112800100155,2023년 11월 28일 09시,화요일,경상북도 칠곡군 동명면,경상사고,0,0,3,0,차대차 - 측면충돌,교차로운행방법위반,건조,맑음,교차로 - 교차로안,승용,남,71세,경상,승용,여,40세,경상
2023112800100182,2023년 11월 28일 10시,화요일,경상북도 경주시 시동,중상사고,0,1,0,0,차대차 - 측면충돌,중앙선침범,건조,맑음,교차로 - 교차로안,화물,남,59세,상해없음,이륜,남,46세,중상
2023112800100183,2023년 11월 28일 10시,화요일,경상북도 상주시 성하동,경상사고,0,0,1,0,차대차 - 측면충돌,신호위반,건조,맑음,교차로 - 교차로안,승용,남,79세,상해없음,승용,여,52세,경상
2023112800100184,2023년 11월 28일 10시,화요일,경상북도 예천군 효자면,중상사고,0,1,0,0,차대사람 - 횡단중,안전운전불이행,건조,맑음,단일로 - 기타,건설기계,남,54세,상해없음,보행자,남,94세,중상
2023112800100208,2023년 11월 28일 11시,화요일,경상북도 안동시 태화동,경상사고,0,0,1,0,차대사람 - 기타,안전운전불이행,건조,맑음,교차로 - 교차로부근,승용,남,52세,상해없음,보행자,남,83세,경상
2023112800100209,2023년 11월 28일 11시,화요일,경상북도 상주시 남성동,경상사고,0,0,1,0,차대차 - 기타,차로위반,건조,맑음,단일로 - 기타,승용,남,80세,상해없음,이륜,남,65세,경상
2023112800100210,2023년 11월 28일 11시,화요일,경상북도 영주시 풍기읍,경상사고,0,0,1,0,차대차 - 측면충돌,교차로운행방법위반,건조,맑음,단일로 - 기타,승용,여,66세,상해없음,승용,남,61세,경상
2023112800100211,2023년 11월 28일 11시,화요일,경상북도 구미시 오태동,중상사고,0,1,0,0,차대차 - 추돌,안전운전불이행,건조,맑음,교차로 - 교차로부근,승용,남,65세,상해없음,승용,남,49세,중상
2023112800100212,2023년 11월 28일 11시,화요일,경상북도 구미시 원평동,경상사고,0,0,2,0,차대차 - 측면충돌,신호위반,건조,맑음,교차로 - 교차로안,승용,여,42세,경상,승용,여,55세,경상
2023112800100236,2023년 11월 28일 12시,화요일,경상북도 포항시 남구 대잠동,경상사고,0,0,2,0,차대차 - 기타,안전운전불이행,건조,맑음,교차로 - 교차로안,승용,남,67세,상해없음,승합,남,36세,경상
2023112800100237,2023년 11월 28일 12시,화요일,경상북도 포항시 남구 상도동,경상사고,0,0,1,0,차대차 - 추돌,안전운전불이행,건조,맑음,교차로 - 교차로부근,승용,남,69세,상해없음,승용,여,32세,경상
2023112800100259,2023년 11월 28일 13시,화요일,경상북도 포항시 북구 양덕동,중상사고,0,1,0,0,차대차 - 측면충돌,신호위반,건조,맑음,교차로 - 교차로안,승합,남,45세,상해없음,화물,남,74세,중상
2023112800100260,2023년 11월 28일 13시,화요일,경상북도 상주시 남성동,중상사고,0,1,0,0,차대사람 - 차도통행중,안전운전불이행,건조,맑음,교차로 - 교차로안,승용,여,77세,상해없음,보행자,여,65세,중상
2023112800100261,2023년 11월 28일 13시,화요일,경상북도 예천군 개포면,경상사고,0,0,1,0,차대차 - 추돌,안전운전불이행,건조,맑음,교차로 - 교차로부근,승용,여,53세,상해없음,승용,여,65세,경상
2023112800100262,2023년 11월 28일 13시,화요일,경상북도 성주군 성주읍,경상사고,0,0,1,0,차대차 - 기타,안전운전불이행,건조,맑음,단일로 - 기타,승용,여,67세,상해없음,화물,남,52세,상해없음
2023112800100319,2023년 11월 28일 15시,화요일,경상북도 영주시 하망동,중상사고,0,1,0,0,차대차 - 측면충돌,안전운전불이행,건조,맑음,교차로 - 교차로안,화물,남,37세,상해없음,자전거,남,66세,중상
2023112800100362,2023년 11월 28일 16시,화요일,경상북도 청송군 청송읍,중상사고,0,1,1,0,차대차 - 측면충돌,안전운전불이행,건조,맑음,교차로 - 교차로안,화물,남,82세,경상,특수,남,58세,상해없음
2023112800100363,2023년 11월 28일 16시,화요일,경상북도 포항시 남구 호동,경상사고,0,0,1,1,차대차 - 기타,안전운전불이행,건조,맑음,교차로 - 교차로부근,승합,남,65세,부상신고,승용,남,31세,경상
2023112800100409,2023년 11월 28일 17시,화요일,경상북도 영주시 가흥동,사망사고,1,1,0,0,차대차 - 기타,신호위반,건조,맑음,단일로 - 기타,승용,남,82세,사망,승용,남,66세,중상
2023112800100410,2023년 11월 28일 17시,화요일,경상북도 포항시 남구 지곡동,경상사고,0,0,1,0,차대차 - 기타,안전운전불이행,건조,맑음,단일로 - 기타,승합,남,35세,상해없음,이륜,남,40세,경상
2023112800100473,2023년 11월 28일 18시,화요일,경상북도 영천시 금노동,경상사고,0,0,1,0,차대차 - 측면충돌,신호위반,건조,맑음,교차로 - 교차로안,승용,남,28세,상해없음,승용,여,61세,경상
2023112800100474,2023년 11월 28일 18시,화요일,경상북도 성주군 성주읍,경상사고,0,0,1,0,차량단독 - 공작물충돌,안전운전불이행,건조,맑음,단일로 - 기타,승용,남,75세,경상,,,,
2023112800100475,2023년 11월 28일 18시,화요일,경상북도 포항시 남구 효자동,경상사고,0,0,1,1,차대차 - 측면충돌,안전운전불이행,건조,맑음,교차로 - 교차로안,승용,남,45세,기타불명,승용,여,48세,경상
2023112800100511,2023년 11월 28일 19시,화요일,경상북도 칠곡군 북삼읍,사망사고,1,1,0,0,차대차 - 정면충돌,중앙선침범,건조,맑음,단일로 - 기타,화물,남,49세,사망,화물,남,54세,중상
2023112800100512,2023년 11월 28일 19시,화요일,경상북도 청도군 화양읍,경상사고,0,0,1,0,차대차 - 측면충돌,중앙선침범,건조,맑음,단일로 - 기타,승용,남,58세,상해없음,승용,여,27세,경상
2023112800100513,2023년 11월 28일 19시,화요일,경상북도 구미시 인의동,경상사고,0,0,3,3,차대차 - 기타,안전운전불이행,건조,맑음,교차로 - 교차로부근,승용,남,24세,부상신고,승용,여,25세,경상
2023112800100514,2023년 11월 28일 19시,화요일,경상북도 포항시 남구 오천읍,중상사고,0,1,0,0,차대사람 - 기타,안전운전불이행,건조,맑음,단일로 - 기타,승합,남,48세,상해없음,보행자,여,50세,중상
2023112800100601,2023년 11월 28일 23시,화요일,경상북도 구미시 고아읍,경상사고,0,0,2,0,차대차 - 측면충돌,신호위반,건조,맑음,교차로 - 교차로안,승용,여,63세,상해없음,승용,여,24세,경상
2023112900100026,2023년 11월 29일 05시,수요일,경상북도 경주시 황성동,경상사고,0,0,1,0,차대차 - 측면충돌,안전운전불이행,건조,맑음,교차로 - 교차로부근,승용,남,42세,상해없음,승용,여,67세,경상
2023112900100060,2023년 11월 29일 07시,수요일,경상북도 상주시 은척면,중상사고,0,1,1,0,차대차 - 정면충돌,중앙선침범,건조,맑음,단일로 - 기타,승용,여,61세,경상,화물,남,55세,중상
2023112900100093,2023년 11월 29일 08시,수요일,경상북도 성주군 성주읍,경상사고,0,0,2,0,차대차 - 측면충돌,신호위반,건조,맑음,교차로 - 교차로안,승용,남,27세,경상,승용,남,33세,경상
2023112900100126,2023년 11월 29일 09시,수요일,경상북도 경주시 구정동,중상사고,0,1,0,0,차대차 - 측면충돌,안전운전불이행,건조,맑음,교차로 - 교차로부근,승용,남,18세,상해없음,승용,여,46세,상해없음
2023112900100155,2023년 11월 29일 10시,수요일,경상북도 상주시 무양동,경상사고,0,0,1,0,차대차 - 측면충돌,안전운전불이행,건조,맑음,교차로 - 교차로안,승용,여,54세,상해없음,승용,여,49세,경상
2023112900100156,2023년 11월 29일 10시,수요일,경상북도 상주시 중동면,경상사고,0,0,1,0,차대차 - 측면충돌,교차로운행방법위반,건조,맑음,교차로 - 교차로안,승용,여,35세,상해없음,승용,남,40세,경상
2023112900100157,2023년 11월 29일 10시,수요일,경상북도 영천시 고경면,경상사고,0,0,2,0,차대차 - 측면충돌,안전운전불이행,건조,맑음,교차로 - 교차로안,화물,남,61세,상해없음,화물,남,59세,경상
2023112900100188,2023년 11월 29일 11시,수요일,경상북도 경주시 문무대왕면,경상사고,0,0,1,0,차대차 - 추돌,중앙선침범,건조,맑음,단일로 - 기타,승용,남,60세,상해없음,승용,여,65세,경상
2023112900100189,2023년 11월 29일 11시,수요일,경상북도 안동시 예안면,중상사고,0,1,0,0,차대사람 - 기타,안전운전불이행,건조,맑음,단일로 - 기타,승용,여,69세,상해없음,보행자,여,74세,중상
2023112900100190,2023년 11월 29일 11시,수요일,경상북도 안동시 당북동,중상사고,0,1,3,0,차대차 - 기타,안전거리미확보,건조,맑음,단일로 - 기타,승용,남,75세,상해없음,승합,남,59세,상해없음
2023112900100191,2023년 11월 29일 11시,수요일,경상북도 안동시 서후면,경상사고,0,0,2,0,차대차 - 측면충돌,신호위반,건조,맑음,교차로 - 교차로안,승용,남,50세,상해없음,승용,여,54세,경상
2023112900100192,2023년 11월 29일 11시,수요일,경상북도 구미시 선산읍,경상사고,0,0,2,0,차대차 - 기타,안전운전불이행,건조,맑음,단일로 - 기타,승용,남,51세,경상,화물,남,41세,경상
2023112900100208,2023년 11월 29일 12시,수요일,경상북도 울진군 기성면,부상신고사고,0,0,0,1,차대차 - 측면충돌,교차로운행방법위반,건조,맑음,교차로 - 교차로안,승용,남,31세,부상신고,승합,남,51세,상해없음
2023112900100209,2023년 11월 29일 12시,수요일,경상북도 포항시 남구 대잠동,경상사고,0,0,1,0,차대차 - 측면충돌,신호위반,건조,맑음,교차로 - 교차로안,이륜,남,40세,상해없음,승용,남,43세,경상
2023112900100210,2023년 11월 29일 12시,수요일,경상북도 포항시 남구 청림동,경상사고,0,0,2,0,차대차 - 측면충돌,안전운전불이행,건조,맑음,단일로 - 기타,화물,남,61세,경상,화물,남,69세,경상
2023112900100265,2023년 11월 29일 14시,수요일,경상북도 포항시 북구 남빈동,중상사고,0,1,0,0,차대차 - 기타,안전거리미확보,건조,맑음,단일로 - 기타,승용,남,37세,상해없음,이륜,남,40세,중상
2023112900100266,2023년 11월 29일 14시,수요일,경상북도 경산시 중방동,경상사고,0,0,1,0,차대차 - 기타,안전거리미확보,건조,맑음,단일로 - 지하차도(도로)내,승합,남,69세,상해없음,승합,남,52세,경상
2023112900100267,2023년 11월 29일 14시,수요일,경상북도 예천군 예천읍,중상사고,0,1,0,0,차대차 - 측면충돌,직진우회전진행방해,건조,맑음,교차로 - 교차로안,승용,남,49세,상해없음,원동기,남,87세,중상
2023112900100268,2023년 11월 29일 14시,수요일,경상북도 고령군 대가야읍,경상사고,0,0,4,0,차대차 - 측면충돌,안전운전불이행,건조,맑음,교차로 - 교차로안,승용,남,67세,상해없음,승용,남,56세,경상
2023112900100319,2023년 11월 29일 16시,수요일,경상북도 포항시 남구 오천읍,경상사고,0,0,2,0,차대차 - 기타,교차로운행방법위반,건조,맑음,기타 - 기타,승용,여,43세,상해없음,원동기,남,18세,경상
2023112900100370,2023년 11월 29일 17시,수요일,경상북도 안동시 풍천면,중상사고,0,1,0,0,차대차 - 측면충돌,신호위반,건조,맑음,교차로 - 교차로안,승용,남,42세,상해없음,승용,남,26세,중상
2023112900100437,2023년 11월 29일 18시,수요일,경상북도 칠곡군 북삼읍,경상사고,0,0,1,0,차대사람 - 횡단중,보행자보호의무위반,건조,맑음,교차로 - 교차로횡단보도내,승용,여,41세,상해없음,보행자,남,7세,경상
2023112900100438,2023년 11월 29일 18시,수요일,경상북도 구미시 옥계동,중상사고,0,1,0,0,차대차 - 정면충돌,안전운전불이행,건조,맑음,교차로 - 교차로안,승용,남,35세,상해없음,원동기,남,34세,중상
2023112900100465,2023년 11월 29일 19시,수요일,경상북도 경주시 문무대왕면,사망사고,1,1,2,0,차대차 - 기타,안전운전불이행,건조,맑음,단일로 - 기타,승용,남,36세,중상,화물,남,54세,상해없음
2023112900100492,2023년 11월 29일 19시,수요일,경상북도 문경시 점촌동,중상사고,0,1,1,0,차대사람 - 차도통행중,기타,젖음/습기,흐림,단일로 - 기타,이륜,남,35세,경상,보행자,여,75세,중상
2023112900100493,2023년 11월 29일 19시,수요일,경상북도 성주군 성주읍,사망사고,1,0,0,0,차대사람 - 횡단중,안전운전불이행,건조,맑음,단일로 - 기타,승용,남,60세,상해없음,보행자,여,59세,사망
2023112900100555,2023년 11월 29일 22시,수요일,경상북도 포항시 남구 대도동,중상사고,0,1,0,0,차대차 - 후진중충돌,안전운전불이행,건조,맑음,단일로 - 기타,화물,남,49세,상해없음,이륜,남,39세,중상
2023113000100018,2023년 11월 30일 02시,목요일,경상북도 구미시 도개면,사망사고,1,0,0,0,차량단독 - 공작물충돌,안전운전불이행,건조,맑음,단일로 - 기타,승용,여,62세,사망,,,,
2023113000100043,2023년 11월 30일 06시,목요일,경상북도 안동시 당북동,경상사고,0,0,1,0,차대사람 - 기타,보행자보호의무위반,건조,맑음,교차로 - 교차로횡단보도내,승용,남,59세,상해없음,보행자,남,58세,경상
2023113000100066,2023년 11월 30일 07시,목요일,경상북도 구미시 임은동,경상사고,0,0,1,0,차대차 - 기타,불법유턴,건조,맑음,교차로 - 교차로부근,자전거,남,14세,경상,승용,여,24세,상해없음
2023113000100104,2023년 11월 30일 08시,목요일,경상북도 상주시 남성동,경상사고,0,0,1,0,차대사람 - 횡단중,보행자보호의무위반,건조,맑음,교차로 - 교차로부근,승용,남,60세,상해없음,보행자,남,87세,경상
2023113000100105,2023년 11월 30일 08시,목요일,경상북도 경산시 중방동,경상사고,0,0,1,0,차대사람 - 기타,안전운전불이행,건조,맑음,교차로 - 교차로부근,승용,여,57세,상해없음,보행자,남,61세,경상
2023113000100106,2023년 11월 30일 08시,목요일,경상북도 성주군 선남면,경상사고,0,0,1,0,차대차 - 측면충돌,안전운전불이행,건조,맑음,교차로 - 교차로안,화물,남,62세,경상,특수,남,56세,상해없음
2023113000100138,2023년 11월 30일 09시,목요일,경상북도 경산시 옥곡동,경상사고,0,0,1,0,차대차 - 측면충돌,교차로운행방법위반,건조,맑음,교차로 - 교차로안,승용,남,48세,상해없음,승용,남,53세,경상
2023113000100139,2023년 11월 30일 09시,목요일,경상북도 영덕군 강구면,경상사고,0,0,1,0,차대차 - 측면충돌,안전운전불이행,건조,맑음,단일로 - 기타,화물,남,54세,상해없음,승용,여,62세,경상
2023113000100207,2023년 11월 30일 11시,목요일,경상북도 성주군 용암면,중상사고,0,3,1,0,차대차 - 기타,안전운전불이행,건조,맑음,교차로 - 교차로안,승용,여,62세,중상,화물,남,51세,기타불명
2023113000100232,2023년 11월 30일 12시,목요일,경상북도 포항시 북구 장성동,경상사고,0,0,1,0,차대차 - 후진중충돌,안전운전불이행,건조,맑음,교차로 - 교차로안,승용,남,60세,상해없음,승용,남,28세,경상
2023113000100233,2023년 11월 30일 12시,목요일,경상북도 포항시 북구 우현동,경상사고,0,0,1,0,차대차 - 추돌,안전거리미확보,건조,맑음,교차로 - 교차로안,승용,남,65세,상해없음,승용,남,61세,경상
2023113000100234,2023년 11월 30일 12시,목요일,경상북도 성주군 월항면,중상사고,0,1,0,0,차대차 - 측면충돌,기타,건조,맑음,교차로 - 교차로안,승용,여,62세,상해없음,자전거,남,60세,중상
2023113000100267,2023년 11월 30일 13시,목요일,경상북도 경주시 동천동,경상사고,0,0,1,0,차대사람 - 기타,안전운전불이행,건조,맑음,기타 - 기타,승용,남,60세,상해없음,보행자,남,56세,경상
2023113000100308,2023년 11월 30일 14시,목요일,경상북도 영천시 야사동,중상사고,0,1,0,0,차대사람 - 횡단중,안전운전불이행,건조,맑음,교차로 - 교차로안,승용,여,30세,상해없음,보행자,여,87세,중상
2023113000100309,2023년 11월 30일 14시,목요일,경상북도 성주군 수륜면,부상신고사고,0,0,0,1,차량단독 - 공작물충돌,안전운전불이행,건조,맑음,단일로 - 기타,건설기계,남,68세,부상신고,,,,
2023113000100348,2023년 11월 30일 15시,목요일,경상북도 김천시 모암동,경상사고,0,0,1,0,차대사람 - 기타,기타,건조,맑음,단일로 - 기타,승합,남,56세,상해없음,보행자,여,22세,경상
2023113000100349,2023년 11월 30일 15시,목요일,경상북도 봉화군 봉화읍,사망사고,1,0,0,0,차대차 - 추돌,안전운전불이행,건조,맑음,단일로 - 기타,이륜,남,72세,사망,승합,남,54세,상해없음
2023113000100350,2023년 11월 30일 15시,목요일,경상북도 포항시 남구 해도동,경상사고,0,0,1,0,차대차 - 측면충돌,불법유턴,건조,맑음,단일로 - 기타,이륜,남,63세,상해없음,이륜,남,44세,경상
2023113000100381,2023년 11월 30일 16시,목요일,경상북도 경주시 동천동,경상사고,0,0,1,0,차대차 - 후진중충돌,안전운전불이행,건조,맑음,교차로 - 교차로안,화물,남,40세,상해없음,승용,여,40세,경상
2023113000100431,2023년 11월 30일 17시,목요일,경상북도 성주군 벽진면,중상사고,0,1,0,0,차량단독 - 기타,기타,건조,맑음,단일로 - 기타,승용,남,69세,중상,,,,
2023113000100491,2023년 11월 30일 18시,목요일,경상북도 문경시 흥덕동,경상사고,0,0,1,0,차대차 - 측면충돌,기타,건조,맑음,교차로 - 교차로안,승용,남,31세,상해없음,승용,여,32세,경상
2023113000100492,2023년 11월 30일 18시,목요일,경상북도 구미시 진평동,경상사고,0,0,1,0,차대차 - 측면충돌,신호위반,건조,맑음,교차로 - 교차로안,승용,남,48세,상해없음,승용,남,23세,경상
2023113000100493,2023년 11월 30일 18시,목요일,경상북도 구미시 금전동,경상사고,0,0,1,0,차대차 - 측면충돌,기타,건조,맑음,단일로 - 기타,승용,남,25세,상해없음,승용,남,41세,경상
2023113000100494,2023년 11월 30일 18시,목요일,경상북도 포항시 남구 해도동,부상신고사고,0,0,0,1,차대사람 - 기타,안전운전불이행,건조,맑음,교차로 - 교차로부근,기타불명,기타불명,미분류,기타불명,보행자,남,23세,부상신고
2023113000100539,2023년 11월 30일 19시,목요일,경상북도 김천시 남면,중상사고,0,1,0,0,차대차 - 추돌,기타,건조,맑음,단일로 - 기타,승용,남,36세,상해없음,승용,남,55세,중상