사고번호,사고일시,요일,시군구,사고내용,사망자수,중상자수,경상자수,부상신고자수,사고유형,법규위반,노면상태,기상상태,도로형태,가해운전자 차종,가해운전자 성별,가해운전자 연령,가해운전자 상해정도,피해운전자 차종,피해운전자 성별,피해운전자 연령,피해운전자 상해정도
2023121300100214,2023년 12월 13일 12시,수요일,경상북도 경주시 석장동,경상사고,0,0,2,0,차대차 - 정면충돌,안전운전불이행,건조,맑음,단일로 - 기타,승용,여,29세,경상,승용,여,23세,경상
2023121300100215,2023년 12월 13일 12시,수요일,경상북도 안동시 옥동,부상신고사고,0,0,0,1,차대사람 - 기타,안전운전불이행,건조,맑음,기타 - 기타,기타불명,기타불명,미분류,기타불명,보행자,남,75세,부상신고
2023121300100216,2023년 12월 13일 12시,수요일,경상북도 경산시 계양동,경상사고,0,0,1,0,차대차 - 기타,신호위반,건조,맑음,교차로 - 교차로안,이륜,남,38세,상해없음,자전거,남,79세,경상
2023121300100217,2023년 12월 13일 12시,수요일,경상북도 포항시 남구 효자동,경상사고,0,0,1,0,차대사람 - 기타,안전운전불이행,건조,맑음,단일로 - 기타,승용,여,46세,상해없음,보행자,남,43세,경상
2023121300100253,2023년 12월 13일 13시,수요일,경상북도 포항시 북구 우현동,경상사고,0,0,1,0,차대차 - 기타,교차로운행방법위반,건조,맑음,교차로 - 교차로안,승용,여,50세,상해없음,이륜,남,55세,경상
2023121300100254,2023년 12월 13일 13시,수요일,경상북도 포항시 북구 죽도동,중상사고,0,1,1,0,차대차 - 기타,교차로운행방법위반,건조,맑음,교차로 - 교차로안,승용,남,27세,상해없음,승용,여,50세,경상
2023121300100255,2023년 12월 13일 13시,수요일,경상북도 포항시 북구 대흥동,중상사고,0,2,0,0,차대차 - 기타,신호위반,건조,맑음,교차로 - 교차로부근,승용,여,42세,상해없음,승용,남,67세,중상
2023121300100256,2023년 12월 13일 13시,수요일,경상북도 칠곡군 석적읍,경상사고,0,0,1,0,차대차 - 측면충돌,교차로운행방법위반,건조,맑음,교차로 - 교차로안,승용,남,32세,상해없음,승용,여,44세,경상
2023121300100308,2023년 12월 13일 15시,수요일,경상북도 포항시 북구 흥해읍,중상사고,0,1,0,0,차대차 - 측면충돌,직진우회전진행방해,건조,맑음,교차로 - 교차로부근,건설기계,남,59세,상해없음,승용,여,66세,중상
2023121300100343,2023년 12월 13일 16시,수요일,경상북도 경주시 안강읍,경상사고,0,0,2,1,차대차 - 측면충돌,안전운전불이행,건조,맑음,교차로 - 교차로부근,화물,남,69세,상해없음,승합,남,46세,경상
2023121300100344,2023년 12월 13일 16시,수요일,경상북도 포항시 남구 오천읍,중상사고,0,1,0,0,차대사람 - 횡단중,안전운전불이행,건조,맑음,단일로 - 기타,승용,남,64세,상해없음,보행자,여,14세,중상
2023121300100397,2023년 12월 13일 17시,수요일,경상북도 영주시 하망동,중상사고,0,1,0,0,차대차 - 측면충돌,기타,건조,맑음,교차로 - 교차로안,승용,남,40세,기타불명,승용,여,60세,중상
2023121300100398,2023년 12월 13일 17시,수요일,경상북도 칠곡군 지천면,경상사고,0,0,1,0,차대차 - 측면충돌,교차로운행방법위반,건조,맑음,교차로 - 교차로안,승용,남,65세,상해없음,승용,남,27세,경상
2023121300100399,2023년 12월 13일 17시,수요일,경상북도 칠곡군 왜관읍,경상사고,0,0,1,0,차대차 - 측면충돌,안전운전불이행,건조,맑음,단일로 - 기타,화물,남,64세,상해없음,승용,남,44세,경상
2023121300100462,2023년 12월 13일 18시,수요일,경상북도 경주시 성건동,부상신고사고,0,0,0,1,차대차 - 정면충돌,안전운전불이행,건조,맑음,교차로 - 교차로부근,원동기,남,51세,부상신고,승용,남,50세,상해없음
2023121300100463,2023년 12월 13일 18시,수요일,경상북도 경주시 외동읍,경상사고,0,0,1,0,차대차 - 정면충돌,신호위반,건조,맑음,교차로 - 교차로안,승용,남,45세,상해없음,이륜,남,49세,경상
2023121300100464,2023년 12월 13일 18시,수요일,경상북도 경주시 용강동,경상사고,0,0,1,0,차대차 - 추돌,안전운전불이행,건조,맑음,교차로 - 교차로부근,승용,남,62세,상해없음,승용,여,50세,경상
2023121300100465,2023년 12월 13일 18시,수요일,경상북도 칠곡군 석적읍,경상사고,0,0,2,0,차대차 - 기타,안전거리미확보,건조,맑음,교차로 - 교차로안,승용,남,43세,상해없음,승합,남,66세,경상
2023121300100466,2023년 12월 13일 18시,수요일,경상북도 포항시 남구 효자동,경상사고,0,0,1,0,차대차 - 추돌,안전운전불이행,건조,맑음,단일로 - 기타,승용,남,43세,상해없음,이륜,남,17세,상해없음
2023121300100505,2023년 12월 13일 19시,수요일,경상북도 상주시 공성면,부상신고사고,0,0,0,1,차량단독 - 공작물충돌,안전운전불이행,건조,기타,단일로 - 기타,이륜,남,75세,부상신고,,,,
2023121300100541,2023년 12월 13일 20시,수요일,경상북도 김천시 교동,중상사고,0,1,0,0,차대차 - 측면충돌,안전운전불이행,건조,맑음,단일로 - 기타,승용,여,64세,상해없음,이륜,남,69세,중상
2023121300100564,2023년 12월 13일 21시,수요일,경상북도 안동시 옥동,경상사고,0,0,1,0,차대차 - 추돌,안전운전불이행,건조,맑음,단일로 - 기타,이륜,남,26세,경상,승용,남,34세,상해없음
2023121300100565,2023년 12월 13일 21시,수요일,경상북도 영주시 휴천동,경상사고,0,0,1,0,차대차 - 측면충돌,안전운전불이행,건조,맑음,교차로 - 교차로안,승용,남,25세,상해없음,이륜,남,60세,경상
2023121400100069,2023년 12월 14일 07시,목요일,경상북도 포항시 북구 흥해읍,경상사고,0,0,2,0,차대차 - 후진중충돌,안전운전불이행,건조,맑음,기타 - 기타,화물,남,59세,상해없음,승용,남,55세,경상
2023121400100070,2023년 12월 14일 07시,목요일,경상북도 상주시 냉림동,중상사고,0,1,0,0,차대차 - 측면충돌,신호위반,건조,흐림,단일로 - 기타,화물,남,64세,상해없음,자전거,여,74세,중상
2023121400100071,2023년 12월 14일 07시,목요일,경상북도 경산시 진량읍,경상사고,0,0,1,0,차대차 - 측면충돌,안전거리미확보,건조,맑음,단일로 - 지하차도(도로)내,승용,여,65세,상해없음,승용,남,43세,경상
2023121400100097,2023년 12월 14일 08시,목요일,경상북도 경산시 와촌면,경상사고,0,0,1,0,차대차 - 추돌,안전운전불이행,건조,맑음,교차로 - 교차로부근,승용,여,57세,상해없음,승용,남,42세,경상
2023121400100098,2023년 12월 14일 08시,목요일,경상북도 포항시 남구 동해면,경상사고,0,0,1,0,차대사람 - 횡단중,보행자보호의무위반,건조,맑음,단일로 - 기타,승용,여,36세,상해없음,보행자,여,8세,경상
2023121400100178,2023년 12월 14일 11시,목요일,경상북도 포항시 북구 죽도동,경상사고,0,0,5,0,차대차 - 기타,교차로운행방법위반,건조,맑음,교차로 - 교차로안,승용,남,50세,상해없음,승용,남,28세,경상
2023121400100203,2023년 12월 14일 12시,목요일,경상북도 김천시 율곡동,중상사고,0,1,1,1,차대차 - 측면충돌,안전운전불이행,건조,맑음,교차로 - 교차로안,승용,남,79세,부상신고,승용,남,58세,중상
2023121400100258,2023년 12월 14일 14시,목요일,경상북도 포항시 남구 이동,경상사고,0,0,1,0,차대차 - 측면충돌,안전운전불이행,젖음/습기,비,단일로 - 기타,승용,여,67세,상해없음,이륜,남,41세,경상
2023121400100291,2023년 12월 14일 15시,목요일,경상북도 상주시 낙양동,중상사고,0,1,0,0,차대차 - 측면충돌,신호위반,젖음/습기,비,교차로 - 교차로안,이륜,여,65세,중상,승용,남,26세,상해없음
2023121400100292,2023년 12월 14일 15시,목요일,경상북도 영양군 석보면,경상사고,0,0,1,0,차량단독 - 전도전복 - 전복,안전운전불이행,젖음/습기,기타,단일로 - 기타,농기계,남,76세,경상,,,,
2023121400100325,2023년 12월 14일 16시,목요일,경상북도 영천시 화남면,경상사고,0,0,4,0,차대차 - 추돌,안전거리미확보,젖음/습기,비,단일로 - 기타,화물,남,65세,경상,승용,남,44세,경상
2023121400100326,2023년 12월 14일 16시,목요일,경상북도 경산시 삼북동,중상사고,0,1,0,0,차대사람 - 횡단중,안전운전불이행,젖음/습기,비,단일로 - 기타,승용,여,55세,상해없음,보행자,여,69세,중상
2023121400100327,2023년 12월 14일 16시,목요일,경상북도 구미시 선산읍,중상사고,0,1,0,0,차대차 - 측면충돌,교차로운행방법위반,젖음/습기,비,교차로 - 교차로안,원동기,남,83세,중상,화물,남,77세,상해없음
2023121400100376,2023년 12월 14일 17시,목요일,경상북도 포항시 북구 득량동,경상사고,0,0,1,0,차대사람 - 횡단중,보행자보호의무위반,젖음/습기,비,교차로 - 교차로횡단보도내,승용,여,54세,상해없음,보행자,남,72세,경상
2023121400100377,2023년 12월 14일 17시,목요일,경상북도 포항시 북구 흥해읍,경상사고,0,0,1,0,차대차 - 추돌,안전거리미확보,젖음/습기,비,단일로 - 기타,화물,남,65세,상해없음,승용,남,49세,경상
2023121400100378,2023년 12월 14일 17시,목요일,경상북도 경산시 진량읍,경상사고,0,0,1,0,차대사람 - 횡단중,안전운전불이행,젖음/습기,비,교차로 - 교차로안,승용,남,36세,상해없음,보행자,여,28세,경상
2023121400100379,2023년 12월 14일 17시,목요일,경상북도 경산시 압량읍,경상사고,0,0,1,0,차대차 - 측면충돌,직진우회전진행방해,젖음/습기,비,교차로 - 교차로안,승용,여,31세,상해없음,승용,남,44세,경상
2023121400100469,2023년 12월 14일 18시,목요일,경상북도 경주시 배동,중상사고,0,1,0,0,차대차 - 측면충돌,안전운전불이행,젖음/습기,비,단일로 - 기타,화물,남,64세,상해없음,승용,남,52세,중상
2023121400100470,2023년 12월 14일 18시,목요일,경상북도 안동시 대석동,경상사고,0,0,1,0,차대사람 - 보도통행중,보행자보호의무위반,젖음/습기,비,교차로 - 교차로횡단보도내,승용,남,64세,상해없음,보행자,남,62세,경상
2023121400100471,2023년 12월 14일 18시,목요일,경상북도 경산시 옥산동,경상사고,0,0,1,0,차대사람 - 횡단중,안전운전불이행,건조,맑음,교차로 - 교차로안,승용,여,60세,상해없음,보행자,여,57세,경상
2023121400100472,2023년 12월 14일 18시,목요일,경상북도 포항시 남구 오천읍,경상사고,0,0,2,0,차대차 - 측면충돌,기타,젖음/습기,비,교차로 - 교차로안,승용,여,32세,경상,승용,여,44세,경상
2023121400100539,2023년 12월 14일 19시,목요일,경상북도 김천시 대항면,중상사고,0,1,0,0,차대사람 - 길가장자리구역통행중,안전운전불이행,젖음/습기,비,단일로 - 기타,화물,남,61세,상해없음,보행자,남,75세,중상
2023121400100540,2023년 12월 14일 19시,목요일,경상북도 봉화군 봉화읍,경상사고,0,0,1,0,차대차 - 추돌,안전운전불이행,젖음/습기,비,단일로 - 교량,이륜,남,30세,경상,승합,남,56세,상해없음
2023121400100594,2023년 12월 14일 20시,목요일,경상북도 포항시 북구 우현동,중상사고,0,1,0,0,차대사람 - 횡단중,보행자보호의무위반,젖음/습기,비,교차로 - 교차로횡단보도내,승용,여,53세,상해없음,보행자,여,15세,중상
2023121400100635,2023년 12월 14일 21시,목요일,경상북도 구미시 원평동,중상사고,0,1,0,0,차대사람 - 차도통행중,안전운전불이행,젖음/습기,비,단일로 - 기타,승용,남,46세,상해없음,보행자,남,62세,중상
2023121500100030,2023년 12월 15일 01시,금요일,경상북도 포항시 북구 동빈1가,중상사고,0,1,0,1,차대차 - 측면충돌,중앙선침범,젖음/습기,비,기타 - 기타,승용,남,42세,상해없음,승용,남,67세,중상
2023121500100031,2023년 12월 15일 01시,금요일,경상북도 포항시 남구 해도동,경상사고,0,0,1,0,차대사람 - 기타,안전운전불이행,젖음/습기,비,단일로 - 기타,승용,남,31세,상해없음,보행자,남,49세,경상
2023121500100036,2023년 12월 15일 02시,금요일,경상북도 의성군 안계면,부상신고사고,0,0,0,1,차량단독 - 전도전복 - 전복,안전운전불이행,건조,맑음,기타 - 기타,승용,남,30세,부상신고,,,,
2023121500100043,2023년 12월 15일 03시,금요일,경상북도 영천시 조교동,경상사고,0,0,2,0,차대차 - 추돌,안전운전불이행,젖음/습기,비,교차로 - 교차로부근,화물,남,61세,상해없음,승용,남,56세,경상
2023121500100048,2023년 12월 15일 04시,금요일,경상북도 구미시 진평동,경상사고,0,0,1,0,차대차 - 정면충돌,신호위반,젖음/습기,비,교차로 - 교차로안,승용,남,30세,상해없음,승합,남,59세,경상
2023121500100055,2023년 12월 15일 05시,금요일,경상북도 경주시 사정동,경상사고,0,0,2,0,차대차 - 측면충돌,신호위반,젖음/습기,비,교차로 - 교차로안,승용,여,30세,경상,승용,남,59세,경상
2023121500100119,2023년 12월 15일 07시,금요일,경상북도 구미시 지산동,경상사고,0,0,1,0,차대차 - 정면충돌,신호위반,젖음/습기,비,교차로 - 교차로안,화물,남,58세,상해없음,승용,남,51세,경상
2023121500100120,2023년 12월 15일 07시,금요일,경상북도 포항시 남구 동촌동,중상사고,0,1,0,0,차대차 - 측면충돌,차로위반,젖음/습기,비,단일로 - 지하차도(도로)내,승용,남,27세,상해없음,이륜,남,37세,중상
2023121500100121,2023년 12월 15일 07시,금요일,경상북도 포항시 남구 송내동,중상사고,0,1,1,0,차대차 - 정면충돌,안전운전불이행,젖음/습기,비,교차로 - 교차로안,승용,남,36세,중상,승용,남,45세,경상
2023121500100122,2023년 12월 15일 07시,금요일,경상북도 포항시 남구 오천읍,경상사고,0,0,2,0,차대차 - 측면충돌,신호위반,젖음/습기,비,교차로 - 교차로안,승용,남,24세,상해없음,승용,남,58세,경상
2023121500100170,2023년 12월 15일 08시,금요일,경상북도 상주시 함창읍,경상사고,0,0,6,0,차대차 - 측면충돌,교차로운행방법위반,젖음/습기,비,교차로 - 교차로안,승합,남,66세,상해없음,승합,남,67세,경상
2023121500100171,2023년 12월 15일 08시,금요일,경상북도 문경시 산양면,중상사고,0,1,1,0,차대차 - 추돌,안전거리미확보,젖음/습기,비,기타 - 기타,화물,남,33세,기타불명,승용,여,51세,경상
2023121500100172,2023년 12월 15일 08시,금요일,경상북도 구미시 형곡동,경상사고,0,0,1,1,차대차 - 측면충돌,안전운전불이행,젖음/습기,비,단일로 - 기타,승용,남,59세,상해없음,승용,여,34세,경상
2023121500100173,2023년 12월 15일 08시,금요일,경상북도 포항시 남구 호동,경상사고,0,0,1,0,차대차 - 기타,안전운전불이행,젖음/습기,비,단일로 - 기타,승용,여,33세,상해없음,화물,남,23세,경상
2023121500100174,2023년 12월 15일 08시,금요일,경상북도 포항시 남구 장흥동,경상사고,0,0,1,0,차대차 - 측면충돌,교차로운행방법위반,건조,맑음,교차로 - 교차로안,기타불명,남,38세,상해없음,승용,여,30세,경상
2023121500100243,2023년 12월 15일 10시,금요일,경상북도 경주시 외동읍,중상사고,0,1,0,0,차량단독 - 공작물충돌,안전운전불이행,건조,맑음,기타 - 기타,사륜오토바이(ATV),남,86세,중상,,,,
2023121500100244,2023년 12월 15일 10시,금요일,경상북도 포항시 남구 해도동,중상사고,0,1,0,0,차대사람 - 기타,교차로운행방법위반,젖음/습기,맑음,단일로 - 기타,화물,남,56세,상해없음,보행자,남,70세,중상
2023121500100245,2023년 12월 15일 10시,금요일,경상북도 포항시 남구 대잠동,경상사고,0,0,1,0,차대차 - 기타,안전운전불이행,젖음/습기,비,교차로 - 교차로안,승용,남,64세,상해없음,승용,여,76세,경상
2023121500100275,2023년 12월 15일 11시,금요일,경상북도 경산시 옥곡동,경상사고,0,0,3,0,차대차 - 측면충돌,안전거리미확보,젖음/습기,맑음,단일로 - 기타,승용,여,43세,경상,승용,여,37세,경상
2023121500100276,2023년 12월 15일 11시,금요일,경상북도 성주군 용암면,경상사고,0,0,2,0,차대차 - 기타,안전운전불이행,건조,흐림,기타 - 기타,화물,남,52세,경상,화물,여,62세,경상
2023121500100277,2023년 12월 15일 11시,금요일,경상북도 구미시 옥계동,경상사고,0,0,1,0,차대차 - 측면충돌,불법유턴,건조,맑음,단일로 - 기타,승용,남,59세,상해없음,이륜,남,37세,경상
2023121500100278,2023년 12월 15일 11시,금요일,경상북도 포항시 남구 연일읍,중상사고,0,1,0,0,차대사람 - 횡단중,보행자보호의무위반,젖음/습기,비,교차로 - 교차로횡단보도내,승용,여,68세,상해없음,보행자,남,80세,중상
2023121500100334,2023년 12월 15일 13시,금요일,경상북도 경산시 진량읍,중상사고,0,1,0,0,차대차 - 측면충돌,신호위반,젖음/습기,비,교차로 - 교차로안,화물,남,66세,상해없음,화물,남,63세,중상
2023121500100429,2023년 12월 15일 16시,금요일,경상북도 경주시 황성동,경상사고,0,0,1,0,차대차 - 기타,신호위반,젖음/습기,비,교차로 - 교차로안,승용,여,61세,상해없음,승용,여,48세,경상
2023121500100430,2023년 12월 15일 16시,금요일,경상북도 포항시 남구 오천읍,경상사고,0,0,1,0,차대차 - 기타,안전운전불이행,건조,흐림,교차로 - 교차로부근,승용,남,69세,상해없음,승용,여,52세,상해없음
2023121500100476,2023년 12월 15일 17시,금요일,경상북도 영천시 조교동,중상사고,0,1,0,0,차대사람 - 횡단중,신호위반,젖음/습기,기타,교차로 - 교차로횡단보도내,승용,남,59세,상해없음,보행자,여,82세,중상
2023121500100477,2023년 12월 15일 17시,금요일,경상북도 문경시 모전동,경상사고,0,0,1,0,차대사람 - 횡단중,보행자보호의무위반,젖음/습기,맑음,교차로 - 교차로부근,원동기,남,42세,상해없음,보행자,남,78세,경상
2023121500100478,2023년 12월 15일 17시,금요일,경상북도 경산시 중방동,중상사고,0,1,0,0,차대차 - 측면충돌,신호위반,건조,맑음,교차로 - 교차로안,승합,남,63세,상해없음,이륜,남,39세,중상
2023121500100538,2023년 12월 15일 18시,금요일,경상북도 경주시 동천동,경상사고,0,0,1,0,차대차 - 후진중충돌,안전운전불이행,젖음/습기,비,교차로 - 교차로안,승용,남,72세,상해없음,승용,남,30세,경상
2023121500100539,2023년 12월 15일 18시,금요일,경상북도 포항시 북구 양덕동,경상사고,0,0,3,0,차대차 - 측면충돌,안전운전불이행,젖음/습기,맑음,교차로 - 교차로안,승합,남,51세,상해없음,승용,여,47세,경상
2023121500100540,2023년 12월 15일 18시,금요일,경상북도 구미시 인의동,경상사고,0,0,1,0,차대차 - 기타,직진우회전진행방해,건조,맑음,교차로 - 교차로안,승용,남,33세,상해없음,개인형이동수단(PM),남,16세,경상
2023121500100541,2023년 12월 15일 18시,금요일,경상북도 의성군 봉양면,경상사고,0,0,1,0,차대차 - 측면충돌,안전운전불이행,젖음/습기,비,단일로 - 기타,기타불명,기타불명,미분류,기타불명,승용,남,52세,경상
2023121500100599,2023년 12월 15일 19시,금요일,경상북도 구미시 옥계동,경상사고,0,0,4,0,차대차 - 추돌,안전거리미확보,건조,맑음,교차로 - 교차로부근,승용,남,70세,상해없음,승용,남,50세,경상
2023121500100666,2023년 12월 15일 21시,금요일,경상북도 영천시 문외동,경상사고,0,0,2,0,차대차 - 측면충돌,중앙선침범,젖음/습기,비,교차로 - 교차로안,승용,남,64세,상해없음,승용,남,44세,경상
2023121500100698,2023년 12월 15일 22시,금요일,경상북도 경주시 용강동,경상사고,0,0,2,0,차대사람 - 횡단중,안전운전불이행,젖음/습기,비,교차로 - 교차로횡단보도내,이륜,남,22세,경상,보행자,남,16세,경상
2023121500100699,2023년 12월 15일 22시,금요일,경상북도 경산시 정평동,경상사고,0,0,1,0,차대차 - 추돌,안전운전불이행,젖음/습기,비,교차로 - 교차로부근,승용,남,27세,상해없음,승용,남,52세,경상
2023121500100700,2023년 12월 15일 22시,금요일,경상북도 경산시 하양읍,경상사고,0,0,1,0,차대차 - 측면충돌,안전거리미확보,젖음/습기,비,단일로 - 기타,승용,여,45세,상해없음,승용,남,26세,경상
2023121500100740,2023년 12월 15일 23시,금요일,경상북도 안동시 정하동,중상사고,0,2,1,0,차대차 - 기타,안전운전불이행,건조,맑음,교차로 - 교차로부근,승용,남,56세,중상,승용,남,25세,경상
2023121500100741,2023년 12월 15일 23시,금요일,경상북도 안동시 정하동,부상신고사고,0,0,0,1,차대차 - 기타,직진우회전진행방해,건조,맑음,교차로 - 교차로안,승용,남,55세,상해없음,화물,남,38세,상해없음
2023121600100040,2023년 12월 16일 02시,토요일,경상북도 경산시 압량읍,경상사고,0,0,2,0,차대차 - 추돌,안전운전불이행,젖음/습기,흐림,교차로 - 교차로부근,승용,남,39세,상해없음,승용,남,54세,경상
2023121600100088,2023년 12월 16일 06시,토요일,경상북도 구미시 진평동,경상사고,0,0,1,0,차대사람 - 기타,안전운전불이행,건조,맑음,단일로 - 기타,승용,남,25세,상해없음,보행자,여,34세,경상
2023121600100115,2023년 12월 16일 08시,토요일,경상북도 경주시 시래동,경상사고,0,0,1,0,차대사람 - 횡단중,안전운전불이행,건조,맑음,단일로 - 기타,화물,남,62세,상해없음,보행자,여,86세,경상
2023121600100129,2023년 12월 16일 09시,토요일,경상북도 포항시 남구 대잠동,경상사고,0,0,1,0,차대차 - 측면충돌,안전운전불이행,건조,맑음,단일로 - 기타,화물,남,27세,상해없음,화물,남,43세,경상
2023121600100180,2023년 12월 16일 11시,토요일,경상북도 안동시 송현동,경상사고,0,0,1,0,차대차 - 기타,안전운전불이행,건조,맑음,교차로 - 교차로부근,승용,여,40세,상해없음,승용,남,37세,경상
2023121600100181,2023년 12월 16일 11시,토요일,경상북도 영주시 영주동,경상사고,0,0,1,0,차대차 - 기타,교차로운행방법위반,젖음/습기,눈,교차로 - 교차로안,화물,남,57세,상해없음,화물,여,26세,경상
2023121600100268,2023년 12월 16일 14시,토요일,경상북도 포항시 북구 대신동,경상사고,0,0,2,0,차대차 - 추돌,안전운전불이행,건조,맑음,교차로 - 교차로부근,승용,남,64세,상해없음,승용,남,47세,경상
2023121600100269,2023년 12월 16일 14시,토요일,경상북도 울진군 죽변면,경상사고,0,0,1,0,차대차 - 측면충돌,교차로운행방법위반,건조,맑음,교차로 - 교차로안,승용,여,76세,상해없음,승용,남,50세,경상
2023121600100358,2023년 12월 16일 16시,토요일,경상북도 영천시 금호읍,경상사고,0,0,2,0,차대차 - 측면충돌,신호위반,건조,맑음,교차로 - 교차로안,승용,여,76세,경상,승용,남,33세,경상
2023121600100397,2023년 12월 16일 17시,토요일,경상북도 문경시 흥덕동,경상사고,0,0,2,0,차대차 - 추돌,안전운전불이행,서리/결빙,눈,단일로 - 기타,승합,남,62세,상해없음,승용,남,53세,경상
2023121600100458,2023년 12월 16일 18시,토요일,경상북도 경주시 구황동,경상사고,0,0,1,0,차대차 - 측면충돌,신호위반,건조,맑음,교차로 - 교차로안,승용,남,40세,상해없음,특수,남,40세,경상
2023121600100459,2023년 12월 16일 18시,토요일,경상북도 포항시 북구 장성동,경상사고,0,0,4,0,차대차 - 측면충돌,교차로운행방법위반,건조,맑음,기타 - 기타,승용,남,66세,상해없음,승용,남,62세,경상
2023121600100460,2023년 12월 16일 18시,토요일,경상북도 경산시 압량읍,경상사고,0,0,1,0,차대차 - 측면충돌,안전운전불이행,건조,맑음,교차로 - 교차로부근,승용,남,26세,상해없음,승용,남,35세,경상
2023121600100503,2023년 12월 16일 19시,토요일,경상북도 상주시 사벌국면,경상사고,0,0,1,0,차대차 - 기타,안전운전불이행,서리/결빙,눈,단일로 - 기타,화물,남,67세,상해없음,승용,남,62세,경상
2023121600100544,2023년 12월 16일 20시,토요일,경상북도 경주시 현곡면,경상사고,0,0,1,0,차대차 - 추돌,안전운전불이행,건조,맑음,단일로 - 기타,승용,남,31세,상해없음,승용,남,32세,경상
2023121600100545,2023년 12월 16일 20시,토요일,경상북도 칠곡군 북삼읍,경상사고,0,0,2,0,차대차 - 측면충돌,안전운전불이행,건조,맑음,교차로 - 교차로안,승용,남,63세,상해없음,승용,여,69세,경상
2023121600100561,2023년 12월 16일 21시,토요일,경상북도 영천시 신녕면,경상사고,0,0,1,0,차량단독 - 공작물충돌,안전운전불이행,건조,기타,단일로 - 기타,승용,남,52세,경상,,,,
2023121700100007,2023년 12월 17일 00시,일요일,경상북도 포항시 북구 두호동,중상사고,0,1,0,0,차대차 - 측면충돌,안전운전불이행,건조,맑음,단일로 - 기타,승용,남,72세,상해없음,승용,남,28세,중상
2023121700100025,2023년 12월 17일 01시,일요일,경상북도 김천시 부곡동,경상사고,0,0,3,0,차대차 - 추돌,안전운전불이행,건조,맑음,교차로 - 교차로부근,승용,남,25세,경상,승용,남,59세,경상
2023121700100038,2023년 12월 17일 02시,일요일,경상북도 구미시 도량동,중상사고,0,1,0,0,차량단독 - 공작물충돌,안전운전불이행,건조,맑음,교차로 - 교차로부근,개인형이동수단(PM),여,45세,중상,,,,
2023121700100074,2023년 12월 17일 06시,일요일,경상북도 구미시 옥성면,사망사고,1,0,0,0,차량단독 - 기타,안전운전불이행,건조,맑음,단일로 - 기타,승용,남,66세,사망,,,,
2023121700100083,2023년 12월 17일 07시,일요일,경상북도 김천시 용두동,중상사고,0,1,0,0,차대차 - 측면충돌,안전운전불이행,건조,맑음,교차로 - 교차로안,화물,남,74세,상해없음,자전거,여,63세,중상
2023121700100114,2023년 12월 17일 10시,일요일,경상북도 영덕군 영해면,경상사고,0,0,1,0,차대차 - 측면충돌,교차로운행방법위반,건조,맑음,교차로 - 교차로안,승용,여,61세,상해없음,이륜,남,80세,경상
2023121700100127,2023년 12월 17일 11시,일요일,경상북도 경산시 백천동,경상사고,0,0,1,0,차대사람 - 기타,신호위반,건조,맑음,교차로 - 교차로횡단보도내,이륜,남,28세,상해없음,보행자,남,12세,경상
2023121700100155,2023년 12월 17일 12시,일요일,경상북도 경주시 건천읍,경상사고,0,0,1,0,차대사람 - 기타,안전운전불이행,건조,맑음,단일로 - 기타,승용,남,63세,상해없음,보행자,여,82세,경상
2023121700100156,2023년 12월 17일 12시,일요일,경상북도 경주시 내남면,경상사고,0,0,2,0,차대차 - 추돌,안전운전불이행,건조,맑음,단일로 - 기타,승용,여,24세,경상,화물,남,60세,경상
2023121700100157,2023년 12월 17일 12시,일요일,경상북도 경산시 중방동,경상사고,0,0,1,0,차대차 - 기타,신호위반,건조,맑음,교차로 - 교차로안,승용,남,79세,상해없음,승용,남,32세,경상
2023121700100187,2023년 12월 17일 13시,일요일,경상북도 영주시 봉현면,중상사고,0,1,0,0,차대차 - 측면충돌,교차로운행방법위반,건조,맑음,교차로 - 교차로안,화물,남,52세,상해없음,화물,남,37세,중상
2023121700100210,2023년 12월 17일 14시,일요일,경상북도 구미시 임은동,중상사고,0,1,0,0,차대차 - 측면충돌,안전운전불이행,건조,맑음,단일로 - 기타,승용,남,44세,상해없음,이륜,남,39세,중상
2023121700100238,2023년 12월 17일 15시,일요일,경상북도 포항시 남구 오천읍,부상신고사고,0,0,0,1,차대사람 - 횡단중,보행자보호의무위반,건조,맑음,교차로 - 교차로횡단보도내,승용,남,32세,상해없음,보행자,남,13세,부상신고
2023121700100361,2023년 12월 17일 20시,일요일,경상북도 경산시 삼풍동,경상사고,0,0,3,0,차대차 - 기타,중앙선침범,건조,맑음,교차로 - 교차로횡단보도내,화물,남,66세,상해없음,승용,여,43세,경상
2023121700100362,2023년 12월 17일 20시,일요일,경상북도 구미시 고아읍,경상사고,0,0,1,0,차대차 - 추돌,안전운전불이행,건조,맑음,단일로 - 기타,승용,남,62세,상해없음,승용,남,36세,경상
2023121800100006,2023년 12월 18일 00시,월요일,경상북도 영천시 신녕면,중상사고,0,1,0,0,차량단독 - 공작물충돌,안전운전불이행,건조,맑음,단일로 - 기타,화물,남,67세,중상,,,,
2023121800100047,2023년 12월 18일 06시,월요일,경상북도 구미시 공단동,중상사고,0,1,0,0,차대사람 - 횡단중,신호위반,건조,맑음,교차로 - 교차로횡단보도내,화물,남,57세,상해없음,보행자,여,52세,중상