사고번호,사고일시,요일,시군구,사고내용,사망자수,중상자수,경상자수,부상신고자수,사고유형,법규위반,노면상태,기상상태,도로형태,가해운전자 차종,가해운전자 성별,가해운전자 연령,가해운전자 상해정도,피해운전자 차종,피해운전자 성별,피해운전자 연령,피해운전자 상해정도
2023121800100105,2023년 12월 18일 08시,월요일,경상북도 구미시 진평동,중상사고,0,1,0,0,차대차 - 측면충돌,교차로운행방법위반,건조,맑음,교차로 - 교차로안,승용,여,43세,상해없음,승합,여,52세,중상
2023121800100146,2023년 12월 18일 09시,월요일,경상북도 경주시 천북면,경상사고,0,0,1,0,차대차 - 후진중충돌,안전운전불이행,건조,맑음,교차로 - 교차로부근,건설기계,남,48세,상해없음,승용,남,35세,경상
2023121800100147,2023년 12월 18일 09시,월요일,경상북도 칠곡군 왜관읍,경상사고,0,0,1,1,차대차 - 정면충돌,직진우회전진행방해,건조,맑음,교차로 - 교차로안,화물,남,52세,부상신고,승용,여,41세,경상
2023121800100148,2023년 12월 18일 09시,월요일,경상북도 포항시 남구 효자동,경상사고,0,0,1,0,차대차 - 측면충돌,안전운전불이행,건조,맑음,교차로 - 교차로부근,화물,남,61세,상해없음,승용,남,19세,상해없음
2023121800100176,2023년 12월 18일 10시,월요일,경상북도 포항시 남구 대도동,경상사고,0,0,1,0,차대차 - 측면충돌,안전운전불이행,건조,맑음,단일로 - 기타,화물,남,64세,상해없음,승합,남,41세,경상
2023121800100201,2023년 12월 18일 11시,월요일,경상북도 경주시 용강동,경상사고,0,0,1,0,차대차 - 추돌,안전운전불이행,건조,맑음,단일로 - 기타,승용,남,51세,상해없음,승용,여,64세,경상
2023121800100202,2023년 12월 18일 11시,월요일,경상북도 경산시 백천동,중상사고,0,1,3,0,차대차 - 정면충돌,안전운전불이행,건조,맑음,단일로 - 기타,화물,남,73세,경상,승용,여,59세,중상
2023121800100231,2023년 12월 18일 12시,월요일,경상북도 포항시 북구 용흥동,사망사고,1,0,0,0,차대사람 - 차도통행중,안전운전불이행,건조,맑음,교차로 - 교차로부근,승용,남,78세,상해없음,보행자,여,79세,사망
2023121800100232,2023년 12월 18일 12시,월요일,경상북도 상주시 화서면,중상사고,0,1,1,0,차대차 - 추돌,안전운전불이행,건조,맑음,단일로 - 기타,화물,남,82세,상해없음,승용,남,44세,상해없음
2023121800100233,2023년 12월 18일 12시,월요일,경상북도 포항시 남구 오천읍,경상사고,0,0,1,0,차대차 - 측면충돌,신호위반,건조,맑음,교차로 - 교차로안,승용,남,66세,상해없음,자전거,남,77세,경상
2023121800100265,2023년 12월 18일 13시,월요일,경상북도 안동시 옥야동,중상사고,0,1,0,0,차대차 - 기타,안전거리미확보,건조,맑음,단일로 - 기타,승용,여,31세,상해없음,승용,여,59세,중상
2023121800100266,2023년 12월 18일 13시,월요일,경상북도 상주시 가장동,중상사고,0,1,0,0,차대차 - 측면충돌,신호위반,건조,맑음,교차로 - 교차로횡단보도내,승용,남,40세,상해없음,이륜,남,79세,중상
2023121800100267,2023년 12월 18일 13시,월요일,경상북도 칠곡군 지천면,경상사고,0,0,1,0,차대차 - 측면충돌,안전운전불이행,건조,맑음,단일로 - 기타,승용,남,57세,경상,화물,남,81세,상해없음
2023121800100299,2023년 12월 18일 14시,월요일,경상북도 포항시 남구 오천읍,경상사고,0,0,2,0,차대차 - 기타,직진우회전진행방해,건조,맑음,교차로 - 교차로안,승용,남,21세,경상,승용,남,19세,경상
2023121800100326,2023년 12월 18일 15시,월요일,경상북도 경주시 안강읍,중상사고,0,1,0,0,차대차 - 정면충돌,신호위반,건조,맑음,교차로 - 교차로부근,화물,남,61세,상해없음,승용,여,61세,중상
2023121800100327,2023년 12월 18일 15시,월요일,경상북도 경산시 삼남동,경상사고,0,0,1,0,차대차 - 측면충돌,교차로운행방법위반,건조,맑음,교차로 - 교차로안,승용,여,54세,상해없음,이륜,남,20세,경상
2023121800100362,2023년 12월 18일 16시,월요일,경상북도 경산시 중방동,중상사고,0,1,0,0,차대사람 - 횡단중,보행자보호의무위반,건조,맑음,교차로 - 교차로횡단보도내,승합,남,63세,상해없음,보행자,여,81세,중상
2023121800100363,2023년 12월 18일 16시,월요일,경상북도 포항시 남구 해도동,경상사고,0,0,4,0,차대차 - 기타,중앙선침범,건조,맑음,단일로 - 기타,승용,여,69세,경상,승용,남,67세,경상
2023121800100412,2023년 12월 18일 17시,월요일,경상북도 영천시 문외동,경상사고,0,0,1,0,차대차 - 측면충돌,기타,건조,맑음,교차로 - 교차로안,승용,여,62세,상해없음,승용,남,45세,경상
2023121800100413,2023년 12월 18일 17시,월요일,경상북도 포항시 남구 청림동,경상사고,0,0,1,0,차대사람 - 기타,안전운전불이행,건조,맑음,단일로 - 기타,승용,남,61세,기타불명,보행자,남,26세,경상
2023121800100460,2023년 12월 18일 18시,월요일,경상북도 경주시 동방동,부상신고사고,0,0,0,2,차대차 - 정면충돌,안전운전불이행,건조,맑음,교차로 - 교차로부근,승용,남,73세,부상신고,승용,남,44세,부상신고
2023121800100461,2023년 12월 18일 18시,월요일,경상북도 안동시 옥동,중상사고,0,1,0,0,차대사람 - 기타,안전운전불이행,건조,맑음,단일로 - 기타,승용,남,27세,상해없음,보행자,남,11세,중상
2023121800100463,2023년 12월 18일 18시,월요일,경상북도 안동시 풍산읍,중상사고,0,1,0,2,차대차 - 기타,안전운전불이행,건조,맑음,단일로 - 기타,승용,남,23세,부상신고,화물,남,52세,중상
2023121800100495,2023년 12월 18일 19시,월요일,경상북도 경산시 대평동,중상사고,0,1,0,0,차대차 - 기타,신호위반,건조,맑음,교차로 - 교차로안,승용,남,26세,상해없음,승용,남,49세,중상
2023121800100512,2023년 12월 18일 20시,월요일,경상북도 영천시 화북면,사망사고,1,0,0,0,차대사람 - 횡단중,안전운전불이행,건조,기타,단일로 - 기타,승용,남,69세,상해없음,보행자,여,84세,사망
2023121800100537,2023년 12월 18일 21시,월요일,경상북도 안동시 풍산읍,경상사고,0,0,2,0,차대차 - 후진중충돌,안전운전불이행,건조,맑음,단일로 - 기타,승용,여,23세,경상,승용,남,62세,경상
2023121800100538,2023년 12월 18일 21시,월요일,경상북도 구미시 공단동,경상사고,0,0,1,0,차대차 - 추돌,안전운전불이행,건조,맑음,교차로 - 교차로부근,승용,남,53세,상해없음,승용,여,35세,경상
2023121900100011,2023년 12월 19일 00시,화요일,경상북도 상주시 무양동,경상사고,0,0,1,0,차대차 - 기타,신호위반,건조,맑음,교차로 - 교차로부근,승용,남,38세,상해없음,이륜,남,49세,경상
2023121900100038,2023년 12월 19일 06시,화요일,경상북도 경주시 용강동,중상사고,0,2,0,0,차대차 - 측면충돌,안전운전불이행,건조,맑음,단일로 - 기타,승용,남,54세,중상,건설기계,남,53세,상해없음
2023121900100039,2023년 12월 19일 06시,화요일,경상북도 구미시 신동,중상사고,0,1,1,0,차대차 - 추돌,중앙선침범,건조,맑음,단일로 - 기타,화물,남,61세,중상,승용,남,29세,경상
2023121900100040,2023년 12월 19일 06시,화요일,경상북도 포항시 남구 해도동,경상사고,0,0,1,0,차대차 - 기타,안전운전불이행,건조,맑음,교차로 - 교차로부근,승용,남,41세,상해없음,승용,남,39세,경상
2023121900100096,2023년 12월 19일 08시,화요일,경상북도 영천시 금노동,경상사고,0,0,1,0,차대차 - 측면충돌,안전운전불이행,건조,맑음,교차로 - 교차로부근,승용,여,66세,상해없음,승용,여,37세,경상
2023121900100118,2023년 12월 19일 09시,화요일,경상북도 경주시 황성동,경상사고,0,0,1,0,차대차 - 추돌,안전거리미확보,건조,맑음,교차로 - 교차로부근,승합,여,44세,상해없음,화물,남,69세,경상
2023121900100119,2023년 12월 19일 09시,화요일,경상북도 영덕군 영해면,경상사고,0,0,1,0,차대차 - 기타,안전거리미확보,건조,맑음,단일로 - 기타,승합,남,55세,상해없음,승용,여,45세,경상
2023121900100121,2023년 12월 19일 09시,화요일,경상북도 포항시 남구 대잠동,중상사고,0,1,1,0,차대차 - 추돌,안전운전불이행,건조,맑음,단일로 - 기타,승용,여,35세,상해없음,화물,남,45세,경상
2023121900100141,2023년 12월 19일 10시,화요일,경상북도 영덕군 병곡면,중상사고,0,1,0,0,차대차 - 추돌,안전거리미확보,건조,맑음,단일로 - 기타,건설기계,남,54세,상해없음,화물,남,60세,중상
2023121900100168,2023년 12월 19일 11시,화요일,경상북도 포항시 북구 두호동,중상사고,0,1,0,0,차량단독 - 공작물충돌,안전운전불이행,건조,맑음,단일로 - 기타,승용,여,57세,중상,,,,
2023121900100199,2023년 12월 19일 12시,화요일,경상북도 상주시 낙동면,중상사고,0,1,0,0,차대차 - 추돌,안전운전불이행,건조,맑음,단일로 - 기타,화물,남,68세,상해없음,특수,남,52세,중상
2023121900100221,2023년 12월 19일 13시,화요일,경상북도 포항시 북구 죽장면,경상사고,0,0,1,0,차대차 - 정면충돌,중앙선침범,젖음/습기,맑음,단일로 - 기타,승용,남,50세,상해없음,화물,남,64세,경상
2023121900100222,2023년 12월 19일 13시,화요일,경상북도 포항시 남구 상도동,부상신고사고,0,0,0,1,차대차 - 기타,안전운전불이행,건조,맑음,단일로 - 기타,자전거,남,9세,부상신고,승용,남,33세,상해없음
2023121900100283,2023년 12월 19일 15시,화요일,경상북도 경주시 현곡면,경상사고,0,0,1,0,차대사람 - 횡단중,보행자보호의무위반,건조,맑음,교차로 - 교차로횡단보도내,승합,남,65세,상해없음,보행자,남,8세,경상
2023121900100284,2023년 12월 19일 15시,화요일,경상북도 경산시 진량읍,경상사고,0,0,1,0,차대차 - 정면충돌,신호위반,건조,맑음,교차로 - 교차로부근,승용,남,28세,상해없음,화물,남,82세,경상
2023121900100319,2023년 12월 19일 16시,화요일,경상북도 경주시 외동읍,중상사고,0,1,0,0,차대차 - 측면충돌,안전운전불이행,건조,맑음,단일로 - 기타,화물,남,66세,상해없음,원동기,남,47세,중상
2023121900100320,2023년 12월 19일 16시,화요일,경상북도 포항시 북구 우현동,경상사고,0,0,3,0,차대차 - 기타,신호위반,건조,맑음,단일로 - 기타,화물,남,65세,경상,승용,여,55세,경상
2023121900100321,2023년 12월 19일 16시,화요일,경상북도 포항시 남구 오천읍,중상사고,0,1,0,0,차대차 - 측면충돌,신호위반,건조,맑음,교차로 - 교차로안,승용,남,28세,상해없음,승용,남,28세,중상
2023121900100322,2023년 12월 19일 16시,화요일,경상북도 포항시 남구 대송면,부상신고사고,0,0,0,1,차대차 - 측면충돌,교차로운행방법위반,건조,맑음,단일로 - 기타,승용,남,48세,상해없음,승용,남,40세,부상신고
2023121900100422,2023년 12월 19일 18시,화요일,경상북도 김천시 용두동,경상사고,0,0,1,0,차대차 - 측면충돌,안전운전불이행,건조,맑음,교차로 - 교차로부근,승용,여,42세,상해없음,승용,남,45세,경상
2023121900100506,2023년 12월 19일 21시,화요일,경상북도 상주시 복룡동,경상사고,0,0,1,0,차대차 - 기타,안전운전불이행,건조,맑음,교차로 - 교차로부근,승용,남,65세,상해없음,자전거,남,10세,경상
2023121900100507,2023년 12월 19일 21시,화요일,경상북도 칠곡군 왜관읍,경상사고,0,0,2,0,차대차 - 추돌,안전운전불이행,건조,맑음,교차로 - 교차로부근,승용,남,38세,상해없음,승용,남,31세,경상
2023121900100535,2023년 12월 19일 23시,화요일,경상북도 청도군 청도읍,중상사고,0,1,0,0,차대차 - 추돌,안전운전불이행,건조,맑음,단일로 - 기타,승용,남,23세,상해없음,화물,남,67세,중상
2023122000100011,2023년 12월 20일 00시,수요일,경상북도 포항시 북구 용흥동,부상신고사고,0,0,0,1,차대차 - 기타,안전운전불이행,건조,맑음,교차로 - 교차로부근,화물,남,48세,상해없음,화물,남,27세,상해없음
2023122000100049,2023년 12월 20일 06시,수요일,경상북도 칠곡군 석적읍,경상사고,0,0,1,0,차대차 - 측면충돌,안전운전불이행,서리/결빙,눈,단일로 - 기타,승용,여,44세,상해없음,승용,여,57세,상해없음
2023122000100072,2023년 12월 20일 07시,수요일,경상북도 포항시 북구 죽도동,경상사고,0,0,1,0,차대차 - 측면충돌,안전운전불이행,건조,맑음,교차로 - 교차로부근,건설기계,남,66세,상해없음,승용,여,50세,경상
2023122000100073,2023년 12월 20일 07시,수요일,경상북도 칠곡군 왜관읍,경상사고,0,0,1,0,차대차 - 추돌,안전운전불이행,건조,맑음,단일로 - 지하차도(도로)내,승용,남,32세,상해없음,승용,남,42세,경상
2023122000100100,2023년 12월 20일 08시,수요일,경상북도 경주시 시래동,중상사고,0,1,0,1,차대차 - 측면충돌,신호위반,건조,맑음,교차로 - 교차로안,승용,여,63세,상해없음,승합,남,26세,중상
2023122000100119,2023년 12월 20일 09시,수요일,경상북도 의성군 의성읍,경상사고,0,0,2,0,차대차 - 측면충돌,신호위반,건조,맑음,교차로 - 교차로안,승합,남,45세,경상,승용,여,69세,경상
2023122000100156,2023년 12월 20일 11시,수요일,경상북도 경주시 성건동,중상사고,0,1,0,0,차량단독 - 기타,기타,건조,맑음,단일로 - 기타,승합,남,53세,상해없음,,,,
2023122000100157,2023년 12월 20일 11시,수요일,경상북도 구미시 옥계동,경상사고,0,0,1,0,차대차 - 측면충돌,안전거리미확보,건조,맑음,기타 - 기타,승용,남,31세,상해없음,화물,남,62세,경상
2023122000100181,2023년 12월 20일 12시,수요일,경상북도 경주시 양남면,경상사고,0,0,1,0,차대차 - 측면충돌,중앙선침범,건조,맑음,단일로 - 기타,화물,남,63세,상해없음,승용,여,51세,경상
2023122000100182,2023년 12월 20일 12시,수요일,경상북도 문경시 문경읍,경상사고,0,0,2,0,차대차 - 측면충돌,안전운전불이행,건조,맑음,교차로 - 교차로안,승용,남,67세,경상,승용,남,37세,경상
2023122000100207,2023년 12월 20일 13시,수요일,경상북도 영덕군 남정면,중상사고,0,1,1,0,차대차 - 추돌,안전운전불이행,건조,맑음,단일로 - 기타,화물,남,68세,중상,화물,남,44세,경상
2023122000100230,2023년 12월 20일 14시,수요일,경상북도 구미시 황상동,경상사고,0,0,1,0,차대차 - 기타,안전거리미확보,건조,맑음,교차로 - 교차로부근,화물,남,45세,상해없음,승용,여,27세,경상
2023122000100262,2023년 12월 20일 15시,수요일,경상북도 포항시 북구 장성동,경상사고,0,0,1,0,차대차 - 기타,신호위반,건조,맑음,교차로 - 교차로부근,승용,남,67세,상해없음,승용,남,42세,경상
2023122000100263,2023년 12월 20일 15시,수요일,경상북도 울진군 근남면,경상사고,0,0,1,0,차대차 - 측면충돌,중앙선침범,건조,맑음,단일로 - 기타,화물,남,66세,상해없음,화물,남,34세,경상
2023122000100297,2023년 12월 20일 16시,수요일,경상북도 포항시 북구 동빈1가,경상사고,0,0,1,0,차대차 - 기타,안전거리미확보,건조,맑음,단일로 - 기타,승용,여,32세,상해없음,승용,남,69세,상해없음
2023122000100299,2023년 12월 20일 16시,수요일,경상북도 구미시 옥성면,경상사고,0,0,1,0,차대차 - 기타,교차로운행방법위반,건조,맑음,교차로 - 교차로안,승용,남,63세,상해없음,화물,남,50세,경상
2023122000100300,2023년 12월 20일 16시,수요일,경상북도 포항시 남구 오천읍,중상사고,0,1,0,0,차대사람 - 기타,보행자보호의무위반,건조,맑음,교차로 - 교차로횡단보도내,승용,남,59세,기타불명,보행자,남,63세,중상
2023122000100347,2023년 12월 20일 17시,수요일,경상북도 포항시 남구 청림동,경상사고,0,0,1,0,차대사람 - 기타,교차로운행방법위반,건조,맑음,교차로 - 교차로안,승용,남,22세,상해없음,보행자,여,70세,경상
2023122000100446,2023년 12월 20일 19시,수요일,경상북도 칠곡군 석적읍,중상사고,0,1,0,0,차대차 - 측면충돌,안전운전불이행,건조,흐림,교차로 - 교차로부근,기타불명,기타불명,미분류,기타불명,이륜,남,43세,중상
2023122000100447,2023년 12월 20일 19시,수요일,경상북도 구미시 사곡동,중상사고,0,1,3,0,차대차 - 추돌,안전운전불이행,건조,맑음,단일로 - 기타,승용,남,57세,중상,승용,남,22세,경상
2023122000100507,2023년 12월 20일 21시,수요일,경상북도 김천시 봉산면,경상사고,0,0,2,0,차대차 - 추돌,안전운전불이행,건조,맑음,단일로 - 기타,승용,남,28세,상해없음,승용,남,54세,경상
2023122000100530,2023년 12월 20일 22시,수요일,경상북도 포항시 남구 오천읍,경상사고,0,0,2,0,차대차 - 기타,안전운전불이행,건조,맑음,교차로 - 교차로부근,승용,남,53세,상해없음,승용,여,49세,경상
2023122000100550,2023년 12월 20일 23시,수요일,경상북도 경산시 중방동,경상사고,0,0,1,0,차대차 - 추돌,안전운전불이행,건조,맑음,교차로 - 교차로안,승용,남,44세,상해없음,이륜,남,27세,경상
2023122000100551,2023년 12월 20일 23시,수요일,경상북도 김천시 아포읍,경상사고,0,0,1,0,차대차 - 측면충돌,안전운전불이행,건조,맑음,단일로 - 기타,기타불명,기타불명,미분류,기타불명,승용,여,35세,경상
2023122100100004,2023년 12월 21일 00시,목요일,경상북도 경산시 사동,경상사고,0,0,1,1,차대차 - 측면충돌,교차로운행방법위반,건조,맑음,교차로 - 교차로안,이륜,남,37세,부상신고,승용,남,56세,경상
2023122100100005,2023년 12월 21일 00시,목요일,경상북도 구미시 광평동,경상사고,0,0,2,0,차대차 - 추돌,안전운전불이행,건조,기타,교차로 - 교차로부근,승용,남,43세,상해없음,승용,여,29세,경상
2023122100100018,2023년 12월 21일 02시,목요일,경상북도 영양군 영양읍,경상사고,0,0,1,0,차대차 - 정면충돌,중앙선침범,건조,기타,단일로 - 기타,승용,남,31세,기타불명,화물,남,63세,경상
2023122100100027,2023년 12월 21일 04시,목요일,경상북도 경산시 중방동,경상사고,0,0,1,0,차대차 - 측면충돌,안전운전불이행,건조,맑음,단일로 - 기타,승용,남,42세,경상,승용,남,27세,상해없음
2023122100100070,2023년 12월 21일 07시,목요일,경상북도 포항시 남구 인덕동,경상사고,0,0,1,0,차대차 - 정면충돌,안전운전불이행,건조,맑음,단일로 - 기타,이륜,남,71세,경상,승용,남,33세,기타불명
2023122100100109,2023년 12월 21일 08시,목요일,경상북도 경주시 시래동,경상사고,0,0,1,0,차대차 - 측면충돌,신호위반,건조,맑음,교차로 - 교차로안,승용,여,60세,상해없음,승용,여,66세,경상
2023122100100110,2023년 12월 21일 08시,목요일,경상북도 칠곡군 왜관읍,경상사고,0,0,2,0,차대차 - 측면충돌,직진우회전진행방해,건조,맑음,교차로 - 교차로안,승용,여,43세,경상,승용,남,25세,경상
2023122100100111,2023년 12월 21일 08시,목요일,경상북도 문경시 마성면,경상사고,0,0,2,0,차대차 - 정면충돌,안전운전불이행,건조,맑음,단일로 - 기타,승용,여,54세,경상,승용,여,46세,경상
2023122100100112,2023년 12월 21일 08시,목요일,경상북도 구미시 오태동,경상사고,0,0,2,0,차대차 - 추돌,안전운전불이행,서리/결빙,눈,단일로 - 기타,승용,여,42세,상해없음,승용,여,29세,경상
2023122100100150,2023년 12월 21일 09시,목요일,경상북도 포항시 북구 창포동,중상사고,0,1,0,0,차대사람 - 횡단중,신호위반,건조,맑음,교차로 - 교차로횡단보도내,승용,여,65세,상해없음,보행자,남,67세,중상
2023122100100151,2023년 12월 21일 09시,목요일,경상북도 안동시 와룡면,중상사고,0,2,0,0,차대차 - 기타,신호위반,건조,맑음,교차로 - 교차로안,승용,남,57세,상해없음,화물,남,72세,중상
2023122100100152,2023년 12월 21일 09시,목요일,경상북도 영천시 망정동,경상사고,0,0,1,0,차대차 - 측면충돌,안전운전불이행,건조,맑음,교차로 - 교차로안,승용,남,27세,상해없음,화물,남,46세,경상
2023122100100182,2023년 12월 21일 10시,목요일,경상북도 문경시 흥덕동,중상사고,0,1,0,0,차대차 - 측면충돌,안전운전불이행,건조,맑음,기타 - 기타,화물,남,61세,상해없음,화물,남,57세,중상
2023122100100206,2023년 12월 21일 11시,목요일,경상북도 구미시 형곡동,중상사고,0,1,0,0,차대사람 - 보도통행중,보행자보호의무위반,건조,맑음,교차로 - 교차로부근,화물,남,42세,상해없음,보행자,여,25세,중상
2023122100100244,2023년 12월 21일 12시,목요일,경상북도 상주시 화서면,중상사고,0,1,0,0,차대차 - 추돌,안전거리미확보,건조,맑음,교차로 - 교차로부근,화물,남,71세,상해없음,승용,남,84세,중상
2023122100100274,2023년 12월 21일 13시,목요일,경상북도 포항시 남구 해도동,경상사고,0,0,1,0,차대차 - 측면충돌,안전운전불이행,건조,맑음,단일로 - 기타,승용,여,62세,상해없음,승용,여,29세,경상
2023122100100354,2023년 12월 21일 15시,목요일,경상북도 문경시 흥덕동,경상사고,0,0,2,0,차대차 - 후진중충돌,불법유턴,건조,맑음,단일로 - 기타,승용,남,64세,상해없음,승합,남,35세,경상
2023122100100389,2023년 12월 21일 16시,목요일,경상북도 경산시 옥산동,경상사고,0,0,1,0,차대차 - 기타,안전운전불이행,건조,맑음,단일로 - 기타,승용,남,66세,기타불명,승용,남,37세,경상
2023122100100390,2023년 12월 21일 16시,목요일,경상북도 예천군 개포면,경상사고,0,0,1,0,차대차 - 추돌,안전운전불이행,건조,맑음,교차로 - 교차로부근,승용,여,60세,상해없음,승용,남,58세,경상
2023122100100491,2023년 12월 21일 18시,목요일,경상북도 상주시 외서면,경상사고,0,0,1,0,차대차 - 추돌,안전거리미확보,건조,기타,단일로 - 기타,승용,남,28세,상해없음,화물,남,59세,경상
2023122100100546,2023년 12월 21일 19시,목요일,경상북도 포항시 북구 환호동,경상사고,0,0,1,1,차대차 - 측면충돌,안전운전불이행,건조,맑음,기타 - 기타,승용,남,66세,상해없음,승용,남,65세,상해없음
2023122100100641,2023년 12월 21일 22시,목요일,경상북도 포항시 남구 상도동,중상사고,0,1,1,0,차대차 - 정면충돌,신호위반,건조,맑음,교차로 - 교차로안,이륜,남,47세,중상,이륜,남,63세,경상
2023122200100026,2023년 12월 22일 01시,금요일,경상북도 경산시 압량읍,경상사고,0,0,2,0,차대차 - 측면충돌,신호위반,건조,맑음,교차로 - 교차로안,승용,남,65세,상해없음,승용,남,18세,경상
2023122200100060,2023년 12월 22일 06시,금요일,경상북도 구미시 공단동,경상사고,0,0,2,0,차대차 - 추돌,안전운전불이행,건조,흐림,단일로 - 기타,화물,남,39세,경상,승용,남,27세,경상
2023122200100079,2023년 12월 22일 07시,금요일,경상북도 칠곡군 북삼읍,경상사고,0,0,1,0,차대차 - 측면충돌,교차로운행방법위반,건조,맑음,교차로 - 교차로안,승합,남,65세,상해없음,승용,여,63세,경상
2023122200100110,2023년 12월 22일 08시,금요일,경상북도 예천군 호명면,경상사고,0,0,1,0,차대차 - 측면충돌,안전운전불이행,건조,맑음,주차장 - 주차장,승용,여,47세,상해없음,승용,남,48세,경상
2023122200100111,2023년 12월 22일 08시,금요일,경상북도 구미시 임은동,경상사고,0,0,2,0,차대차 - 기타,교차로운행방법위반,건조,맑음,교차로 - 교차로안,승용,여,34세,상해없음,승용,남,72세,경상
2023122200100148,2023년 12월 22일 09시,금요일,경상북도 영주시 영주동,중상사고,0,1,0,0,차대사람 - 기타,안전운전불이행,건조,맑음,단일로 - 기타,화물,남,63세,상해없음,보행자,남,69세,중상
2023122200100149,2023년 12월 22일 09시,금요일,경상북도 고령군 대가야읍,중상사고,0,1,0,0,차대사람 - 횡단중,보행자보호의무위반,건조,맑음,교차로 - 교차로횡단보도내,승용,여,65세,상해없음,보행자,남,81세,중상
2023122200100176,2023년 12월 22일 10시,금요일,경상북도 경주시 구황동,경상사고,0,0,1,0,차대차 - 기타,신호위반,건조,맑음,교차로 - 교차로안,승용,남,37세,상해없음,승합,남,61세,경상
2023122200100177,2023년 12월 22일 10시,금요일,경상북도 봉화군 봉화읍,경상사고,0,0,2,0,차대차 - 추돌,안전운전불이행,건조,맑음,교차로 - 교차로안,승용,남,52세,경상,승용,남,38세,경상
2023122200100178,2023년 12월 22일 10시,금요일,경상북도 구미시 공단동,경상사고,0,0,1,0,차대차 - 측면충돌,중앙선침범,건조,맑음,단일로 - 기타,승용,남,38세,상해없음,화물,남,48세,경상
2023122200100219,2023년 12월 22일 11시,금요일,경상북도 안동시 송현동,중상사고,0,1,0,0,차대차 - 측면충돌,중앙선침범,건조,맑음,교차로 - 교차로부근,개인형이동수단(PM),남,84세,중상,승용,남,49세,상해없음
2023122200100220,2023년 12월 22일 11시,금요일,경상북도 영덕군 영덕읍,중상사고,0,1,0,0,차량단독 - 도로외이탈 - 추락,안전운전불이행,건조,맑음,주차장 - 주차장,승용,여,71세,중상,,,,
2023122200100259,2023년 12월 22일 12시,금요일,경상북도 봉화군 소천면,중상사고,0,1,0,0,차량단독 - 기타,안전운전불이행,건조,맑음,기타 - 기타,승용,여,73세,상해없음,,,,
2023122200100301,2023년 12월 22일 13시,금요일,경상북도 경주시 외동읍,경상사고,0,0,2,0,차대차 - 측면충돌,안전운전불이행,건조,맑음,단일로 - 기타,건설기계,남,52세,상해없음,승용,남,30세,경상
2023122200100302,2023년 12월 22일 13시,금요일,경상북도 구미시 진평동,부상신고사고,0,0,0,1,차대차 - 기타,안전운전불이행,건조,맑음,단일로 - 기타,승용,여,39세,상해없음,승합,남,61세,상해없음
2023122200100350,2023년 12월 22일 14시,금요일,경상북도 경산시 백천동,경상사고,0,0,1,0,차대사람 - 횡단중,보행자보호의무위반,건조,맑음,단일로 - 기타,승용,여,72세,상해없음,보행자,여,8세,경상
2023122200100351,2023년 12월 22일 14시,금요일,경상북도 포항시 남구 연일읍,경상사고,0,0,1,0,차대차 - 측면충돌,불법유턴,건조,맑음,기타 - 기타,승용,남,75세,상해없음,화물,남,52세,경상
2023122200100402,2023년 12월 22일 15시,금요일,경상북도 의성군 금성면,중상사고,0,1,0,0,차량단독 - 기타,안전운전불이행,건조,맑음,기타 - 기타,이륜,남,23세,중상,,,,
2023122200100443,2023년 12월 22일 16시,금요일,경상북도 문경시 모전동,경상사고,0,0,1,0,차대차 - 측면충돌,기타,건조,맑음,교차로 - 교차로안,승용,여,60세,상해없음,승용,남,32세,경상
2023122200100495,2023년 12월 22일 17시,금요일,경상북도 칠곡군 석적읍,경상사고,0,0,1,0,차대차 - 측면충돌,안전운전불이행,건조,맑음,교차로 - 교차로안,이륜,남,41세,상해없음,이륜,남,43세,경상
2023122200100496,2023년 12월 22일 17시,금요일,경상북도 포항시 남구 이동,경상사고,0,0,2,0,차대차 - 측면충돌,안전운전불이행,건조,맑음,교차로 - 교차로안,승용,남,37세,경상,승용,여,52세,경상
2023122200100497,2023년 12월 22일 17시,금요일,경상북도 포항시 남구 연일읍,경상사고,0,0,2,0,차대차 - 측면충돌,교차로운행방법위반,건조,맑음,교차로 - 교차로안,승용,여,41세,경상,화물,남,71세,경상
2023122200100578,2023년 12월 22일 18시,금요일,경상북도 경산시 옥산동,경상사고,0,0,1,0,차대사람 - 기타,안전운전불이행,건조,맑음,단일로 - 기타,승용,남,40세,상해없음,보행자,남,39세,경상
2023122200100686,2023년 12월 22일 20시,금요일,경상북도 영덕군 강구면,경상사고,0,0,3,0,차대차 - 추돌,안전거리미확보,건조,맑음,단일로 - 기타,승용,남,66세,상해없음,승용,남,40세,경상
2023122200100687,2023년 12월 22일 20시,금요일,경상북도 성주군 성주읍,경상사고,0,0,1,0,차량단독 - 공작물충돌,안전운전불이행,건조,맑음,단일로 - 고가도로위,승용,남,41세,기타불명,,,,
2023122200100688,2023년 12월 22일 20시,금요일,경상북도 포항시 남구 장기면,사망사고,1,0,0,0,차량단독 - 도로외이탈 - 추락,안전운전불이행,건조,맑음,단일로 - 기타,이륜,남,60세,사망,,,,