사고번호,사고일시,요일,시군구,사고내용,사망자수,중상자수,경상자수,부상신고자수,사고유형,법규위반,노면상태,기상상태,도로형태,가해운전자 차종,가해운전자 성별,가해운전자 연령,가해운전자 상해정도,피해운전자 차종,피해운전자 성별,피해운전자 연령,피해운전자 상해정도
2023122200100764,2023년 12월 22일 22시,금요일,경상북도 경산시 진량읍,경상사고,0,0,2,0,차대차 - 추돌,안전운전불이행,건조,맑음,교차로 - 교차로안,승용,남,59세,상해없음,승용,남,37세,경상
2023122200100790,2023년 12월 22일 23시,금요일,경상북도 포항시 남구 해도동,중상사고,0,1,0,0,차대차 - 기타,신호위반,젖음/습기,비,교차로 - 교차로안,이륜,남,17세,중상,승용,남,39세,상해없음
2023122300100017,2023년 12월 23일 00시,토요일,경상북도 구미시 광평동,중상사고,0,1,0,0,차대차 - 추돌,안전운전불이행,건조,맑음,교차로 - 교차로부근,승용,남,51세,상해없음,승용,여,40세,중상
2023122300100040,2023년 12월 23일 01시,토요일,경상북도 포항시 남구 오천읍,경상사고,0,0,1,0,차대차 - 추돌,안전운전불이행,건조,맑음,교차로 - 교차로부근,승용,남,46세,상해없음,승용,남,35세,경상
2023122300100054,2023년 12월 23일 02시,토요일,경상북도 포항시 북구 죽도동,경상사고,0,0,2,0,차대차 - 후진중충돌,안전운전불이행,서리/결빙,맑음,단일로 - 기타,승용,남,50세,기타불명,승용,여,20세,경상
2023122300100135,2023년 12월 23일 09시,토요일,경상북도 경주시 외동읍,경상사고,0,0,1,0,차대차 - 기타,안전운전불이행,건조,맑음,교차로 - 교차로부근,승용,남,32세,상해없음,승용,여,25세,경상
2023122300100171,2023년 12월 23일 10시,토요일,경상북도 포항시 남구 해도동,경상사고,0,0,1,0,차대차 - 측면충돌,신호위반,건조,맑음,교차로 - 교차로안,승용,여,76세,상해없음,이륜,남,24세,경상
2023122300100204,2023년 12월 23일 11시,토요일,경상북도 칠곡군 석적읍,경상사고,0,0,1,0,차대사람 - 횡단중,안전운전불이행,건조,맑음,교차로 - 교차로부근,승용,여,30세,상해없음,보행자,여,87세,경상
2023122300100205,2023년 12월 23일 11시,토요일,경상북도 칠곡군 석적읍,경상사고,0,0,1,0,차대차 - 후진중충돌,안전운전불이행,건조,맑음,교차로 - 교차로부근,승용,남,41세,상해없음,이륜,남,48세,경상
2023122300100247,2023년 12월 23일 12시,토요일,경상북도 경주시 현곡면,경상사고,0,0,1,0,차대차 - 측면충돌,안전운전불이행,건조,맑음,단일로 - 기타,승용,여,63세,상해없음,승용,여,68세,경상
2023122300100248,2023년 12월 23일 12시,토요일,경상북도 포항시 남구 대도동,중상사고,0,1,0,0,차대사람 - 차도통행중,안전운전불이행,건조,맑음,단일로 - 지하차도(도로)내,승용,여,35세,상해없음,보행자,남,38세,중상
2023122300100249,2023년 12월 23일 12시,토요일,경상북도 포항시 남구 연일읍,경상사고,0,0,2,0,차대차 - 후진중충돌,안전운전불이행,건조,맑음,단일로 - 기타,승용,남,70세,상해없음,승용,여,46세,경상
2023122300100250,2023년 12월 23일 12시,토요일,경상북도 청도군 청도읍,경상사고,0,0,3,0,차대차 - 추돌,안전운전불이행,건조,맑음,단일로 - 기타,승용,남,54세,상해없음,승용,남,32세,경상
2023122300100288,2023년 12월 23일 13시,토요일,경상북도 경주시 용강동,경상사고,0,0,1,0,차대차 - 추돌,안전운전불이행,건조,맑음,교차로 - 교차로안,화물,남,77세,상해없음,승용,남,34세,경상
2023122300100289,2023년 12월 23일 13시,토요일,경상북도 안동시 임하면,경상사고,0,0,1,0,차대차 - 기타,안전운전불이행,건조,맑음,단일로 - 기타,화물,남,64세,상해없음,승용,남,45세,경상
2023122300100321,2023년 12월 23일 14시,토요일,경상북도 경주시 안강읍,경상사고,0,0,1,0,차대차 - 기타,안전운전불이행,건조,맑음,교차로 - 교차로안,승용,여,66세,상해없음,이륜,남,52세,경상
2023122300100322,2023년 12월 23일 14시,토요일,경상북도 김천시 교동,경상사고,0,0,2,0,차대차 - 정면충돌,안전운전불이행,건조,맑음,단일로 - 기타,승용,여,53세,상해없음,승용,남,34세,경상
2023122300100360,2023년 12월 23일 15시,토요일,경상북도 안동시 수상동,경상사고,0,0,1,0,차대차 - 기타,안전운전불이행,건조,맑음,단일로 - 기타,화물,남,64세,상해없음,승용,남,31세,경상
2023122300100361,2023년 12월 23일 15시,토요일,경상북도 울진군 죽변면,중상사고,0,1,1,0,차대차 - 측면충돌,안전운전불이행,건조,맑음,단일로 - 기타,승용,남,74세,경상,승용,여,52세,중상
2023122300100443,2023년 12월 23일 17시,토요일,경상북도 경주시 내남면,중상사고,0,1,0,0,차대차 - 추돌,안전운전불이행,건조,맑음,단일로 - 기타,이륜,남,29세,상해없음,자전거,여,80세,중상
2023122300100444,2023년 12월 23일 17시,토요일,경상북도 영천시 고경면,경상사고,0,0,1,0,차대차 - 후진중충돌,안전운전불이행,건조,맑음,교차로 - 교차로부근,승합,남,68세,상해없음,승용,남,42세,경상
2023122300100445,2023년 12월 23일 17시,토요일,경상북도 경산시 하양읍,중상사고,0,1,0,0,차대차 - 추돌,안전거리미확보,건조,맑음,단일로 - 기타,화물,남,65세,중상,승용,남,28세,상해없음
2023122300100488,2023년 12월 23일 18시,토요일,경상북도 경주시 용강동,중상사고,0,1,1,0,차대사람 - 횡단중,신호위반,건조,맑음,교차로 - 교차로부근,승용,여,60세,상해없음,보행자,남,9세,경상
2023122300100489,2023년 12월 23일 18시,토요일,경상북도 경산시 하양읍,중상사고,0,1,0,0,차대차 - 기타,신호위반,건조,맑음,교차로 - 교차로안,승용,여,27세,상해없음,이륜,남,61세,중상
2023122300100524,2023년 12월 23일 19시,토요일,경상북도 경주시 서부동,경상사고,0,0,1,0,차대사람 - 기타,안전운전불이행,건조,맑음,교차로 - 교차로부근,승용,남,55세,상해없음,보행자,여,38세,경상
2023122300100525,2023년 12월 23일 19시,토요일,경상북도 안동시 운안동,중상사고,0,1,1,0,차대차 - 추돌,안전운전불이행,건조,맑음,단일로 - 기타,승용,남,24세,상해없음,승용,남,42세,경상
2023122300100526,2023년 12월 23일 19시,토요일,경상북도 포항시 남구 오천읍,경상사고,0,0,1,0,차대차 - 측면충돌,차로위반,건조,맑음,교차로 - 교차로안,승용,여,35세,상해없음,승용,남,56세,경상
2023122300100599,2023년 12월 23일 22시,토요일,경상북도 포항시 북구 두호동,경상사고,0,0,1,0,차대사람 - 횡단중,안전운전불이행,건조,맑음,단일로 - 기타,승용,여,26세,상해없음,보행자,여,31세,경상
2023122400100010,2023년 12월 24일 00시,일요일,경상북도 구미시 진평동,경상사고,0,0,2,0,차대차 - 기타,안전거리미확보,건조,맑음,단일로 - 기타,승용,남,69세,상해없음,승용,남,31세,경상
2023122400100040,2023년 12월 24일 05시,일요일,경상북도 포항시 북구 흥해읍,경상사고,0,0,1,0,차량단독 - 공작물충돌,안전운전불이행,건조,맑음,단일로 - 기타,승용,남,27세,경상,,,,
2023122400100092,2023년 12월 24일 10시,일요일,경상북도 경주시 황남동,경상사고,0,0,1,0,차대차 - 기타,안전운전불이행,건조,맑음,단일로 - 기타,승용,남,25세,상해없음,승합,남,65세,경상
2023122400100093,2023년 12월 24일 10시,일요일,경상북도 영천시 완산동,경상사고,0,0,1,0,차대차 - 측면충돌,신호위반,건조,맑음,교차로 - 교차로안,승용,남,74세,상해없음,승용,남,54세,경상
2023122400100094,2023년 12월 24일 10시,일요일,경상북도 문경시 점촌동,중상사고,0,1,0,0,차대차 - 기타,교차로운행방법위반,건조,맑음,교차로 - 교차로안,승용,남,57세,상해없음,이륜,남,51세,중상
2023122400100130,2023년 12월 24일 12시,일요일,경상북도 포항시 북구 두호동,중상사고,0,1,0,0,차대차 - 측면충돌,직진우회전진행방해,건조,맑음,교차로 - 교차로부근,승용,남,64세,상해없음,이륜,남,44세,중상
2023122400100131,2023년 12월 24일 12시,일요일,경상북도 안동시 수상동,중상사고,0,2,0,0,차대차 - 기타,안전운전불이행,건조,맑음,교차로 - 교차로안,특수,남,29세,상해없음,화물,남,69세,중상
2023122400100171,2023년 12월 24일 14시,일요일,경상북도 영천시 신녕면,경상사고,0,0,3,0,차대차 - 측면충돌,중앙선침범,건조,맑음,단일로 - 기타,화물,남,74세,상해없음,승용,남,19세,경상
2023122400100188,2023년 12월 24일 15시,일요일,경상북도 경주시 인왕동,경상사고,0,0,4,0,차대차 - 추돌,안전운전불이행,건조,맑음,주차장 - 주차장,승용,남,43세,상해없음,승용,남,23세,경상
2023122400100189,2023년 12월 24일 15시,일요일,경상북도 울진군 후포면,부상신고사고,0,0,0,1,차대차 - 측면충돌,교차로운행방법위반,건조,맑음,교차로 - 교차로안,승용,남,53세,상해없음,이륜,남,19세,부상신고
2023122400100211,2023년 12월 24일 16시,일요일,경상북도 포항시 북구 양덕동,부상신고사고,0,0,0,1,차대사람 - 횡단중,교차로운행방법위반,건조,맑음,교차로 - 교차로부근,승용,남,23세,상해없음,보행자,남,31세,부상신고
2023122400100240,2023년 12월 24일 17시,일요일,경상북도 안동시 송천동,부상신고사고,0,0,0,1,차대차 - 측면충돌,직진우회전진행방해,건조,맑음,교차로 - 교차로안,승용,남,62세,상해없음,승용,남,28세,부상신고
2023122400100241,2023년 12월 24일 17시,일요일,경상북도 영주시 영주동,경상사고,0,0,1,0,차대차 - 측면충돌,안전운전불이행,건조,맑음,단일로 - 기타,승용,여,60세,상해없음,자전거,남,84세,경상
2023122400100242,2023년 12월 24일 17시,일요일,경상북도 포항시 남구 해도동,부상신고사고,0,0,0,1,차대차 - 측면충돌,안전운전불이행,건조,맑음,단일로 - 기타,자전거,남,77세,부상신고,승용,남,64세,상해없음
2023122400100294,2023년 12월 24일 19시,일요일,경상북도 청송군 파천면,경상사고,0,0,1,0,차대차 - 정면충돌,중앙선침범,건조,맑음,단일로 - 기타,화물,여,68세,상해없음,화물,남,60세,경상
2023122400100295,2023년 12월 24일 19시,일요일,경상북도 포항시 남구 동촌동,경상사고,0,0,2,0,차대차 - 측면충돌,교차로운행방법위반,건조,맑음,교차로 - 교차로부근,화물,남,45세,상해없음,승합,남,65세,경상
2023122400100314,2023년 12월 24일 20시,일요일,경상북도 김천시 덕곡동,중상사고,0,1,0,0,차대차 - 측면충돌,안전운전불이행,건조,맑음,교차로 - 교차로부근,승용,남,45세,상해없음,이륜,남,56세,중상
2023122500100006,2023년 12월 25일 00시,월요일,경상북도 포항시 남구 오천읍,경상사고,0,0,1,0,차대차 - 기타,안전운전불이행,건조,맑음,단일로 - 기타,승용,남,12세,기타불명,승용,남,21세,경상
2023122500100060,2023년 12월 25일 08시,월요일,경상북도 영천시 야사동,경상사고,0,0,1,0,차대차 - 기타,안전운전불이행,건조,맑음,단일로 - 기타,승용,남,71세,상해없음,이륜,남,32세,경상
2023122500100085,2023년 12월 25일 10시,월요일,경상북도 안동시 안막동,경상사고,0,0,3,0,차대차 - 추돌,안전운전불이행,건조,맑음,단일로 - 기타,화물,남,64세,상해없음,승용,남,69세,경상
2023122500100105,2023년 12월 25일 11시,월요일,경상북도 경주시 동방동,경상사고,0,0,2,0,차대차 - 기타,안전운전불이행,건조,맑음,단일로 - 기타,승용,여,54세,상해없음,이륜,남,17세,경상
2023122500100106,2023년 12월 25일 11시,월요일,경상북도 영덕군 영해면,경상사고,0,0,1,0,차대사람 - 횡단중,안전운전불이행,건조,맑음,단일로 - 기타,승용,남,78세,상해없음,보행자,남,53세,경상
2023122500100107,2023년 12월 25일 11시,월요일,경상북도 포항시 남구 오천읍,경상사고,0,0,1,0,차대차 - 기타,안전운전불이행,건조,맑음,교차로 - 교차로안,이륜,남,40세,경상,승용,남,41세,상해없음
2023122500100127,2023년 12월 25일 12시,월요일,경상북도 경주시 황오동,경상사고,0,0,1,0,차대사람 - 차도통행중,안전운전불이행,건조,맑음,단일로 - 기타,승용,남,42세,상해없음,보행자,여,22세,경상
2023122500100128,2023년 12월 25일 12시,월요일,경상북도 경주시 황오동,경상사고,0,0,2,0,차대차 - 기타,안전운전불이행,건조,맑음,기타 - 기타,승용,여,51세,상해없음,승용,남,30세,경상
2023122500100129,2023년 12월 25일 12시,월요일,경상북도 상주시 남성동,경상사고,0,0,1,0,차대사람 - 기타,안전운전불이행,건조,맑음,주차장 - 주차장,승용,여,63세,상해없음,보행자,여,22세,경상
2023122500100154,2023년 12월 25일 13시,월요일,경상북도 경주시 충효동,경상사고,0,0,1,0,차대차 - 추돌,안전거리미확보,건조,맑음,단일로 - 교량,승용,남,52세,상해없음,승용,남,27세,경상
2023122500100155,2023년 12월 25일 13시,월요일,경상북도 성주군 성주읍,경상사고,0,0,1,0,차대차 - 기타,안전거리미확보,건조,맑음,교차로 - 교차로안,승용,여,56세,상해없음,승용,남,30세,상해없음
2023122500100156,2023년 12월 25일 13시,월요일,경상북도 구미시 고아읍,경상사고,0,0,1,0,차대사람 - 차도통행중,안전운전불이행,건조,맑음,단일로 - 기타,승용,남,61세,상해없음,보행자,여,81세,경상
2023122500100170,2023년 12월 25일 14시,월요일,경상북도 포항시 북구 흥해읍,경상사고,0,0,3,0,차대차 - 기타,안전운전불이행,건조,맑음,교차로 - 교차로안,원동기,남,21세,상해없음,승용,여,33세,경상
2023122500100171,2023년 12월 25일 14시,월요일,경상북도 포항시 북구 득량동,경상사고,0,0,1,0,차대사람 - 기타,안전운전불이행,건조,맑음,주차장 - 주차장,승용,남,46세,상해없음,보행자,남,12세,경상
2023122500100172,2023년 12월 25일 14시,월요일,경상북도 청도군 각북면,경상사고,0,0,3,0,차대차 - 정면충돌,중앙선침범,건조,맑음,단일로 - 기타,승용,남,64세,상해없음,승용,남,59세,경상
2023122500100173,2023년 12월 25일 14시,월요일,경상북도 포항시 남구 청림동,중상사고,0,1,0,0,차대차 - 추돌,안전운전불이행,건조,맑음,교차로 - 교차로부근,이륜,남,54세,중상,승용,남,56세,상해없음
2023122500100197,2023년 12월 25일 15시,월요일,경상북도 경주시 용강동,경상사고,0,0,1,0,차대차 - 기타,안전운전불이행,건조,맑음,주차장 - 주차장,화물,여,39세,상해없음,승용,남,23세,경상
2023122500100198,2023년 12월 25일 15시,월요일,경상북도 김천시 남면,중상사고,0,1,0,0,차량단독 - 전도전복 - 전도,기타,건조,맑음,단일로 - 기타,승용,남,45세,중상,,,,
2023122500100215,2023년 12월 25일 16시,월요일,경상북도 포항시 남구 대잠동,경상사고,0,0,2,0,차대차 - 기타,안전운전불이행,건조,맑음,교차로 - 교차로안,화물,남,61세,상해없음,승용,남,27세,경상
2023122500100216,2023년 12월 25일 16시,월요일,경상북도 포항시 남구 인덕동,부상신고사고,0,0,0,1,차대사람 - 횡단중,안전운전불이행,건조,맑음,단일로 - 지하차도(도로)내,개인형이동수단(PM),남,14세,상해없음,보행자,여,7세,부상신고
2023122500100237,2023년 12월 25일 17시,월요일,경상북도 포항시 남구 구룡포읍,경상사고,0,0,2,0,차대차 - 측면충돌,직진우회전진행방해,건조,맑음,교차로 - 교차로안,승용,여,19세,경상,이륜,남,44세,경상
2023122500100267,2023년 12월 25일 18시,월요일,경상북도 포항시 북구 두호동,경상사고,0,0,1,0,차대차 - 추돌,안전운전불이행,건조,맑음,기타 - 기타,이륜,남,17세,경상,승용,남,52세,상해없음
2023122500100268,2023년 12월 25일 18시,월요일,경상북도 봉화군 소천면,중상사고,0,3,1,0,차대차 - 기타,안전운전불이행,건조,맑음,단일로 - 터널,화물,여,56세,경상,승용,여,37세,중상
2023122500100292,2023년 12월 25일 19시,월요일,경상북도 구미시 진평동,경상사고,0,0,1,0,차대차 - 측면충돌,안전운전불이행,건조,맑음,단일로 - 기타,승용,남,46세,상해없음,이륜,남,38세,경상
2023122500100315,2023년 12월 25일 20시,월요일,경상북도 구미시 인의동,중상사고,0,1,0,0,차대사람 - 횡단중,보행자보호의무위반,건조,맑음,교차로 - 교차로안,승용,여,30세,상해없음,보행자,여,28세,중상
2023122500100341,2023년 12월 25일 22시,월요일,경상북도 포항시 북구 항구동,경상사고,0,0,1,0,차대차 - 측면충돌,신호위반,건조,맑음,교차로 - 교차로안,승용,남,69세,상해없음,승용,여,21세,상해없음
2023122500100342,2023년 12월 25일 22시,월요일,경상북도 포항시 북구 죽도동,경상사고,0,0,1,0,차대차 - 기타,안전운전불이행,건조,맑음,단일로 - 기타,개인형이동수단(PM),남,17세,경상,승용,여,39세,상해없음
2023122600100041,2023년 12월 26일 06시,화요일,경상북도 구미시 공단동,경상사고,0,0,2,0,차대차 - 기타,안전거리미확보,건조,흐림,단일로 - 기타,승용,남,49세,상해없음,승용,남,29세,경상
2023122600100064,2023년 12월 26일 07시,화요일,경상북도 상주시 서문동,경상사고,0,0,1,0,차대차 - 기타,안전운전불이행,건조,맑음,단일로 - 기타,승용,여,32세,상해없음,자전거,남,11세,경상
2023122600100101,2023년 12월 26일 08시,화요일,경상북도 상주시 사벌국면,중상사고,0,1,0,0,차대차 - 측면충돌,직진우회전진행방해,건조,맑음,교차로 - 교차로안,이륜,남,91세,중상,승합,남,59세,상해없음
2023122600100102,2023년 12월 26일 08시,화요일,경상북도 포항시 남구 연일읍,경상사고,0,0,1,0,차대차 - 측면충돌,직진우회전진행방해,건조,맑음,교차로 - 교차로안,승용,여,53세,상해없음,화물,남,58세,경상
2023122600100135,2023년 12월 26일 09시,화요일,경상북도 경주시 동천동,경상사고,0,0,1,0,차대차 - 측면충돌,안전운전불이행,건조,맑음,교차로 - 교차로안,승용,남,69세,상해없음,승용,여,47세,경상
2023122600100136,2023년 12월 26일 09시,화요일,경상북도 경주시 성건동,중상사고,0,1,0,0,차대사람 - 차도통행중,안전운전불이행,건조,맑음,단일로 - 기타,승용,여,26세,상해없음,보행자,여,44세,중상
2023122600100137,2023년 12월 26일 09시,화요일,경상북도 경주시 황성동,중상사고,0,1,0,0,차대차 - 기타,신호위반,건조,맑음,교차로 - 교차로안,승용,여,65세,상해없음,승용,여,64세,중상
2023122600100138,2023년 12월 26일 09시,화요일,경상북도 봉화군 명호면,부상신고사고,0,0,0,1,차대차 - 추돌,안전운전불이행,건조,맑음,단일로 - 기타,승용,여,52세,부상신고,승합,남,60세,상해없음
2023122600100165,2023년 12월 26일 10시,화요일,경상북도 안동시 풍산읍,경상사고,0,0,1,2,차대차 - 추돌,안전운전불이행,건조,맑음,단일로 - 기타,화물,남,67세,상해없음,승용,남,38세,경상
2023122600100166,2023년 12월 26일 10시,화요일,경상북도 칠곡군 왜관읍,경상사고,0,0,1,0,차대차 - 측면충돌,안전운전불이행,건조,맑음,기타 - 기타,화물,남,67세,상해없음,승용,남,62세,경상
2023122600100167,2023년 12월 26일 10시,화요일,경상북도 성주군 성주읍,중상사고,0,1,0,0,차대차 - 기타,안전운전불이행,건조,맑음,교차로 - 교차로안,자전거,여,76세,중상,화물,남,57세,상해없음
2023122600100188,2023년 12월 26일 11시,화요일,경상북도 의성군 안계면,중상사고,0,1,0,0,차대사람 - 횡단중,안전운전불이행,건조,맑음,교차로 - 교차로안,화물,남,76세,상해없음,보행자,여,61세,중상
2023122600100189,2023년 12월 26일 11시,화요일,경상북도 칠곡군 석적읍,경상사고,0,0,1,0,차대사람 - 차도통행중,안전운전불이행,건조,맑음,단일로 - 기타,화물,남,54세,상해없음,보행자,여,76세,경상
2023122600100190,2023년 12월 26일 11시,화요일,경상북도 구미시 구평동,중상사고,0,1,0,0,차대차 - 기타,안전운전불이행,건조,맑음,교차로 - 교차로부근,화물,남,31세,상해없음,이륜,남,56세,중상
2023122600100221,2023년 12월 26일 12시,화요일,경상북도 포항시 남구 청림동,경상사고,0,0,1,0,차대차 - 측면충돌,안전운전불이행,건조,맑음,교차로 - 교차로안,승용,남,59세,상해없음,승용,여,56세,경상
2023122600100258,2023년 12월 26일 13시,화요일,경상북도 칠곡군 가산면,경상사고,0,0,2,0,차대차 - 측면충돌,안전운전불이행,건조,맑음,교차로 - 교차로안,화물,남,58세,상해없음,승용,여,55세,경상
2023122600100259,2023년 12월 26일 13시,화요일,경상북도 고령군 대가야읍,중상사고,0,1,0,0,차대차 - 측면충돌,안전운전불이행,건조,맑음,단일로 - 기타,이륜,남,66세,상해없음,이륜,남,39세,중상
2023122600100293,2023년 12월 26일 14시,화요일,경상북도 칠곡군 석적읍,경상사고,0,0,1,0,차대차 - 측면충돌,안전운전불이행,건조,맑음,교차로 - 교차로안,화물,남,49세,상해없음,승용,남,43세,경상
2023122600100294,2023년 12월 26일 14시,화요일,경상북도 예천군 용궁면,경상사고,0,0,1,0,차대차 - 측면충돌,신호위반,건조,맑음,교차로 - 교차로안,승용,여,67세,상해없음,승용,여,68세,경상
2023122600100327,2023년 12월 26일 15시,화요일,경상북도 의성군 안계면,경상사고,0,0,1,0,차량단독 - 기타,안전운전불이행,건조,맑음,교차로 - 교차로부근,이륜,남,81세,경상,,,,
2023122600100328,2023년 12월 26일 15시,화요일,경상북도 구미시 원평동,경상사고,0,0,1,0,차대사람 - 보도통행중,보행자보호의무위반,건조,맑음,교차로 - 교차로횡단보도내,승합,남,41세,상해없음,보행자,여,70세,경상
2023122600100329,2023년 12월 26일 15시,화요일,경상북도 구미시 송정동,경상사고,0,0,1,0,차대차 - 기타,안전운전불이행,건조,맑음,교차로 - 교차로안,승합,남,40세,상해없음,승용,여,54세,경상
2023122600100371,2023년 12월 26일 16시,화요일,경상북도 경주시 안강읍,중상사고,0,2,0,0,차대차 - 기타,중앙선침범,건조,맑음,단일로 - 기타,승용,남,29세,기타불명,승용,남,67세,중상
2023122600100372,2023년 12월 26일 16시,화요일,경상북도 영주시 휴천동,중상사고,0,1,0,0,차대사람 - 횡단중,보행자보호의무위반,건조,맑음,교차로 - 교차로안,승용,여,70세,상해없음,보행자,남,73세,중상
2023122600100373,2023년 12월 26일 16시,화요일,경상북도 칠곡군 동명면,사망사고,1,0,0,0,차량단독 - 공작물충돌,안전운전불이행,건조,맑음,교차로 - 교차로안,승용,여,77세,사망,,,,
2023122600100418,2023년 12월 26일 17시,화요일,경상북도 안동시 목성동,경상사고,0,0,1,0,차대사람 - 횡단중,보행자보호의무위반,건조,맑음,교차로 - 교차로횡단보도내,승용,남,68세,상해없음,보행자,남,57세,경상
2023122600100419,2023년 12월 26일 17시,화요일,경상북도 봉화군 소천면,사망사고,2,0,0,0,차대차 - 정면충돌,중앙선침범,젖음/습기,흐림,단일로 - 기타,승용,여,44세,사망,화물,남,56세,사망
2023122600100487,2023년 12월 26일 18시,화요일,경상북도 고령군 운수면,경상사고,0,0,1,0,차대차 - 추돌,안전운전불이행,건조,맑음,단일로 - 기타,화물,남,60세,상해없음,승용,여,59세,경상
2023122600100488,2023년 12월 26일 18시,화요일,경상북도 포항시 남구 대잠동,경상사고,0,0,1,0,차대차 - 기타,직진우회전진행방해,건조,맑음,교차로 - 교차로안,화물,남,69세,상해없음,승용,여,26세,경상
2023122600100534,2023년 12월 26일 19시,화요일,경상북도 경산시 하양읍,경상사고,0,0,1,0,차대사람 - 횡단중,보행자보호의무위반,건조,맑음,교차로 - 교차로횡단보도내,승용,남,46세,상해없음,보행자,여,74세,경상
2023122600100562,2023년 12월 26일 20시,화요일,경상북도 경주시 동천동,중상사고,0,2,1,1,차대차 - 측면충돌,안전운전불이행,건조,맑음,교차로 - 교차로안,승용,남,19세,부상신고,승용,여,47세,중상
2023122600100563,2023년 12월 26일 20시,화요일,경상북도 고령군 대가야읍,경상사고,0,0,1,0,차대차 - 측면충돌,안전거리미확보,건조,맑음,단일로 - 기타,승용,여,64세,기타불명,승용,여,33세,경상
2023122600100577,2023년 12월 26일 21시,화요일,경상북도 김천시 율곡동,경상사고,0,0,1,0,차대차 - 추돌,안전운전불이행,건조,맑음,단일로 - 기타,승용,여,33세,상해없음,승용,여,48세,경상
2023122700100005,2023년 12월 27일 00시,수요일,경상북도 구미시 봉곡동,경상사고,0,0,1,0,차대차 - 기타,안전운전불이행,건조,맑음,교차로 - 교차로안,승용,남,26세,상해없음,승용,남,61세,경상
2023122700100065,2023년 12월 27일 07시,수요일,경상북도 칠곡군 왜관읍,경상사고,0,0,1,0,차대차 - 측면충돌,교차로운행방법위반,건조,맑음,교차로 - 교차로부근,승용,여,28세,기타불명,승용,여,51세,경상
2023122700100066,2023년 12월 27일 07시,수요일,경상북도 구미시 고아읍,경상사고,0,0,2,0,차대차 - 측면충돌,안전운전불이행,건조,맑음,교차로 - 교차로안,승합,남,63세,상해없음,화물,남,53세,경상
2023122700100110,2023년 12월 27일 08시,수요일,경상북도 영주시 풍기읍,중상사고,0,1,0,0,차대차 - 측면충돌,직진우회전진행방해,건조,맑음,교차로 - 교차로안,승용,여,46세,기타불명,승용,여,65세,중상
2023122700100111,2023년 12월 27일 08시,수요일,경상북도 고령군 대가야읍,중상사고,0,1,0,0,차대차 - 측면충돌,안전운전불이행,건조,맑음,교차로 - 교차로부근,승용,남,62세,상해없음,자전거,남,77세,중상
2023122700100112,2023년 12월 27일 08시,수요일,경상북도 구미시 오태동,부상신고사고,0,0,0,1,차대차 - 기타,안전운전불이행,건조,맑음,단일로 - 기타,승용,남,43세,상해없음,건설기계,남,57세,부상신고
2023122700100145,2023년 12월 27일 09시,수요일,경상북도 포항시 북구 우현동,경상사고,0,0,1,0,차대차 - 추돌,안전운전불이행,건조,맑음,교차로 - 교차로부근,승용,여,60세,상해없음,화물,남,55세,경상
2023122700100146,2023년 12월 27일 09시,수요일,경상북도 안동시 평화동,중상사고,0,1,0,1,차대차 - 기타,안전운전불이행,건조,맑음,단일로 - 기타,승용,남,36세,부상신고,이륜,여,64세,중상
2023122700100147,2023년 12월 27일 09시,수요일,경상북도 칠곡군 왜관읍,경상사고,0,0,1,0,차대차 - 측면충돌,안전운전불이행,건조,맑음,단일로 - 기타,승용,남,50세,상해없음,승용,여,69세,경상
2023122700100190,2023년 12월 27일 10시,수요일,경상북도 경주시 동부동,중상사고,0,1,0,0,차대차 - 측면충돌,안전운전불이행,건조,맑음,교차로 - 교차로안,화물,남,46세,상해없음,자전거,여,71세,중상
2023122700100228,2023년 12월 27일 11시,수요일,경상북도 안동시 녹전면,중상사고,0,1,1,0,차대차 - 기타,교차로운행방법위반,건조,맑음,교차로 - 교차로안,화물,남,57세,상해없음,승용,남,51세,경상
2023122700100258,2023년 12월 27일 12시,수요일,경상북도 성주군 성주읍,경상사고,0,0,3,0,차대차 - 기타,신호위반,건조,맑음,교차로 - 교차로안,승용,여,67세,경상,기타불명,남,87세,경상
2023122700100259,2023년 12월 27일 12시,수요일,경상북도 구미시 구평동,경상사고,0,0,2,0,차대차 - 기타,안전운전불이행,건조,맑음,교차로 - 교차로안,승합,여,52세,상해없음,승용,남,24세,경상
2023122700100293,2023년 12월 27일 13시,수요일,경상북도 포항시 북구 흥해읍,경상사고,0,0,1,0,차대사람 - 길가장자리구역통행중,안전운전불이행,건조,맑음,단일로 - 기타,승용,남,67세,상해없음,보행자,여,51세,경상
2023122700100294,2023년 12월 27일 13시,수요일,경상북도 영양군 영양읍,부상신고사고,0,0,0,1,차대차 - 후진중충돌,안전운전불이행,건조,맑음,단일로 - 기타,화물,남,68세,상해없음,화물,남,67세,부상신고
2023122700100295,2023년 12월 27일 13시,수요일,경상북도 구미시 송정동,중상사고,0,1,0,0,차대사람 - 횡단중,안전운전불이행,건조,맑음,교차로 - 교차로횡단보도내,승용,여,58세,상해없음,보행자,남,72세,중상